id,conversation_id,created_at,date,time,timezone,user_id,username,name,place,tweet,language,mentions,urls,photos,replies_count,retweets_count,likes_count,hashtags,cashtags,link,retweet,quote_url,video,thumbnail,near,geo,source,user_rt_id,user_rt,retweet_id,reply_to,retweet_date,translate,trans_src,trans_dest
1174754483500269569,1174754483500269569,2019-09-19 13:37:49 CDT,2019-09-19,13:37:49,-0500,228420453,vishweshwarbhat,Vishweshwar Bhat,,Hats off to both of them. Awesome !! https://t.co/BVHSnv5Sw2,en,[],[],[],7,29,292,[],[],https://twitter.com/VishweshwarBhat/status/1174754483500269569,,,1,https://pbs.twimg.com/ext_tw_video_thumb/1174753595356377088/pu/img/lJobvYAO0D-lrvrV.jpg,Bangalore,,,,,,"{'user_id': None, 'username': None}",,,,
1174778593001345025,1174778593001345025,2019-09-19 15:13:37 CDT,2019-09-19,15:13:37,-0500,2302855603,itzranjith,Ranjith,,"#Kaappaan Pouring Positive Feedback’s #Overseas 🔥🔥🔥🎊🎊🎊

@Suriya_offl @anavenkat",en,"['suriya_offl', 'anavenkat']",[],[],0,59,89,"['kaappaan', 'overseas']",[],https://twitter.com/itzRanjith/status/1174778593001345025,,,0,,Bangalore,,,,,,"{'user_id': None, 'username': None}",,,,
1174712979104813056,1174712979104813056,2019-09-19 10:52:53 CDT,2019-09-19,10:52:53,-0500,99025475,namrataanand,Namrata(Namo),,"If you have meditation,
Then agitation,
hesitation,
Frustration,
Procrastination,
will end !
And Connection with the Universe will start happening . 
#SriSri in #SriSriUniversity 
Sharing to bubbling #SSUstudents https://t.co/kLHWXS5XOI",en,[],[],['https://pbs.twimg.com/media/EE1rOC9U8AE0RoP.jpg'],0,27,107,"['srisri', 'srisriuniversity', 'ssustudents']",[],https://twitter.com/NamrataAnand/status/1174712979104813056,,,1,https://pbs.twimg.com/media/EE1rOC9U8AE0RoP.jpg,Bangalore,,,,,,"{'user_id': None, 'username': None}",,,,
1174829127502716928,1174829127502716928,2019-09-19 18:34:25 CDT,2019-09-19,18:34:25,-0500,2302855603,itzranjith,Ranjith,,"#Kaappaan Whole night it’s nerves to all @Suriya_offl Anna Fans !!  

What will be the overseas reports ...  It is Solid Blockbuster 

Thank God Waiting to witness the movement in Theatre!!!",en,['suriya_offl'],[],[],0,62,122,['kaappaan'],[],https://twitter.com/itzRanjith/status/1174829127502716928,,,0,,Bangalore,,,,,,"{'user_id': None, 'username': None}",,,,
1174646364346572800,1174646364346572800,2019-09-19 06:28:11 CDT,2019-09-19,06:28:11,-0500,74787719,manukumarjain,Manu Kumar Jain,,"""Dreams do come true, if you are willing to work hard for the same!"" 

This is applicable to Sunny Kumar, who leads #MiSmartWaterPurifier business. 

He has never done anything like this before and yet built India's first truly smart &amp; DIY #WaterPurifier. 💦
 
#Xiaomi ❤️ #Team https://t.co/98sQFl2vW9",en,[],[],['https://pbs.twimg.com/media/EE0un-yVAAUcvqb.jpg'],21,64,678,"['mismartwaterpurifier', 'waterpurifier', 'xiaomi', 'team']",[],https://twitter.com/manukumarjain/status/1174646364346572800,,,1,https://pbs.twimg.com/media/EE0un-yVAAUcvqb.jpg,Bangalore,,,,,,"{'user_id': None, 'username': None}",,,,
1174668722969051136,1174668722969051136,2019-09-19 07:57:02 CDT,2019-09-19,07:57:02,-0500,4538566158,srk_bangalore,SHAH RUKH KHAN FAN ASSOCIATION,,"Shah Rukh Khan has a prodigious appetite for knowledge, always stay connected with books of all genre and even stay updated with various happenings and issues all around the globe. #MannatYatra2k19 https://t.co/tce5z96dGX",en,[],[],['https://pbs.twimg.com/media/EE1C-d9UYAgB-Ds.jpg'],7,45,85,['mannatyatra2k19'],[],https://twitter.com/Srk_bangalore/status/1174668722969051136,,,1,https://pbs.twimg.com/media/EE1C-d9UYAgB-Ds.jpg,Bangalore,,,,,,"{'user_id': None, 'username': None}",,,,
1174557703567335424,1174557703567335424,2019-09-19 00:35:53 CDT,2019-09-19,00:35:53,-0500,4144055473,traciemafileo,Dr Tracie Mafile'o,,New International Journal of Community and Social Development highlighted!! Space for publishing from the Asia Pacific perspectives in community development https://t.co/WoWF53TwvT,en,[],[],['https://pbs.twimg.com/media/EEzd-8lUcAAR2jX.jpg'],0,8,16,[],[],https://twitter.com/TracieMafileo/status/1174557703567335424,,,1,https://pbs.twimg.com/media/EEzd-8lUcAAR2jX.jpg,Bangalore,,,,,,"{'user_id': None, 'username': None}",,,,
1174705897118949376,1174705897118949376,2019-09-19 10:24:45 CDT,2019-09-19,10:24:45,-0500,106769546,vilasnayak,Vilas Nayak,,On the easel:) A new art work! https://t.co/lSGas9aj6U,en,[],[],['https://pbs.twimg.com/media/EE1kwGkUYAArqXR.jpg'],2,4,101,[],[],https://twitter.com/VilasNayak/status/1174705897118949376,,,1,https://pbs.twimg.com/media/EE1kwGkUYAArqXR.jpg,Bangalore,,,,,,"{'user_id': None, 'username': None}",,,,
1174748919810551808,1174748919810551808,2019-09-19 13:15:42 CDT,2019-09-19,13:15:42,-0500,1173154308159787008,sharath96986995,Sharath,,"#BigilAudioLaunch 🔥
Waiting for thalapathy on 22nd Sept 
#suntv 6.30PM🔥💯🙈 https://t.co/Bz8fikXR26",en,[],[],['https://pbs.twimg.com/media/EE2L6LuU0AANP57.jpg'],1,4,12,"['bigilaudiolaunch', 'suntv']",[],https://twitter.com/Sharath96986995/status/1174748919810551808,,,1,https://pbs.twimg.com/media/EE2L6LuU0AANP57.jpg,Bangalore,,,,,,"{'user_id': None, 'username': None}",,,,
1174732775879872513,1174732775879872513,2019-09-19 12:11:33 CDT,2019-09-19,12:11:33,-0500,297271385,suguna_n,ಸುಗುಣ,,😊good night guys... https://t.co/26CqDQQJMW,en,[],[],['https://pbs.twimg.com/media/EE19NraVUAA-wkc.jpg'],17,5,167,[],[],https://twitter.com/suguna_n/status/1174732775879872513,,,1,https://pbs.twimg.com/media/EE19NraVUAA-wkc.jpg,Bangalore,,,,,,"{'user_id': None, 'username': None}",,,,
1174798046699241474,1174798046699241474,2019-09-19 16:30:55 CDT,2019-09-19,16:30:55,-0500,920190619942817793,gdgblr,GDG Bangalore,,"This is soo true, #GoogleAssistant tells us about the biggest DevFest 🇮🇳@GDGBLR with @sachitmishradev !! See you all soon.🔥🥳🤩👨🏻‍💻👩🏼‍💻  @GoogleDevsIN #DevFest19 #DevfestBlr https://t.co/2bZHmWxdzL",en,"['gdgblr', 'googledevsin']",[],[],2,14,92,"['googleassistant', 'devfest19', 'devfestblr']",[],https://twitter.com/GDGBLR/status/1174798046699241474,,,1,https://pbs.twimg.com/ext_tw_video_thumb/1174797996430520320/pu/img/x-Xn5ENQCTNenSKg.jpg,Bangalore,,,,,,"{'user_id': None, 'username': None}",,,,
1174734066651815941,1174734066651815941,2019-09-19 12:16:41 CDT,2019-09-19,12:16:41,-0500,152129623,vasu_patnaik,Vasu Patnaik🎼🎼🎹🎹,,#RIP volume notification on screen!! 🤪🤪 #iOS13 https://t.co/l6LJaO2F5O,en,[],[],['https://pbs.twimg.com/media/EE1-Z3LUcAA69Vp.jpg'],0,0,4,"['rip', 'ios13']",[],https://twitter.com/vasu_patnaik/status/1174734066651815941,,,1,https://pbs.twimg.com/media/EE1-Z3LUcAA69Vp.jpg,Bangalore,,,,,,"{'user_id': None, 'username': None}",,,,
1174684257261883393,1174684257261883393,2019-09-19 08:58:46 CDT,2019-09-19,08:58:46,-0500,52322389,tanaypratap,Tanay Pratap,,"""You can create a community too!""

In this episode I invite to @anubhamane about @Girlscript1 and I got super inspired recording it. Just got released. I hope you like it as much as I did.

#womenintech #WomenWhoCode 
#100DaysOfCode #CodeNewbie

https://t.co/s1DFvtOeR6 https://t.co/fpNGlSSuBa",en,"['anubhamane', 'girlscript1']",['http://anchor.fm/teawithtanay'],['https://pbs.twimg.com/media/EE1RGTzXYAIew8L.jpg'],2,30,53,"['womenintech', 'womenwhocode', '100daysofcode', 'codenewbie']",[],https://twitter.com/tanaypratap/status/1174684257261883393,,,1,https://pbs.twimg.com/media/EE1RGTzXYAIew8L.jpg,Bangalore,,,,,,"{'user_id': None, 'username': None}",,,,
1174719255310266370,1174719255310266370,2019-09-19 11:17:50 CDT,2019-09-19,11:17:50,-0500,1102940670782853120,swathisk6,Swathi sk6 (Don),,Hloo @Siva_Kartikeyan Anna here is the edit from mailigi song a small edit for u @Siva_Kartikeyan Anna I love you so much nd hope you like this edit of mine Anna I keep on waiting for you https://t.co/R3sivnS1eq,en,"['siva_kartikeyan', 'siva_kartikeyan']",[],[],1,5,29,[],[],https://twitter.com/SwathiSk6/status/1174719255310266370,,,1,https://pbs.twimg.com/ext_tw_video_thumb/1174716954570919941/pu/img/kcaPR7giCwQCUmda.jpg,Bangalore,,,,,,"{'user_id': None, 'username': None}",,,,
1174745768055332864,1174745768055332864,2019-09-19 13:03:11 CDT,2019-09-19,13:03:11,-0500,799535074295316480,akshatha_bajpe,Akshatha Bajpe,,"#Tulu connects me to family.
#English connects me to world. #Kannada connects me to my State. #Hindi connects me to my NATION.

#LanguageDebate 
🇮🇳🇮🇳🇮🇳🇮🇳",en,[],[],[],3,8,30,"['tulu', 'english', 'kannada', 'hindi', 'languagedebate']",[],https://twitter.com/Akshatha_Bajpe/status/1174745768055332864,,,0,,Bangalore,,,,,,"{'user_id': None, 'username': None}",,,,
1174766029592915968,1174766029592915968,2019-09-19 14:23:42 CDT,2019-09-19,14:23:42,-0500,2302855603,itzranjith,Ranjith,,"Yeahhhhhhh 

#Kaappaan

 #KaappaanFromToday 

@Suriya_offl @anavenkat https://t.co/ag0oqzIQxz",en,"['suriya_offl', 'anavenkat']",[],['https://pbs.twimg.com/media/EE2beNdUcAAD3_K.jpg'],0,6,5,"['kaappaan', 'kaappaanfromtoday']",[],https://twitter.com/itzRanjith/status/1174766029592915968,,,1,https://pbs.twimg.com/media/EE2beNdUcAAD3_K.jpg,Bangalore,,,,,,"{'user_id': None, 'username': None}",,,,
1174702360523939840,1174702360523939840,2019-09-19 10:10:42 CDT,2019-09-19,10:10:42,-0500,748781867915108353,darshanfans171,Thoogudeepa Dynasty ®,,"Just 2 Days Left For The Biggest 150 Days Advance Birthday Trend In KFI🤩

All #DBoss fans participate in the trend

This Saturday 4pm to Sunday 4pm 

Everyone is ready 🔥

#DbossBdyTrendOn21st
#ChallengingStarDarshan #Boss
#BossOfSandalwood 
#BoxOfficeSulthan

@dasadarshan https://t.co/mDGJWMWc2z",en,['dasadarshan'],[],['https://pbs.twimg.com/media/EE1hj7eUwAAuiWM.jpg'],0,16,78,"['dboss', 'dbossbdytrendon21st', 'challengingstardarshan', 'boss', 'bossofsandalwood', 'boxofficesulthan']",[],https://twitter.com/Darshanfans171/status/1174702360523939840,,,1,https://pbs.twimg.com/media/EE1hj7eUwAAuiWM.jpg,Bangalore,,,,,,"{'user_id': None, 'username': None}",,,,
1174714193192177664,1174714193192177664,2019-09-19 10:57:43 CDT,2019-09-19,10:57:43,-0500,326041545,mahindraelctrc,Mahindra Electric,,Thank you all for participating in our 3 Questions on Treo contests! Stay tuned for upcoming contests. #DriveElectric #MahindraTreo #SochBadloKismatBadlegi https://t.co/aACto4htAn,en,[],[],"['https://pbs.twimg.com/media/EE1sUd5UUAAZBz1.jpg', 'https://pbs.twimg.com/media/EE1sVApUEAAwxeg.jpg']",24,21,80,"['driveelectric', 'mahindratreo', 'sochbadlokismatbadlegi']",[],https://twitter.com/MahindraElctrc/status/1174714193192177664,,,1,https://pbs.twimg.com/media/EE1sUd5UUAAZBz1.jpg,Bangalore,,,,,,"{'user_id': None, 'username': None}",,,,
1174705006370422785,1174705006370422785,2019-09-19 10:21:13 CDT,2019-09-19,10:21:13,-0500,605584891,krish2sai,~@!!,,#Super30 👌👌👌 @iHrithik did a splendid job with his acting!!! 🙏🙏🙏,en,['ihrithik'],[],[],0,11,25,['super30'],[],https://twitter.com/krish2sai/status/1174705006370422785,,,0,,Bangalore,,,,,,"{'user_id': None, 'username': None}",,,,
1174672902840561664,1174672902840561664,2019-09-19 08:13:39 CDT,2019-09-19,08:13:39,-0500,118922614,lathika_pai,Lathika Pai,,Calling Female Founders! https://t.co/bJR8jhR9qQ @SharmaShradha @_TanviD @Sairee https://t.co/ePZ8LlgPZb,en,"['sharmashradha', '_tanvid', 'sairee']",['http://www.sonderconnect.com/apply'],['https://pbs.twimg.com/media/EE1GxRIXUAEbR6c.jpg'],4,11,22,[],[],https://twitter.com/lathika_pai/status/1174672902840561664,,,1,https://pbs.twimg.com/media/EE1GxRIXUAEbR6c.jpg,Bangalore,,,,,,"{'user_id': None, 'username': None}",,,,
1174800664297295872,1174800664297295872,2019-09-19 16:41:19 CDT,2019-09-19,16:41:19,-0500,782983723889274881,mami_2pm,Nuneo JH🥀,,All 2pm members are Jun. K fanboys😁😁😁 always promoting him in every possible way,en,[],[],[],0,43,58,[],[],https://twitter.com/mami_2pm/status/1174800664297295872,,https://twitter.com/kozukozu12/status/1174718575854018560,0,,Bangalore,,,,,,"{'user_id': None, 'username': None}",,,,
1174688470931034113,1174688470931034113,2019-09-19 09:15:30 CDT,2019-09-19,09:15:30,-0500,381878773,adityabhushan3,Aditya Bhushan,,Glimpses of the launch of Fortune Turners in Delhi last week @BishanBedi @therealkapildev #fortuneturners #quartet #spinners #indiancricket #cricket #bedi #chandra #prasanna #venkat #books @gcscricket https://t.co/a51xCL1Ini,en,"['bishanbedi', 'therealkapildev', 'gcscricket']",[],[],0,1,6,"['fortuneturners', 'quartet', 'spinners', 'indiancricket', 'cricket', 'bedi', 'chandra', 'prasanna', 'venkat', 'books']",[],https://twitter.com/AdityaBhushan3/status/1174688470931034113,,,1,https://pbs.twimg.com/ext_tw_video_thumb/1174687905345880064/pu/img/ntJX_ZWMNGdxFRYD.jpg,Bangalore,,,,,,"{'user_id': None, 'username': None}",,,,
1174633263899365377,1174633263899365377,2019-09-19 05:36:08 CDT,2019-09-19,05:36:08,-0500,306129281,royneelanjan,Neelanjan Roy,,"Life of a PR person. 🤣
Always on the phone(s) 😭 https://t.co/CDCtA2VUOy",en,[],[],['https://pbs.twimg.com/media/EE0it-LUUAEEmLa.jpg'],3,0,40,[],[],https://twitter.com/RoyNeelanjan/status/1174633263899365377,,,1,https://pbs.twimg.com/media/EE0it-LUUAEEmLa.jpg,Bangalore,,,,,,"{'user_id': None, 'username': None}",,,,
1174751964824866816,1174749896303267842,2019-09-19 13:27:48 CDT,2019-09-19,13:27:48,-0500,818751367305105409,wuntakall,Laxman,,@LavanyaBallal Adios Modi apt word for https://t.co/oh4A3F8BwY,en,['lavanyaballal'],[],['https://pbs.twimg.com/media/EE2OrzWVAAAAswV.jpg'],2,9,13,[],[],https://twitter.com/WuntakalL/status/1174751964824866816,,,1,https://pbs.twimg.com/media/EE2OrzWVAAAAswV.jpg,Bangalore,,,,,,"{'user_id': '286520757', 'username': 'LavanyaBallal'}",,,,
1174696255148187649,1174696255148187649,2019-09-19 09:46:26 CDT,2019-09-19,09:46:26,-0500,123597546,suriyakalas,Suriya Kala,,Thank you for your brilliant talk. Truly inspiring. Looking forward to a great Indo - Israel partnership @DanaKursh @iesaonline #spacetronics #deftronics #intelligentelectronics https://t.co/wlKfnPQc92,en,"['danakursh', 'iesaonline']",[],['https://pbs.twimg.com/media/EE1cAfvX4AEJDS7.jpg'],1,1,5,"['spacetronics', 'deftronics', 'intelligentelectronics']",[],https://twitter.com/SuriyaKalaS/status/1174696255148187649,,,1,https://pbs.twimg.com/media/EE1cAfvX4AEJDS7.jpg,Bangalore,,,,,,"{'user_id': None, 'username': None}",,,,
1174733912578260992,1174733912578260992,2019-09-19 12:16:04 CDT,2019-09-19,12:16:04,-0500,49556346,arvind__ramani,Arvind Ramani,,"If you need one tip in making your #Hardwork to payoff, include opportunities to create visibility for all the hard work done.

There is nothing better than good old fashioned #networking to help spread the magic.

#RethinkPeople #OldSchool #WorkLife https://t.co/IG5T2o5kva",en,[],[],['https://pbs.twimg.com/tweet_video_thumb/EE1-QpzU4AAedi1.jpg'],0,0,4,"['hardwork', 'networking', 'rethinkpeople', 'oldschool', 'worklife']",[],https://twitter.com/Arvind__Ramani/status/1174733912578260992,,,1,https://pbs.twimg.com/tweet_video_thumb/EE1-QpzU4AAedi1.jpg,Bangalore,,,,,,"{'user_id': None, 'username': None}",,,,
1174833164050501633,1174833164050501633,2019-09-19 18:50:28 CDT,2019-09-19,18:50:28,-0500,2233750860,_shribala,Shri Bala,,"Last three days Benguluru 
to have the king's meal - Rajoupacharam
Head to #ITCwindsor 
#Dakshin Lunch and Dinner https://t.co/BBiKQBr4QT",en,[],[],"['https://pbs.twimg.com/media/EE3Yge5UUAEbpbK.jpg', 'https://pbs.twimg.com/media/EE3Yg9lVUAApH0J.jpg', 'https://pbs.twimg.com/media/EE3YhXCUwAAtAqh.jpg', 'https://pbs.twimg.com/media/EE3Yh6DVAAYpEpk.jpg']",1,1,5,"['itcwindsor', 'dakshin']",[],https://twitter.com/_ShriBala/status/1174833164050501633,,,1,https://pbs.twimg.com/media/EE3Yge5UUAEbpbK.jpg,Bangalore,,,,,,"{'user_id': None, 'username': None}",,,,
1174747925085212672,1174747925085212672,2019-09-19 13:11:45 CDT,2019-09-19,13:11:45,-0500,1154804749109059585,gouril1,Gouri L,,"Stuck in traffic, @ReapBenefit's new portable #AirQuality monitor is upset that it's #breathing unhealthy air! 85 μg/cubic metre PM2.5. #AirPollution @CleanAirPlatfrm @airqualityindia @weloveourlungs @CPCB_OFFICIAL @karnatakapcb https://t.co/BwaAnpT8Lu",en,"['reapbenefit', 'cleanairplatfrm', 'airqualityindia', 'weloveourlungs', 'cpcb_official']",[],['https://pbs.twimg.com/media/EE2LAFRVAAAi6e7.jpg'],0,1,8,"['airquality', 'breathing', 'airpollution']",[],https://twitter.com/GouriL1/status/1174747925085212672,,,1,https://pbs.twimg.com/media/EE2LAFRVAAAi6e7.jpg,Bangalore,,,,,,"{'user_id': None, 'username': None}",,,,
1174746858716975104,1174746492554416128,2019-09-19 13:07:31 CDT,2019-09-19,13:07:31,-0500,118137492,sankarsh04,Sankarshan.V,,@ATP_Tour Try this for the tour 🤣 https://t.co/VZMcTtyUmO,en,[],[],['https://pbs.twimg.com/media/EE2KCV7UwAAgMuM.jpg'],1,1,2,[],[],https://twitter.com/sankarsh04/status/1174746858716975104,,,1,https://pbs.twimg.com/media/EE2KCV7UwAAgMuM.jpg,Bangalore,,,,,,"{'user_id': '19980499', 'username': 'atptour'}",,,,
1174696388178960384,1174696388178960384,2019-09-19 09:46:58 CDT,2019-09-19,09:46:58,-0500,976169206285766657,rotigharindia,RotiGhar India,,"Roti Ghar: DAY 654.
#MUMBAI #BANGALORE #THANE #ODISHA

Make them happy and you will find the inner peace within you.

Dates Available for Roti Ghar

To book a specific date -Rs.3500 (100kids)

To contribute in general -Rs.1050 (To feed one kid for a month)

Do share &amp; contribute. https://t.co/aaEQ1xS4Jy",en,[],[],['https://pbs.twimg.com/media/EE1cHyWWkAAsJ7u.jpg'],1,2,9,"['mumbai', 'bangalore', 'thane', 'odisha']",[],https://twitter.com/RotiGharIndia/status/1174696388178960384,,,1,https://pbs.twimg.com/media/EE1cHyWWkAAsJ7u.jpg,Bangalore,,,,,,"{'user_id': None, 'username': None}",,,,
1174651708632207361,1174651708632207361,2019-09-19 06:49:25 CDT,2019-09-19,06:49:25,-0500,994507358436036608,p39a_nlud,"Project 39A, National Law University, Delhi",,We are all set for the panel discussion on Judicial Attitudes towards the Death Penalty. https://t.co/m0NB009NHz,en,[],[],['https://pbs.twimg.com/media/EE0zfx3UUAA6NUg.jpg'],0,2,7,[],[],https://twitter.com/P39A_nlud/status/1174651708632207361,,,1,https://pbs.twimg.com/media/EE0zfx3UUAA6NUg.jpg,Bangalore,,,,,,"{'user_id': None, 'username': None}",,,,
1174716800388321280,1174716800388321280,2019-09-19 11:08:05 CDT,2019-09-19,11:08:05,-0500,39442974,callmedhir,Being Azad,,Ready to be amazed by @DalrympleWill https://t.co/3mhsSqSLw5,en,['dalrymplewill'],[],['https://pbs.twimg.com/media/EE1usObVUAAFL0k.jpg'],1,0,7,[],[],https://twitter.com/CallmeDhir/status/1174716800388321280,,,1,https://pbs.twimg.com/media/EE1usObVUAAFL0k.jpg,Bangalore,,,,,,"{'user_id': None, 'username': None}",,,,
1174676034911756288,1174676034911756288,2019-09-19 08:26:05 CDT,2019-09-19,08:26:05,-0500,820884213809299456,racereva,RACE REVA University,,"A big day for RACE at #cypher2019! Our Chief Mentor and CTO - ABIBA Systems, Dr Jay B Simha is honoured with the prestigious '10 Most Prominent Data Science Academicians in India' award for the year 2018. Congrats Dr Simha! #Proud #Excited #DataScience #AI #ArtificialIntelligence https://t.co/Or7zZdwbOD",en,[],[],"['https://pbs.twimg.com/media/EE1JZ1HUcAEVBjB.jpg', 'https://pbs.twimg.com/media/EE1Jc2rVAAIrIrT.jpg', 'https://pbs.twimg.com/media/EE1JetGU8AEocsP.jpg', 'https://pbs.twimg.com/media/EE1JlLEUwAE6Tm8.jpg']",0,0,5,"['cypher2019', 'proud', 'excited', 'datascience', 'ai', 'artificialintelligence']",[],https://twitter.com/RACEREVA/status/1174676034911756288,,,1,https://pbs.twimg.com/media/EE1JZ1HUcAEVBjB.jpg,Bangalore,,,,,,"{'user_id': None, 'username': None}",,,,
1174605712703361024,1174605712703361024,2019-09-19 03:46:39 CDT,2019-09-19,03:46:39,-0500,282505773,sheratonblore,Sheraton Grand Bangalore,,"We are exhilarated to welcome the charming and debonair
Sonu Sood, a multi-talented actor, model and producer at Sheraton Grand Bangalore.

#CelebsatSheraton #SonuSood #SheratonGrandBangalore #celebrity #model #actor #producer #honoured #Welcome #Bangalore https://t.co/7H24uRbnFa",en,[],[],"['https://pbs.twimg.com/media/EE0Jp6FUUAABd3N.jpg', 'https://pbs.twimg.com/media/EE0JqeHUYAIWL52.jpg']",0,0,3,"['celebsatsheraton', 'sonusood', 'sheratongrandbangalore', 'celebrity', 'model', 'actor', 'producer', 'honoured', 'welcome', 'bangalore']",[],https://twitter.com/SheratonBlore/status/1174605712703361024,,,1,https://pbs.twimg.com/media/EE0Jp6FUUAABd3N.jpg,Bangalore,,,,,,"{'user_id': None, 'username': None}",,,,
1174681224125632517,1174681224125632517,2019-09-19 08:46:43 CDT,2019-09-19,08:46:43,-0500,217511135,neebooon,Nipun,,"So. Before I started on the #100DaysOfMeditation, my first stint with #100DaysOfX was #100DaysOfRunning. I missed for 3 days to do 97/100 days where at the very least I walked a 2km and at most ran a 15k! Late appreciation of the whole HDOR concept, but got my medal today so :) https://t.co/B2OzUl8WJq",en,[],[],"['https://pbs.twimg.com/media/EE1OUCJUcAEoanj.jpg', 'https://pbs.twimg.com/media/EE1OUCIU8AE89Pm.jpg']",0,0,4,"['100daysofmeditation', '100daysofx', '100daysofrunning']",[],https://twitter.com/neebooon/status/1174681224125632517,,,1,https://pbs.twimg.com/media/EE1OUCJUcAEoanj.jpg,Bangalore,,,,,,"{'user_id': None, 'username': None}",,,,
1174736130819837952,1174166286303223808,2019-09-19 12:24:53 CDT,2019-09-19,12:24:53,-0500,996842883746480128,anoopkbhat,Anoop,,"Here's the art by itself; it was a gruelling few days finishing this one but absolutely worth it. 🔭

#penandink #artistsontwitter #art #illustration @awks_band #gigposter #space https://t.co/WQvyMBLwao",en,['awks_band'],[],['https://pbs.twimg.com/media/EE2AQk4UcAAn2Vu.jpg'],0,2,2,"['penandink', 'artistsontwitter', 'art', 'illustration', 'gigposter', 'space']",[],https://twitter.com/anoopkbhat/status/1174736130819837952,,,1,https://pbs.twimg.com/media/EE2AQk4UcAAn2Vu.jpg,Bangalore,,,,,,"{'user_id': '996842883746480128', 'username': 'anoopkbhat'}",,,,
1174699570187702273,1174699570187702273,2019-09-19 09:59:37 CDT,2019-09-19,09:59:37,-0500,3286686408,kathpaliaaditya,Aditya Kathpalia,,The startup ecosystem comes together for The Next Billion by @GGVCapital. Enabling new economies is a part of their vision - @hanstung https://t.co/MzfXg1oOxX,en,"['ggvcapital', 'hanstung']",[],['https://pbs.twimg.com/media/EE1fBnkXYAI6Fp0.jpg'],0,1,10,[],[],https://twitter.com/KathpaliaAditya/status/1174699570187702273,,,1,https://pbs.twimg.com/media/EE1fBnkXYAI6Fp0.jpg,Bangalore,,,,,,"{'user_id': None, 'username': None}",,,,
1174704398733234177,1174704398733234177,2019-09-19 10:18:48 CDT,2019-09-19,10:18:48,-0500,282505773,sheratonblore,Sheraton Grand Bangalore,,"Witness what happens when two culinary geniuses come together and work their magic!  #RobertoMeetsRoberto

20th - 30th September 2019
12 PM - 3 PM | 6:30 PM - 11:30 PM
Set menu @ INR 3000++ ONWARDS

For reservations contact on +91 8042520166 | +91 9052423458 https://t.co/PaHI800Kpi",en,[],[],['https://pbs.twimg.com/media/EE1jam4UwAAHdr7.jpg'],0,0,4,['robertomeetsroberto'],[],https://twitter.com/SheratonBlore/status/1174704398733234177,,,1,https://pbs.twimg.com/media/EE1jam4UwAAHdr7.jpg,Bangalore,,,,,,"{'user_id': None, 'username': None}",,,,
1174691879583211520,1174691879583211520,2019-09-19 09:29:03 CDT,2019-09-19,09:29:03,-0500,1684816260,nikkitagandhi,Nikita Gandhi,,Accurately 5 years ago I started my journey in the communities with no clue how much they could help me! I had priceless opportunities and experiences that only communities could offer! Thanks to FB for popping this memory from my first community event⭐😎 https://t.co/jNhk73htiY,en,[],[],['https://pbs.twimg.com/media/EE1YBuuX4AA12x8.jpg'],9,2,182,[],[],https://twitter.com/Nikkitagandhi/status/1174691879583211520,,,1,https://pbs.twimg.com/media/EE1YBuuX4AA12x8.jpg,Bangalore,,,,,,"{'user_id': None, 'username': None}",,,,
1174571643051528192,1174571643051528192,2019-09-19 01:31:16 CDT,2019-09-19,01:31:16,-0500,219916575,rinoanto,Rino Anto,,New beginnings! 😊,en,[],[],[],1,2,69,[],[],https://twitter.com/rinoanto/status/1174571643051528192,,https://twitter.com/bengalurufc/status/1174550596403134464,0,,Bangalore,,,,,,"{'user_id': None, 'username': None}",,,,
1174835081262682112,1174835081262682112,2019-09-19 18:58:05 CDT,2019-09-19,18:58:05,-0500,610093919,mufasayc,Mustafa,,"It’s 5am, and I wake up to see this!! @getSignEasy 

@lookup_ios and @rajavijayaraman I see you’ll too! :’) https://t.co/3zUoD2VHS6",en,"['getsigneasy', 'lookup_ios', 'rajavijayaraman']",[],['https://pbs.twimg.com/media/EE3aRrkUYAEfhpc.jpg'],0,3,10,[],[],https://twitter.com/mufasaYC/status/1174835081262682112,,,1,https://pbs.twimg.com/media/EE3aRrkUYAEfhpc.jpg,Bangalore,,,,,,"{'user_id': None, 'username': None}",,,,
1174719873974321152,1174719873974321152,2019-09-19 11:20:17 CDT,2019-09-19,11:20:17,-0500,1861287276,darshandevaiahb,Darshan Devaiah B P,,"Chief Minister @BSYBJP plan of building a film city in one of the remaining lung spaces of #Bengaluru, the ‘Roerich and Devika Rani Roerich Estate’ has drawn the ire of several environmentalists and has been panned by the Opposition as well. Read: https://t.co/tZP0AjyniS https://t.co/f2UC5SD8Rw",en,['bsybjp'],['https://bit.ly/2kUSfzM'],['https://pbs.twimg.com/media/EE1xfXtUUAATnfJ.jpg'],3,10,51,['bengaluru'],[],https://twitter.com/DarshanDevaiahB/status/1174719873974321152,,,1,https://pbs.twimg.com/media/EE1xfXtUUAATnfJ.jpg,Bangalore,,,,,,"{'user_id': None, 'username': None}",,,,
1174760992879759361,1174760992879759361,2019-09-19 14:03:41 CDT,2019-09-19,14:03:41,-0500,1165755688775311361,sathish_bad,Sathish Bad Boy,,#BigilAudioLaunch osm program because my thalapathy 😘😋😍🤩,en,[],[],[],0,5,7,['bigilaudiolaunch'],[],https://twitter.com/sathish_bad/status/1174760992879759361,,,0,,Bangalore,,,,,,"{'user_id': None, 'username': None}",,,,
1174697049100607488,1174697049100607488,2019-09-19 09:49:35 CDT,2019-09-19,09:49:35,-0500,52322389,tanaypratap,Tanay Pratap,,"@kiran_abburi @ReactBangalore 
People want to listen to your community story. Since the React Day is approaching, we should record one!
#teawithtanay https://t.co/gAgb0LvcdM",en,"['kiran_abburi', 'reactbangalore']",[],['https://pbs.twimg.com/media/EE1ct05X4AEdD39.jpg'],0,1,13,['teawithtanay'],[],https://twitter.com/tanaypratap/status/1174697049100607488,,,1,https://pbs.twimg.com/media/EE1ct05X4AEdD39.jpg,Bangalore,,,,,,"{'user_id': '918707834', 'username': 'kiran_abburi'}",,,,
1174716360879771649,1174716360879771649,2019-09-19 11:06:20 CDT,2019-09-19,11:06:20,-0500,4911084924,prabhatisb,Prabha🇮🇳,,And we thought @MamataOfficial had mellowed down when she met the PM..The tyranny of the CM has very well influenced the student community of Jadhav University. #BabulHeldHostage A union minister &amp; a governor held hostage in the campus..Democracy has died in WB.,en,['mamataofficial'],[],[],4,9,17,['babulheldhostage'],[],https://twitter.com/prabhatisb/status/1174716360879771649,,,0,,Bangalore,,,,,,"{'user_id': None, 'username': None}",,,,
1174761654917033984,1174761654917033984,2019-09-19 14:06:19 CDT,2019-09-19,14:06:19,-0500,143966663,sudhasaba,Sudhasaba,,"Sherin is not matured at all. With Vanitas taunt I felt bad for her. But she does lose herself whenever she is nominated. The way she behaved today s unwarranted. No need to create such a drama. If Kavin went to chk on Los is wrong, what was Tharshan doing then
#biggbosstamil3",en,[],[],[],2,6,15,['biggbosstamil3'],[],https://twitter.com/sudhasaba/status/1174761654917033984,,,0,,Bangalore,,,,,,"{'user_id': None, 'username': None}",,,,
1174715961028399104,1174715961028399104,2019-09-19 11:04:44 CDT,2019-09-19,11:04:44,-0500,2160431276,rajahulideepu11,IYC Deepak ( Raja Huli ) Varthur,,"Today Mahadevapura Assembly
Varthur block #Congress Meeting in Presense of  @KPCCPresident @dineshgrao sir, AICC Sec @PCvishnunadh ,@ArshadRizwan anna , DCC President @GShekarINC , BBMP Corporator  @SUDAYKUMAR1555  &amp; all  senior Congress leaders . https://t.co/2rIQIIi4i3",en,"['kpccpresident', 'dineshgrao', 'pcvishnunadh', 'arshadrizwan', 'gshekarinc']",[],"['https://pbs.twimg.com/media/EE1t07-U0AA5Je6.jpg', 'https://pbs.twimg.com/media/EE1t3IbU8AAjmYc.jpg', 'https://pbs.twimg.com/media/EE1t5iEVAAELyTx.jpg', 'https://pbs.twimg.com/media/EE1t6zpVAAEu0JU.jpg']",0,0,4,['congress'],[],https://twitter.com/rajahulideepu11/status/1174715961028399104,,,1,https://pbs.twimg.com/media/EE1t07-U0AA5Je6.jpg,Bangalore,,,,,,"{'user_id': None, 'username': None}",,,,
1174754927916154880,1174754927916154880,2019-09-19 13:39:35 CDT,2019-09-19,13:39:35,-0500,825243162201448448,aabhas24,Aabhas Maldahiyar 🇮🇳,,"Will soon share my ideas about “A water conservation project” that I along with my team am presenting at #DellDesignathon .

I’m convinced that this idea can solve a lots of problem of water-shortages. I’ll look forward to get support from @i_ambuddha u to execute it real-time.",en,['i_ambuddha'],[],[],1,19,79,['delldesignathon'],[],https://twitter.com/Aabhas24/status/1174754927916154880,,https://twitter.com/vivekagnihotri/status/1174676469928251393,0,,Bangalore,,,,,,"{'user_id': None, 'username': None}",,,,
1174657398679597056,1174657398679597056,2019-09-19 07:12:02 CDT,2019-09-19,07:12:02,-0500,994507358436036608,p39a_nlud,"Project 39A, National Law University, Delhi",,"We have just started the panel discussion. Here are our amazing set of panelists.
@CarolynHoyle1 @DeathPenaltyP @asurendranath https://t.co/liK1ls33xq",en,"['carolynhoyle1', 'deathpenaltyp', 'asurendranath']",[],['https://pbs.twimg.com/media/EE04mmVVUAAxFKj.jpg'],0,3,7,[],[],https://twitter.com/P39A_nlud/status/1174657398679597056,,,1,https://pbs.twimg.com/media/EE04mmVVUAAxFKj.jpg,Bangalore,,,,,,"{'user_id': None, 'username': None}",,,,
1174754321155493888,1174754321155493888,2019-09-19 13:37:10 CDT,2019-09-19,13:37:10,-0500,2288490336,hashankaranaray,H.A.Shankaranarayana,,"The paradox:
NV In d direct firing line r Modi cult!
Modi's #Demonetisation, #GST... 1st decimated informal economy affecting farmers &amp; poor labourers!
Nv coming 2 formal economy,  like MSMEs, Auto, manufacturing, Infrastructure, software affecting d Middle  Class Modi Cult (MC)",en,[],[],[],0,1,2,"['demonetisation', 'gst']",[],https://twitter.com/HAShankaranaray/status/1174754321155493888,,https://twitter.com/NavinS27/status/1174718500692090880,0,,Bangalore,,,,,,"{'user_id': None, 'username': None}",,,,
1174769261077647360,1174386519911620611,2019-09-19 14:36:32 CDT,2019-09-19,14:36:32,-0500,818751367305105409,wuntakall,Laxman,,@ranjona @gatesfoundation And this when he was CM Gujarat. Now also no change https://t.co/FrEeEiOLy2,en,"['ranjona', 'gatesfoundation']",[],['https://pbs.twimg.com/media/EE2eZ2-UcAATrWU.jpg'],0,1,3,[],[],https://twitter.com/WuntakalL/status/1174769261077647360,,,1,https://pbs.twimg.com/media/EE2eZ2-UcAATrWU.jpg,Bangalore,,,,,,"{'user_id': '48706493', 'username': 'ranjona'}",,,,
1174801061053259777,1174801061053259777,2019-09-19 16:42:54 CDT,2019-09-19,16:42:54,-0500,782983723889274881,mami_2pm,Nuneo JH🥀,,When he wants to stand out but it's way too much😂,en,[],[],[],0,1,9,[],[],https://twitter.com/mami_2pm/status/1174801061053259777,,https://twitter.com/MTupiyem/status/1174779453727264770,0,,Bangalore,,,,,,"{'user_id': None, 'username': None}",,,,
1174745054222512128,1174745054222512128,2019-09-19 13:00:21 CDT,2019-09-19,13:00:21,-0500,634665358,jaap_brasser,Jaap Brasser,,"Look at that, #PowerShell 7 preview 4 has been released!

https://t.co/ZrKE0QhW9H

#PSConfAsia #MVPBuzz",en,[],['https://github.com/PowerShell/PowerShell/releases/tag/v7.0.0-preview.4'],[],0,3,7,"['powershell', 'psconfasia', 'mvpbuzz']",[],https://twitter.com/Jaap_Brasser/status/1174745054222512128,,,0,,Bangalore,,,,,,"{'user_id': None, 'username': None}",,,,
1174791113896423427,1174791113896423427,2019-09-19 16:03:22 CDT,2019-09-19,16:03:22,-0500,100958474,vignesh__cv,Vignesh Kumar,,"The other side of this issue.
BFC hampering these athletes' training is totally wrong.
Live and let live.",en,[],[],[],0,1,4,[],[],https://twitter.com/Vignesh__CV/status/1174791113896423427,,https://twitter.com/thefield_in/status/1174721913681170432,0,,Bangalore,,,,,,"{'user_id': None, 'username': None}",,,,
1174717424177827840,1174717424177827840,2019-09-19 11:10:33 CDT,2019-09-19,11:10:33,-0500,39442974,callmedhir,Being Azad,,"Bhai tu kuch bhi kar le, Indian civilian awards will not be given to foreigners",en,[],[],[],0,1,5,[],[],https://twitter.com/CallmeDhir/status/1174717424177827840,,https://twitter.com/akshaykumar/status/1174324891698507776,0,,Bangalore,,,,,,"{'user_id': None, 'username': None}",,,,
1174789279685341184,1174789279685341184,2019-09-19 15:56:05 CDT,2019-09-19,15:56:05,-0500,197495693,emerging_96,Czarsportz Global - Associate Cricket World,,Congratulations to @CoreyRutgers on his appointment and best wishes to the national squad in their preps!!,en,['coreyrutgers'],[],[],0,1,9,[],[],https://twitter.com/Emerging_96/status/1174789279685341184,,https://twitter.com/CricketBelgium/status/1174777273481908229,0,,Bangalore,,,,,,"{'user_id': None, 'username': None}",,,,
1174594113930452992,1174594113930452992,2019-09-19 03:00:34 CDT,2019-09-19,03:00:34,-0500,1240990160,mandakinivedula,Mandakini Vedula,"{'type': 'Point', 'coordinates': [12.971117, 77.597645]}","Personal Project - Elixir Brand Packaging
.
.
.
.
.
.
#branding #branddesign #brandidentity #brandidentitydesign #graphicdesign #graphicdesigner #packagingdesign #packagedesign #skincare #skincareproducts… https://t.co/lsKdnzEoSQ",en,[],['https://www.instagram.com/p/B2lda30Ao3O/?igshid=1fniabja6rt8d'],[],0,1,2,"['branding', 'branddesign', 'brandidentity', 'brandidentitydesign', 'graphicdesign', 'graphicdesigner', 'packagingdesign', 'packagedesign', 'skincare', 'skincareproducts']",[],https://twitter.com/mandakinivedula/status/1174594113930452992,,,0,,Bangalore,,,,,,"{'user_id': None, 'username': None}",,,,
1174740801617711104,1174740801617711104,2019-09-19 12:43:27 CDT,2019-09-19,12:43:27,-0500,73650243,sir_gillu,सर गिल्लू™,,"████████
████████
████████
████████
████████
████████
████████         ________

Chips packet        Chips inside",en,[],[],[],1,3,5,[],[],https://twitter.com/Sir_Gillu/status/1174740801617711104,,,0,,Bangalore,,,,,,"{'user_id': None, 'username': None}",,,,
1174703747160784896,1174703747160784896,2019-09-19 10:16:12 CDT,2019-09-19,10:16:12,-0500,106769546,vilasnayak,Vilas Nayak,,Hearty Congratulations @HarshdeepKaur,en,['harshdeepkaur'],[],[],1,2,21,[],[],https://twitter.com/VilasNayak/status/1174703747160784896,,https://twitter.com/IIFA/status/1174463920393687041,0,,Bangalore,,,,,,"{'user_id': None, 'username': None}",,,,
1174716711263621120,1174716711263621120,2019-09-19 11:07:43 CDT,2019-09-19,11:07:43,-0500,4678758888,chetanvenugopa1,CA Chetan Venugopal,,Awesome@,en,[],[],[],0,3,2,[],[],https://twitter.com/ChetanVenugopa1/status/1174716711263621120,,https://twitter.com/ANI/status/1174514207095742464,0,,Bangalore,,,,,,"{'user_id': None, 'username': None}",,,,
1174722461553659909,1174722461553659909,2019-09-19 11:30:34 CDT,2019-09-19,11:30:34,-0500,2790296671,vishal1296,Vishal खोपकर (Khopkar),,"Never thought I would say this, but vote for Pakistan 🇵🇰🇵🇰 😂😂",en,[],[],[],0,0,3,[],[],https://twitter.com/vishal1296/status/1174722461553659909,,https://twitter.com/edrormba/status/1174430814110658560,0,,Bangalore,,,,,,"{'user_id': None, 'username': None}",,,,
1174749634817712128,1174749634817712128,2019-09-19 13:18:33 CDT,2019-09-19,13:18:33,-0500,2833949504,desiganrukmini,Rukmini Desigan,,"Believe in your heart that you're meant to live a life full of passion, purpose, magic and miracles.😊",en,[],[],[],0,1,2,[],[],https://twitter.com/desiganrukmini/status/1174749634817712128,,,0,,Bangalore,,,,,,"{'user_id': None, 'username': None}",,,,
1174708475038814208,1174708475038814208,2019-09-19 10:35:00 CDT,2019-09-19,10:35:00,-0500,825243162201448448,aabhas24,Aabhas Maldahiyar 🇮🇳,,"Wonderful @Kaushik02258399 

#DellDesignathon",en,['kaushik02258399'],[],[],0,1,6,['delldesignathon'],[],https://twitter.com/Aabhas24/status/1174708475038814208,,https://twitter.com/Kaushik02258399/status/1174708210843832321,0,,Bangalore,,,,,,"{'user_id': None, 'username': None}",,,,
1174646080689991682,1174646080689991682,2019-09-19 06:27:04 CDT,2019-09-19,06:27:04,-0500,316501404,saiyampathak,Saiyam Pathak,,"If you are running into memory issues using influx, you might want to have a look at my blog
#influxdb #containers",en,[],[],[],1,0,3,"['influxdb', 'containers']",[],https://twitter.com/SaiyamPathak/status/1174646080689991682,,https://twitter.com/InfluxDB/status/1174390157283332097,0,,Bangalore,,,,,,"{'user_id': None, 'username': None}",,,,
1174745423413567488,1174745423413567488,2019-09-19 13:01:49 CDT,2019-09-19,13:01:49,-0500,169185551,ajhunjhunwala09,Aalok Vinod Jhunjhunwala,,"The flagship event for sustainability professionals #GreenbuildIndia will take place on February 6-7, 2020 @ITCHotels. A forum for the #greenbuilding community to unite, change lives, revolutionize business and address pressing issues.",en,['itchotels'],[],[],0,0,3,"['greenbuildindia', 'greenbuilding']",[],https://twitter.com/ajhunjhunwala09/status/1174745423413567488,,https://twitter.com/CoolingMagazine/status/1167683656246267904,0,,Bangalore,,,,,,"{'user_id': None, 'username': None}",,,,
1174727676252213248,1174727676252213248,2019-09-19 11:51:18 CDT,2019-09-19,11:51:18,-0500,509853069,kithrags,Kale me maybe 🥬 🍲 🎃,,"Grace, Beer, Chips, a ukulele, @ShagunOhri @UtkarshKrishan and Art Prathik #IssaGoodEvening",en,"['shagunohri', 'utkarshkrishan']",[],[],1,1,3,['issagoodevening'],[],https://twitter.com/KithRags/status/1174727676252213248,,,0,,Bangalore,,,,,,"{'user_id': None, 'username': None}",,,,
1174750916777369600,1174750916777369600,2019-09-19 13:23:39 CDT,2019-09-19,13:23:39,-0500,77460922,gururaj_mj,Bengaluru Betala,,Such an Apte choice...,en,[],[],[],0,0,3,[],[],https://twitter.com/gururaj_mj/status/1174750916777369600,,https://twitter.com/NetflixIndia/status/1174732094146134016,0,,Bangalore,,,,,,"{'user_id': None, 'username': None}",,,,
1174744982768406528,1174744982768406528,2019-09-19 13:00:04 CDT,2019-09-19,13:00:04,-0500,1102940670782853120,swathisk6,Swathi sk6 (Don),,Tq liking my tweet skians I want challenge from Ur guys Rt to be cross at least 100 nd 100likes nd hope@sivakarthikeyan ll c my tweet,en,[],[],[],0,2,5,[],[],https://twitter.com/SwathiSk6/status/1174744982768406528,,https://twitter.com/SwathiSk6/status/1174719255310266370,0,,Bangalore,,,,,,"{'user_id': None, 'username': None}",,,,
1174732412061769729,1174732412061769729,2019-09-19 12:10:07 CDT,2019-09-19,12:10:07,-0500,984736099615608837,satishshekar,Satish Shekar,,I had the opportunity to be introduced to #MOSIP and it’s really promising. At the moment exploring the same @NandanNilekani,en,['nandannilekani'],[],[],0,0,3,['mosip'],[],https://twitter.com/SatishShekar/status/1174732412061769729,,https://twitter.com/YourStoryCo/status/1174663120842895361,0,,Bangalore,,,,,,"{'user_id': None, 'username': None}",,,,
1174796870612185093,1174796870612185093,2019-09-19 16:26:15 CDT,2019-09-19,16:26:15,-0500,105497919,ankur7498,Ankur Mukherjee,,Probably one of the most underrated innings in test cricket... @ProfDeano u must have been magical that day... I have grown hearing stories of your grit and determination and u puking (on the close in fielders) every now but holding fort. #Legend,en,['profdeano'],[],[],1,0,1,['legend'],[],https://twitter.com/ankur7498/status/1174796870612185093,,https://twitter.com/ESPNcricinfo/status/1174642797342650369,0,,Bangalore,,,,,,"{'user_id': None, 'username': None}",,,,
1174727308684324864,1174727308684324864,2019-09-19 11:49:50 CDT,2019-09-19,11:49:50,-0500,38742134,revathyashok,Revathy Ashok,,Please put out the details ! That will help !,en,[],[],[],1,0,3,[],[],https://twitter.com/RevathyAshok/status/1174727308684324864,,https://twitter.com/dipika_bajpai/status/1174358935458893824,0,,Bangalore,,,,,,"{'user_id': None, 'username': None}",,,,
1174704953287299072,1174704953287299072,2019-09-19 10:21:00 CDT,2019-09-19,10:21:00,-0500,15838610,rajatgururaj,Provolone Malone,,Wearing casuals on Thursday in my office is a sign that said person will work from home on Friday.,en,[],[],[],0,0,6,[],[],https://twitter.com/RajatGururaj/status/1174704953287299072,,,0,,Bangalore,,,,,,"{'user_id': None, 'username': None}",,,,
1174739652504424449,1174739652504424449,2019-09-19 12:38:53 CDT,2019-09-19,12:38:53,-0500,2233750860,_shribala,Shri Bala,"{'type': 'Point', 'coordinates': [12.99423054, 77.5860553]}","Which is your pick
😋😋😍😍
#rajoupacharam 
#kingsfeast 
#Dakshin 
#shribala 
#ancientfoodmypride 
#itcwindsormanor 
#kitchensofindia @ ITC Windsor Manor Bangalore https://t.co/iwWnZPQJTv",en,[],['https://www.instagram.com/p/B2mfmqXniHJ/?igshid=k3unl4gnz3p1'],[],0,0,3,"['rajoupacharam', 'kingsfeast', 'dakshin', 'shribala', 'ancientfoodmypride', 'itcwindsormanor', 'kitchensofindia']",[],https://twitter.com/_ShriBala/status/1174739652504424449,,,0,,Bangalore,,,,,,"{'user_id': None, 'username': None}",,,,
1174728766884462592,1174728766884462592,2019-09-19 11:55:38 CDT,2019-09-19,11:55:38,-0500,981857739067609088,flightofsand,Anne T. Fa,,"Also in general this is such annoying, showy writing. Calm down and stop pretending you know magic secret novelist stuff puked from Balzac straight to you. YMMV.",en,[],[],[],1,0,1,[],[],https://twitter.com/flightofsand/status/1174728766884462592,,https://twitter.com/menwritewomen/status/1174727632992251904,0,,Bangalore,,,,,,"{'user_id': None, 'username': None}",,,,
1174718446916927488,1174718446916927488,2019-09-19 11:14:37 CDT,2019-09-19,11:14:37,-0500,4911084924,prabhatisb,Prabha🇮🇳,,"A planned event assumes a dangerous form,thanks to the mute cops of @MamataOfficial and the rampant lawlessness in the state..#BabulHeldHostage The panelists justifying the students action have gone totally insane with Modi hatred.",en,['mamataofficial'],[],[],1,1,3,['babulheldhostage'],[],https://twitter.com/prabhatisb/status/1174718446916927488,,,0,,Bangalore,,,,,,"{'user_id': None, 'username': None}",,,,
1174662765815840770,1174662765815840770,2019-09-19 07:33:22 CDT,2019-09-19,07:33:22,-0500,366505952,piyushkdwivedi,Piyush K Dwivedi,,"I'm single for 4 years.
Please congratulate me for my bachelor degree in singleness. 😎",en,[],[],[],1,0,5,[],[],https://twitter.com/piyushkdwivedi/status/1174662765815840770,,,0,,Bangalore,,,,,,"{'user_id': None, 'username': None}",,,,
1174716825252192257,1174716825252192257,2019-09-19 11:08:10 CDT,2019-09-19,11:08:10,-0500,34906212,katranjeet,Ranjeet Kate,,Brilliant contextual placement &amp; ad creative for @DomestosUK in Daily Mirror UK,en,['domestosuk'],[],[],0,0,4,[],[],https://twitter.com/katranjeet/status/1174716825252192257,,https://twitter.com/mindshare_uk/status/1174712443593007105,0,,Bangalore,,,,,,"{'user_id': None, 'username': None}",,,,
1174736796682338304,1174736796682338304,2019-09-19 12:27:32 CDT,2019-09-19,12:27:32,-0500,106769546,vilasnayak,Vilas Nayak,,"The path isn’t a straight line, it’s a spiral. You will come back to things you thought you understood and see deeper truth...",en,[],[],[],0,0,18,[],[],https://twitter.com/VilasNayak/status/1174736796682338304,,,0,,Bangalore,,,,,,"{'user_id': None, 'username': None}",,,,
1174756898517577728,1174756898517577728,2019-09-19 13:47:25 CDT,2019-09-19,13:47:25,-0500,610093919,mufasayc,Mustafa,,"EVERYBODY. PLAY WHAT THE GOLF  ON APPLE ARCADE. 

YOU’LL LAUGH SO MUCH!!! 

@AppleArcade 

THANK YOU FOR WHAT THE GOLF!",en,['applearcade'],[],[],0,0,4,[],[],https://twitter.com/mufasaYC/status/1174756898517577728,,,0,,Bangalore,,,,,,"{'user_id': None, 'username': None}",,,,
1174736244267372544,1174736244267372544,2019-09-19 12:25:20 CDT,2019-09-19,12:25:20,-0500,34270684,puffnfresh,Brian McKenna,,"By far the best way to work with DynamoDB and JSON, given #Java: https://t.co/Awzmrpb3ox - have done this in production, super useful!!",en,[],['http://www.functionaljava.org/javadoc/4.6/functionaljava/fj/data/optic/PPrism.html'],[],0,0,7,['java'],[],https://twitter.com/puffnfresh/status/1174736244267372544,,,0,,Bangalore,,,,,,"{'user_id': None, 'username': None}",,,,
1174642726425387008,1173953549396365314,2019-09-19 06:13:44 CDT,2019-09-19,06:13:44,-0500,77595384,sunilkand,Sunil Kandammattil🇮🇳,,@KartiPC @ShefVaidya Good news . Send one more tweet like this .. you father can celebrate Christmas and new year in Tihar @ShefVaidya,en,"['kartipc', 'shefvaidya', 'shefvaidya']",[],[],0,2,10,[],[],https://twitter.com/Sunilkand/status/1174642726425387008,,,0,,Bangalore,,,,,,"{'user_id': '50279201', 'username': 'KartiPC'}",,,,
1174720438481502208,1174720438481502208,2019-09-19 11:22:32 CDT,2019-09-19,11:22:32,-0500,68170267,theswamy,Sanjay Swamy (theswamy.eth),,Terrific to see @synup  &amp; @ashwin_ramesh hit a couple of new gears and accelerate their maturing as a company!,en,"['synup', 'ashwin_ramesh']",[],[],1,0,8,[],[],https://twitter.com/TheSwamy/status/1174720438481502208,,https://twitter.com/shripati/status/1174700561540759559,0,,Bangalore,,,,,,"{'user_id': None, 'username': None}",,,,
1174745985886474241,1174630339433467904,2019-09-19 13:04:03 CDT,2019-09-19,13:04:03,-0500,4213551793,amitghoshspeaks,Amit Ghosh,,"@saileenas Bengal will be doomed if We can't drive away sanghis lock.stock and barrel from Bengal.Bengalis who are supporting bjp, are doing this for utterly selfish reasons.",en,['saileenas'],[],[],2,2,8,[],[],https://twitter.com/amitghoshspeaks/status/1174745985886474241,,,0,,Bangalore,,,,,,"{'user_id': '130424630', 'username': 'saileenas'}",,,,
1174603736808738816,1174560781108572160,2019-09-19 03:38:48 CDT,2019-09-19,03:38:48,-0500,911188173446713344,ktthimmareddy,KTthimmareddy,,"@Kanagalogy Modiji has master-minded as to how to get votes in karnataka.Then why he should bother,now?",en,['kanagalogy'],[],[],0,0,3,[],[],https://twitter.com/KTthimmareddy/status/1174603736808738816,,,0,,Bangalore,,,,,,"{'user_id': '11325012', 'username': 'Kanagalogy'}",,,,
1174656327370469376,1174588024153243648,2019-09-19 07:07:47 CDT,2019-09-19,07:07:47,-0500,2500718288,satheeshpodury,Satheesh 🇮🇳,,@ManojMahakud3 @Siba_TNIE @BBSRBuzz @TheHemantRout @NewIndianXpress @saptagiriulaka @CMO_Odisha @Naveen_Odisha @dpradhanbjp @VAdkri What about the step motherly treatment mended to WAT. This is no less than an independence struggle for us. We are happy to broken the shackles of slavery. Long live #Southcoastrailwayzone pls be informed that SCoR IS not ready to take Naupada Gunupur line even if given.,en,"['manojmahakud3', 'siba_tnie', 'bbsrbuzz', 'thehemantrout', 'newindianxpress', 'saptagiriulaka', 'cmo_odisha', 'naveen_odisha', 'dpradhanbjp', 'vadkri']",[],[],1,2,2,['southcoastrailwayzone'],[],https://twitter.com/satheeshpodury/status/1174656327370469376,,,0,,Bangalore,,,,,,"{'user_id': '1096682362111447040', 'username': 'ManojMahakud3'}",,,,
1174651603002904576,378146260605079553,2019-09-19 06:49:00 CDT,2019-09-19,06:49:00,-0500,2500718288,satheeshpodury,Satheesh 🇮🇳,,"@TheHemantRout Who is shifting ECoR HQ to @VisakhapatnamJn. We are not interested in taking that septic tank zone. New HQ, which is SCoR is starting at VSKP. At least teach your politicians basic gyan. @SCoRvizag",en,"['thehemantrout', 'visakhapatnamjn']",[],[],0,3,3,[],[],https://twitter.com/satheeshpodury/status/1174651603002904576,,,0,,Bangalore,,,,,,"{'user_id': '130590847', 'username': 'TheHemantRout'}",,,,
1174702001533476865,1174702001533476865,2019-09-19 10:09:16 CDT,2019-09-19,10:09:16,-0500,748781867915108353,darshanfans171,Thoogudeepa Dynasty ®,,"@DBossTrends This Will Be The Official Trends Account For All @dasadarshan Boss Trends👍 

Don't Go By The Other Unofficial Pages Who Are Claiming It As Official✌

Check out Darshan Trends™ (@DBossTrends): https://t.co/2khonT0Pnt",en,"['dbosstrends', 'dasadarshan', 'dbosstrends']",['https://twitter.com/DBossTrends?s=08'],[],0,6,23,[],[],https://twitter.com/Darshanfans171/status/1174702001533476865,,,0,,Bangalore,,,,,,"{'user_id': '915977669358927872', 'username': 'DBossTrends'}",,,,
1174719062749798405,1174719062749798405,2019-09-19 11:17:04 CDT,2019-09-19,11:17:04,-0500,991739219885387784,marwariyuva,Marwari Yuva Manch,,"@narendramodi @PMOIndia @swachhbharat 
Thank you for your valuable time and supporting the cause 

Lets make out India Litter free

""Only Clean Roads will lead to a Clean India""",en,"['narendramodi', 'pmoindia', 'swachhbharat']",[],[],1,1,5,[],[],https://twitter.com/MarwariYuva/status/1174719062749798405,,https://twitter.com/Tejasvi_Surya/status/1174708549999452160,0,,Bangalore,,,,,,"{'user_id': '18839785', 'username': 'narendramodi'}",,,,
1174649820335636485,1174565033726107648,2019-09-19 06:41:55 CDT,2019-09-19,06:41:55,-0500,2500718288,satheeshpodury,Satheesh 🇮🇳,,"@Karthikjillella @vizag_railzone @VisakhapatnamJn @TheHemantRout @eastcoastrail Revenue made by contractors to not complete the works sanctioned in WAT division, otherwise how r KUR and SBP surviving. Mismanagement of funds allocated to WAT.",en,"['karthikjillella', 'visakhapatnamjn', 'thehemantrout', 'eastcoastrail']",[],[],0,1,0,[],[],https://twitter.com/satheeshpodury/status/1174649820335636485,,,0,,Bangalore,,,,,,"{'user_id': '120358546', 'username': 'Karthikjillella'}",,,,
1174717332968460288,1174717332968460288,2019-09-19 11:10:12 CDT,2019-09-19,11:10:12,-0500,34906212,katranjeet,Ranjeet Kate,,@venkteshbabu @Joshi_Aar @HPKonemaneVK Design capability is a critical edge for a co./brand,en,"['venkteshbabu', 'joshi_aar']",[],[],0,0,3,[],[],https://twitter.com/katranjeet/status/1174717332968460288,,https://twitter.com/rsg/status/1174076682518450176,0,,Bangalore,,,,,,"{'user_id': '1361243558', 'username': 'venkteshbabu'}",,,,
1174709169556869120,1174432410706075650,2019-09-19 10:37:45 CDT,2019-09-19,10:37:45,-0500,3140568133,drpraveen_v,Praveen Venkatagiri,,"@GaviSeth @nytimes @gavi Great news but progress is slow. We can do better. Sadly birth asphyxia, Prematurity and sepsis are taking away the lives of many Newborns. Bag and mask resuscitation, CPAP and Infection prevention strategies could prevent more",en,"['gaviseth', 'nytimes', 'gavi']",[],[],0,0,3,[],[],https://twitter.com/drpraveen_v/status/1174709169556869120,,,0,,Bangalore,,,,,,"{'user_id': '93115683', 'username': 'GaviSeth'}",,,,
1174734432067977216,1174699237457780737,2019-09-19 12:18:08 CDT,2019-09-19,12:18:08,-0500,52322389,tanaypratap,Tanay Pratap,,@kiran_abburi I have sent you a link to book slot. Let's hit the record button as soon as possible! Can't wait to share the story of @ReactBangalore with everyone out there. :),en,"['kiran_abburi', 'reactbangalore']",[],[],0,0,3,[],[],https://twitter.com/tanaypratap/status/1174734432067977216,,,0,,Bangalore,,,,,,"{'user_id': '918707834', 'username': 'kiran_abburi'}",,,,
1174742158386946048,1174633263899365377,2019-09-19 12:48:50 CDT,2019-09-19,12:48:50,-0500,36620568,shree_das01,Shree Saudamini Das,,"@eshwar_nc @NexToWeb @RoyNeelanjan @sandeep_ks You should be proud of your team's Eshwar, even in your absence ensuring key message delivery 😂",en,"['eshwar_nc', 'nextoweb', 'royneelanjan', 'sandeep_ks']",[],[],1,0,4,[],[],https://twitter.com/Shree_Das01/status/1174742158386946048,,,0,,Bangalore,,,,,,"{'user_id': '70454599', 'username': 'eshwar_nc'}",,,,
