id,conversation_id,created_at,date,time,timezone,user_id,username,name,place,tweet,language,mentions,urls,photos,replies_count,retweets_count,likes_count,hashtags,cashtags,link,retweet,quote_url,video,thumbnail,near,geo,source,user_rt_id,user_rt,retweet_id,reply_to,retweet_date,translate,trans_src,trans_dest
1198648314607984640,1198648314607984640,2019-11-24 11:03:22 CST,2019-11-24,11:03:22,-0500,592720832,thesanjaymishra,Sanjay,,"#MahaPoliticalTwist 
Very soon Ambani's will purchase all resorts in India! Kar lo MLA's mutthi mein. https://t.co/kZw3DW0bJs",en,[],[],['https://pbs.twimg.com/media/EKJ0STTUUAA0zji.jpg'],2,25,122,['mahapoliticaltwist'],[],https://twitter.com/Thesanjaymishra/status/1198648314607984640,,,1,https://pbs.twimg.com/media/EKJ0STTUUAA0zji.jpg,Bangalore,,,,,,"{'user_id': None, 'username': None}",,,,
1198580453386506243,1198580453386506243,2019-11-24 06:33:43 CST,2019-11-24,06:33:43,-0500,218748137,dhanushfans24x7,Dhanush Fans 24x7,,"#EnaiNokiPaayumThota CommonDp from tomorrow 💥❤

@dhanushkraja @VelsFilmIntl https://t.co/B6p5PGAHDU",en,"['dhanushkraja', 'velsfilmintl']",[],['https://pbs.twimg.com/media/EKI2j82UYAEWDje.jpg'],1,79,353,['enainokipaayumthota'],[],https://twitter.com/dhanushfans24x7/status/1198580453386506243,,,1,https://pbs.twimg.com/media/EKI2j82UYAEWDje.jpg,Bangalore,,,,,,"{'user_id': None, 'username': None}",,,,
1198601128281161728,1198601128281161728,2019-11-24 07:55:52 CST,2019-11-24,07:55:52,-0500,988409727552929793,kgfajithfans,KGF AJITH FANS KARNATAKA,,"Most fan base following in #Tamilnadu #Thala 

#தமிழகத்தின்தலைமகன்அஜித் https://t.co/yor8D4mCxu",en,[],[],[],0,12,3,"['tamilnadu', 'thala', 'தமிழகத்தின்தலைமகன்அஜித்']",[],https://twitter.com/KGFAjithFans/status/1198601128281161728,,,1,https://pbs.twimg.com/ext_tw_video_thumb/1198600985070845952/pu/img/e15Zz8pCrI5honOA.jpg,Bangalore,,,,,,"{'user_id': None, 'username': None}",,,,
1198596040749793286,1198596040749793286,2019-11-24 07:35:39 CST,2019-11-24,07:35:39,-0500,228420453,vishweshwarbhat,Vishweshwar Bhat,,These three newspapers grabbed the attention today https://t.co/8W0zdrPirr,en,[],[],"['https://pbs.twimg.com/media/EKJEu_yUcAACh-l.jpg', 'https://pbs.twimg.com/media/EKJEu_zUYAA9Cey.jpg', 'https://pbs.twimg.com/media/EKJEvAeU0AEzBOI.jpg']",11,16,150,[],[],https://twitter.com/VishweshwarBhat/status/1198596040749793286,,,1,https://pbs.twimg.com/media/EKJEu_yUcAACh-l.jpg,Bangalore,,,,,,"{'user_id': None, 'username': None}",,,,
1198625353696071680,1198625353696071680,2019-11-24 09:32:08 CST,2019-11-24,09:32:08,-0500,284536032,prajwal_kashyap,Prajwal Kashyap,,My nephew (1.5 years) just run towards you when he hear your voice on tv #LikeMava #LikeAliya #FanBoy @KicchaSudeep https://t.co/8MbJw55cLC,en,['kicchasudeep'],[],['https://pbs.twimg.com/media/EKJfZsYU8AAG1Dq.jpg'],3,43,508,"['likemava', 'likealiya', 'fanboy']",[],https://twitter.com/prajwal_kashyap/status/1198625353696071680,,,1,https://pbs.twimg.com/media/EKJfZsYU8AAG1Dq.jpg,Bangalore,,,,,,"{'user_id': None, 'username': None}",,,,
1198621735639060480,1198621735639060480,2019-11-24 09:17:45 CST,2019-11-24,09:17:45,-0500,3373151592,raashithakran,Raashi,,"First Pride! 🌈 

#Bangalore #pride2019 https://t.co/5TlszC8py3",en,[],[],"['https://pbs.twimg.com/media/EKJb14aUcAAErzF.jpg', 'https://pbs.twimg.com/media/EKJb4ZXUwAANIEv.jpg', 'https://pbs.twimg.com/media/EKJcCDSUYAAULSG.jpg', 'https://pbs.twimg.com/media/EKJcF8LU0AElryN.jpg']",2,0,18,"['bangalore', 'pride2019']",[],https://twitter.com/RaashiThakran/status/1198621735639060480,,,1,https://pbs.twimg.com/media/EKJb14aUcAAErzF.jpg,Bangalore,,,,,,"{'user_id': None, 'username': None}",,,,
1198559286407774208,1198559286407774208,2019-11-24 05:09:36 CST,2019-11-24,05:09:36,-0500,297271385,suguna_n,ಸುಗುಣ,,"Happy Sunday..
#Cinemahungama 6.30pm #suvarnanews #Suguna https://t.co/hiUzQRJ17P",en,[],[],['https://pbs.twimg.com/media/EKIjS7QU0AAkKtH.jpg'],17,7,195,"['cinemahungama', 'suvarnanews', 'suguna']",[],https://twitter.com/suguna_n/status/1198559286407774208,,,1,https://pbs.twimg.com/media/EKIjS7QU0AAkKtH.jpg,Bangalore,,,,,,"{'user_id': None, 'username': None}",,,,
1198633616693051393,1198633616693051393,2019-11-24 10:04:58 CST,2019-11-24,10:04:58,-0500,532376889,taaokross,TAAO ,,"♦️♦️ INDIA 🇮🇳 
Ready for the madness https://t.co/wdtuAlrPD1",en,[],[],['https://pbs.twimg.com/media/EKJm569UYAEI8d9.jpg'],0,6,9,[],[],https://twitter.com/taaokross/status/1198633616693051393,,,1,https://pbs.twimg.com/media/EKJm569UYAEI8d9.jpg,Bangalore,,,,,,"{'user_id': None, 'username': None}",,,,
1198681049313579009,1198681049313579009,2019-11-24 13:13:27 CST,2019-11-24,13:13:27,-0500,1056598691795001344,mdrizwan_offl,Mohammed Rizwan محمد رضوان,,"Positive Aspects from the Recent #BabriMasjid Supreme Court Jugdement.
@Mufti_Yasir https://t.co/fVXKadArzg",en,['mufti_yasir'],[],[],3,27,51,['babrimasjid'],[],https://twitter.com/mdrizwan_Offl/status/1198681049313579009,,https://twitter.com/Mufti_Yasir/status/1198104315656835072,1,https://pbs.twimg.com/ext_tw_video_thumb/1198680787098300416/pu/img/sMoX9FbqfR86-Inr.jpg,Bangalore,,,,,,"{'user_id': None, 'username': None}",,,,
1198608441276633088,1198608441276633088,2019-11-24 08:24:56 CST,2019-11-24,08:24:56,-0500,179467862,malavikabjp,Malavika Avinash,,"I don’t normally do so much BLING...but after all it’s  for @DhruvaSarja, such a shining star himself, who wedded Prerana this morning!Arjun Sir looks the same charming self after so many years! https://t.co/GuEsRBr0iQ",en,['dhruvasarja'],[],"['https://pbs.twimg.com/media/EKJP-pfUUAA7bzo.jpg', 'https://pbs.twimg.com/media/EKJP-pfUcAEUq7n.jpg']",3,13,391,[],[],https://twitter.com/MalavikaBJP/status/1198608441276633088,,,1,https://pbs.twimg.com/media/EKJP-pfUUAA7bzo.jpg,Bangalore,,,,,,"{'user_id': None, 'username': None}",,,,
1198538481670057984,1198538481670057984,2019-11-24 03:46:56 CST,2019-11-24,03:46:56,-0500,860500567436795904,ypsbengaluru,YPS Bengaluru,,"YPS All India Digital Salon 2019 Open Judging Day 2

 #Monochrome Section

#YPSSalon #ypsais2019 #Photography #competition
#FIP #PhotographyDistinctions #photographyhonors #photographysalon #federationofindianphotography 
#ypsbengaluru #youthphotographicsociety https://t.co/qWAqhztFo8",en,[],[],['https://pbs.twimg.com/media/EKIQXLsU4AAY6Mc.jpg'],0,2,2,"['monochrome', 'ypssalon', 'ypsais2019', 'photography', 'competition', 'fip', 'photographydistinctions', 'photographyhonors', 'photographysalon', 'federationofindianphotography', 'ypsbengaluru', 'youthphotographicsociety']",[],https://twitter.com/ypsbengaluru/status/1198538481670057984,,,1,https://pbs.twimg.com/media/EKIQXLsU4AAY6Mc.jpg,Bangalore,,,,,,"{'user_id': None, 'username': None}",,,,
1198538827381395456,1198538827381395456,2019-11-24 03:48:18 CST,2019-11-24,03:48:18,-0500,45324282,akki_unravelled,akshay balachandra,,"I don't know why but this reminds me of a famous Kannada saying ಗಾದೆ ..
,""ಮನೆಗೆ ಮಾರಿ ಊರಿಗೆ/ಪರರಿಗೆ ಉಪಕಾರಿ""
#BENKER #WeAreBFC #RoomForMore https://t.co/l2xLwHOYzO",en,[],[],['https://pbs.twimg.com/media/EKIQs5YVUAAYbYe.jpg'],0,2,21,"['benker', 'wearebfc', 'roomformore']",[],https://twitter.com/akki_unravelled/status/1198538827381395456,,,1,https://pbs.twimg.com/media/EKIQs5YVUAAYbYe.jpg,Bangalore,,,,,,"{'user_id': None, 'username': None}",,,,
1198589747221786624,1198589747221786624,2019-11-24 07:10:39 CST,2019-11-24,07:10:39,-0500,4713794868,suryasuresh4005,Suresh Rishi,,"#SarileruNeekevvaruTeaser Crossed 19.2M+ Updated Views With 436K+ Likes and 42K+ Comments..!! Manam entha Comments chesthey Mana Teaser antha ekkuva Sepu Trending lone untadhi ..!!🙏🔥

So please share the link in all groups 
#SarileruNeekevvaru https://t.co/1vyw6sVhRR",en,[],[],['https://pbs.twimg.com/media/EKI_BKgVAAER0Gq.jpg'],0,6,9,"['sarileruneekevvaruteaser', 'sarileruneekevvaru']",[],https://twitter.com/suryasuresh4005/status/1198589747221786624,,,1,https://pbs.twimg.com/media/EKI_BKgVAAER0Gq.jpg,Bangalore,,,,,,"{'user_id': None, 'username': None}",,,,
1198637347392278533,1198637347392278533,2019-11-24 10:19:47 CST,2019-11-24,10:19:47,-0500,2749034593,akashchinu21,Akaz_Chin,,"Verithanam 🔥
#GloriousThalapathyVIJAYEra",en,[],[],[],0,13,4,['gloriousthalapathyvijayera'],[],https://twitter.com/akashchinu21/status/1198637347392278533,,,0,,Bangalore,,,,,,"{'user_id': None, 'username': None}",,,,
1198600441551998976,1198600441551998976,2019-11-24 07:53:08 CST,2019-11-24,07:53:08,-0500,4713794868,suryasuresh4005,Suresh Rishi,,"Trend Alert 📣

Dear #SuperFans Let’s Celebrate 40 Years Of @urstrulyMahesh Glory On 29th Nov Evening From 6:30 PM, As His Debut Film As a Child Artist #Needa Completes 40Yrs ! (Nov 30 ) ♥

Rt &amp; Spread The Word Like a Wild Fire #SarileruNeekevvaru",en,['urstrulymahesh'],[],[],0,16,14,"['superfans', 'needa', 'sarileruneekevvaru']",[],https://twitter.com/suryasuresh4005/status/1198600441551998976,,,0,,Bangalore,,,,,,"{'user_id': None, 'username': None}",,,,
1198580268224802816,1198580268224802816,2019-11-24 06:32:59 CST,2019-11-24,06:32:59,-0500,17711741,ruthlessux,Shaheena Attarwala شاہینہ,,"The world suffers not because of the violence of bad people. But because of the silence of the good people.
- #Napoleon
And the #user suffers because of the silence of the #designers. 
.
#democracy #wtfux #ux",en,[],[],[],0,7,31,"['napoleon', 'user', 'designers', 'democracy', 'wtfux', 'ux']",[],https://twitter.com/RuthlessUx/status/1198580268224802816,,,0,,Bangalore,,,,,,"{'user_id': None, 'username': None}",,,,
1198533550590480384,1198533550590480384,2019-11-24 03:27:20 CST,2019-11-24,03:27:20,-0500,1175135200696655872,kadurabhijith,Abhijith Kadur,,ಹಾಲು  ಕುರುಬರ ಹುಲಿಗೆ happy marriage life https://t.co/DI96Q8kmsO,vi,[],[],['https://pbs.twimg.com/media/EKIL5IVVAAEWx7a.jpg'],0,0,1,[],[],https://twitter.com/KadurAbhijith/status/1198533550590480384,,,1,https://pbs.twimg.com/media/EKIL5IVVAAEWx7a.jpg,Bangalore,,,,,,"{'user_id': None, 'username': None}",,,,
1198639195830374400,1198639195830374400,2019-11-24 10:27:08 CST,2019-11-24,10:27:08,-0500,799535074295316480,akshatha_bajpe,Akshatha Bajpe,,"Not just limited to sessions for the literary buffs, Mangaluru Lit Fest has much more to offer for Art Lovers and Children:
•Yakshagana Workshop.
•Clay Modelling
•Art Workshop/Exhibition
•Drawing/Painting Competition.
•StoryTelling and much more.
 Explore
#MangaluruLitFest https://t.co/atgIPsaAju",en,[],[],"['https://pbs.twimg.com/media/EKJr-WpVAAAMNqf.jpg', 'https://pbs.twimg.com/media/EKJr_KbUYAA--Mz.jpg']",0,1,11,['mangalurulitfest'],[],https://twitter.com/Akshatha_Bajpe/status/1198639195830374400,,,1,https://pbs.twimg.com/media/EKJr-WpVAAAMNqf.jpg,Bangalore,,,,,,"{'user_id': None, 'username': None}",,,,
1198515752027869184,1198515752027869184,2019-11-24 02:16:37 CST,2019-11-24,02:16:37,-0500,164698586,sangeeth96,𝙎𝘼𝙉𝙂𝙀𝙀𝙏𝙃 𝙎𝙐𝘿𝙃𝙀𝙀𝙍,,Sunday. https://t.co/zNzWG0JsoE,en,[],[],['https://pbs.twimg.com/media/EKH7tjVUEAUJsQK.jpg'],1,0,3,[],[],https://twitter.com/sangeeth96/status/1198515752027869184,,,1,https://pbs.twimg.com/media/EKH7tjVUEAUJsQK.jpg,Bangalore,,,,,,"{'user_id': None, 'username': None}",,,,
1198538842661253120,1198538842661253120,2019-11-24 03:48:22 CST,2019-11-24,03:48:22,-0500,876003545551486976,orangewayfarer,orangewayfarer 👣👣,,Tom's restaurant Bangalore: what a stunning place to dine in! Jewels of coastal Karnataka as well as Kerala came to share space on my plate last night. Quirky wall decor added to the experience. #foodblogger #bangalore https://t.co/qHykYfNmFd,en,[],[],"['https://pbs.twimg.com/media/EKIQpBNU0AA3Yl-.jpg', 'https://pbs.twimg.com/media/EKIQqYUUUAAOZbm.jpg', 'https://pbs.twimg.com/media/EKIQrxlVUAAl9US.jpg', 'https://pbs.twimg.com/media/EKIQtKqUwAEHVfw.jpg']",0,1,27,"['foodblogger', 'bangalore']",[],https://twitter.com/orangewayfarer/status/1198538842661253120,,,1,https://pbs.twimg.com/media/EKIQpBNU0AA3Yl-.jpg,Bangalore,,,,,,"{'user_id': None, 'username': None}",,,,
1198604268741070848,1198604268741070848,2019-11-24 08:08:21 CST,2019-11-24,08:08:21,-0500,950575223023190017,abhyudaya_kkss,Abhyudaya KKSS,,Abhyudaya free learning centre girl students participating in desi games #FitIndiaMovement #FitIndia #MannKiBaat @ddgoodnewsindia @narendramodi @IndiaSports @BBBPonBicycle @MinistryWCD @secretary_wcd https://t.co/PMfWaMLxJF,en,"['ddgoodnewsindia', 'narendramodi', 'indiasports', 'bbbponbicycle', 'ministrywcd', 'secretary_wcd']",[],[],0,7,11,"['fitindiamovement', 'fitindia', 'mannkibaat']",[],https://twitter.com/abhyudaya_kkss/status/1198604268741070848,,,1,https://pbs.twimg.com/ext_tw_video_thumb/1198604040717783040/pu/img/U943VP4SECCRoO62.jpg,Bangalore,,,,,,"{'user_id': None, 'username': None}",,,,
1198599763253288960,1198584662861303809,2019-11-24 07:50:27 CST,2019-11-24,07:50:27,-0500,82539112,vaidyavenkat,vaidyavenkat,,"@AmarnathGowtham @Tejasvi_Surya Very very sad that such lapses occur in most prestigious constituency of Namma Bengaluru South, disheartening state of affairs @msrbommanahalli @Randeep_Dev @BBMP_MAYOR https://t.co/r1RCbA562B",en,"['amarnathgowtham', 'tejasvi_surya', 'msrbommanahalli', 'randeep_dev']",[],[],0,2,18,[],[],https://twitter.com/vaidyavenkat/status/1198599763253288960,,,1,https://pbs.twimg.com/ext_tw_video_thumb/1198599635624853504/pu/img/JYakNHV-GO1MNqZ5.jpg,Bangalore,,,,,,"{'user_id': '875359144689016832', 'username': 'AmarnathGowtham'}",,,,
1198663839379673088,1198663839379673088,2019-11-24 12:05:04 CST,2019-11-24,12:05:04,-0500,181925645,gopal__anand,Gopal  Anand,,"Happiness isn't about getting what you want all the time. It's about loving what you have and being grateful for it.
.
.
#nikond5600 #nikon #people #faces #monochromatic #blackandwhitephotography #india #travelling https://t.co/7JA8d3DhQ5",en,[],[],['https://pbs.twimg.com/media/EKKCWN4UcAAOjbt.jpg'],0,0,8,"['nikond5600', 'nikon', 'people', 'faces', 'monochromatic', 'blackandwhitephotography', 'india', 'travelling']",[],https://twitter.com/Gopal__Anand/status/1198663839379673088,,,1,https://pbs.twimg.com/media/EKKCWN4UcAAOjbt.jpg,Bangalore,,,,,,"{'user_id': None, 'username': None}",,,,
1198751898959933440,1198751898959933440,2019-11-24 17:54:59 CST,2019-11-24,17:54:59,-0500,80215010,chxyz,Chidananda,,New Zealand is something else https://t.co/agj5hYmlRL,en,[],[],['https://pbs.twimg.com/media/EKLSfKAU4AEySfB.jpg'],0,0,4,[],[],https://twitter.com/chxyz/status/1198751898959933440,,,1,https://pbs.twimg.com/media/EKLSfKAU4AEySfB.jpg,Bangalore,,,,,,"{'user_id': None, 'username': None}",,,,
1198695418055417857,1198695418055417857,2019-11-24 14:10:33 CST,2019-11-24,14:10:33,-0500,240284163,vishnu421,vishnu swaroop,,@reach_anupam @jawamotorcycles @anandmahindra @BRustomjee thank you for a brilliant bike 🙂 no words can describe it so here is a small video that can express the multiple emotions #jawa #MarJawa https://t.co/7Uv5uZZPED,en,"['reach_anupam', 'jawamotorcycles', 'anandmahindra', 'brustomjee']",[],[],0,0,2,"['jawa', 'marjawa']",[],https://twitter.com/vishnu421/status/1198695418055417857,,,1,https://pbs.twimg.com/ext_tw_video_thumb/1198694154286448641/pu/img/humWkpjgbSqnCgvz.jpg,Bangalore,,,,,,"{'user_id': '22251192', 'username': 'reach_anupam'}",,,,
1198624417816821760,1198624417816821760,2019-11-24 09:28:25 CST,2019-11-24,09:28:25,-0500,393780667,shankarapeetha,Sri RamachandrapuraMatha 🕉️,,"https://t.co/UQizbQFeTh

@religionworldIN has published a beautiful article to Showcase heaven on earth for desi cows...",en,['religionworldin'],['https://www.religionworld.in/gou-swarga-thousands-of-cows-in-a-kingdom-of-freedom/'],[],3,69,89,[],[],https://twitter.com/ShankaraPeetha/status/1198624417816821760,,,0,,Bangalore,,,,,,"{'user_id': None, 'username': None}",,,,
1198620195423580160,1198620195423580160,2019-11-24 09:11:38 CST,2019-11-24,09:11:38,-0500,2381667174,dvsadanandgowda,Sadananda Gowda,,"Saddened to learn the demise of former CM of Madhya Pradesh, Sri Kailash Joshi Ji. Driven by ideals he set high standards in public life &amp; inspired lakhs of karyakarthas. Condolences to his family &amp; followers https://t.co/ISDoVoPcBi",en,[],[],['https://pbs.twimg.com/media/EKJatrJVUAAecB_.jpg'],2,5,67,[],[],https://twitter.com/DVSadanandGowda/status/1198620195423580160,,,1,https://pbs.twimg.com/media/EKJatrJVUAAecB_.jpg,Bangalore,,,,,,"{'user_id': None, 'username': None}",,,,
1198592186712875008,1198592186712875008,2019-11-24 07:20:20 CST,2019-11-24,07:20:20,-0500,9030962,beler,LSkywalker,,Currently on stage @noyyy keynote about decentralized future on @aeternity as part of  @GenesisDevCon #aeternity https://t.co/I9b59wr9IM,en,"['noyyy', 'aeternity', 'genesisdevcon']",[],['https://pbs.twimg.com/media/EKJBOLUU4AACR-l.jpg'],0,8,29,['aeternity'],[],https://twitter.com/Beler/status/1198592186712875008,,,1,https://pbs.twimg.com/media/EKJBOLUU4AACR-l.jpg,Bangalore,,,,,,"{'user_id': None, 'username': None}",,,,
1198611102625480705,1198611102625480705,2019-11-24 08:35:30 CST,2019-11-24,08:35:30,-0500,4538566158,srk_bangalore,SHAH RUKH KHAN FAN ASSOCIATION,,Wishing our super duper @SRKROYALSFC Happy 5th year anniversary 🥳 many many more to come guys... Keep rocking as you always do. All the best for the times ahead. https://t.co/p43LVumr98,en,['srkroyalsfc'],[],['https://pbs.twimg.com/media/EKJScfjU0AAa4IW.jpg'],18,36,50,[],[],https://twitter.com/Srk_bangalore/status/1198611102625480705,,,1,https://pbs.twimg.com/media/EKJScfjU0AAa4IW.jpg,Bangalore,,,,,,"{'user_id': None, 'username': None}",,,,
1198657008502636545,1198657008502636545,2019-11-24 11:37:55 CST,2019-11-24,11:37:55,-0500,921458714,pgeorge5,Pradeep George,,Just got all 3 Memento Mori books by Sr. @pursuedbytruth. Looking forward to learning the wisdom in these books and transforming each day of the rest of my life. Thanks Sr. #MementoMori #CatholicTwitter https://t.co/wWZ2qYjIvg,en,['pursuedbytruth'],[],['https://pbs.twimg.com/media/EKJ8MF-U8AAXA8S.jpg'],0,0,6,"['mementomori', 'catholictwitter']",[],https://twitter.com/pgeorge5/status/1198657008502636545,,,1,https://pbs.twimg.com/media/EKJ8MF-U8AAXA8S.jpg,Bangalore,,,,,,"{'user_id': None, 'username': None}",,,,
1198622994156810240,1198622994156810240,2019-11-24 09:22:45 CST,2019-11-24,09:22:45,-0500,3269765857,thetanveerahmed,Tanveer Ahmed National spokesperson,,"One voice can change the nation.
A responsibility to make a better change to the community which provides a better future for my fellow citizen.
#shivajinagar #tanveerforshivajinagar https://t.co/QH6p0UYgNq",en,[],[],"['https://pbs.twimg.com/media/EKJdMq1UcAAd1no.jpg', 'https://pbs.twimg.com/media/EKJdN6_UUAAv08K.jpg', 'https://pbs.twimg.com/media/EKJdO3CUUAAWo3Q.jpg', 'https://pbs.twimg.com/media/EKJdP7WUYAAdYMV.jpg']",0,2,3,"['shivajinagar', 'tanveerforshivajinagar']",[],https://twitter.com/TheTanveerAhmed/status/1198622994156810240,,,1,https://pbs.twimg.com/media/EKJdMq1UcAAd1no.jpg,Bangalore,,,,,,"{'user_id': None, 'username': None}",,,,
1198632873680490497,1198632873680490497,2019-11-24 10:02:01 CST,2019-11-24,10:02:01,-0500,748781867915108353,darshanfans171,Thoogudeepa Dynasty ®,,"I Live In A World Of D Family ❤ 
I Love This World Whole Heartily ❤
I Like To Say One Thing Open Heartedly ❤ 
These R My Inspiration I Respect Them Infinity ❤ 
🐘 Jai Thoogudeepa 🐘 

#Abhimaani 
@dasadarshan @dinakar219 @TeamDinakarBoss @Dcompany171 https://t.co/hAxKCgEHT0",en,"['dasadarshan', 'dinakar219', 'teamdinakarboss', 'dcompany171']",[],['https://pbs.twimg.com/media/EKJmPANUwAc6Od9.jpg'],0,22,185,['abhimaani'],[],https://twitter.com/Darshanfans171/status/1198632873680490497,,,1,https://pbs.twimg.com/media/EKJmPANUwAc6Od9.jpg,Bangalore,,,,,,"{'user_id': None, 'username': None}",,,,
1198678608815878144,1198678608815878144,2019-11-24 13:03:45 CST,2019-11-24,13:03:45,-0500,779726165770539009,mukuldebnathmd,Mukul Debnath🇮🇳,,"💐শুভ জন্মদিন প্রিয় স্যার💐
Our Tripura CM @BjpBiplab Deb many many happy returns of the day happy Birthday to you dear Sir. https://t.co/NmMqQlSXoo",en,['bjpbiplab'],[],['https://pbs.twimg.com/media/EKKP12zU0AAT3B_.jpg'],0,0,8,[],[],https://twitter.com/mukuldebnathmd/status/1198678608815878144,,,1,https://pbs.twimg.com/media/EKKP12zU0AAT3B_.jpg,Bangalore,,,,,,"{'user_id': None, 'username': None}",,,,
1198617380550635520,1198617380550635520,2019-11-24 09:00:27 CST,2019-11-24,09:00:27,-0500,240637390,azhappu,‌°Rahul Mishra 🇨🇮,,"My good time will transform in very good time starts
My very old contact has told to me ....I purchase this watch in direction  of my old contact ...&amp; I belive in people  advice n suggestions.  Atleast it gives me more motivation.

@SrBachchan @narendramodi @M_Lekhi 
Common https://t.co/srr75GWN0j",en,"['srbachchan', 'narendramodi', 'm_lekhi']",[],['https://pbs.twimg.com/media/EKJYJdsU4AERL0U.jpg'],0,2,2,[],[],https://twitter.com/AZHAppu/status/1198617380550635520,,,1,https://pbs.twimg.com/media/EKJYJdsU4AERL0U.jpg,Bangalore,,,,,,"{'user_id': None, 'username': None}",,,,
1198601255733448704,1198601255733448704,2019-11-24 07:56:22 CST,2019-11-24,07:56:22,-0500,834607710,jdkanani,Jaynti Kanani (JD),,Amazing discussion! 🙏,en,[],[],[],0,1,14,[],[],https://twitter.com/jdkanani/status/1198601255733448704,,https://twitter.com/M15Nil/status/1198577226435792897,0,,Bangalore,,,,,,"{'user_id': None, 'username': None}",,,,
1198684747926360064,1198684747926360064,2019-11-24 13:28:09 CST,2019-11-24,13:28:09,-0500,744592927553249282,sowmyareddyr,Sowmya | ಸೌಮ್ಯ,,"At @NammaPride 🌈today where thousands walked in pride&amp;speak up for #LGBT issues. so good to catch up with fellow activists &amp; old friends who have fought to #Repeal377, #Nalsa judgment,  disastrous #TransBill2019 etc. #NammaPride. Will always fight for rights &amp; against injustice https://t.co/B6q0SZhJ2Y",en,['nammapride'],[],"['https://pbs.twimg.com/media/EKKVaHcU0AA329K.jpg', 'https://pbs.twimg.com/media/EKKVaHeU8AA3Mtn.jpg', 'https://pbs.twimg.com/media/EKKVaHbUYAArItK.jpg', 'https://pbs.twimg.com/media/EKKVabbU4AAvmGc.jpg']",0,9,80,"['lgbt', 'repeal377', 'nalsa', 'transbill2019', 'nammapride']",[],https://twitter.com/Sowmyareddyr/status/1198684747926360064,,,1,https://pbs.twimg.com/media/EKKVaHcU0AA329K.jpg,Bangalore,,,,,,"{'user_id': None, 'username': None}",,,,
1198662499622518784,1198662499622518784,2019-11-24 11:59:44 CST,2019-11-24,11:59:44,-0500,66950528,yeshasvini,Yeshasvini Ramaswamy,,"‘Hotel Mumbai’, based on the 26/11 attacks. For someone who saw the mayhem up close, it was reliving those horrific days, all over again. I hope, we as Indians, never forget how these jihadis devastated us. The world must know our story.
#india #hotelmumbai https://t.co/rYdduRRftt",en,[],[],['https://pbs.twimg.com/media/EKKBL7bUYAAPRUV.jpg'],0,1,2,"['india', 'hotelmumbai']",[],https://twitter.com/Yeshasvini/status/1198662499622518784,,,1,https://pbs.twimg.com/media/EKKBL7bUYAAPRUV.jpg,Bangalore,,,,,,"{'user_id': None, 'username': None}",,,,
1198650344886001665,1198650344886001665,2019-11-24 11:11:26 CST,2019-11-24,11:11:26,-0500,88868963,saagar01,Sagar Shiraguppi,,"Aratipura (Mandya District, Karnataka), 2015: In an ongoing scientific clearance (exposing remnants with historical significance) at the ASI protected site near Mandya, an inscription dating back to the 10th-12th cent AD &amp; tracing its roots to the Hoysala regim has been found, https://t.co/fXWrdtOZwd",en,[],[],['https://pbs.twimg.com/media/EKJ2HLEVUAA9TQX.jpg'],1,0,5,[],[],https://twitter.com/saagar01/status/1198650344886001665,,,1,https://pbs.twimg.com/media/EKJ2HLEVUAA9TQX.jpg,Bangalore,,,,,,"{'user_id': None, 'username': None}",,,,
1198640765108285446,1198640765108285446,2019-11-24 10:33:22 CST,2019-11-24,10:33:22,-0500,38134365,nand_bo,Nandita Bose,,The shortest walk from my place has suddenly acquired many happening places. Finally meandered off a walk to this. Beautiful ambience. Great food and drink. A separate quieter room with a large screen TV for sports lovers. Support small businesses. https://t.co/sOCxTC3xfD,en,[],[],['https://pbs.twimg.com/media/EKJtZUuU4AE4wFk.jpg'],0,1,5,[],[],https://twitter.com/nand_bo/status/1198640765108285446,,,1,https://pbs.twimg.com/media/EKJtZUuU4AE4wFk.jpg,Bangalore,,,,,,"{'user_id': None, 'username': None}",,,,
1198673750562000897,1198673750562000897,2019-11-24 12:44:27 CST,2019-11-24,12:44:27,-0500,16851793,kamleshrao,Kamlesh ® (fully 💉),,@BBMPCOMM see the conditions of roads. Details of this location in Jeevanbhima Nagar is available in pictures. I have also logged complaint number 41507 via #FixMyStreet. Hope this gets fixed soon and we get safe &amp; pothole free roads in #Bengaluru https://t.co/FGXpGfKr0X,en,['bbmpcomm'],[],"['https://pbs.twimg.com/media/EKKLFBiUcAABeLP.jpg', 'https://pbs.twimg.com/media/EKKLQfQUcAAif0u.jpg', 'https://pbs.twimg.com/media/EKKLZDwUYAENIUz.jpg']",3,2,5,"['fixmystreet', 'bengaluru']",[],https://twitter.com/kamleshrao/status/1198673750562000897,,,1,https://pbs.twimg.com/media/EKKLFBiUcAABeLP.jpg,Bangalore,,,,,,"{'user_id': '4345658112', 'username': 'BBMPCOMM'}",,,,
1198602273892356098,1198602273892356098,2019-11-24 08:00:25 CST,2019-11-24,08:00:25,-0500,950575223023190017,abhyudaya_kkss,Abhyudaya KKSS,,Abhyudaya students participating in desi games #FitIndiaMovement #FitIndia #MannKiBaat @ddgoodnewsindia @narendramodi @IndiaSports https://t.co/c22HYAAjS4,en,"['ddgoodnewsindia', 'narendramodi', 'indiasports']",[],[],0,6,13,"['fitindiamovement', 'fitindia', 'mannkibaat']",[],https://twitter.com/abhyudaya_kkss/status/1198602273892356098,,,1,https://pbs.twimg.com/ext_tw_video_thumb/1198601722400100358/pu/img/hj43ODAuQ_XjRfAZ.jpg,Bangalore,,,,,,"{'user_id': None, 'username': None}",,,,
1198654114437029888,1198628244234240001,2019-11-24 11:26:25 CST,2019-11-24,11:26:25,-0500,113327366,atritripathi,Atri Tripathi,,"@ruchikaSjv Honestly, I don’t feel it’s there yet.

Sure, it gets the job done, but I think #Dart + #Flutter combo still feels unwieldy to a lot of developers.

Here’s what the GOD of #Android aka
@JakeWharton says: https://t.co/SRUmDzYajU",en,"['ruchikasjv', 'jakewharton']",[],['https://pbs.twimg.com/media/EKJ5jjIVAAAVCIL.jpg'],4,2,13,"['dart', 'flutter', 'android']",[],https://twitter.com/AtriTripathi/status/1198654114437029888,,,1,https://pbs.twimg.com/media/EKJ5jjIVAAAVCIL.jpg,Bangalore,,,,,,"{'user_id': '2874713396', 'username': 'ruchikaSjv'}",,,,
1198595265541750784,1198595265541750784,2019-11-24 07:32:34 CST,2019-11-24,07:32:34,-0500,182763634,encephalitisava,"Dr Ava Easton, CEO - Encephalitis Society 💋",,Day 2 in #Bengaluru adjusting to time zones differences and writing the two presentations I am delivering whilst out here! Ready for tomorrow interviewing the sister of a #rabies patient and then meeting up with @virology_chitra for dinner. https://t.co/K8An3vTzFv,en,['virology_chitra'],[],['https://pbs.twimg.com/media/EKJEBl3VAAA6MND.jpg'],1,0,8,"['bengaluru', 'rabies']",[],https://twitter.com/encephalitisava/status/1198595265541750784,,,1,https://pbs.twimg.com/media/EKJEBl3VAAA6MND.jpg,Bangalore,,,,,,"{'user_id': None, 'username': None}",,,,
1198487533606203392,1198487533606203392,2019-11-24 00:24:29 CST,2019-11-24,00:24:29,-0500,2275511246,akhilageer,Akhil Ageer,,One of the Finest Developer Conferences ever in India.. Great Work team @GenesisDevCon @IBCMedia_ @pythonhulk @ELEVEN01dotIO https://t.co/TiSAas45DS,en,"['genesisdevcon', 'ibcmedia_', 'pythonhulk', 'eleven01dotio']",[],"['https://pbs.twimg.com/media/EKHiCbVUwAAxBmg.jpg', 'https://pbs.twimg.com/media/EKHiDS5UwAAIgAC.jpg']",0,4,7,[],[],https://twitter.com/AkhilAgeer/status/1198487533606203392,,,1,https://pbs.twimg.com/media/EKHiCbVUwAAxBmg.jpg,Bangalore,,,,,,"{'user_id': None, 'username': None}",,,,
1198665685733261312,1198665685733261312,2019-11-24 12:12:24 CST,2019-11-24,12:12:24,-0500,539614481,iamanilshetty,Anil Shetty,,Ji Your speech on Babasaheb Ambedkar was so inspiring. You said “ Babasaheb and Constitution are the two sides of the same coin” One can never understand Indian Constitution without understanding B R Ambedkar.  @TVMohandasPai,en,['tvmohandaspai'],[],[],0,11,37,[],[],https://twitter.com/iamanilshetty/status/1198665685733261312,,https://twitter.com/blsanthosh/status/1198659887275765760,0,,Bangalore,,,,,,"{'user_id': None, 'username': None}",,,,
1198605366801526785,1198605366801526785,2019-11-24 08:12:43 CST,2019-11-24,08:12:43,-0500,993794465872662528,profdmvenkatar1,Prof.D.M.Venkata Reddy,,"Good Shakunthala yourself remembering 
GuruTegabhaddur10th guru of Sikhs
He holded his Head in the left hand &amp;sword in the right hand cut off his head to save Kashmir Pandits.Every Hindu should bow at his lotus feet.I Visited hisGURUDWARA In New Delhi bowed to his lotus feet",en,[],[],[],0,2,8,[],[],https://twitter.com/ProfDMVenkatar1/status/1198605366801526785,,https://twitter.com/ShakunthalaHS/status/1198457981689450496,0,,Bangalore,,,,,,"{'user_id': None, 'username': None}",,,,
1198655930235146240,1198655930235146240,2019-11-24 11:33:38 CST,2019-11-24,11:33:38,-0500,92047203,raksha_bhat,Raksha K Bhat MD CIC 🔬(She/her),,"Defined Daily Dose💊💉

DDD 19- Some microbes are inherently resistant to some antibiotics, there is no point in reporting them as resistant in the culture reports time and again, best not reported and not used for treatment. Know the list.

#DefinedDailyDose #IDTwitter #WAAW2019",en,[],[],[],1,3,5,"['defineddailydose', 'idtwitter', 'waaw2019']",[],https://twitter.com/Raksha_Bhat/status/1198655930235146240,,,0,,Bangalore,,,,,,"{'user_id': None, 'username': None}",,,,
1198613518813024256,1198613518813024256,2019-11-24 08:45:06 CST,2019-11-24,08:45:06,-0500,1082142525182230529,dranicofficial,Dranicᅠᅠᅠᅠᅠᅠᅠᅠ,,"Dropping my first song soon in Spotify, iTunes, Amazon Music, apple music music and many more.....
#EDM #Spotify #upcomingproducer #upcomingartist #dj #futurehouse #iTunes #AppleMusic #AmazonMusic",en,[],[],[],0,1,3,"['edm', 'spotify', 'upcomingproducer', 'upcomingartist', 'dj', 'futurehouse', 'itunes', 'applemusic', 'amazonmusic']",[],https://twitter.com/Dranicofficial/status/1198613518813024256,,,0,,Bangalore,,,,,,"{'user_id': None, 'username': None}",,,,
1198577087575019521,1198577087575019521,2019-11-24 06:20:20 CST,2019-11-24,06:20:20,-0500,128984274,singh_biswajeet,Biswajeet,,"Read between the lines...

Change in BJP game plan, they want Ajit Pawar  to get access to NCP MLAs so he can start bidding process before floor test",en,[],[],[],1,4,7,[],[],https://twitter.com/singh_biswajeet/status/1198577087575019521,,https://twitter.com/ANI/status/1198566390023589890,0,,Bangalore,,,,,,"{'user_id': None, 'username': None}",,,,
1198588103495049216,1198588103495049216,2019-11-24 07:04:07 CST,2019-11-24,07:04:07,-0500,981857739067609088,flightofsand,Anne T. Fa,,Flying out to Goa tonight on some important work and my butterfly is full of stomachs.,en,[],[],[],0,0,8,[],[],https://twitter.com/flightofsand/status/1198588103495049216,,,0,,Bangalore,,,,,,"{'user_id': None, 'username': None}",,,,
1198624691398692864,1198624691398692864,2019-11-24 09:29:30 CST,2019-11-24,09:29:30,-0500,3171723252,brijeshkalappa,Brijesh Kalappa,,"Not too late to renounce political power. He has enjoyed it uninterruptedly for 19 long years!!
https://t.co/NmczCK7P3A",en,[],['https://m.timesofindia.com/videos/news/mann-ki-baat-never-had-desire-to-enter-politics-says-pm-narendra-modi/videoshow/72209039.cms?utm_source=facebook.com&utm_medium=referral&utm_campaign=TOI'],[],8,19,53,[],[],https://twitter.com/brijeshkalappa/status/1198624691398692864,,,0,,Bangalore,,,,,,"{'user_id': None, 'username': None}",,,,
1198576446450601985,1198576446450601985,2019-11-24 06:17:47 CST,2019-11-24,06:17:47,-0500,15300013,djasif,Mohammed Asif,"{'type': 'Point', 'coordinates': [12.9759024, 77.6408008]}","Fan meet-up - thank you Bengaluru #mifans for turning up. I understand it is exam season and many other commitments. 

Thank you for showing up and those who didn't turn up we will have our next meet in December.… https://t.co/xjU80jQtXu",en,[],['https://www.instagram.com/p/B5P3UuolrL6/?igshid=1016epjo6in9t'],[],0,1,5,['mifans'],[],https://twitter.com/djasif/status/1198576446450601985,,,0,,Bangalore,,,,,,"{'user_id': None, 'username': None}",,,,
1198591696419860481,1198591696419860481,2019-11-24 07:18:23 CST,2019-11-24,07:18:23,-0500,951135877098434560,venkatesh_rvk14,Venkatesh reddy / ವೆಂಕಟೇಶ್ ರೆಡ್ಡಿ 🇮🇳,,"One thing I can guarantee, public prosecutors will show them hell, they have to run around for cases,if they don't get clean chits they shouldn't get thr degrees. Easy alva ?",en,[],[],[],0,0,2,[],[],https://twitter.com/venkatesh_rvk14/status/1198591696419860481,,https://twitter.com/venkatesh_rvk14/status/1198590173509931008,0,,Bangalore,,,,,,"{'user_id': None, 'username': None}",,,,
1198643832201588736,1198643832201588736,2019-11-24 10:45:33 CST,2019-11-24,10:45:33,-0500,454384401,therightram,Ram V,,This thread gives me joy. I made a book with some cool people about 4 years ago :),en,[],[],[],0,0,19,[],[],https://twitter.com/therightram/status/1198643832201588736,,https://twitter.com/theBekku/status/1198320156960649217,0,,Bangalore,,,,,,"{'user_id': None, 'username': None}",,,,
1198646794365763584,1198646794365763584,2019-11-24 10:57:20 CST,2019-11-24,10:57:20,-0500,48658199,yogeeshgp,Yogeesh Prabhuswamy,,Tomorrow he'll clarify if it's Ajit pawar saheb or Sharad pawar saheb?!,en,[],[],[],2,0,6,[],[],https://twitter.com/yogeeshgp/status/1198646794365763584,,https://twitter.com/dhananjay_munde/status/1198607513492439040,0,,Bangalore,,,,,,"{'user_id': None, 'username': None}",,,,
1198658101265588224,1198658101265588224,2019-11-24 11:42:15 CST,2019-11-24,11:42:15,-0500,59643623,ronak_manutd,Ron,,Perrera how come he plays for my club I ll never understand 🤔,en,[],[],[],1,0,2,[],[],https://twitter.com/ronak_manutd/status/1198658101265588224,,,0,,Bangalore,,,,,,"{'user_id': None, 'username': None}",,,,
1198666343685533699,1198666343685533699,2019-11-24 12:15:01 CST,2019-11-24,12:15:01,-0500,109241307,er_vinothkumar,Er.Vinothkumar,"{'type': 'Point', 'coordinates': [12.971117, 77.597645]}","Great Honour Today Meet With

 Mr.Yanislav Malahov

➤ Aeternity founder ""Godfather of Ethereum

Memorable Blockchain Cybersunday @ Bangalore, India https://t.co/XSlfMAjWyr",en,[],['https://www.instagram.com/p/B5QgM-iADv2/?igshid=12zvesqx3akz4'],[],0,0,2,[],[],https://twitter.com/Er_vinothkumar/status/1198666343685533699,,,0,,Bangalore,,,,,,"{'user_id': None, 'username': None}",,,,
1198686699221479424,1198686699221479424,2019-11-24 13:35:54 CST,2019-11-24,13:35:54,-0500,201320899,snehabanerg,Sneha Banerjee,,"My dear wallet, let's not get tempted here ☹️☹️",en,[],[],[],0,0,2,[],[],https://twitter.com/snehabanerg/status/1198686699221479424,,https://twitter.com/larrykim/status/1198526671487414273,0,,Bangalore,,,,,,"{'user_id': None, 'username': None}",,,,
1198622763927265280,1198622763927265280,2019-11-24 09:21:50 CST,2019-11-24,09:21:50,-0500,1303050025,raryavenky,Rarya Venky 🔱🎭,,#தமிழகத்தின்தலைமகன்அஜித்🙏🙏 perfect,en,[],[],[],0,2,1,['தமிழகத்தின்தலைமகன்அஜித்'],[],https://twitter.com/RaryaVenky/status/1198622763927265280,,,0,,Bangalore,,,,,,"{'user_id': None, 'username': None}",,,,
1198598471684513797,1198598471684513797,2019-11-24 07:45:19 CST,2019-11-24,07:45:19,-0500,3319587494,byrappa_harish,"ಭೈರಪ್ಪ ಹರೀಶ್ ಕುಮಾರ್🟨🟥,🇮🇳(B Harish Kumar)",,"Welcome Back 
#KarnatakaJobsForKannadigas",en,[],[],[],0,1,9,['karnatakajobsforkannadigas'],[],https://twitter.com/byrappa_harish/status/1198598471684513797,,,0,,Bangalore,,,,,,"{'user_id': None, 'username': None}",,,,
1198682846535176193,1198682846535176193,2019-11-24 13:20:35 CST,2019-11-24,13:20:35,-0500,86401667,jitin84,Jitin Sharma,,Wow! This @FiveSixZer0 festival totally exceeded my humble expectations today! Especially because of an unbelievable deep house musical journey conjured by @ShallOcin! And of course @djankytrixx was again off the hook with the closing set! Other's don't matter really!42K steps 🕺 https://t.co/Rl5lUnKBkM,en,"['fivesixzer0', 'shallocin', 'djankytrixx']",[],['https://pbs.twimg.com/media/EKKTsCQUwAAUwy2.jpg'],1,1,1,[],[],https://twitter.com/jitin84/status/1198682846535176193,,,1,https://pbs.twimg.com/media/EKKTsCQUwAAUwy2.jpg,Bangalore,,,,,,"{'user_id': None, 'username': None}",,,,
1198649023382446080,1198649023382446080,2019-11-24 11:06:11 CST,2019-11-24,11:06:11,-0500,182763634,encephalitisava,"Dr Ava Easton, CEO - Encephalitis Society 💋",,OMG! this choir has its very own #Bez @bez_Beerspotter (@TheHappyMondays for my followers who are too young to know who Bez was!) 😂😂😂,en,"['bez_beerspotter', 'thehappymondays']",[],[],0,0,4,['bez'],[],https://twitter.com/encephalitisava/status/1198649023382446080,,https://twitter.com/eliistender10/status/1198554344788037632,0,,Bangalore,,,,,,"{'user_id': None, 'username': None}",,,,
1198596046160457728,1198596046160457728,2019-11-24 07:35:40 CST,2019-11-24,07:35:40,-0500,182763634,encephalitisava,"Dr Ava Easton, CEO - Encephalitis Society 💋",,I found this article really powerful. https://t.co/Cf2YYmCpuF #MustRead #NHS #Doctors #Nurses #Memoirs,en,[],['https://www.theguardian.com/books/2019/nov/24/how-to-save-the-nhs-by-five-medical-memoirists-henry-marsh-adam-kay'],[],0,1,4,"['mustread', 'nhs', 'doctors', 'nurses', 'memoirs']",[],https://twitter.com/encephalitisava/status/1198596046160457728,,,0,,Bangalore,,,,,,"{'user_id': None, 'username': None}",,,,
1198620179988504576,1198620179988504576,2019-11-24 09:11:34 CST,2019-11-24,09:11:34,-0500,3241664078,ashwingbenjamin,Ashwin G Benjamin,,"Weight to be lost before the start of next season stands at 9. Starting weight - 125 kgs. While I’m on my way to achieve this, I’m hoping and praying that @bengalurufc can do something, just anything, to get me a XXXL Home Jersey that I can comfortably wear to the matches!!",en,['bengalurufc'],[],[],2,0,12,[],[],https://twitter.com/ashwingbenjamin/status/1198620179988504576,,https://twitter.com/bengalurufc/status/1198584314549551104,0,,Bangalore,,,,,,"{'user_id': None, 'username': None}",,,,
1198640838340796421,1198640838340796421,2019-11-24 10:33:40 CST,2019-11-24,10:33:40,-0500,58234618,raghavramaiah,Raghav Ramaiah,,Such killer stuff with #OneMicStand @VishalDadlani.. loved it.,en,['vishaldadlani'],[],[],0,0,3,['onemicstand'],[],https://twitter.com/raghavramaiah/status/1198640838340796421,,,0,,Bangalore,,,,,,"{'user_id': None, 'username': None}",,,,
1198667592338042880,1198667592338042880,2019-11-24 12:19:58 CST,2019-11-24,12:19:58,-0500,250941302,dallan555,david allan,,"Well thought This Man Utd v sheff Utd game was gonna go the same way as wilder v Ortiz fight for a min there,",en,[],[],[],1,0,4,[],[],https://twitter.com/dallan555/status/1198667592338042880,,,0,,Bangalore,,,,,,"{'user_id': None, 'username': None}",,,,
1198611138776141824,1198611138776141824,2019-11-24 08:35:39 CST,2019-11-24,08:35:39,-0500,227925963,madav1401,Madhavan Sridharan,,I for some reason feel the real twist is still awaited in Maharashtra. Remember when Lord Krishna came as a peace messenger to avert war he first went to stay at Vidhur's place. Only HE knew why.,en,[],[],[],0,0,7,[],[],https://twitter.com/madav1401/status/1198611138776141824,,,0,,Bangalore,,,,,,"{'user_id': None, 'username': None}",,,,
1198622338696138754,1198620838095773696,2019-11-24 09:20:09 CST,2019-11-24,09:20:09,-0500,272503721,macharajarao,M. S. Srinivasa Rao,,"@sagarikaghose Contempt of court. Going beyond your brief  as a journo 
Remember the highest court of justice of the country is seized with the issue and you are making uncalled for biased comments. 
Why you indulge in such unholy activity?",en,['sagarikaghose'],[],[],0,3,9,[],[],https://twitter.com/macharajarao/status/1198622338696138754,,,0,,Bangalore,,,,,,"{'user_id': '56312411', 'username': 'sagarikaghose'}",,,,
1198595175620067330,1198588468781293568,2019-11-24 07:32:13 CST,2019-11-24,07:32:13,-0500,951135877098434560,venkatesh_rvk14,Venkatesh reddy / ವೆಂಕಟೇಶ್ ರೆಡ್ಡಿ 🇮🇳,,"@v2l2b2 @AmitShah @narendramodi @vivekagnihotri Once they start facing legal problems, parents will come in, things will change. No need to shut down the college, just tareek pe tareek in courts is enough 😂",en,"['v2l2b2', 'amitshah', 'narendramodi', 'vivekagnihotri']",[],[],0,2,4,[],[],https://twitter.com/venkatesh_rvk14/status/1198595175620067330,,,0,,Bangalore,,,,,,"{'user_id': '101037737', 'username': 'v2l2b2'}",,,,
1198672822446350336,1198532690917482496,2019-11-24 12:40:45 CST,2019-11-24,12:40:45,-0500,263998506,nischith1929,Nischith Shivanand,,"@MadhuMack @bengalurufc @kbfc_manjappada @KeralaBlasters @IndSuperLeague lol, ROFL. Are you going to hire B*st*rds to like your tweet or do you want us to offer you a free biriyani from @swiggy_in or @ZomatoIN or @UberEats oh forgot to ask you are you one among that number b*st*rd. #BFCFB",en,"['madhumack', 'bengalurufc', 'kbfc_manjappada', 'keralablasters', 'indsuperleague', 'swiggy_in', 'ubereats']",[],[],0,1,2,['bfcfb'],[],https://twitter.com/Nischith1929/status/1198672822446350336,,,0,,Bangalore,,,,,,"{'user_id': '420459711', 'username': 'MadhuMack'}",,,,
1198659430662823936,1198572593453916163,2019-11-24 11:47:32 CST,2019-11-24,11:47:32,-0500,832790542647857156,karnvirmundrey,Karnvir Mundrey,,"@Ingers1975 It was a pleasure, and an honor. @Ingers1975 .

I think the interview came out really good and is good listening for any #publicrelations professional. 

The comments on #Ethics and the #future are really #important I feel. @PRCA_UK",en,"['ingers1975', 'ingers1975']",[],[],0,0,1,"['publicrelations', 'ethics', 'future', 'important']",[],https://twitter.com/karnvirmundrey/status/1198659430662823936,,,0,,Bangalore,,,,,,"{'user_id': '103015611', 'username': 'Ingers1975'}",,,,
1198625149416689665,1198476920549101569,2019-11-24 09:31:19 CST,2019-11-24,09:31:19,-0500,2860627435,surajsuresh27,Suraj Suresh,,"@mallucomrade That is the literal demonstration of the word ""Seruppadi"" in Tamil.",en,['mallucomrade'],[],[],1,0,24,[],[],https://twitter.com/surajsuresh27/status/1198625149416689665,,,0,,Bangalore,,,,,,"{'user_id': '864130256105549828', 'username': 'mallucomrade'}",,,,
1198600163930951686,1198289187952152576,2019-11-24 07:52:02 CST,2019-11-24,07:52:02,-0500,2500718288,satheeshpodury,Satheesh 🇮🇳,,"@asb_ambati @VisakhapatnamJn @drmsbc @VizagRailway @Visakhavaasi @Karthikjillella @UttamChakram The train is late by more than 10 hrs. Was in BBS station for more than 3 hrs but racist @eastcoastrail logic, loco reversal takes 20 mins time, so bypassing trains from VSKP to save time LoL....😂🤣",en,"['asb_ambati', 'visakhapatnamjn', 'drmsbc', 'visakhavaasi', 'karthikjillella', 'uttamchakram', 'eastcoastrail']",[],[],0,5,2,[],[],https://twitter.com/satheeshpodury/status/1198600163930951686,,,0,,Bangalore,,,,,,"{'user_id': '4621621212', 'username': 'asb_ambati'}",,,,
1198658092553998337,1198655930235146240,2019-11-24 11:42:13 CST,2019-11-24,11:42:13,-0500,92047203,raksha_bhat,Raksha K Bhat MD CIC 🔬(She/her),,"@Pseudopodia_ Ampicillin for Klebsiella, Nitrofurantoin for Proteus, Cephalosporins for Enterococcus, Tigecycline for Pseudomonas...the list goes on!",en,['pseudopodia_'],[],[],2,3,4,[],[],https://twitter.com/Raksha_Bhat/status/1198658092553998337,,,0,,Bangalore,,,,,,"{'user_id': '3268319036', 'username': 'Pseudopodia_'}",,,,
1198611833122250752,1198456642758688768,2019-11-24 08:38:24 CST,2019-11-24,08:38:24,-0500,1089535494172508160,ganeshp22518972,Ganesh Pal,,@seanonolennon @TulsiGabbard Best of luck 💪🙌. Lets donate.,en,"['seanonolennon', 'tulsigabbard']",[],[],0,0,9,[],[],https://twitter.com/GaneshP22518972/status/1198611833122250752,,,0,,Bangalore,,,,,,"{'user_id': '17427779', 'username': 'seanonolennon'}",,,,
1198628278874984448,1198618888826580992,2019-11-24 09:43:45 CST,2019-11-24,09:43:45,-0500,19269278,krishna06,Krishna Murari,,@TheProductfolks @NamanSr @murali_anand did a story on this couple years ago. https://t.co/XMs1RHmNkm,en,"['theproductfolks', 'namansr', 'murali_anand']",['https://factordaily.com/darknet-whatsapp-black-market-scam-otp/'],[],0,1,6,[],[],https://twitter.com/krishna06/status/1198628278874984448,,,0,,Bangalore,,,,,,"{'user_id': '19269278', 'username': 'krishna06'}",,,,
1198633262832242688,1198528329449660416,2019-11-24 10:03:34 CST,2019-11-24,10:03:34,-0500,3859117272,a__rastogi,Ankur Rastogi,,"@ChampagneAng Being sensible means taking good care of yourself 
That's a good thought 
Rest well
Get back stronger",en,['champagneang'],[],[],1,0,2,[],[],https://twitter.com/A__Rastogi/status/1198633262832242688,,,0,,Bangalore,,,,,,"{'user_id': '242030175', 'username': 'ChampagneAng'}",,,,
1198627022576074759,1198544385719328768,2019-11-24 09:38:46 CST,2019-11-24,09:38:46,-0500,956588476316704770,pascaltechrw,Pascal Technology Ltd,,"@shereni_cephas @cdesetfree @ali_naka @cakamanzi Sure he will be free to go anyplace in Rwanda , any place he wish to visit by himself.",en,"['shereni_cephas', 'cdesetfree', 'ali_naka', 'cakamanzi']",[],[],1,1,3,[],[],https://twitter.com/PascalTechRw/status/1198627022576074759,,,0,,Bangalore,,,,,,"{'user_id': '918132341125591041', 'username': 'shereni_cephas'}",,,,
1198592454133342209,1198583163095670784,2019-11-24 07:21:24 CST,2019-11-24,07:21:24,-0500,102881475,makingindiawork,Rajesh Kumar,,"@wmakarand @shishhattangadi @bhogleharsha @sanjaymanjrekar Mumbai players think in a way that they  are the custodians of the game in India like the Poms think they are of the world. This should be got rid off. SMG, who we adore and respected made a fool of himself  when he tried to retort what Kohli said about Dada. 1/2",en,"['wmakarand', 'shishhattangadi', 'bhogleharsha', 'sanjaymanjrekar']",[],[],1,0,3,[],[],https://twitter.com/makingindiawork/status/1198592454133342209,,,0,,Bangalore,,,,,,"{'user_id': '118992866', 'username': 'wmakarand'}",,,,
1198752134142935040,1198634620842995713,2019-11-24 17:55:55 CST,2019-11-24,17:55:55,-0500,145587407,kpsingh1966,KP Singh,,"@tarauk Modi effect! 15 lakhs in every account, farmers' income double by 2022, whole of India open defamation free by 2019, achche din by 2019 and now, home to everyone by 2022!",en,['tarauk'],[],[],1,1,1,[],[],https://twitter.com/kpsingh1966/status/1198752134142935040,,,0,,Bangalore,,,,,,"{'user_id': '19705200', 'username': 'tarauk'}",,,,
1198629722973827072,1197845000010305546,2019-11-24 09:49:30 CST,2019-11-24,09:49:30,-0500,956588476316704770,pascaltechrw,Pascal Technology Ltd,,"@JamesKANYEMERA @cdesetfree @cakamanzi Really this Africa and has many open opportunity , as African must we wait someone from abroad to come and employ us ,or we must take that opportunities and empower other Africans, choice is in our hands 🤷 , thanks @RwandaGov to give me a chance to prove myself that African can",en,"['jameskanyemera', 'cdesetfree', 'cakamanzi', 'rwandagov']",[],[],2,1,7,[],[],https://twitter.com/PascalTechRw/status/1198629722973827072,,,0,,Bangalore,,,,,,"{'user_id': '336111516', 'username': 'JamesKANYEMERA'}",,,,
1198632844626546688,1197845000010305546,2019-11-24 10:01:54 CST,2019-11-24,10:01:54,-0500,956588476316704770,pascaltechrw,Pascal Technology Ltd,,"@JamesKANYEMERA @cdesetfree @cakamanzi @RwandaGov That's what I can give my fellow African, Skilling you  and go and make it happen outside here and after  remember to help other",en,"['jameskanyemera', 'cdesetfree', 'cakamanzi', 'rwandagov']",[],[],0,1,5,[],[],https://twitter.com/PascalTechRw/status/1198632844626546688,,,0,,Bangalore,,,,,,"{'user_id': '336111516', 'username': 'JamesKANYEMERA'}",,,,
1198540903448662017,1197903566448386048,2019-11-24 03:56:33 CST,2019-11-24,03:56:33,-0500,217381167,cjthedev,Chirag Jain,,"@_cat_turner @daniel_swensen @alejandrox135 It's totally upto your upbringing. I know folks who would offer everything they have when a friend is in need, and they aren't rich by a long shot.

Then there are those who would rather travel across the globe for pleasure without a care in the world.",en,['_cat_turner'],[],[],1,0,5,[],[],https://twitter.com/cjTheDev/status/1198540903448662017,,,0,,Bangalore,,,,,,"{'user_id': '1160259553', 'username': '_cat_turner'}",,,,
1198645856032845824,1198643556291756032,2019-11-24 10:53:36 CST,2019-11-24,10:53:36,-0500,230113966,bhushansz,Naidu - Bhushan,,@_vasireddy Ya Jagan needs few dropouts too for peddling Volunteers Rickshaws singing famous song “RAAVALI JAGAN KAAVALI JAGAN song “.,en,[],[],[],0,0,2,[],[],https://twitter.com/Bhushansz/status/1198645856032845824,,,0,,Bangalore,,,,,,"{'user_id': '55759440', 'username': 'nag_vasireddy'}",,,,
1198646643345637377,850030303032692736,2019-11-24 10:56:44 CST,2019-11-24,10:56:44,-0500,2984339761,ksvenu247,venugopal,,"@deepakdemiwal @shashibk @NammaBengaluroo @VoicOfNewIndia @MandothPrakash @Cpt_Naveen @SandeepAnirudha @sudhir_san16 @kalkur_vivek @ram_soc @RamMoha82601373 @murali772 @AxPn @CA4Blr @_Ashwatthama_ @raghuynt @Kevapat @MayaRao @btpsupporter @appysrivastava @Srivatsac2 @kiranshaw @envyk_blr @Anandagundurao @biradarsm @kdevforum @DULTBangalore @BBMPCOMM @BBMPSWMSplComm @BBMP_MAYOR @blrcitytraffic @AddlCPTraffic @AddlCPAdmn @DCPTrEastBCP @ACP_TrafficEast @deepolice12 @BMTC_BENGALURU @yogeeshgp @dyamannavar @BlrSuburbanRail @PiyushGoyal @CMofKarnataka @SureshAngadi_ @csogok @rajeev_mp @Tejasvi_Surya @GMSWR @drmsbc This experiment shd succeed as BBMP and BMTC,BTP  are working hard trying to fix loopholes. Let's help them fix it. Afterall it's going to benefit us..",en,"['deepakdemiwal', 'shashibk', 'nammabengaluroo', 'voicofnewindia', 'mandothprakash', 'cpt_naveen', 'sandeepanirudha', 'sudhir_san16', 'kalkur_vivek', 'ram_soc', 'rammoha82601373', 'murali772', 'axpn', 'ca4blr', '_ashwatthama_', 'raghuynt', 'kevapat', 'mayarao', 'btpsupporter', 'appysrivastava', 'srivatsac2', 'kiranshaw', 'envyk_blr', 'anandagundurao', 'biradarsm', 'kdevforum', 'dultbangalore', 'bbmpcomm', 'bbmpswmsplcomm', 'blrcitytraffic', 'addlcptraffic', 'addlcpadmn', 'dcptreastbcp', 'acp_trafficeast', 'bmtc_bengaluru', 'yogeeshgp', 'dyamannavar', 'piyushgoyal', 'cmofkarnataka', 'rajeev_mp', 'tejasvi_surya', 'gmswr', 'drmsbc']",[],[],0,0,2,[],[],https://twitter.com/ksvenu247/status/1198646643345637377,,,0,,Bangalore,,,,,,"{'user_id': '36965122', 'username': 'deepakdemiwal'}",,,,
1198629902259376128,1198604963691163648,2019-11-24 09:50:12 CST,2019-11-24,09:50:12,-0500,1625021,hawkeye,Muralikrishnan B,,"@khatterrohit To quote Master Oogway :

Yesterday is History
Tomorrow is a Mystery,
and today is a Gift...
that's why they call it Present 😀",en,['khatterrohit'],[],[],0,0,5,[],[],https://twitter.com/hawkeye/status/1198629902259376128,,,0,,Bangalore,,,,,,"{'user_id': '109194545', 'username': 'khatterrohit'}",,,,
1198651616309547008,1198542082446479361,2019-11-24 11:16:29 CST,2019-11-24,11:16:29,-0500,725305502322819077,tabassumnaiz,Tabassum ✈️ تبسم | #HODLER,,"@owlbe @cryptokanoon @simplykashif @IBCMedia_ Yeah.. we tried taking it today but unable to interact today. I have a list of the questions, tomorrow I might interact and ask .. will update you",en,"['owlbe', 'cryptokanoon', 'simplykashif', 'ibcmedia_']",[],[],1,0,2,[],[],https://twitter.com/Tabassumnaiz/status/1198651616309547008,,,0,,Bangalore,,,,,,"{'user_id': '3517569680', 'username': 'owlbe'}",,,,
1198588694120124416,1198581986593361923,2019-11-24 07:06:28 CST,2019-11-24,07:06:28,-0500,259598436,gokulgaze,Gokul Alex,,@zyot @tezos Will connect with Caleb Kow  and try to get it shared soon ! Let me check with our @TezosIndia team !!,en,"['zyot', 'tezos', 'tezosindia']",[],[],0,0,3,[],[],https://twitter.com/gokulgaze/status/1198588694120124416,,,0,,Bangalore,,,,,,"{'user_id': '82229167', 'username': 'zyot'}",,,,
1198683402850856961,1198681818414776320,2019-11-24 13:22:48 CST,2019-11-24,13:22:48,-0500,265814274,siddarthpaim,Siddarth Pai,,@TajinderBagga @iSinghVikash Happy birthday to promising young leader @iSinghVikash ji,en,"['tajinderbagga', 'isinghvikash', 'isinghvikash']",[],[],0,0,6,[],[],https://twitter.com/siddarthpaim/status/1198683402850856961,,,0,,Bangalore,,,,,,"{'user_id': '85462891', 'username': 'TajinderBagga'}",,,,
1198627352227409920,1198618888826580992,2019-11-24 09:40:04 CST,2019-11-24,09:40:04,-0500,19269278,krishna06,Krishna Murari,,@TheProductfolks @NamanSr Unsure about the card blackmarket but the layer above it (Whatsapp/telegram groups using them to place order) is pretty popular in college hostels. Know folks that use it regularly.,en,"['theproductfolks', 'namansr']",[],[],1,0,2,[],[],https://twitter.com/krishna06/status/1198627352227409920,,,0,,Bangalore,,,,,,"{'user_id': '1131825836007444480', 'username': 'TheProductfolks'}",,,,
