id,conversation_id,created_at,date,time,timezone,user_id,username,name,place,tweet,language,mentions,urls,photos,replies_count,retweets_count,likes_count,hashtags,cashtags,link,retweet,quote_url,video,thumbnail,near,geo,source,user_rt_id,user_rt,retweet_id,reply_to,retweet_date,translate,trans_src,trans_dest
1197557770012069889,1197557770012069889,2019-11-21 10:49:56 CST,2019-11-21,10:49:56,-0500,4538566158,srk_bangalore,SHAH RUKH KHAN FAN ASSOCIATION,,Thisssssssss 🔥 https://t.co/D4gRr6rT9S,en,[],[],['https://pbs.twimg.com/media/EJ6UccYUcAAXd7A.jpg'],15,40,64,[],[],https://twitter.com/Srk_bangalore/status/1197557770012069889,,,1,https://pbs.twimg.com/media/EJ6UccYUcAAXd7A.jpg,Bangalore,,,,,,"{'user_id': None, 'username': None}",,,,
1197583561689194496,1197583561689194496,2019-11-21 12:32:25 CST,2019-11-21,12:32:25,-0500,167707382,iammaheshfan,Narendra Gowd 🦁,,"#SLNTeaserDay 😎😎😎

#MassMB is Backk 🔥 #SarileruNeekevvaru",en,[],[],[],2,106,91,"['slnteaserday', 'massmb', 'sarileruneekevvaru']",[],https://twitter.com/IamMaheshFan/status/1197583561689194496,,,0,,Bangalore,,,,,,"{'user_id': None, 'username': None}",,,,
1197603371512946690,1197603371512946690,2019-11-21 13:51:08 CST,2019-11-21,13:51:08,-0500,994216649904582656,maxstreifeneder,Max Streifeneder,,"Good Times, #SAPTeched #Bengaluru. https://t.co/FNRLQh8rQz",en,[],[],[],0,0,12,"['sapteched', 'bengaluru']",[],https://twitter.com/maxstreifeneder/status/1197603371512946690,,,1,https://pbs.twimg.com/ext_tw_video_thumb/1197603136837431296/pu/img/SFX5U32VdzqkrVWZ.jpg,Bangalore,,,,,,"{'user_id': None, 'username': None}",,,,
1197573440217079808,1197573440217079808,2019-11-21 11:52:12 CST,2019-11-21,11:52:12,-0500,3859623014,rebeltweetzz,Bangalore REBEL™,,"This Man Is Pure Gold ❤❤❤ Never in his career praised himself, even in past 7 years he acheived what is still a dream for his contempararies, still remained as cool as he can and He Is DARLING FOREVER !!!
Respect for you doubles after watching some events.. 

#Prabhas ❤ https://t.co/EFOFTzCSYz",en,[],[],['https://pbs.twimg.com/media/EJ6isS_U0AAhuj-.jpg'],0,5,21,['prabhas'],[],https://twitter.com/RebelTweetzz/status/1197573440217079808,,,1,https://pbs.twimg.com/media/EJ6isS_U0AAhuj-.jpg,Bangalore,,,,,,"{'user_id': None, 'username': None}",,,,
1197584453222055936,1197584453222055936,2019-11-21 12:35:58 CST,2019-11-21,12:35:58,-0500,825243162201448448,aabhas24,Aabhas Maldahiyar 🇮🇳,,"#SadarPranam Priti Ma’am,do u agree that:
“UttarRamcharitam”is mere drama, &amp; we teach them to students just to learnSanskrit as Shri #Firoze says?

Has it nothing to do with our Dharma &amp; Historicity ofRama?

That apart #Rules of deprt can’t hv him recruited. It’s pure corruption. https://t.co/Dm9TNHUcU8",en,[],[],['https://pbs.twimg.com/media/EJ6stBBU0AA8F7L.jpg'],5,34,48,"['sadarpranam', 'firoze', 'rules']",[],https://twitter.com/Aabhas24/status/1197584453222055936,,https://twitter.com/MrsGandhi/status/1197431998706401280,1,https://pbs.twimg.com/media/EJ6stBBU0AA8F7L.jpg,Bangalore,,,,,,"{'user_id': None, 'username': None}",,,,
1197562117064282112,1197562117064282112,2019-11-21 11:07:12 CST,2019-11-21,11:07:12,-0500,825243162201448448,aabhas24,Aabhas Maldahiyar 🇮🇳,,"I’m an architecture graduate &amp; @rahulkanwal I want to design “Structure Design” for any of your house or of your relatives! 

Why not if Dr Firoz a scholar of Sanskrit can be recruited to teach Dharmik Sahitya?",en,['rahulkanwal'],[],[],7,57,148,[],[],https://twitter.com/Aabhas24/status/1197562117064282112,,,0,,Bangalore,,,,,,"{'user_id': None, 'username': None}",,,,
1197662486482173952,1197662486482173952,2019-11-21 17:46:02 CST,2019-11-21,17:46:02,-0500,2286417703,blrrocks,ತರ್ಲೆ 𝗧𝗵𝗶𝗺𝗺𝗮,,"Hot Idlis and Rice bath at 5 AM....
anyone.... https://t.co/I50NwaHRCx",en,[],[],"['https://pbs.twimg.com/media/EJ7zoKyU8AEvVlo.jpg', 'https://pbs.twimg.com/media/EJ7zpSvUEAAhr2Y.jpg', 'https://pbs.twimg.com/media/EJ7zqt-VUAAJ2Jd.jpg']",3,1,24,[],[],https://twitter.com/BLRrocKS/status/1197662486482173952,,,1,https://pbs.twimg.com/media/EJ7zoKyU8AEvVlo.jpg,Bangalore,,,,,,"{'user_id': None, 'username': None}",,,,
1197518670391472128,1197518670391472128,2019-11-21 08:14:34 CST,2019-11-21,08:14:34,-0500,124133785,karthik_padman,Karthik Padmanabhan,,"We are delighted to invite your family and you to come discover serenity this weekend at the an event combining yoga, farm-life, and eco-friendly living. 
Session Time:
Saturday: 07:30 am - 09:00 am 
Sunday:  Come stop by Yash Farm and explore the simple living, 🙏 https://t.co/WNalKT2H8K",en,[],[],['https://pbs.twimg.com/media/EJ5w4BKUEAILmHW.jpg'],1,5,40,[],[],https://twitter.com/karthik_padman/status/1197518670391472128,,,1,https://pbs.twimg.com/media/EJ5w4BKUEAILmHW.jpg,Bangalore,,,,,,"{'user_id': None, 'username': None}",,,,
1197398373650710528,1197398373650710528,2019-11-21 00:16:33 CST,2019-11-21,00:16:33,-0500,1133247450695626752,stayworldwide,Corporate Worldwide Stay,,#CWS Marketing Activation at #FISGLOBAL in #Bengaluru to help #travelers for #servicedapartments #globally. #furnishedapartments #aparthotel #globalmobility #globaltravel #employeerelocation #projecttravel #globalapartments https://t.co/Ym6YlIo0ln,en,[],[],"['https://pbs.twimg.com/media/EJ4DcpxUwAIAq0z.jpg', 'https://pbs.twimg.com/media/EJ4DdkOU8AE5xw1.jpg']",2,5,8,"['cws', 'fisglobal', 'bengaluru', 'travelers', 'servicedapartments', 'globally', 'furnishedapartments', 'aparthotel', 'globalmobility', 'globaltravel', 'employeerelocation', 'projecttravel', 'globalapartments']",[],https://twitter.com/StayWorldwide/status/1197398373650710528,,,1,https://pbs.twimg.com/media/EJ4DcpxUwAIAq0z.jpg,Bangalore,,,,,,"{'user_id': None, 'username': None}",,,,
1197500862060351488,1197500862060351488,2019-11-21 07:03:48 CST,2019-11-21,07:03:48,-0500,4334757252,anjali_wfr,Anjali S.,,"And the answer is NO.
#MahadevapuraDemands 
Tracks exist.
Double &amp;electrify
Start the trains
Stop these announcements. Do you realize the no. of people, &amp; the income gp who need this? 
You don't even have rest rooms in your current 5* Metro stns. Stop dreaming. Start performing!",en,[],[],[],2,17,29,['mahadevapurademands'],[],https://twitter.com/anjali_WFR/status/1197500862060351488,,https://twitter.com/ChristinMP_TOI/status/1197326238739644416,0,,Bangalore,,,,,,"{'user_id': None, 'username': None}",,,,
1197504478133383168,1197504478133383168,2019-11-21 07:18:10 CST,2019-11-21,07:18:10,-0500,562900149,annatarajgowda,A N Nataraj Gowda - ಎ.ಎನ್.ನಟರಾಜ್ ಗೌಡ,,"Turns out Modiji has forgiven Pragya Thakur. 

The Gandhigiri was only for the elections, in their hearts Godse will always reign Supreme.

#चुनाव_में_गांधी_दिल_में_गोडसे https://t.co/n6usvojZKS",en,[],[],['https://pbs.twimg.com/media/EJ5j-G0U4AMAWDQ.jpg'],0,12,19,['चुनाव_में_गांधी_दिल_में_गोडसे'],[],https://twitter.com/annatarajgowda/status/1197504478133383168,,,1,https://pbs.twimg.com/media/EJ5j-G0U4AMAWDQ.jpg,Bangalore,,,,,,"{'user_id': None, 'username': None}",,,,
1197536274720206849,1197536274720206849,2019-11-21 09:24:31 CST,2019-11-21,09:24:31,-0500,1946169680,saraswathi1717,Saraswathi Jagirdar 🇮🇳,,Here’s a sneak peek from the making/dubbing of our film #KalidaasaKannadaMeshtru ..releases tomorrow. Can’t wait for you all to watch the film🙏🏻 https://t.co/VY2HSbgsM4,en,[],[],[],1,2,36,['kalidaasakannadameshtru'],[],https://twitter.com/saraswathi1717/status/1197536274720206849,,,1,https://pbs.twimg.com/ext_tw_video_thumb/1197524546452172800/pu/img/KdDMZxJ3ROXapc4V.jpg,Bangalore,,,,,,"{'user_id': None, 'username': None}",,,,
1197567793010315264,1197567793010315264,2019-11-21 11:29:46 CST,2019-11-21,11:29:46,-0500,167707382,iammaheshfan,Narendra Gowd 🦁,,"Ee excitement yenni kotlu echina raadhu anukunta.. 

Same excitement since childhood. He is my real Happiness 😎🙏 

SuperStar @urstrulyMahesh 😎😎

Pre rls days ❤️❤️😎😎

#SarileruNeekevvaru #SLNTeaserTomorrow @AnilRavipudi @AnilSunkara1",en,"['urstrulymahesh', 'anilravipudi', 'anilsunkara1']",[],[],1,202,296,"['sarileruneekevvaru', 'slnteasertomorrow']",[],https://twitter.com/IamMaheshFan/status/1197567793010315264,,,0,,Bangalore,,,,,,"{'user_id': None, 'username': None}",,,,
1197508672835862529,1197508672835862529,2019-11-21 07:34:50 CST,2019-11-21,07:34:50,-0500,2559463297,saha_varsha,Varsha Saha,,"I'm just an average developer myself and I still am learning everyday but this interview is based on my experiences and I hope it inspires atleast a few devs out there! 👩🏻‍💻🥰

Thank you @yashrajnayak 

https://t.co/xRQ3ktsvOx",en,['yashrajnayak'],['https://youtu.be/2s_yi3xn7pk'],[],10,25,179,[],[],https://twitter.com/saha_varsha/status/1197508672835862529,,,0,,Bangalore,,,,,,"{'user_id': None, 'username': None}",,,,
1197578077380829189,1197578077380829189,2019-11-21 12:10:38 CST,2019-11-21,12:10:38,-0500,1158719199172124678,manaswipauskar,Manaswi Pauskar,,Our first mentor meet-up in office pic is now famous😊..Thanks once again for all your support to Student Journey India 👍🏻 #dreamforce2019 @amandabauman @Bhanz19 @Jagan_ns_ @iKishorebt @reddy_mrp @iamShyamR https://t.co/fpRmkIRxS7,en,"['amandabauman', 'bhanz19', 'jagan_ns_', 'ikishorebt', 'reddy_mrp', 'iamshyamr']",[],['https://pbs.twimg.com/media/EJ6m586UwAEjtpi.jpg'],3,14,60,['dreamforce2019'],[],https://twitter.com/ManaswiPauskar/status/1197578077380829189,,,1,https://pbs.twimg.com/media/EJ6m586UwAEjtpi.jpg,Bangalore,,,,,,"{'user_id': None, 'username': None}",,,,
1197557240267300866,1197557240267300866,2019-11-21 10:47:50 CST,2019-11-21,10:47:50,-0500,3712557673,shilpabatrasays,Shilpa Batra,,"What makes @Cisco #1 #bestplacestowork ? Focus on YOU &amp; the #teams  makes the magic happen! On 22nd Nov @cisco_in  @JessiePavelka will launch a @ciscoapac wide initiative to reinforce wellbeing, healthy bodies &amp; mind are key to an engaged workforce @WeAreCisco #WeAreCisco https://t.co/7klnrvMumi",en,"['cisco', 'cisco_in', 'jessiepavelka', 'ciscoapac', 'wearecisco']",[],['https://pbs.twimg.com/media/EJ6T9XgU0AAmL5u.jpg'],0,6,20,"['bestplacestowork', 'teams', 'wearecisco']",[],https://twitter.com/shilpabatrasays/status/1197557240267300866,,,1,https://pbs.twimg.com/media/EJ6T9XgU0AAmL5u.jpg,Bangalore,,,,,,"{'user_id': None, 'username': None}",,,,
1197415156512251904,1197415156512251904,2019-11-21 01:23:14 CST,2019-11-21,01:23:14,-0500,182301841,niranjan0_0,Niranjan Mudholkar,,@Ceratizit_Tools officially expands its #Manufacturing facility in #Bengaluru. Reiterates its #commitment to the #Indian #Manufacturing #industry. #MakeinIndia https://t.co/ZkdVWZn2w3,en,['ceratizit_tools'],[],['https://pbs.twimg.com/media/EJ4SuWhUcAAFC6J.jpg'],0,7,7,"['manufacturing', 'bengaluru', 'commitment', 'indian', 'manufacturing', 'industry', 'makeinindia']",[],https://twitter.com/Niranjan0_0/status/1197415156512251904,,,1,https://pbs.twimg.com/media/EJ4SuWhUcAAFC6J.jpg,Bangalore,,,,,,"{'user_id': '4804924474', 'username': 'Ceratizit_Tools'}",,,,
1197564342272573440,1197564342272573440,2019-11-21 11:16:03 CST,2019-11-21,11:16:03,-0500,799535074295316480,akshatha_bajpe,Akshatha Bajpe,,"Session on ""Excavating Truth"".
Dr Muhammad K K in Conversation with Harsha Bhat.
#MangaluruLitFest
@mlrlitfest https://t.co/V0zCxioqXv",en,['mlrlitfest'],[],['https://pbs.twimg.com/media/EJ6aahfU0AAcpSp.jpg'],0,3,6,['mangalurulitfest'],[],https://twitter.com/Akshatha_Bajpe/status/1197564342272573440,,,1,https://pbs.twimg.com/media/EJ6aahfU0AAcpSp.jpg,Bangalore,,,,,,"{'user_id': None, 'username': None}",,,,
1197490197430038529,1197490197430038529,2019-11-21 06:21:26 CST,2019-11-21,06:21:26,-0500,777402844991193088,designupconf,DesignUpConf,,"So should we have @ShashiTharoor at #DUp2020 ?

#Design #DUp19",en,['shashitharoor'],[],[],11,1,53,"['dup2020', 'design', 'dup19']",[],https://twitter.com/DesignUpConf/status/1197490197430038529,,https://twitter.com/ShashiTharoor/status/1197450592966168581,0,,Bangalore,,,,,,"{'user_id': None, 'username': None}",,,,
1197511676381282305,1197511676381282305,2019-11-21 07:46:46 CST,2019-11-21,07:46:46,-0500,75491186,mrlubu,Durga Prasad,,At Corp Office for nxt 3 days https://t.co/cI2pn7bbhN,en,[],[],"['https://pbs.twimg.com/media/EJ5qe9nU4AAHLS8.jpg', 'https://pbs.twimg.com/media/EJ5qgBdVUAAfhiT.jpg']",0,0,2,[],[],https://twitter.com/mrlubu/status/1197511676381282305,,,1,https://pbs.twimg.com/media/EJ5qe9nU4AAHLS8.jpg,Bangalore,,,,,,"{'user_id': None, 'username': None}",,,,
1197571645369659392,1197571645369659392,2019-11-21 11:45:04 CST,2019-11-21,11:45:04,-0500,996842883746480128,anoopkbhat,Anoop,,"The 'Butterfowl' totebags are going out tomorrow. If you'd placed an order, expect the tracking details in your mailbox by the end of the day tomorrow. 🦉🦋 https://t.co/DQWLqf8c19",en,[],[],[],0,1,3,[],[],https://twitter.com/anoopkbhat/status/1197571645369659392,,,1,https://pbs.twimg.com/ext_tw_video_thumb/1197571558056685569/pu/img/iFo7lDOe4VIMcEox.jpg,Bangalore,,,,,,"{'user_id': None, 'username': None}",,,,
1197477639964917760,1197477639964917760,2019-11-21 05:31:32 CST,2019-11-21,05:31:32,-0500,509090264,siddhrthknkaria,𓆉 Siddharth Kankaria/ सिद्धार्थ कांकरिया (he/him),,"Attending the #ArchivesPublicLectureSeries by #UshaRamanathan, titled ""Body Politic(s)"".

Usha provides some wonderful insights on topics ranging from the relationship between #state &amp; #citizens, #surveillance, #privacy, #rights, role of #language &amp; the effects of #digitisation! https://t.co/FsACAwkPEF",en,[],[],['https://pbs.twimg.com/media/EJ5LjtTUYAMTAc7.jpg'],1,0,2,"['archivespubliclectureseries', 'usharamanathan', 'state', 'citizens', 'surveillance', 'privacy', 'rights', 'language', 'digitisation']",[],https://twitter.com/SiddhrthKnkaria/status/1197477639964917760,,https://twitter.com/Archives_NCBS/status/1197374767495405569,1,https://pbs.twimg.com/media/EJ5LjtTUYAMTAc7.jpg,Bangalore,,,,,,"{'user_id': None, 'username': None}",,,,
1197572726761721856,1197572726761721856,2019-11-21 11:49:22 CST,2019-11-21,11:49:22,-0500,1063085086206156800,karthik_casm,Sarcastic_legend,,"Gonna tell my kids!!!
He is the most versatile actor of KFI 😍😍 ಅಭಿನಯ ಚಕ್ರವರ್ತಿ😎
@KicchaSudeep #AbhinayaChakravarthy https://t.co/yCWPqWz9ud",en,['kicchasudeep'],[],['https://pbs.twimg.com/media/EJ6iCE9U0AABYWq.jpg'],0,6,20,['abhinayachakravarthy'],[],https://twitter.com/karthik_casm/status/1197572726761721856,,,1,https://pbs.twimg.com/media/EJ6iCE9U0AABYWq.jpg,Bangalore,,,,,,"{'user_id': None, 'username': None}",,,,
1197465386389606401,1197465386389606401,2019-11-21 04:42:50 CST,2019-11-21,04:42:50,-0500,1625021,hawkeye,Muralikrishnan B,,"Announcing the launch of 'Mi Smart' - @XiaomiIndia's Channel management &amp; Sales force automation App

☑️ Connecting Xiaomi, Distributors, Retailers and Field sales force
☑️ Seamless Communication, Reporting and Team management

Adding more power to our fast growing Offline Biz https://t.co/HBQRVI0jNE",en,['xiaomiindia'],[],"['https://pbs.twimg.com/media/EJ5AZmwU0AAPQsN.jpg', 'https://pbs.twimg.com/media/EJ5AZ97U4AQG0wD.jpg']",7,22,98,[],[],https://twitter.com/hawkeye/status/1197465386389606401,,,1,https://pbs.twimg.com/media/EJ5AZmwU0AAPQsN.jpg,Bangalore,,,,,,"{'user_id': None, 'username': None}",,,,
1197548075377512448,1197547656437829632,2019-11-21 10:11:25 CST,2019-11-21,10:11:25,-0500,49002516,abhi12ravi,Abhiram Ravikumar ✨,,"The balcony is bindaas! 💜🤞
I'm so glad I signed up for the #designthinking workshop here! https://t.co/Ctt5V3fcuU",en,[],[],['https://pbs.twimg.com/media/EJ6Ln4hU4AAWrIk.jpg'],0,0,4,['designthinking'],[],https://twitter.com/abhi12ravi/status/1197548075377512448,,,1,https://pbs.twimg.com/media/EJ6Ln4hU4AAWrIk.jpg,Bangalore,,,,,,"{'user_id': '49002516', 'username': 'abhi12ravi'}",,,,
1197573780354170880,1197573780354170880,2019-11-21 11:53:33 CST,2019-11-21,11:53:33,-0500,4595616312,hmjyothish14,Jyothish HM,,"1864 General Auckland,whu named the Gardens &amp; Cricket Ground after his Sisters Emily &amp; Fanny Eden ..History ..Tomorrow our Modi ji will be in The stadium, His most (Speeches) words in Bengal state Didi ...Didi...Brother and sisters love  great history repeats..#EdenGardens https://t.co/DjEJffwYoR",en,[],[],['https://pbs.twimg.com/media/EJ6i_hMVUAEn4G5.jpg'],0,1,3,['edengardens'],[],https://twitter.com/hmjyothish14/status/1197573780354170880,,,1,https://pbs.twimg.com/media/EJ6i_hMVUAEn4G5.jpg,Bangalore,,,,,,"{'user_id': None, 'username': None}",,,,
1197569315400118272,1197569315400118272,2019-11-21 11:35:49 CST,2019-11-21,11:35:49,-0500,336093734,tarungirdhar,Tarun Girdhar,,"Eat, Sweat, Think, Connect : Redefine your health with Jessie’s four elements !! Join us tomorrow (22nd Nov) as our Health and Wellbeing Ambassador @JessiePavelka launches CiscoPavelka Health and Wellbeing initiative across APJC #CiscoPavelka #TheImportanceOfYou #WeAreCisco https://t.co/PMi1fmKpmm",en,['jessiepavelka'],[],['https://pbs.twimg.com/media/EJ6e8DUVUAA3xqZ.jpg'],0,1,5,"['ciscopavelka', 'theimportanceofyou', 'wearecisco']",[],https://twitter.com/TarunGirdhar/status/1197569315400118272,,,1,https://pbs.twimg.com/media/EJ6e8DUVUAA3xqZ.jpg,Bangalore,,,,,,"{'user_id': None, 'username': None}",,,,
1197519272651542530,1197519272651542530,2019-11-21 08:16:58 CST,2019-11-21,08:16:58,-0500,4918388226,aayujain1592,Aayushi Jain,,"The future of energy and transportation will be a mix of allot of things, but not that doesn't alleviate the #ClimateCrisis Let's work towards a sustainable, more affordable &amp; accessible mobility future. Great chat @Shell_India w/ @inktalks @DrTongia #LetsBounce https://t.co/MYytxcgMpM",en,"['shell_india', 'inktalks', 'drtongia']",[],['https://pbs.twimg.com/media/EJ5xbJuUEAAFI9m.jpg'],0,2,10,"['climatecrisis', 'letsbounce']",[],https://twitter.com/aayujain1592/status/1197519272651542530,,,1,https://pbs.twimg.com/media/EJ5xbJuUEAAFI9m.jpg,Bangalore,,,,,,"{'user_id': None, 'username': None}",,,,
1197564453086089216,1197564453086089216,2019-11-21 11:16:29 CST,2019-11-21,11:16:29,-0500,799535074295316480,akshatha_bajpe,Akshatha Bajpe,,"Session on ""India Calling!!!"".
Speakers : Maria Wirth and Lucy Guest.
Moderator : Ravi Iyer.
#MangaluruLitFest 
@mlrlitfest https://t.co/bzdsKL1yUF",en,['mlrlitfest'],[],['https://pbs.twimg.com/media/EJ6ag8zUcAMfIzj.jpg'],0,1,3,['mangalurulitfest'],[],https://twitter.com/Akshatha_Bajpe/status/1197564453086089216,,,1,https://pbs.twimg.com/media/EJ6ag8zUcAMfIzj.jpg,Bangalore,,,,,,"{'user_id': None, 'username': None}",,,,
1197559083429089281,1197559083429089281,2019-11-21 10:55:09 CST,2019-11-21,10:55:09,-0500,3269765857,thetanveerahmed,Tanveer Ahmed National spokesperson,,"By Almighty's grace, I have received my serial number as '1'.
The prayers and blessings of each one of you have got me this far and I am confident that your trust on me will help me create  a sustainable change across Shivajinagar. 

#tanveerforshivajinagar https://t.co/dk5fErJM9N",en,[],[],['https://pbs.twimg.com/media/EJ6VoQ2U8AAdFbH.jpg'],0,4,15,['tanveerforshivajinagar'],[],https://twitter.com/TheTanveerAhmed/status/1197559083429089281,,,1,https://pbs.twimg.com/media/EJ6VoQ2U8AAdFbH.jpg,Bangalore,,,,,,"{'user_id': None, 'username': None}",,,,
1197527607933329408,1197527607933329408,2019-11-21 08:50:05 CST,2019-11-21,08:50:05,-0500,981857739067609088,flightofsand,Anne T. Fa,,"After reading the wonderful novella LISTEN, GIRL by Krishna Sobti this afternoon I'm finally reading A GUJARAT HERE, A GUJARAT HERE, translated by @shreedaisy https://t.co/ktmCnJdZmF",en,['shreedaisy'],[],['https://pbs.twimg.com/media/EJ5p9X8UUAIoQ_b.jpg'],1,1,4,[],[],https://twitter.com/flightofsand/status/1197527607933329408,,,1,https://pbs.twimg.com/media/EJ5p9X8UUAIoQ_b.jpg,Bangalore,,,,,,"{'user_id': None, 'username': None}",,,,
1197519699392835584,1197519699392835584,2019-11-21 08:18:39 CST,2019-11-21,08:18:39,-0500,981857739067609088,flightofsand,Anne T. Fa,,I need another season of DERRY GIRLS please,en,[],[],[],6,1,16,[],[],https://twitter.com/flightofsand/status/1197519699392835584,,,0,,Bangalore,,,,,,"{'user_id': None, 'username': None}",,,,
1197533063082905601,1197524212124192770,2019-11-21 09:11:45 CST,2019-11-21,09:11:45,-0500,2852471473,prshakur,Prince Shakur 👑,,Y’all wtf https://t.co/xxdhXkmaee,en,[],[],['https://pbs.twimg.com/media/EJ5979bXUAIKHAk.jpg'],2,0,5,[],[],https://twitter.com/prshakur/status/1197533063082905601,,,1,https://pbs.twimg.com/media/EJ5979bXUAIKHAk.jpg,Bangalore,,,,,,"{'user_id': '2852471473', 'username': 'prshakur'}",,,,
1197519325180989440,1197519325180989440,2019-11-21 08:17:10 CST,2019-11-21,08:17:10,-0500,14267805,arunmeshtru,Arun L,,"Talking. 

#Podcast",en,[],[],[],0,1,11,['podcast'],[],https://twitter.com/arunmeshtru/status/1197519325180989440,,https://twitter.com/anshikashukla_/status/1197484214058246144,0,,Bangalore,,,,,,"{'user_id': None, 'username': None}",,,,
1197530522060312577,1197530522060312577,2019-11-21 09:01:40 CST,2019-11-21,09:01:40,-0500,38134365,nand_bo,Nandita Bose,,It’s that time of the year at Bengaluru again. The season begins with these darker versions of Tabebuia Rosa. The joy of living in a garden city. https://t.co/pVTBYJw5EZ,en,[],[],['https://pbs.twimg.com/media/EJ57n-GWwAE2IrS.jpg'],1,0,7,[],[],https://twitter.com/nand_bo/status/1197530522060312577,,,1,https://pbs.twimg.com/media/EJ57n-GWwAE2IrS.jpg,Bangalore,,,,,,"{'user_id': None, 'username': None}",,,,
1197504110724968454,1197504110724968454,2019-11-21 07:16:43 CST,2019-11-21,07:16:43,-0500,4752689112,nsoj_bangalore,National School of Journalism,,"“Sport has the power to change the world. It has the power to inspire. It has the power to unite people in a way that little else does.” - Nelson Mandela. This concludes our Sports Day series,until next year! 📸- RamaThillai (BA Class of ‘22) | Chetan (faculty) | Timothy Franklyn https://t.co/wQDfDHNzQm",en,[],[],"['https://pbs.twimg.com/media/EJ5jorUU4AI3PuV.jpg', 'https://pbs.twimg.com/media/EJ5jorYU0AAXBX8.jpg', 'https://pbs.twimg.com/media/EJ5jorWVAAABMjI.jpg']",0,0,4,[],[],https://twitter.com/NSoJ_Bangalore/status/1197504110724968454,,,1,https://pbs.twimg.com/media/EJ5jorUU4AI3PuV.jpg,Bangalore,,,,,,"{'user_id': None, 'username': None}",,,,
1197403142872125440,1197403142872125440,2019-11-21 00:35:30 CST,2019-11-21,00:35:30,-0500,354343544,_riteshhh,Ritesh Gupta,,Really excited to start my new role as `Mobile Engineering Manager` at @Fueled 🤩 🙌,en,['fueled'],[],[],13,4,155,[],[],https://twitter.com/_riteshhh/status/1197403142872125440,,,0,,Bangalore,,,,,,"{'user_id': None, 'username': None}",,,,
1197508144970133504,1197508144970133504,2019-11-21 07:32:45 CST,2019-11-21,07:32:45,-0500,234285918,iihsin,Indian Institute for Human Settlements,,".@nandita_j says, 'I happened across #science accidentally. I studied it as most people did before. I was also interested in #journalism &amp; began writing about science. I then found out that people have been writing in the field beautifully for decades.'

#WomenInScience #scicomm https://t.co/n0GKt4ucJi",en,['nandita_j'],[],['https://pbs.twimg.com/media/EJ5nRdzUcAEAKTR.jpg'],0,1,4,"['science', 'journalism', 'womeninscience', 'scicomm']",[],https://twitter.com/iihsin/status/1197508144970133504,,,1,https://pbs.twimg.com/media/EJ5nRdzUcAEAKTR.jpg,Bangalore,,,,,,"{'user_id': None, 'username': None}",,,,
1197500692522356737,1197500692522356737,2019-11-21 07:03:08 CST,2019-11-21,07:03:08,-0500,234285918,iihsin,Indian Institute for Human Settlements,,"Kids love jargon. Even if they don't understand it, they love throwing it at their adults, says Roopa Pai at the #PublicTexts session on writing about science for children.

#IIHSin #scicomm #sciencetwitter #scienceisfun #scienceforkids #WomenInScience #WomenInSTEM https://t.co/bxon3Xnyfs",en,[],[],['https://pbs.twimg.com/media/EJ5gh0wU0AAvUBe.jpg'],0,0,1,"['publictexts', 'iihsin', 'scicomm', 'sciencetwitter', 'scienceisfun', 'scienceforkids', 'womeninscience', 'womeninstem']",[],https://twitter.com/iihsin/status/1197500692522356737,,,1,https://pbs.twimg.com/media/EJ5gh0wU0AAvUBe.jpg,Bangalore,,,,,,"{'user_id': None, 'username': None}",,,,
1197557016098557957,1197557016098557957,2019-11-21 10:46:56 CST,2019-11-21,10:46:56,-0500,215571450,indrayanikadu,Ray,,Came across this in a research article on testosterone assays😆 Love it haha @Lacey_VC @noush_joglekar https://t.co/ikg3as0jIV,en,"['lacey_vc', 'noush_joglekar']",[],['https://pbs.twimg.com/media/EJ6TwNmUwAEvNCw.jpg'],0,0,2,[],[],https://twitter.com/IndrayaniKadu/status/1197557016098557957,,,1,https://pbs.twimg.com/media/EJ6TwNmUwAEvNCw.jpg,Bangalore,,,,,,"{'user_id': None, 'username': None}",,,,
1197532718629900289,1197532718629900289,2019-11-21 09:10:23 CST,2019-11-21,09:10:23,-0500,304248501,rcbfanarmy,RCB Fan Army Official,,"Congrats @imVkohli for winning PETA India's 2019 Person of the Year Award.
From @PetaIndia -  Veggie @virat.kohli wins PETA India's 2019 Person of the Year Award for being a fierce advocate for animals in need. See more details 
PC: @colstonJulian1
 #PETAIndia #Hero4Animals https://t.co/HG76RM0A31",en,"['imvkohli', 'petaindia', 'virat', 'colstonjulian1']",[],['https://pbs.twimg.com/media/EJ59pqfXkAIuhp_.jpg'],0,1,41,"['petaindia', 'hero4animals']",[],https://twitter.com/rcbfanarmy/status/1197532718629900289,,,1,https://pbs.twimg.com/media/EJ59pqfXkAIuhp_.jpg,Bangalore,,,,,,"{'user_id': None, 'username': None}",,,,
1197595026546520064,1197595026546520064,2019-11-21 13:17:59 CST,2019-11-21,13:17:59,-0500,579664063,ikarthikshankar,IKS,,Whenever he comes with my name he gets a sure shot hit right from beginning of his career and he is the one who used this name the most in his career @chay_akkineni #VenkyMama,en,['chay_akkineni'],[],[],0,1,5,['venkymama'],[],https://twitter.com/ikarthikshankar/status/1197595026546520064,,https://twitter.com/dirbobby/status/1197447839611097088,0,,Bangalore,,,,,,"{'user_id': None, 'username': None}",,,,
1197561587730542592,1197561587730542592,2019-11-21 11:05:06 CST,2019-11-21,11:05:06,-0500,146814769,hombale,M R V,,Dr D.V.G famous Kannada philosopher and poet has succinctly put the position of Sena in this poem from his Magnum opus called Bhagavadgeete of Kannada.@NAN_DINI_ @Kaalateetham https://t.co/fIHbV5okPC,en,"['nan_dini_', 'kaalateetham']",[],['https://pbs.twimg.com/media/EJ6X5_kVAAEzG6u.jpg'],1,0,4,[],[],https://twitter.com/hombale/status/1197561587730542592,,,1,https://pbs.twimg.com/media/EJ6X5_kVAAEzG6u.jpg,Bangalore,,,,,,"{'user_id': None, 'username': None}",,,,
1197486666660737024,1196661295862255616,2019-11-21 06:07:24 CST,2019-11-21,06:07:24,-0500,965114888744914944,kdevforum,SaveBellandur(ಬೆಳ್ಳಂದೂರು ಉಳಿಸಿ),,"@ArvindLBJP @ArvindLBJP,social audit of works thro task force &amp; ward committees by Corporators is must!
Below bad works being fixed by contractor due to vigilant citizens,but not sustainable.
Pls blacklist contractor,enable std &amp; transparent contract with social audit
https://t.co/adWG3va6ST https://t.co/QCVIHyLDzu",en,"['arvindlbjp', 'arvindlbjp']",['https://tinyurl.com/tqx3fsh'],"['https://pbs.twimg.com/media/EJ5Ttw4UwAAMDPZ.jpg', 'https://pbs.twimg.com/media/EJ5TuywU8AAnyRk.jpg', 'https://pbs.twimg.com/media/EJ5TvumVUAEG4yf.jpg', 'https://pbs.twimg.com/media/EJ5TwrSVAAAVdbr.jpg']",4,35,24,[],[],https://twitter.com/kdevforum/status/1197486666660737024,,,1,https://pbs.twimg.com/media/EJ5Ttw4UwAAMDPZ.jpg,Bangalore,,,,,,"{'user_id': '849194701', 'username': 'ArvindLBJP'}",,,,
1197539532045877248,1197539532045877248,2019-11-21 09:37:28 CST,2019-11-21,09:37:28,-0500,87922729,kondagulikdl,ಬಸವ | Basava ⏩ ಭೀಮ | Bheem,,For your attention @CMofKarnataka @mpbijapur @BRPatil_BJP @MBPatil @Shivanand_S_P @NimmaBhusanur @DCVijayapura @UmeshaTweetsVK @SangameshcVK @gvaroon @NayeemKalburgi @PrasadWali @SushmitaGn @sameer_mariner @BasavarajKonda2 @BJP4Karnataka @INCKarnataka @JDSKarunadu @nimmasuresh,en,"['cmofkarnataka', 'mpbijapur', 'mbpatil', 'shivanand_s_p', 'nimmabhusanur', 'dcvijayapura', 'sangameshcvk', 'gvaroon', 'nayeemkalburgi', 'prasadwali', 'sushmitagn', 'sameer_mariner', 'basavarajkonda2', 'bjp4karnataka', 'inckarnataka', 'jdskarunadu', 'nimmasuresh']",[],[],0,2,3,[],[],https://twitter.com/KondaguliKDL/status/1197539532045877248,,https://twitter.com/KondaguliKDL/status/1197532811705630721,0,,Bangalore,,,,,,"{'user_id': None, 'username': None}",,,,
1197480076759031808,1197480076759031808,2019-11-21 05:41:13 CST,2019-11-21,05:41:13,-0500,2192490222,govindr66813798,govindraj,,The real streangh of sharad power is that he believes his own lies,en,[],[],[],0,1,3,[],[],https://twitter.com/govindr66813798/status/1197480076759031808,,,0,,Bangalore,,,,,,"{'user_id': None, 'username': None}",,,,
1197479463723732992,1197479463723732992,2019-11-21 05:38:46 CST,2019-11-21,05:38:46,-0500,2192490222,govindr66813798,govindraj,,"Congress: where do we find our allies?
NCP: Among our enemies, of course, where else?",en,[],[],[],0,1,2,[],[],https://twitter.com/govindr66813798/status/1197479463723732992,,,0,,Bangalore,,,,,,"{'user_id': None, 'username': None}",,,,
1197588646846586880,1197588646846586880,2019-11-21 12:52:38 CST,2019-11-21,12:52:38,-0500,796726410,ankitpansari_,Ankit Pansari,,"Who got this commercial?

Slack trying to create a #YOLO situation here.",en,[],[],[],0,0,4,['yolo'],[],https://twitter.com/ankitpansari_/status/1197588646846586880,,https://twitter.com/SlackHQ/status/1197530383463698432,0,,Bangalore,,,,,,"{'user_id': None, 'username': None}",,,,
1197601414261817344,1197601414261817344,2019-11-21 13:43:22 CST,2019-11-21,13:43:22,-0500,988782855789608960,ahmed65873333,Shaikh Hassan,,cmon guys bohat slow hai apna trend make it fast aaj bhi 500k karna hai aur haters ko muh ke bal girana hai ....sid the king of #BB13 #WeAreWithSidShukla,en,[],[],[],0,2,2,"['bb13', 'wearewithsidshukla']",[],https://twitter.com/ahmed65873333/status/1197601414261817344,,,0,,Bangalore,,,,,,"{'user_id': None, 'username': None}",,,,
1197487031565213696,1197487031565213696,2019-11-21 06:08:51 CST,2019-11-21,06:08:51,-0500,178247585,colkt,"Col A K Tiwari, VSM(retd)🇮🇳",,"Jay Smith. Interesting
Birth of Islam. What really happened! Fresh look.
https://t.co/Ar5HuMlw4l",en,[],['https://youtu.be/dKl3JkUoSx8'],[],0,3,2,[],[],https://twitter.com/colkt/status/1197487031565213696,,,0,,Bangalore,,,,,,"{'user_id': None, 'username': None}",,,,
1197508590593929217,1197508590593929217,2019-11-21 07:34:31 CST,2019-11-21,07:34:31,-0500,1156601350920085507,vira7771,Vira!,,"Dp updated!! 
#NewProfiIePic 
#DecadeForAarya2CDP",en,[],[],[],0,3,2,"['newprofiiepic', 'decadeforaarya2cdp']",[],https://twitter.com/Vira7771/status/1197508590593929217,,,0,,Bangalore,,,,,,"{'user_id': None, 'username': None}",,,,
1197428791427002375,1197428791427002375,2019-11-21 02:17:25 CST,2019-11-21,02:17:25,-0500,91753669,sudarshanraghav,Sudarshan Raghavan,,Your knowledge about cricket is debatable,en,[],[],[],0,0,3,[],[],https://twitter.com/sudarshanraghav/status/1197428791427002375,,https://twitter.com/usmanshah9/status/1197402560702775296,0,,Bangalore,,,,,,"{'user_id': None, 'username': None}",,,,
1197567840087367680,1197567840087367680,2019-11-21 11:29:57 CST,2019-11-21,11:29:57,-0500,3715672094,karmakarchaina,chaina Karmakar,"{'type': 'Point', 'coordinates': [12.971117, 77.597645]}","Everyone has got one very dominant emotion. Try to dig deeper and find out.
I had pain/grief from my teenage(after puberty), in between for few years very intense anger and my dominated my pain.
When I started… https://t.co/iLlNzDYSfC",en,[],['https://www.instagram.com/p/B5IsqOyHm22/?igshid=cs6f7fgp0vuo'],[],0,1,2,[],[],https://twitter.com/KarmakarChaina/status/1197567840087367680,,,0,,Bangalore,,,,,,"{'user_id': None, 'username': None}",,,,
1197544051433594880,1197544051433594880,2019-11-21 09:55:25 CST,2019-11-21,09:55:25,-0500,316304823,roughghosts,Joseph Schreiber,,"“She heard the flapping of wings. Bats. And then the rumble. An avalanche of mothballs. The closet. The one she had entered. From the other closet. Began to shudder.”

Inviting the Plague / Naveen Kishore https://t.co/iCy9UnQGaM",en,[],['http://ricjournal.com/2019/11/21/naveen-kishore-2/'],[],0,4,11,[],[],https://twitter.com/roughghosts/status/1197544051433594880,,,0,,Bangalore,,,,,,"{'user_id': None, 'username': None}",,,,
1197559677258612736,1197559677258612736,2019-11-21 10:57:31 CST,2019-11-21,10:57:31,-0500,990652116845940736,rao_lk,RAO V K LK,,Voters should have the right to recall the candidate if the elected candidates behave contrary to the pre Election promises and Ideology.,en,[],[],[],0,0,2,[],[],https://twitter.com/rao_lk/status/1197559677258612736,,https://twitter.com/TimesNow/status/1197460544246075393,0,,Bangalore,,,,,,"{'user_id': None, 'username': None}",,,,
1197572210744889344,1197572210744889344,2019-11-21 11:47:19 CST,2019-11-21,11:47:19,-0500,14992641,pentropy,Diwakar,,On twitter for this stuff 😅,en,[],[],[],0,0,4,[],[],https://twitter.com/Pentropy/status/1197572210744889344,,https://twitter.com/cassidoo/status/1197370155199684610,0,,Bangalore,,,,,,"{'user_id': None, 'username': None}",,,,
1197550421847314432,1197550421847314432,2019-11-21 10:20:44 CST,2019-11-21,10:20:44,-0500,19861118,vincentsunder,Vincent Sunder,,Karnataka demolish TN - big win as @im_manishpandey @klrahul11 shine #MushtaqAliT20,en,['im_manishpandey'],[],[],2,0,6,['mushtaqalit20'],[],https://twitter.com/vincentsunder/status/1197550421847314432,,,0,,Bangalore,,,,,,"{'user_id': None, 'username': None}",,,,
1197547716106043393,1197547716106043393,2019-11-21 10:09:59 CST,2019-11-21,10:09:59,-0500,1579551637,srivatsa224,Srivatsa Ramesh,,"Pandey and Rahul both gets their 50* 
#SyedMushtaqAliTrophy",en,[],[],[],0,0,3,['syedmushtaqalitrophy'],[],https://twitter.com/srivatsa224/status/1197547716106043393,,,0,,Bangalore,,,,,,"{'user_id': None, 'username': None}",,,,
1197545765716910080,1197545765716910080,2019-11-21 10:02:14 CST,2019-11-21,10:02:14,-0500,316304823,roughghosts,Joseph Schreiber,,I’ve spent a few months in India over the past two years and I have two culinary questions: Why so much Italian food? And what’s with all the waffle shops?,en,[],[],[],4,0,12,[],[],https://twitter.com/roughghosts/status/1197545765716910080,,,0,,Bangalore,,,,,,"{'user_id': None, 'username': None}",,,,
1197531922731278336,1197531922731278336,2019-11-21 09:07:14 CST,2019-11-21,09:07:14,-0500,128984274,singh_biswajeet,Biswajeet,,You can assess opposition by the fact that an agenda which can prove death nail to Govt is not even on their radar.,en,[],[],[],0,4,5,[],[],https://twitter.com/singh_biswajeet/status/1197531922731278336,,https://twitter.com/ABPNews/status/1197411703308222464,0,,Bangalore,,,,,,"{'user_id': None, 'username': None}",,,,
1197564633185341441,1197564633185341441,2019-11-21 11:17:12 CST,2019-11-21,11:17:12,-0500,799535074295316480,akshatha_bajpe,Akshatha Bajpe,,"Log on to our website for more details and updates on Mangaluru Lit Fest 2019📚✍️

https://t.co/ClLzTkgyjq

#MangaluruLitFest 
@mlrlitfest",en,['mlrlitfest'],['http://mlrlitfest.org/'],[],0,0,2,['mangalurulitfest'],[],https://twitter.com/Akshatha_Bajpe/status/1197564633185341441,,,0,,Bangalore,,,,,,"{'user_id': None, 'username': None}",,,,
1197631472686911489,1197631472686911489,2019-11-21 15:42:48 CST,2019-11-21,15:42:48,-0500,1706594738,i_udita,Udita Pal 🧂,,"Jesus Christ, first Aziz Ansari in US now Utsav in India, Fake #MeToo incidents will kill real stories.

This is so scary and sad, we really need to listen to two sides before judging.",en,[],[],[],1,0,9,['metoo'],[],https://twitter.com/i_Udita/status/1197631472686911489,,,0,,Bangalore,,,,,,"{'user_id': None, 'username': None}",,,,
1197571537185828864,1197571537185828864,2019-11-21 11:44:38 CST,2019-11-21,11:44:38,-0500,83558469,parasrishi,Paras Rishi,,"A Girl Of Her Lies - a saga of attention hungry woman who should be behind the bars for extortion, deceit and defamation. One false accusation by a woman who wanted to earn online fame and clout should not be an excuse to discredit or abuse the #MeTooIndia movement.",en,[],[],[],1,0,2,['metooindia'],[],https://twitter.com/parasrishi/status/1197571537185828864,,,0,,Bangalore,,,,,,"{'user_id': None, 'username': None}",,,,
1197567814703271937,1197567814703271937,2019-11-21 11:29:51 CST,2019-11-21,11:29:51,-0500,107448963,salilrav,Salil Ravindran,,NPCI's market share cap proposal for UPI-based payment firms put on hold https://t.co/R4SyjJGrgz,en,[],['https://entrackr.com/2019/11/npci-market-shares-cap-proposal-for-payment-firms-on-hold/'],[],0,0,2,[],[],https://twitter.com/salilrav/status/1197567814703271937,,,0,,Bangalore,,,,,,"{'user_id': None, 'username': None}",,,,
1197538138131853313,1197538138131853313,2019-11-21 09:31:55 CST,2019-11-21,09:31:55,-0500,374909976,sameie1,sam,,"Congress proposed women reservation might be a eye wash or will be diluted if implemented with out quota for bahujan women. Empowerment is real if it is implemented with quota.
@RahulGandhi
#AntiOBC_BJP",en,['rahulgandhi'],[],[],0,0,1,['antiobc_bjp'],[],https://twitter.com/sameie1/status/1197538138131853313,,,0,,Bangalore,,,,,,"{'user_id': None, 'username': None}",,,,
1197475669128531971,1197475669128531971,2019-11-21 05:23:42 CST,2019-11-21,05:23:42,-0500,223807107,madhukarmp,ಮಧುಕರ ಮತ್ತೂರು,,"This is nothing but moral policing. But for media, since they can't name the radicals it miscreants it those peaceful community hooligans, they are telling a man and woman are assaulted. The boy was beaten up by those people because he came to the spot with other Community girl.",en,[],[],[],0,2,4,[],[],https://twitter.com/madhukarmp/status/1197475669128531971,,https://twitter.com/ANI/status/1197426782850281472,0,,Bangalore,,,,,,"{'user_id': None, 'username': None}",,,,
1197477039151804417,1197477039151804417,2019-11-21 05:29:08 CST,2019-11-21,05:29:08,-0500,337220967,varakalyan,VaraKalyan M,,@BMTC_BENGALURU #BusPriorityLane Why does buses overtake each other even though there is priority lane. @WFRising,en,"['bmtc_bengaluru', 'wfrising']",[],[],0,4,5,['busprioritylane'],[],https://twitter.com/VaraKalyan/status/1197477039151804417,,,0,,Bangalore,,,,,,"{'user_id': '706710185977380869', 'username': 'BMTC_BENGALURU'}",,,,
1197539273014161413,1197539273014161413,2019-11-21 09:36:26 CST,2019-11-21,09:36:26,-0500,215571450,indrayanikadu,Ray,,"I’m going to consciously try and avoid ordering stuff online. 

But sometimes if I’ve to travel the same distance as the delivery person to go get the item AND if the item is much cheaper online, I reconsider it. 

Trying to find a middle ground-cheap AND sustainable 😶",en,[],[],[],1,0,5,[],[],https://twitter.com/IndrayaniKadu/status/1197539273014161413,,,0,,Bangalore,,,,,,"{'user_id': None, 'username': None}",,,,
1197524212124192770,1197524212124192770,2019-11-21 08:36:35 CST,2019-11-21,08:36:35,-0500,2852471473,prshakur,Prince Shakur 👑,,At this event at the French consulate in bengaluru and drinking free wine. Are my days of anarchism over?,en,[],[],[],3,0,5,[],[],https://twitter.com/prshakur/status/1197524212124192770,,,0,,Bangalore,,,,,,"{'user_id': None, 'username': None}",,,,
1197624004858671104,1197624004858671104,2019-11-21 15:13:08 CST,2019-11-21,15:13:08,-0500,1706594738,i_udita,Udita Pal 🧂,,Start Up Idea: An app which can detect and report every personal transaction a founder is doing from company's credit card and deducting 25K INR fine Everytime they don't pay back.,en,[],[],[],1,0,6,[],[],https://twitter.com/i_Udita/status/1197624004858671104,,,0,,Bangalore,,,,,,"{'user_id': None, 'username': None}",,,,
1197585183177760770,1197585183177760770,2019-11-21 12:38:52 CST,2019-11-21,12:38:52,-0500,98105627,kamalenkadhalan,Omicron Theta Sapien 🔴⚪,,"@ikamalhaasan will you Kindly Frickin take care of ur health? Pleaseeee😒😒 Welfare of TN is not more important than ur health!
Thala..... Will be waiting to see u regain your fullest potential and bounce back in action  #GetWellSoonKAMALSir",en,['ikamalhaasan'],[],[],1,4,10,['getwellsoonkamalsir'],[],https://twitter.com/KamalEnKadhalan/status/1197585183177760770,,,0,,Bangalore,,,,,,"{'user_id': '4628602041', 'username': 'ikamalhaasan'}",,,,
1197529645106827266,1197529645106827266,2019-11-21 08:58:11 CST,2019-11-21,08:58:11,-0500,50618483,bhargirao,bhargavi/ಭಾರ್ಗವಿ,,Why the world is running out of sand https://t.co/DworLEZo9o via @BBC_Future @leofsaldanha @NityJayaraman @piyushmanush @dhanyarajendran,en,"['bbc_future', 'leofsaldanha', 'nityjayaraman', 'piyushmanush', 'dhanyarajendran']",['https://www.bbc.com/future/article/20191108-why-the-world-is-running-out-of-sand?ocid=ww.social.link.twitter'],[],0,1,2,[],[],https://twitter.com/bhargirao/status/1197529645106827266,,,0,,Bangalore,,,,,,"{'user_id': None, 'username': None}",,,,
1197477536151662592,1197477536151662592,2019-11-21 05:31:07 CST,2019-11-21,05:31:07,-0500,42382372,tech2eets,Tech2,,Cars like this can go 250km and beyond on a single litre of fuel. Check out @Shell_India’s prototype. They even let @tburman drive it! https://t.co/1LJZS3fGu6 #shellecomarathon #makethefuture,en,"['shell_india', 'tburman']",['https://www.instagram.com/tv/B5H893PA8Vl/?igshid=xqvslrjaliga'],[],0,1,3,"['shellecomarathon', 'makethefuture']",[],https://twitter.com/tech2eets/status/1197477536151662592,,,0,,Bangalore,,,,,,"{'user_id': None, 'username': None}",,,,
1197546376734756864,1197519919530668032,2019-11-21 10:04:40 CST,2019-11-21,10:04:40,-0500,901209928689479680,bluside_xo,ila is slow•🏴‍☠️,,@vanilataehyungg Malayalis! we suggest porotta and beef!😂,en,[],[],[],1,1,2,[],[],https://twitter.com/BluSide_xo/status/1197546376734756864,,,0,,Bangalore,,,,,,"{'user_id': None, 'username': None}",,,,
1197586687037042689,1197586687037042689,2019-11-21 12:44:50 CST,2019-11-21,12:44:50,-0500,228420453,vishweshwarbhat,Vishweshwar Bhat,,Nithyananda has fled the country: Gujarat police https://t.co/nyRw6VsXXU via @timesofindia,en,['timesofindia'],['http://toi.in/wtVUeY/a24gj'],[],4,2,13,[],[],https://twitter.com/VishweshwarBhat/status/1197586687037042689,,,0,,Bangalore,,,,,,"{'user_id': None, 'username': None}",,,,
1197496214142324736,1197426806673920000,2019-11-21 06:45:20 CST,2019-11-21,06:45:20,-0500,272503721,macharajarao,M. S. Srinivasa Rao,,"@madhukishwar @oldkrish @BJP4India He is not a joker. 
He was ENRAGED at the false narration of Kashmir issue by PAK representative making unfounded allegations against India which he INTERRUPTED.",en,"['madhukishwar', 'bjp4india']",[],[],2,3,6,[],[],https://twitter.com/macharajarao/status/1197496214142324736,,,0,,Bangalore,,,,,,"{'user_id': '258283931', 'username': 'madhukishwar'}",,,,
1197571412434681856,1197508642808848388,2019-11-21 11:44:09 CST,2019-11-21,11:44:09,-0500,881867233,khadz4,Khadija Shabbir,,@iAlbMedina @james_ozzie @omnistyles @felixarntz Thanks for useful information and been such an amazing speaker :),en,"['ialbmedina', 'james_ozzie', 'omnistyles', 'felixarntz']",[],[],0,1,3,[],[],https://twitter.com/khadz4/status/1197571412434681856,,,0,,Bangalore,,,,,,"{'user_id': '466927148', 'username': 'iAlbMedina'}",,,,
1197589281708969986,1197584593924194304,2019-11-21 12:55:09 CST,2019-11-21,12:55:09,-0500,259598436,gokulgaze,Gokul Alex,,@LunarCRUSH @LilMoonLambo @StackingUSD @MikeWise07 @auditmeplease @UltraXBT @AltcoinSherpa @Algorand @kaisercrypto @CryptoNewton @CryptoBoss1984 @Algo_Capital @stevekokinos @Brad_Laurie @wsford @silviomicali @KeliCallaghan Thank you @LunarCRUSH for recognising our efforts for #AlgorandEcosystem. It’s an honour to be an evangelist for #Algorand. Exciting times for borderless economy powered by pure proof of stake !!,en,"['lunarcrush', 'lilmoonlambo', 'stackingusd', 'mikewise07', 'auditmeplease', 'ultraxbt', 'altcoinsherpa', 'algorand', 'kaisercrypto', 'cryptonewton', 'cryptoboss1984', 'algo_capital', 'stevekokinos', 'brad_laurie', 'wsford', 'silviomicali', 'kelicallaghan', 'lunarcrush']",[],[],1,0,6,"['algorandecosystem', 'algorand']",[],https://twitter.com/gokulgaze/status/1197589281708969986,,,0,,Bangalore,,,,,,"{'user_id': '988992203568562176', 'username': 'LunarCrush'}",,,,
1197473680604815361,1197454680973955074,2019-11-21 05:15:48 CST,2019-11-21,05:15:48,-0500,33465766,satishbrain,BrainAndSpineDoctor,,@RemaNagarajan This system is tailor made for private medical college owners.. rich kid low score combo is more palatable than poor kid high score combo...when system is so conducive to private medical college lobby why do you need a regulatory authority?...@AnantBhan @SKThakur56,en,"['remanagarajan', 'anantbhan', 'skthakur56']",[],[],0,3,4,[],[],https://twitter.com/satishbrain/status/1197473680604815361,,,0,,Bangalore,,,,,,"{'user_id': '482150288', 'username': 'RemaNagarajan'}",,,,
1197575548727218176,1197108890749456385,2019-11-21 12:00:35 CST,2019-11-21,12:00:35,-0500,1089535340019412992,belathurrising,Belathur Rising,,@AbhilashM_BLR @PCMohanMP @RailMinIndia @PiyushGoyal @BSYBJP @SureshAngadi_ @rajeev_mp @ArvindLBJP @RAshokaBJP @nimmasuresh @unitedbengaluru @bengalurutrains @BlrSuburbanRail @WFRising @BJP4Karnataka @drmsbc @SWRRLY @dyamannavar This is so basic. Request @PCMohanMP sir to see real needs for improving mass transportation in Bangalore. #WhitefieldRailwayStation needs real make over.@citizensforblr #chukubukubeku,en,"['abhilashm_blr', 'pcmohanmp', 'railminindia', 'piyushgoyal', 'bsybjp', 'rajeev_mp', 'arvindlbjp', 'rashokabjp', 'nimmasuresh', 'unitedbengaluru', 'bengalurutrains', 'wfrising', 'bjp4karnataka', 'drmsbc', 'swrrly', 'dyamannavar', 'pcmohanmp', 'citizensforblr']",[],[],0,1,2,"['whitefieldrailwaystation', 'chukubukubeku']",[],https://twitter.com/BelathurRising/status/1197575548727218176,,,0,,Bangalore,,,,,,"{'user_id': '3002445445', 'username': 'AbhilashM_BLR'}",,,,
1197566681695932417,1197546539771498496,2019-11-21 11:25:21 CST,2019-11-21,11:25:21,-0500,928594115142365184,carmelaramunite,carmelaramunites,,"@Shashi93086151 Thank god, again they should not dig for 2 years at least. And hope the quality is good to survive for 2 months at least.",en,['shashi93086151'],[],[],0,2,3,[],[],https://twitter.com/carmelaramunite/status/1197566681695932417,,,0,,Bangalore,,,,,,"{'user_id': '864329210885804033', 'username': 'Shashi93086151'}",,,,
1197574490080735232,1192722443980484608,2019-11-21 11:56:22 CST,2019-11-21,11:56:22,-0500,219121192,car1066,Catherine A Robinson,,@SCSManchester Great to talk to NIMHAN’s researchers about potential collaboration with @SCSManchester @IHPO_Manchester @SASHI_Research and the bag cake too.,en,"['scsmanchester', 'scsmanchester', 'ihpo_manchester', 'sashi_research']",[],[],0,1,6,[],[],https://twitter.com/CAR1066/status/1197574490080735232,,,0,,Bangalore,,,,,,"{'user_id': '1617292632', 'username': 'SCSManchester'}",,,,
1197532572659654658,1197459018899439616,2019-11-21 09:09:49 CST,2019-11-21,09:09:49,-0500,310217811,ghoshkk,kamal ghosh,,@ANINewsUP She was elected MP by the popular vote of monkeys.,en,['aninewsup'],[],[],1,0,5,[],[],https://twitter.com/ghoshkk/status/1197532572659654658,,,0,,Bangalore,,,,,,"{'user_id': '706709499856334848', 'username': 'ANINewsUP'}",,,,
1197569929366556672,1197473621892984832,2019-11-21 11:38:15 CST,2019-11-21,11:38:15,-0500,21069044,vikalpsahni,vikalp sahni,,@bapnaa @project_wren Do watch “the game changers” on Netflix. Next time at the bar Only #plantbaseddiet for us 😊. Let me do my bit. 😬,en,"['bapnaa', 'project_wren']",[],[],0,0,3,['plantbaseddiet'],[],https://twitter.com/vikalpsahni/status/1197569929366556672,,,0,,Bangalore,,,,,,"{'user_id': '153386641', 'username': 'bapnaa'}",,,,
1197632286344114176,1197589469563518976,2019-11-21 15:46:02 CST,2019-11-21,15:46:02,-0500,1706594738,i_udita,Udita Pal 🧂,,@DeepikaBhardwaj @Wootsaw Reminds me of Aziz Ansari case. Woman anonymously ruined someone's career and awards :/,en,"['deepikabhardwaj', 'wootsaw']",[],[],1,1,10,[],[],https://twitter.com/i_Udita/status/1197632286344114176,,,0,,Bangalore,,,,,,"{'user_id': '50243741', 'username': 'DeepikaBhardwaj'}",,,,
1197499348885458945,1197433116668891137,2019-11-21 06:57:47 CST,2019-11-21,06:57:47,-0500,1190320897522946048,theveganmisfit,The Vegan Misfit,,@ReneeTranter @agargmd My heart felt lighter some how after reading this. If I see a calf taken away from its mother I feel like my sons being torn away from me. I've tried to become docile for the sake of being socially acceptable but that's just the outside. My soul still hurts and angers the same.,en,['agargmd'],[],[],1,0,10,[],[],https://twitter.com/theveganmisfit/status/1197499348885458945,,,0,,Bangalore,,,,,,"{'user_id': '996941618312896513', 'username': 'ReneeSolana'}",,,,
1197535008401084417,1197535008401084417,2019-11-21 09:19:29 CST,2019-11-21,09:19:29,-0500,1153595700996784129,srinivaskit,Srinivas k,,@Karmika_Sahaya @mani1972ias igniting young &amp; curious minds with science through mobile lab-a laudable effort leads to far reaching benefits,en,"['karmika_sahaya', 'mani1972ias']",[],[],0,0,3,[],[],https://twitter.com/SrinivasKit/status/1197535008401084417,,https://twitter.com/anandmahindra/status/1197427597811961856,0,,Bangalore,,,,,,"{'user_id': '1190310983673110529', 'username': 'Karmika_Sahaya'}",,,,
1197535786872299520,1197533530257076226,2019-11-21 09:22:35 CST,2019-11-21,09:22:35,-0500,272503721,macharajarao,M. S. Srinivasa Rao,,"@vinod_sharma We don't ask such silly and stupid questions and make ourselves a laughing stock like you are!!!
All those items were on our agenda as well as in the Manifesto of BJP. 
BJP won with a majority. It is implementing its programme and  the promises made to us. 
We are happy",en,['vinod_sharma'],[],[],0,1,2,[],[],https://twitter.com/macharajarao/status/1197535786872299520,,,0,,Bangalore,,,,,,"{'user_id': '15595632', 'username': 'vinod_sharma'}",,,,
1197512143576289281,1196626789180723200,2019-11-21 07:48:38 CST,2019-11-21,07:48:38,-0500,1183661467930783744,deputybng,Deputy Director Of Factories-2 Bng (Hoskote&Kolar),,@chethangp_93 @Losubdvn2bng @mani1972ias @DeputyBng this is democracy officer meant and serve for people captain sir one among them we also required to cultivate the same,en,"['chethangp_93', 'mani1972ias', 'deputybng']",[],[],0,1,6,[],[],https://twitter.com/DeputyBng/status/1197512143576289281,,,0,,Bangalore,,,,,,"{'user_id': '2905799743', 'username': 'chethangp_93'}",,,,
1197506493043494912,1197504312764710913,2019-11-21 07:26:11 CST,2019-11-21,07:26:11,-0500,615913561,nitesh_chandora,Nitesh Chandora,,"@andybudd Thanks for sharing @andybudd, one big learning from the article: 
“There is no need to run all the time. I know what to do and I wait for my moment.” — Lionel Messi",en,"['andybudd', 'andybudd']",[],[],0,0,2,[],[],https://twitter.com/Nitesh_Chandora/status/1197506493043494912,,,0,,Bangalore,,,,,,"{'user_id': '60033', 'username': 'andybudd'}",,,,
1197549747172605954,1197536049322496002,2019-11-21 10:18:03 CST,2019-11-21,10:18:03,-0500,230113966,bhushansz,Naidu - Bhushan,,@deepika_Dhoni7 @ANI Don’t worry all the investigations will end up in front of JAGAN only ..,en,['ani'],[],[],0,0,2,[],[],https://twitter.com/Bhushansz/status/1197549747172605954,,,0,,Bangalore,,,,,,"{'user_id': '3165187692', 'username': 'Deepika_NCBN'}",,,,
1197547064462196736,1196897214615998466,2019-11-21 10:07:24 CST,2019-11-21,10:07:24,-0500,2195961672,shivaharshm,Shivaharsh Murugan,,"@ryanwashere @RobbieRichMktg @Kevin_Indig @G2dotcom Tbh I never heard the term ""chei rank"". Keven is the guy when it comes to interlinking optimization.",en,"['ryanwashere', 'robbierichmktg', 'kevin_indig', 'g2dotcom']",[],[],1,0,2,[],[],https://twitter.com/ShivaharshM/status/1197547064462196736,,,0,,Bangalore,,,,,,"{'user_id': '100283347', 'username': 'ryanwashere'}",,,,
1197537308544778240,1197532811705630721,2019-11-21 09:28:38 CST,2019-11-21,09:28:38,-0500,87922729,kondagulikdl,ಬಸವ | Basava ⏩ ಭೀಮ | Bheem,,"Rail - the above mentioned has to realised.
Air - airport shall happen at the earliest.
4. Irrigation - full utilisation of right channel of UKP (Upper Krishna Project) and @MBPatil's dream project of tank filling 
5. Tourism - Shahi, Chalukya and Basava corridor",en,['mbpatil'],[],[],1,0,4,[],[],https://twitter.com/KondaguliKDL/status/1197537308544778240,,,0,,Bangalore,,,,,,"{'user_id': '87922729', 'username': 'KondaguliKDL'}",,,,
1197537311468195841,1197532811705630721,2019-11-21 09:28:38 CST,2019-11-21,09:28:38,-0500,87922729,kondagulikdl,ಬಸವ | Basava ⏩ ಭೀಮ | Bheem,,"5. Commerce - Agreeculture supply chain, bring textile (Ilkal saaree) 
6. Culture - food culture promotion (Umadi and Jyoti are examples), 
7. Politics - participation beyond Patils 😜",en,[],[],[],0,0,3,[],[],https://twitter.com/KondaguliKDL/status/1197537311468195841,,,0,,Bangalore,,,,,,"{'user_id': '87922729', 'username': 'KondaguliKDL'}",,,,
1197584741836312576,1197559230082899968,2019-11-21 12:37:07 CST,2019-11-21,12:37:07,-0500,23178120,sudyspeaks,Sudeep Shenoy,,@AmalJoh42229995 @kbfc_manjappada @KeralaBlasters @IndSuperLeague @IncomeTaxGovIndia @homeministryIN Time for a raid 😝😂,en,"['amaljoh42229995', 'kbfc_manjappada', 'keralablasters', 'indsuperleague']",[],[],0,1,13,[],[],https://twitter.com/sudyspeaks/status/1197584741836312576,,,0,,Bangalore,,,,,,"{'user_id': '1191185201872982017', 'username': 'AmalJoh42229995'}",,,,
1197662959029252097,1197656788000112641,2019-11-21 17:47:55 CST,2019-11-21,17:47:55,-0500,2286417703,blrrocks,ತರ್ಲೆ 𝗧𝗵𝗶𝗺𝗺𝗮,,"@D_Roopa_IPS Fortunately, I don't have to buy.
However, I'll be happy to share articles around this...
I'm sure you too might have read it...",en,['d_roopa_ips'],[],[],1,0,4,[],[],https://twitter.com/BLRrocKS/status/1197662959029252097,,,0,,Bangalore,,,,,,"{'user_id': '734751240047853568', 'username': 'D_Roopa_IPS'}",,,,
1197657501971312641,1197656788000112641,2019-11-21 17:26:14 CST,2019-11-21,17:26:14,-0500,2286417703,blrrocks,ತರ್ಲೆ 𝗧𝗵𝗶𝗺𝗺𝗮,,"@D_Roopa_IPS Madam, probably you didn't suffer... We did during aadhar registration..
Moreover, the ground workers are clueless..
People today can buy aadhar for Rs 500.
Aren't we smart enough to eye wink the NRC 😊
think maadi",en,['d_roopa_ips'],[],[],1,0,2,[],[],https://twitter.com/BLRrocKS/status/1197657501971312641,,,0,,Bangalore,,,,,,"{'user_id': '734751240047853568', 'username': 'D_Roopa_IPS'}",,,,
