id,conversation_id,created_at,date,time,timezone,user_id,username,name,place,tweet,language,mentions,urls,photos,replies_count,retweets_count,likes_count,hashtags,cashtags,link,retweet,quote_url,video,thumbnail,near,geo,source,user_rt_id,user_rt,retweet_id,reply_to,retweet_date,translate,trans_src,trans_dest
1088023799981883393,1088023799981883393,2019-01-23 04:41:03 CST,2019-01-23,04:41:03,-0500,2277402223,supriya_sule,Supriya Sule,,With My Buddy Priyanka Chaturvedi (@priyankac19) in #Bangalore https://t.co/Wk8TgKMdyz,en,['priyankac19'],[],['https://pbs.twimg.com/media/Dxlv3wLXgAEV6qf.jpg'],38,155,1417,['bangalore'],[],https://twitter.com/supriya_sule/status/1088023799981883393,,,1,https://pbs.twimg.com/media/Dxlv3wLXgAEV6qf.jpg,Bangalore,,,,,,"{'user_id': None, 'username': None}",,,,
1088105326988079110,1088105326988079110,2019-01-23 10:05:00 CST,2019-01-23,10:05:00,-0500,923184285275734016,aipcblrnorth,AIPC Bangalore North,,"If hypocrisy has a face, it looks like @BJP4India.
#BJPHypocrisy #BJPLies https://t.co/NQQr0S3sOU",en,['bjp4india'],[],['https://pbs.twimg.com/media/Dxm6BcBVsAAYLd-.jpg'],0,25,42,"['bjphypocrisy', 'bjplies']",[],https://twitter.com/AIPCBlrNorth/status/1088105326988079110,,,1,https://pbs.twimg.com/media/Dxm6BcBVsAAYLd-.jpg,Bangalore,,,,,,"{'user_id': None, 'username': None}",,,,
1088066448491204608,1088066448491204608,2019-01-23 07:30:31 CST,2019-01-23,07:30:31,-0500,277932781,gulaaabi,Dr. Vidhyaa Dayanandh,,Some nitrogen infused Chaat itseems #Rocksalt https://t.co/xYXfqbx1xV,en,[],[],[],2,1,11,['rocksalt'],[],https://twitter.com/Gulaaabi/status/1088066448491204608,,,1,https://pbs.twimg.com/ext_tw_video_thumb/1088064567794642945/pu/img/g-DiX8DYRMBSX78s.jpg,Bangalore,,,,,,"{'user_id': None, 'username': None}",,,,
1088055323615784962,1088055323615784962,2019-01-23 06:46:18 CST,2019-01-23,06:46:18,-0500,2882927941,duvarab,பில்லாபாலாஜி,,"#Viswasam is the first movie which i watched four times in theatre &amp; I watched yennaiarindhaal thrice three years back!
•FDFS
•Sunday matinee
•pongal day with family
•finally at Bangalore with bro's

Waiting for 25/50th day celebration at madurai 😎 @AjithFC_Mdu
#AdchiThooku https://t.co/WZO3Pe9MjU",en,['ajithfc_mdu'],[],['https://pbs.twimg.com/media/DxmMiSdWkAAuzpp.jpg'],1,68,332,"['viswasam', 'adchithooku']",[],https://twitter.com/DuvaraB/status/1088055323615784962,,,1,https://pbs.twimg.com/media/DxmMiSdWkAAuzpp.jpg,Bangalore,,,,,,"{'user_id': None, 'username': None}",,,,
1088109744324251648,1088109744324251648,2019-01-23 10:22:33 CST,2019-01-23,10:22:33,-0500,799535074295316480,akshatha_bajpe,Akshatha Bajpe,,"50years back #ShivakumaraSwamiji stated this about #Nation.. Please read and share
#namobharath #MoodOfTheNation #BharatKiBaat #IndiaFirst 
50 ವರ್ಷಗಳ‌ಹಿಂದೆ #ಶಿವಕುಮಾರ_ಸ್ವಾಮೀಜಿಯವರು ಆಡಿದ ಮಾತುಗಳು..... https://t.co/5nPMA9zkZp",en,[],[],['https://pbs.twimg.com/media/Dxm-B--X0AAneJz.jpg'],3,16,50,"['shivakumaraswamiji', 'nation', 'namobharath', 'moodofthenation', 'bharatkibaat', 'indiafirst', 'ಶಿವಕುಮಾರ_ಸ್ವಾಮೀಜಿಯವರು']",[],https://twitter.com/Akshatha_Bajpe/status/1088109744324251648,,,1,https://pbs.twimg.com/media/Dxm-B--X0AAneJz.jpg,Bangalore,,,,,,"{'user_id': None, 'username': None}",,,,
1088142744617246721,1088142744617246721,2019-01-23 12:33:41 CST,2019-01-23,12:33:41,-0500,549109873,cricbc,cricBC,,India's ODI unit is a juggernaut. Anything less than a World Cup final finish in 2019 will qualify as an upset.,en,[],[],[],10,26,139,[],[],https://twitter.com/cricBC/status/1088142744617246721,,,0,,Bangalore,,,,,,"{'user_id': None, 'username': None}",,,,
1088126714343903232,1088126714343903232,2019-01-23 11:29:59 CST,2019-01-23,11:29:59,-0500,985735171587522560,__deepuvarma,Pradeep,,"Everybody knows my fav actor is Prabhas we will hangout each other
. bcoz i know him before cinema  industry after we worked together then we'r very close. our friendship is going on past 16yrs!❤️ - @YoursGopichand https://t.co/XUevUyvWAq",en,['yoursgopichand'],[],[],0,30,110,[],[],https://twitter.com/__deepuVARMA/status/1088126714343903232,,,1,https://pbs.twimg.com/ext_tw_video_thumb/1088126363934941184/pu/img/2BjKK5qOrFTbCKRl.jpg,Bangalore,,,,,,"{'user_id': None, 'username': None}",,,,
1088030582020304896,1088030582020304896,2019-01-23 05:08:00 CST,2019-01-23,05:08:00,-0500,74787719,manukumarjain,Manu Kumar Jain,,"Salute to #NetajiSubhasChandraBose on his birth anniversary. 🙏

A true leader who made an unparalleled contribution to India's fight for independence. His undying love for the country will be an example for generations to follow.

#India 🇮🇳 #FreedomFighter #Freedom #Independence https://t.co/AuvyTjj1Zx",en,[],[],['https://pbs.twimg.com/media/Dxl2ChuUUAEvEX4.jpg'],14,77,961,"['netajisubhaschandrabose', 'india', 'freedomfighter', 'freedom', 'independence']",[],https://twitter.com/manukumarjain/status/1088030582020304896,,,1,https://pbs.twimg.com/media/Dxl2ChuUUAEvEX4.jpg,Bangalore,,,,,,"{'user_id': None, 'username': None}",,,,
1088102456159072256,1088102456159072256,2019-01-23 09:53:36 CST,2019-01-23,09:53:36,-0500,343464347,vasanthihari,Vasanthi Hariprakash,,"Debating a woman's entry in  politics, is the mother.. father of all manels. 
#PriyankaInPolitics #UP #NetaPriyankaGandhi @INCIndia @republic @NWM_India https://t.co/jWq9zsbC3I",en,"['incindia', 'republic', 'nwm_india']",[],['https://pbs.twimg.com/media/Dxm3WEWX4AAJW1g.jpg'],14,64,211,"['priyankainpolitics', 'up', 'netapriyankagandhi']",[],https://twitter.com/vasanthihari/status/1088102456159072256,,,1,https://pbs.twimg.com/media/Dxm3WEWX4AAJW1g.jpg,Bangalore,,,,,,"{'user_id': None, 'username': None}",,,,
1088029824030072833,1088029824030072833,2019-01-23 05:04:59 CST,2019-01-23,05:04:59,-0500,905128066925551617,halappamurali,Muralidhar Halappa,,"We congratulate Smt. Priyanka Gandhi Vadra on taking charge of Uttar Pradesh (E) as AICC General Secretary.

Muralidhar Halappa https://t.co/PbuxIa3znY",en,[],[],['https://pbs.twimg.com/media/Dxl1T3HX4AELv68.jpg'],0,4,7,[],[],https://twitter.com/HalappaMurali/status/1088029824030072833,,,1,https://pbs.twimg.com/media/Dxl1T3HX4AELv68.jpg,Bangalore,,,,,,"{'user_id': None, 'username': None}",,,,
1088079206074986496,1088079206074986496,2019-01-23 08:21:12 CST,2019-01-23,08:21:12,-0500,885099121945825280,ajith_777777,Ajith,,"#Thala 😍😍😍😍😍😍😍😍😍😍😍😘😘😘😘😘😘😘😍😍😍😍😍😍😍😍😍😍😍😍😍😍😍😍😍😍😍😍😍😍😍😍😍😍😍😍😍😍😍😍😍😍😍😍😍😍😍😍

Mass = class = charming = lovely = #Thala

#AjithKumar

#AdchiThooku #AdchithookuVideoSong #Ajith #Thala #AdchithookuVideoSong https://t.co/HVGv6blcr4",en,[],[],['https://pbs.twimg.com/media/DxmiQhPW0AAsdHS.jpg'],0,1,7,"['thala', 'thala', 'ajithkumar', 'adchithooku', 'adchithookuvideosong', 'ajith', 'thala', 'adchithookuvideosong']",[],https://twitter.com/Ajith_777777/status/1088079206074986496,,,1,https://pbs.twimg.com/media/DxmiQhPW0AAsdHS.jpg,Bangalore,,,,,,"{'user_id': None, 'username': None}",,,,
1088146625061478401,1088146625061478401,2019-01-23 12:49:06 CST,2019-01-23,12:49:06,-0500,190602618,sritiholics,Sriti Jha FC,,"💙❤ 
#sritijha #pragya #kumkumbhagya #iniyairumalargal #loncengcinta #twistoffate #alegedragostea #ahkalbim #kkb #sriti #titu #sritiholics 
#maanvigagroo 

#Repost @sritianne
@maanvigagroo my forever and my best 
#4moreshotsplease is absolutely the best show ever. https://t.co/LtZ9hq2bCZ",en,"['sritianne', 'maanvigagroo']",[],['https://pbs.twimg.com/media/Dxnfi9KVsAAMO_g.jpg'],1,6,22,"['sritijha', 'pragya', 'kumkumbhagya', 'iniyairumalargal', 'loncengcinta', 'twistoffate', 'alegedragostea', 'ahkalbim', 'kkb', 'sriti', 'titu', 'sritiholics', 'maanvigagroo', 'repost', '4moreshotsplease']",[],https://twitter.com/sritiholics/status/1088146625061478401,,,1,https://pbs.twimg.com/media/Dxnfi9KVsAAMO_g.jpg,Bangalore,,,,,,"{'user_id': None, 'username': None}",,,,
1088057235261992961,1088057235261992961,2019-01-23 06:53:54 CST,2019-01-23,06:53:54,-0500,860078874763431936,avenue11com,Avenue11,,"#FoodsOfIndia
#Avenue11 is going back to the roots! We are exploring the different cuisines of India from the eyes of our grandmothers. 

Over the next few days, we will be sharing little-known recipes given to us by a few masterchef grandmothers. Stay tuned to find out! https://t.co/RUMrEwzKNK",en,[],[],[],0,1,3,"['foodsofindia', 'avenue11']",[],https://twitter.com/avenue11com/status/1088057235261992961,,,1,https://pbs.twimg.com/ext_tw_video_thumb/1088056712857153536/pu/img/vy1QpKvSIysZrZcc.jpg,Bangalore,,,,,,"{'user_id': None, 'username': None}",,,,
1088099517856018433,1088099517856018433,2019-01-23 09:41:55 CST,2019-01-23,09:41:55,-0500,446085871,vivekvansal,VivekVansal,,Attended All India Prajna Yoga teachers meet at @BangaloreAshram in gracious presence of Gurudev @SriSri https://t.co/LCeAZ93w9s,en,"['bangaloreashram', 'srisri']",[],['https://pbs.twimg.com/media/Dxm0jedU8AANijW.jpg'],2,8,51,[],[],https://twitter.com/VivekVansal/status/1088099517856018433,,,1,https://pbs.twimg.com/media/Dxm0jedU8AANijW.jpg,Bangalore,,,,,,"{'user_id': None, 'username': None}",,,,
1088104600064921600,1088104600064921600,2019-01-23 10:02:07 CST,2019-01-23,10:02:07,-0500,306824900,deephat60,Pradeep Hattangadi 🇮🇳,,Just WOW!!. Fantastic,en,[],[],[],0,4,7,[],[],https://twitter.com/Deephat60/status/1088104600064921600,,https://twitter.com/HLKodo/status/1087707170974494720,0,,Bangalore,,,,,,"{'user_id': None, 'username': None}",,,,
1088098426925998080,1088098426925998080,2019-01-23 09:37:35 CST,2019-01-23,09:37:35,-0500,2408378316,geethaamritham,BhagavadGeethaamrith,,"Here is the Self, the same in all which is without grief &amp; grieflessness. Here is the Supreme, without happiness &amp; sorrow. The supreme Truth is devoid of teacher &amp; disciple. Why dost thou, who art the identity in all, grieve in thy heart?-#AvadhootaGita-5.28 https://t.co/MMfgQEDBAk",en,[],[],['https://pbs.twimg.com/media/DxmzvyxVsAEFrSj.jpg'],0,2,3,['avadhootagita'],[],https://twitter.com/Geethaamritham/status/1088098426925998080,,,1,https://pbs.twimg.com/media/DxmzvyxVsAEFrSj.jpg,Bangalore,,,,,,"{'user_id': None, 'username': None}",,,,
1088080224657522688,1088080224657522688,2019-01-23 08:25:15 CST,2019-01-23,08:25:15,-0500,2784189445,yuktix,Yuktix Technologies,,"Day 1st at @ICAR_IIHR Horticulture Fair 2019. We presented our products for both pre (solar powered weather station and Greensense)  and post harvest (Coldsense).
#AgriTech #smartsensing #sensors 
#DataScience #weather #agriculture #startup #AI https://t.co/99mgdMjSpv",en,['icar_iihr'],[],"['https://pbs.twimg.com/media/DxmjKVTX4AEQLXC.jpg', 'https://pbs.twimg.com/media/DxmjLuUXcAEqwvA.jpg']",1,1,4,"['agritech', 'smartsensing', 'sensors', 'datascience', 'weather', 'agriculture', 'startup', 'ai']",[],https://twitter.com/yuktix/status/1088080224657522688,,,1,https://pbs.twimg.com/media/DxmjKVTX4AEQLXC.jpg,Bangalore,,,,,,"{'user_id': None, 'username': None}",,,,
1088116040712757250,1088116040712757250,2019-01-23 10:47:34 CST,2019-01-23,10:47:34,-0500,175076092,vaibhavchugh,Vaibhav Chugh,,Kya baat ... super #Bhangra moves too 👌👌👌,en,[],[],[],0,4,12,['bhangra'],[],https://twitter.com/vaibhavchugh/status/1088116040712757250,,https://twitter.com/connectgurmeet/status/1088114699374219264,0,,Bangalore,,,,,,"{'user_id': None, 'username': None}",,,,
1088062516167503872,1088062516167503872,2019-01-23 07:14:53 CST,2019-01-23,07:14:53,-0500,101192826,team_desh,DESH,,You seat is still empty my dear warrior king. Please come back and fill it up Netaji. We are waiting for you. India is incomplete without you . Happy birthday beloved Netaji. https://t.co/ig4bsi8mS7,en,[],[],"['https://pbs.twimg.com/media/DxmTFCdU0AAsJPP.jpg', 'https://pbs.twimg.com/media/DxmTFlwVYAc8Ojp.jpg', 'https://pbs.twimg.com/media/DxmTFyoUcAEZw0Z.jpg']",3,3,7,[],[],https://twitter.com/TEAM_DESH/status/1088062516167503872,,,1,https://pbs.twimg.com/media/DxmTFCdU0AAsJPP.jpg,Bangalore,,,,,,"{'user_id': None, 'username': None}",,,,
1088039404919111680,1088039404919111680,2019-01-23 05:43:03 CST,2019-01-23,05:43:03,-0500,74787719,manukumarjain,Manu Kumar Jain,,"WHOA!!! 😮

Check out this concept phone from Xiaomi! 😇

Our President and Co-founder @binlin_xiaomi having fun testing this prototype #FoldingSmartphone",en,['binlin_xiaomi'],[],[],24,61,518,['foldingsmartphone'],[],https://twitter.com/manukumarjain/status/1088039404919111680,,https://twitter.com/XiangW_/status/1087965485809963008,0,,Bangalore,,,,,,"{'user_id': None, 'username': None}",,,,
1088080539872047104,1088080539872047104,2019-01-23 08:26:30 CST,2019-01-23,08:26:30,-0500,2255419352,plus530,plus530,,".@Keysight_UK launches its new #InfiniVision 1000 X-Series of #Oscilloscope 

 #Keysight #TechDay #KeysightTechDay #Bengaluru @VivantaHotels https://t.co/6RwlcuzCpa",en,"['keysight_uk', 'vivantahotels']",[],"['https://pbs.twimg.com/media/DxmjcuDW0AAKXuL.jpg', 'https://pbs.twimg.com/media/DxmjeE_XgAAVaL2.jpg']",0,0,3,"['infinivision', 'oscilloscope', 'keysight', 'techday', 'keysighttechday', 'bengaluru']",[],https://twitter.com/plus530/status/1088080539872047104,,,1,https://pbs.twimg.com/media/DxmjcuDW0AAKXuL.jpg,Bangalore,,,,,,"{'user_id': None, 'username': None}",,,,
1088118061905969152,1088118061905969152,2019-01-23 10:55:36 CST,2019-01-23,10:55:36,-0500,42003669,gbsbindra,GBS  Bindra,,So good to see @Charmboard  posts getting so much love! https://t.co/upr1yoLQym,en,['charmboard'],[],['https://pbs.twimg.com/media/DxnFl_pX0AIAcTF.jpg'],0,4,3,[],[],https://twitter.com/GBSBindra/status/1088118061905969152,,,1,https://pbs.twimg.com/media/DxnFl_pX0AIAcTF.jpg,Bangalore,,,,,,"{'user_id': None, 'username': None}",,,,
1088222323092508672,1088222323092508672,2019-01-23 17:49:54 CST,2019-01-23,17:49:54,-0500,51419136,mahimabones,Backwood Bones,,I want my hair this colour again https://t.co/6JuycRJg1y,en,[],[],['https://pbs.twimg.com/media/Dxokba1UYAMz5VX.jpg'],1,1,19,[],[],https://twitter.com/MahimaBones/status/1088222323092508672,,,1,https://pbs.twimg.com/media/Dxokba1UYAMz5VX.jpg,Bangalore,,,,,,"{'user_id': None, 'username': None}",,,,
1088012461066895361,1088012461066895361,2019-01-23 03:55:59 CST,2019-01-23,03:55:59,-0500,779553488850137088,grindmaster_,Grind Master Machines Pvt. Ltd.,,"#GrindMaster Group has already received 200+ appointments for #IMTEX 2019 scheduled through the special portal launched for @IMTEX 2019

Please use following link to schedule your visit with our TOP Management and Technical experts in #robotics #superfinishing &amp; #microfinishing https://t.co/NxDiksOrWd",en,['imtex'],[],['https://pbs.twimg.com/media/Dxlle9eX4AA4wZl.jpg'],0,3,1,"['grindmaster', 'imtex', 'robotics', 'superfinishing', 'microfinishing']",[],https://twitter.com/grindmaster_/status/1088012461066895361,,,1,https://pbs.twimg.com/media/Dxlle9eX4AA4wZl.jpg,Bangalore,,,,,,"{'user_id': None, 'username': None}",,,,
1088088197903671296,1088088197903671296,2019-01-23 08:56:56 CST,2019-01-23,08:56:56,-0500,2255419352,plus530,plus530,,Data Logger (DAQ970A Data Acquisition System) is the 2nd new product launched today by @Keysight_UK at  #Keysight #TechDay #KeysightTechDay #Bengaluru https://t.co/Qtgu0Mvye5,en,['keysight_uk'],[],"['https://pbs.twimg.com/media/DxmqViZWwAAGxHM.jpg', 'https://pbs.twimg.com/media/DxmqaRCWsAAnXlz.jpg']",0,0,2,"['keysight', 'techday', 'keysighttechday', 'bengaluru']",[],https://twitter.com/plus530/status/1088088197903671296,,,1,https://pbs.twimg.com/media/DxmqViZWwAAGxHM.jpg,Bangalore,,,,,,"{'user_id': None, 'username': None}",,,,
1088046133362995200,1088046133362995200,2019-01-23 06:09:47 CST,2019-01-23,06:09:47,-0500,401932949,aanandaaudio,aanandaaudio,,"Song which is close to your heart and very close to 5M views...

Lovely melody to spend your evening today 
#LoveWins #SweetTalk 

https://t.co/yEKKsQfidj https://t.co/jiVrRQdJmd",en,[],['https://youtu.be/-1TEJkzEgYc'],['https://pbs.twimg.com/media/DxmEA4ZWoAE3w8m.jpg'],0,1,41,"['lovewins', 'sweettalk']",[],https://twitter.com/aanandaaudio/status/1088046133362995200,,,1,https://pbs.twimg.com/media/DxmEA4ZWoAE3w8m.jpg,Bangalore,,,,,,"{'user_id': None, 'username': None}",,,,
1088045159990718464,1088045159990718464,2019-01-23 06:05:55 CST,2019-01-23,06:05:55,-0500,4859283923,saikaustuv,Sai Kaustuv,,"Very happy 2 share that the #shortfilm “The @Wheelchair Warrior of @India” by @FotiloF got selected in @IShortsAwards #LosAngeles , UK #Asian Film Festival &amp; #LiftOff Sessions #Film Festival 2019. 

Through the film, my #smile is traveling all over the world &amp; inspiring millions. https://t.co/KcIhvizhk6",en,"['wheelchair', 'india', 'fotilof', 'ishortsawards']",[],['https://pbs.twimg.com/media/Dxl_zlLV4AEh_Zf.jpg'],2,2,13,"['shortfilm', 'losangeles', 'asian', 'liftoff', 'film', 'smile']",[],https://twitter.com/SaiKaustuv/status/1088045159990718464,,,1,https://pbs.twimg.com/media/Dxl_zlLV4AEh_Zf.jpg,Bangalore,,,,,,"{'user_id': None, 'username': None}",,,,
1088104769762271238,1088104769762271238,2019-01-23 10:02:47 CST,2019-01-23,10:02:47,-0500,134748249,dhichkyaaon,V,,Please specify what you're selling instead of just calling it bottoms! 🙊🙊🙊 https://t.co/yIIOHakcyN,en,[],[],['https://pbs.twimg.com/media/Dxm5gshX4AAToGO.jpg'],0,0,4,[],[],https://twitter.com/Dhichkyaaon/status/1088104769762271238,,,1,https://pbs.twimg.com/media/Dxm5gshX4AAToGO.jpg,Bangalore,,,,,,"{'user_id': None, 'username': None}",,,,
1088079372479881216,1088079372479881216,2019-01-23 08:21:52 CST,2019-01-23,08:21:52,-0500,708587683422081029,shivazzafilms,Shivazza Films & Entertainment,,"Behind every Event there is knowledge ,Behind every Person there is love ,Behind every object there is infinite -Sri Sri In Today satsang  Jai Guru Dev https://t.co/oGLJXAu5ei",en,[],[],['https://pbs.twimg.com/media/DxmiaG3XcAAkp-O.jpg'],0,0,4,[],[],https://twitter.com/shivazzafilms/status/1088079372479881216,,,1,https://pbs.twimg.com/media/DxmiaG3XcAAkp-O.jpg,Bangalore,,,,,,"{'user_id': None, 'username': None}",,,,
1088051212321259520,1088051212321259520,2019-01-23 06:29:58 CST,2019-01-23,06:29:58,-0500,1025373265483579394,weareswiggy,We Are Swiggy,,Keep your ambitions right on track with career guidance from the Swiggy leaders. Watch this space for more career tips from our leaders. #WeAreSwiggy #SwiggsterLife #CareersAtSwiggy https://t.co/bBnHEVQWDs,en,[],[],['https://pbs.twimg.com/media/DxmIiSVUcAEVW_h.jpg'],0,2,8,"['weareswiggy', 'swiggsterlife', 'careersatswiggy']",[],https://twitter.com/WeAreSwiggy/status/1088051212321259520,,,1,https://pbs.twimg.com/media/DxmIiSVUcAEVW_h.jpg,Bangalore,,,,,,"{'user_id': None, 'username': None}",,,,
1088024292783259649,1088024292783259649,2019-01-23 04:43:00 CST,2019-01-23,04:43:00,-0500,2366699804,aloftcessnapark,Aloft Bengaluru Outer Ring Road,,"Authentic and delectable coastal cuisine to satiate your taste buds.

For further details and reservations, please call: 080-45101033

To know more:  https://t.co/w32OibSIMT

#AloftCBP #CessnaBusinessPark #Bengaluru #Hotel #Taste #Konkan #Coastal #Food #Foodie https://t.co/eVsT6UVMOG",en,[],['http://bit.ly/AloftBengaluruCBP'],['https://pbs.twimg.com/media/DxlwRz5WoAAhQaG.jpg'],0,0,2,"['aloftcbp', 'cessnabusinesspark', 'bengaluru', 'hotel', 'taste', 'konkan', 'coastal', 'food', 'foodie']",[],https://twitter.com/AloftCessnaPark/status/1088024292783259649,,,1,https://pbs.twimg.com/media/DxlwRz5WoAAhQaG.jpg,Bangalore,,,,,,"{'user_id': None, 'username': None}",,,,
1088140393475072000,1088140393475072000,2019-01-23 12:24:21 CST,2019-01-23,12:24:21,-0500,633485882,news9tweets,News9,,"#BIGNEWS: Mallikarjun, an #AutoDriver from #Kalaburagi provides 24*7 free commuting services to pregnant women. He said that 5 years ago, his pregnant sister couldn't find an ambulance and that is the reason he set up this service. https://t.co/7bajFgKeBS",en,[],[],['https://pbs.twimg.com/media/DxnZ6FKU8AADBWN.jpg'],0,3,11,"['bignews', 'autodriver', 'kalaburagi']",[],https://twitter.com/News9Tweets/status/1088140393475072000,,,1,https://pbs.twimg.com/media/DxnZ6FKU8AADBWN.jpg,Bangalore,,,,,,"{'user_id': None, 'username': None}",,,,
1088221236428038145,1087975215626358784,2019-01-23 17:45:35 CST,2019-01-23,17:45:35,-0500,2514519232,uttishta_bharat,We are with भारत,,"@tehseenp .@INCIndia .@sagarikaghose
.@ShashiTharoor  &amp; other goons

Cartoon as received in Twitter ⬇️ https://t.co/aO8IsqQT3J",en,"['tehseenp', 'incindia', 'sagarikaghose', 'shashitharoor']",[],['https://pbs.twimg.com/media/DxojcP8VAAA2cNe.jpg'],0,1,2,[],[],https://twitter.com/Uttishta_Bharat/status/1088221236428038145,,,1,https://pbs.twimg.com/media/DxojcP8VAAA2cNe.jpg,Bangalore,,,,,,"{'user_id': '53313935', 'username': 'tehseenp'}",,,,
1088082800111218688,1088082800111218688,2019-01-23 08:35:29 CST,2019-01-23,08:35:29,-0500,11594372,sathyabhat,Sathyajith Bhat,,Conversations with @joshenoy be like https://t.co/zwrEDjPFBn,en,['joshenoy'],[],['https://pbs.twimg.com/media/Dxmlh_tXgAEVpKb.jpg'],2,0,3,[],[],https://twitter.com/SathyaBhat/status/1088082800111218688,,,1,https://pbs.twimg.com/media/Dxmlh_tXgAEVpKb.jpg,Bangalore,,,,,,"{'user_id': None, 'username': None}",,,,
1088014244367470593,1088014244367470593,2019-01-23 04:03:04 CST,2019-01-23,04:03:04,-0500,3910944734,mtrfoodsin,MTR Foods,,"Are you as excited about #mtrkarnatakafoodfestival as we are?

Remember to go book your tickets on this link https://t.co/wK4yfNjD7o https://t.co/uqnZbkWswI",en,[],['https://bit.ly/2D4ZThD'],['https://pbs.twimg.com/media/DxlnLdvWkAAIdKF.jpg'],0,0,5,['mtrkarnatakafoodfestival'],[],https://twitter.com/MTRFoodsIN/status/1088014244367470593,,,1,https://pbs.twimg.com/media/DxlnLdvWkAAIdKF.jpg,Bangalore,,,,,,"{'user_id': None, 'username': None}",,,,
1088146965324419072,1088146965324419072,2019-01-23 12:50:27 CST,2019-01-23,12:50:27,-0500,587478766,vermaaakash10,Aakash Verma ಆಕಾಶ್ ವರ್ಮ 🇮🇳,,"After watching  #TheAccidentalPrimeMinister, people would have a lot of sympathy for Dr. Manmohan Singh (at least I did). This film, in no way puts Dr. Saheb in bad light.

The most vicious character is that of Ahmed Patel, not Sonia Gandhi.

Everyone please go and watch! 🇮🇳🙏 https://t.co/PwmK73G1sf",en,[],[],['https://pbs.twimg.com/media/Dxnf4WYVAAA8b1s.jpg'],0,0,2,['theaccidentalprimeminister'],[],https://twitter.com/vermaaakash10/status/1088146965324419072,,,1,https://pbs.twimg.com/media/Dxnf4WYVAAA8b1s.jpg,Bangalore,,,,,,"{'user_id': None, 'username': None}",,,,
1088081186704973824,1088081186704973824,2019-01-23 08:29:05 CST,2019-01-23,08:29:05,-0500,1040871553490014208,siddesh83574351,Siddesh Kumar,"{'type': 'Point', 'coordinates': [12.9863665, 77.6960521]}","CEO @airtelindia Gopal Vittal 

What kind of network you are provided for Bangalore. Find the proof, a ""HI"" what's message takes minutes to get delivered. Here is the proof.

Sent by me 7.43
Sent by network 7.46

Big shame you people call the best network, but you have worst. https://t.co/Age1xxx5eR",en,['airtelindia'],[],"['https://pbs.twimg.com/media/DxmkA6DV4AEZeac.jpg', 'https://pbs.twimg.com/media/DxmkB0FUwAA0OtP.jpg', 'https://pbs.twimg.com/media/DxmkCsRV4AEsxuP.jpg', 'https://pbs.twimg.com/media/DxmkDyRVsAAX5Sh.jpg']",3,1,3,[],[],https://twitter.com/Siddesh83574351/status/1088081186704973824,,,1,https://pbs.twimg.com/media/DxmkA6DV4AEZeac.jpg,Bangalore,,,,,,"{'user_id': None, 'username': None}",,,,
1088199752313856000,1088199752313856000,2019-01-23 16:20:13 CST,2019-01-23,16:20:13,-0500,2748413288,onetreeinfra,One Tree Infra,,"Luxury Villas in Bangalore. 
#realestate #apartments #ReadyToMove #MantriCourtyard #Offer #Prelaunch",en,[],[],[],0,0,2,"['realestate', 'apartments', 'readytomove', 'mantricourtyard', 'offer', 'prelaunch']",[],https://twitter.com/Onetreeinfra/status/1088199752313856000,,https://twitter.com/Onetreeinfra/status/1087557532539805697,0,,Bangalore,,,,,,"{'user_id': None, 'username': None}",,,,
1087999149016924160,1087999149016924160,2019-01-23 03:03:05 CST,2019-01-23,03:03:05,-0500,769763594778972160,dimasdelgadomor,Dimas Delgado,,Focus and prepared for everything that we have to face!! We start next Sunday and don’t stop till 27th February. Let’s do this all together as ALWAYS as a TEAM. 💪🏼⚽️🔵⚪️ @bengalurufc @WestBlockBlues @IndSuperLeague https://t.co/AAUGI4izwj,en,"['bengalurufc', 'westblockblues', 'indsuperleague']",[],['https://pbs.twimg.com/media/DxlZdByWsAAqAVw.jpg'],2,2,116,[],[],https://twitter.com/DimasDelgadoMor/status/1087999149016924160,,,1,https://pbs.twimg.com/media/DxlZdByWsAAqAVw.jpg,Bangalore,,,,,,"{'user_id': None, 'username': None}",,,,
1088142584378056704,1088142584378056704,2019-01-23 12:33:03 CST,2019-01-23,12:33:03,-0500,633485882,news9tweets,News9,,"#BIGNEWS: Farmers in #Sagar, #MadhyaPradesh allege that their names have been listed in #FarmLoanWaiver when they never took a loan. Dist. Central Cooperative Committee said they'll look into the matter. https://t.co/4G1YxnjzyG",en,[],[],['https://pbs.twimg.com/media/Dxnb3bmVsAA0420.jpg'],0,2,4,"['bignews', 'sagar', 'madhyapradesh', 'farmloanwaiver']",[],https://twitter.com/News9Tweets/status/1088142584378056704,,,1,https://pbs.twimg.com/media/Dxnb3bmVsAA0420.jpg,Bangalore,,,,,,"{'user_id': None, 'username': None}",,,,
1088136838882168833,1088136838882168833,2019-01-23 12:10:13 CST,2019-01-23,12:10:13,-0500,14866490,kavsaps,kavsaps,,Amazing champion leadership. Good luck @BrianKReaves,en,['briankreaves'],[],[],0,1,3,[],[],https://twitter.com/kavsaps/status/1088136838882168833,,https://twitter.com/WeAreDivInc/status/1087742971640975360,0,,Bangalore,,,,,,"{'user_id': None, 'username': None}",,,,
1088071962377707521,1088071962377707521,2019-01-23 07:52:25 CST,2019-01-23,07:52:25,-0500,871373143750828032,95bac2b083c44e3,Vijendra Kumar PhD,,May your mouth filled with sugar. https://t.co/kC93kSeZwx,en,[],['https://twitter.com/VandanaJayrajan/status/1087775307581423616'],[],0,1,3,[],[],https://twitter.com/95bac2b083c44e3/status/1088071962377707521,,https://twitter.com/VandanaJayrajan/status/1087775307581423616,0,,Bangalore,,,,,,"{'user_id': None, 'username': None}",,,,
1088176855666970625,1088176855666970625,2019-01-23 14:49:14 CST,2019-01-23,14:49:14,-0500,178750089,sreshthx,Sreshth Shah,,"Been an excellent week so far... managed to escape Bangalore for a few more days. Always a pleasure to hang out in remote locations with friends from school. Now back to the grind, starting with a 7.30start in a few hours for #AUSvSL. https://t.co/QqXXx0dY7j",en,[],[],['https://pbs.twimg.com/media/Dxn7EkNVsAAIvoT.jpg'],0,0,6,['ausvsl'],[],https://twitter.com/sreshthx/status/1088176855666970625,,,1,https://pbs.twimg.com/media/Dxn7EkNVsAAIvoT.jpg,Bangalore,,,,,,"{'user_id': None, 'username': None}",,,,
1088153004782436352,1088153004782436352,2019-01-23 13:14:27 CST,2019-01-23,13:14:27,-0500,1563626983,bengalurufc,Bengaluru FC,,The BEST indeed! DPS North were crowned WINNERS in the U10 Girls Category! #HappyFeet @Boost_Energy https://t.co/LqvkXw5IXa,en,['boost_energy'],[],['https://pbs.twimg.com/media/DxnlX0dUUAA9nle.jpg'],0,0,37,['happyfeet'],[],https://twitter.com/bengalurufc/status/1088153004782436352,,,1,https://pbs.twimg.com/media/DxnlX0dUUAA9nle.jpg,Bangalore,,,,,,"{'user_id': None, 'username': None}",,,,
1088037703478886400,1088037703478886400,2019-01-23 05:36:17 CST,2019-01-23,05:36:17,-0500,784003823492673536,ranjithmreddy1,Ranjith M Reddy💎,,We congratulate Smt. Priyanka Gandhi Vadra on taking charge of Uttar Pradesh (E) as AICC General Secretary. @priyankagandhiG @SoniaGandhi_FC @INCIndia https://t.co/BqaWi775VB,en,"['priyankagandhig', 'soniagandhi_fc', 'incindia']",[],['https://pbs.twimg.com/media/Dxl8f89XgAIdSv3.jpg'],0,1,14,[],[],https://twitter.com/RanjithMReddy1/status/1088037703478886400,,,1,https://pbs.twimg.com/media/Dxl8f89XgAIdSv3.jpg,Bangalore,,,,,,"{'user_id': None, 'username': None}",,,,
1088108759769964544,1088108759769964544,2019-01-23 10:18:39 CST,2019-01-23,10:18:39,-0500,7748942,vanriper,Van Riper,,"I love Indian food, but, I needed to take a break from it tonight. Happy with my choice of Yauatcha for dinner and this dessert was amazing. https://t.co/sTogkNkIC7",en,[],[],['https://pbs.twimg.com/media/Dxm9HrUUYAAxdJL.jpg'],1,0,4,[],[],https://twitter.com/vanriper/status/1088108759769964544,,,1,https://pbs.twimg.com/media/Dxm9HrUUYAAxdJL.jpg,Bangalore,,,,,,"{'user_id': None, 'username': None}",,,,
1088138131033841664,1088138131033841664,2019-01-23 12:15:21 CST,2019-01-23,12:15:21,-0500,633485882,news9tweets,News9,,"#BIGNEWS: #PakistaniRefugees residing in #Rajasthan since 12-13 years plead for #Indian citizenship. They have reportedly claimed that life in #Pakistan is difficult as children are abducted, girls are raped and the locals bar them from work. @ImranKhanPTI https://t.co/hUfxXKtwPw",en,['imrankhanpti'],[],['https://pbs.twimg.com/media/DxnX2ZfU0AAFUXQ.jpg'],0,0,3,"['bignews', 'pakistanirefugees', 'rajasthan', 'indian', 'pakistan']",[],https://twitter.com/News9Tweets/status/1088138131033841664,,,1,https://pbs.twimg.com/media/DxnX2ZfU0AAFUXQ.jpg,Bangalore,,,,,,"{'user_id': None, 'username': None}",,,,
1088144596830306309,1088142744617246721,2019-01-23 12:41:03 CST,2019-01-23,12:41:03,-0500,549109873,cricbc,cricBC,,India has produced some good ODI units in the past. But none of them dominated were this versatile. This is the only Indian team that can be classified as an all condition bully.,en,[],[],[],7,17,100,[],[],https://twitter.com/cricBC/status/1088144596830306309,,,0,,Bangalore,,,,,,"{'user_id': '549109873', 'username': 'cricBC'}",,,,
1088068956449959937,1088068956449959937,2019-01-23 07:40:29 CST,2019-01-23,07:40:29,-0500,197495693,emerging_96,Czarsportz Global - Associate Cricket World,,"Some Facts ⏩ @ACCMedia1 #WRT20 
⏩ 2019 1st Men's #T20I Century by @KuwaitCricket 's #RavijaDeSilva
⏩ 2019 1st Men's #5Wicket haul by @maldivescricket 's @Ha5anIbrahim 
⏩ 2019 1st Men's #T20I #Tied match &amp; #SuperOver b/w @KuwaitCricket &amp; @QatarCricket 
https://t.co/zswKyvEQtF",en,"['accmedia1', 'kuwaitcricket', 'maldivescricket', 'ha5anibrahim', 'kuwaitcricket', 'qatarcricket']",['https://wp.me/p80sfM-3ZF'],[],0,4,17,"['wrt20', 't20i', 'ravijadesilva', '5wicket', 't20i', 'tied', 'superover']",[],https://twitter.com/Emerging_96/status/1088068956449959937,,,0,,Bangalore,,,,,,"{'user_id': None, 'username': None}",,,,
1088098393644326912,1088098393644326912,2019-01-23 09:37:27 CST,2019-01-23,09:37:27,-0500,30008515,tweetenator,Sathya Sankaran,,CiFoS rated a pilot station for multimodal friendliness and found it quite poor. Hope to be able to help transport orgs across modes in India integrate better. https://t.co/X1AM9JXrZq @cpronammametro @BMTC_BENGALURU @csogok @morphurbanspace https://t.co/1V7F9glMge,en,"['cpronammametro', 'bmtc_bengaluru', 'morphurbanspace']",['http://www.newindianexpress.com/cities/bengaluru/2019/jan/22/got-off-at-the-wrong-station-or-exit-blame-it-on-namma-metros-d-rated-signboard-1928662.html'],['https://pbs.twimg.com/media/DxmztZrWwAA41ZA.jpg'],0,1,6,[],[],https://twitter.com/tweetenator/status/1088098393644326912,,,1,https://pbs.twimg.com/media/DxmztZrWwAA41ZA.jpg,Bangalore,,,,,,"{'user_id': None, 'username': None}",,,,
1088103343568764929,1088103343568764929,2019-01-23 09:57:07 CST,2019-01-23,09:57:07,-0500,4911084924,prabhatisb,Prabha🇮🇳,,Mother-son duo out on bail in NH case.Daughter who is the wife of a corrupt land deal suspect making an entry into politics. And these folks lead the grand old party of India.Piddis like Rajiv Desai losing their breath in supporting such people..#PriyankaInPolitics,en,[],[],[],2,5,10,['priyankainpolitics'],[],https://twitter.com/prabhatisb/status/1088103343568764929,,,0,,Bangalore,,,,,,"{'user_id': None, 'username': None}",,,,
1088116093833510912,1088116093833510912,2019-01-23 10:47:47 CST,2019-01-23,10:47:47,-0500,1861287276,darshandevaiahb,Darshan Devaiah B P,,"Deputy Chief Minister @DrParameshwara will watch Nikhil Gowda staring movie #SeethaRamaKalyana on Thursday evening. Nikhil is the son of @CMofKarnataka
@hd_kumaraswamy @DeccanHerald
#Sandalwood #SeethaRamaKalyanaTrailer  
@RachitaRamDQ",en,"['drparameshwara', 'cmofkarnataka', 'hd_kumaraswamy', 'deccanherald', 'rachitaramdq']",[],[],2,3,41,"['seetharamakalyana', 'sandalwood', 'seetharamakalyanatrailer']",[],https://twitter.com/DarshanDevaiahB/status/1088116093833510912,,,0,,Bangalore,,,,,,"{'user_id': None, 'username': None}",,,,
1088080377296666626,1088080377296666626,2019-01-23 08:25:52 CST,2019-01-23,08:25:52,-0500,2507322757,thenishugoel,Nishu Goel,,"Thank you! @SwissAngular 

#angular",en,['swissangular'],[],[],0,0,2,['angular'],[],https://twitter.com/TheNishuGoel/status/1088080377296666626,,https://twitter.com/SwissAngular/status/1088077001095892993,0,,Bangalore,,,,,,"{'user_id': None, 'username': None}",,,,
1088112918577799169,1088112918577799169,2019-01-23 10:35:10 CST,2019-01-23,10:35:10,-0500,984736099615608837,satishshekar,Satish Shekar,,"Looking at the history of @INCIndia between 1991-98 where the presidents were Non Gandhi’s is when political parties like NCP, TMC, etc was formed by breaking out of congress. History proves that party members are keen about Gandhi’s than otherwise!!! #PriyankaInPolitics",en,['incindia'],[],[],0,2,8,['priyankainpolitics'],[],https://twitter.com/SatishShekar/status/1088112918577799169,,,0,,Bangalore,,,,,,"{'user_id': None, 'username': None}",,,,
1088084796323057664,1088084796323057664,2019-01-23 08:43:25 CST,2019-01-23,08:43:25,-0500,42221269,tanukaushik,Teekay,,"Trying since I thought about this all day. Hi! I’m a digital marketer. You may know me from my greatest hits ‘ Buy Buy Buy’, ‘Quit playing games with my cart’, ‘ You don’t shop anymore like you used to do’ ‘(oh I’ll give you all those offers when I )See you again ‘ #ihaveaproblem",en,[],[],[],0,0,2,['ihaveaproblem'],[],https://twitter.com/tanukaushik/status/1088084796323057664,,https://twitter.com/tanukaushik/status/1087709456530636801,0,,Bangalore,,,,,,"{'user_id': None, 'username': None}",,,,
1088214311640526849,1088214311640526849,2019-01-23 17:18:04 CST,2019-01-23,17:18:04,-0500,51419136,mahimabones,Backwood Bones,,People who put ice in their orange juice scare me,en,[],[],[],0,2,2,[],[],https://twitter.com/MahimaBones/status/1088214311640526849,,,0,,Bangalore,,,,,,"{'user_id': None, 'username': None}",,,,
1088140076528234496,1088140076528234496,2019-01-23 12:23:05 CST,2019-01-23,12:23:05,-0500,376854383,bvkc82,Karthik Chandra,,Need #modiagain in #2019Elections  . Voters shldnt dilute the hard work put in by @narendramodi to take #indiaforward . @yesvinay,en,"['narendramodi', 'yesvinay']",[],[],0,0,3,"['modiagain', '2019elections', 'indiaforward']",[],https://twitter.com/BVKC82/status/1088140076528234496,,,0,,Bangalore,,,,,,"{'user_id': None, 'username': None}",,,,
1088129905022455808,1088129905022455808,2019-01-23 11:42:40 CST,2019-01-23,11:42:40,-0500,42221269,tanukaushik,Teekay,,I think the plunger was the MVP this season!,en,[],[],[],0,0,2,[],[],https://twitter.com/tanukaushik/status/1088129905022455808,,https://twitter.com/hiwaysongstress/status/1087877192049139712,0,,Bangalore,,,,,,"{'user_id': None, 'username': None}",,,,
1088153746087923712,1088153746087923712,2019-01-23 13:17:24 CST,2019-01-23,13:17:24,-0500,152129623,vasu_patnaik,Vasu Patnaik🎼🎼🎹🎹,,#Simmba late to the party but... it’s mind izzz blowing!!!!🤪🤪 what a faadu performance by @RanveerOfficial stunning!!! 👌👌 @iamrohitshetty brilliant!!! And that  #Simmba theme @MusicThaman goosebumps all the way!!!!🤟🤟,en,"['ranveerofficial', 'iamrohitshetty', 'musicthaman']",[],[],0,0,19,"['simmba', 'simmba']",[],https://twitter.com/vasu_patnaik/status/1088153746087923712,,,0,,Bangalore,,,,,,"{'user_id': None, 'username': None}",,,,
1088017032149315585,1088017032149315585,2019-01-23 04:14:09 CST,2019-01-23,04:14:09,-0500,124401884,vinayktrivedi,Vinay Trivedi,,"Was lovely to be a part of this event, please continue to do a great job @hirist_jobs @iimjobs",en,"['hirist_jobs', 'iimjobs']",[],[],0,2,3,[],[],https://twitter.com/vinayktrivedi/status/1088017032149315585,,https://twitter.com/hirist_jobs/status/1087946742321070086,0,,Bangalore,,,,,,"{'user_id': None, 'username': None}",,,,
1088099358082445315,1088099358082445315,2019-01-23 09:41:17 CST,2019-01-23,09:41:17,-0500,1619877804,ramakrishnaux,Ramakrishna,,Thank yo @harish_io for hosting me at your wonderful workspace! 😊it was glad to see the energetic team behind the product!,en,['harish_io'],[],[],0,0,12,[],[],https://twitter.com/RamaKrishnaUX/status/1088099358082445315,,https://twitter.com/harish_io/status/1088082478022213638,0,,Bangalore,,,,,,"{'user_id': None, 'username': None}",,,,
1088179360627077120,1088179360627077120,2019-01-23 14:59:11 CST,2019-01-23,14:59:11,-0500,140740023,jauharianurag,नबाब साहिब लखनऊ वाले,,The most valuable form of currency is #DigitalTransformation. Do you agree? #WEF19 #BetterWorkingWorld. https://t.co/le0SnIEHUh,en,[],['https://www.ey.com/en_gl/wef/'],[],0,0,1,"['digitaltransformation', 'wef19', 'betterworkingworld']",[],https://twitter.com/jauharianurag/status/1088179360627077120,,,0,,Bangalore,,,,,,"{'user_id': None, 'username': None}",,,,
1088127683714666496,1088127683714666496,2019-01-23 11:33:50 CST,2019-01-23,11:33:50,-0500,825243162201448448,aabhas24,Aabhas Maldahiyar 🇮🇳,,You have got him. 👍🏼,en,[],[],[],2,1,3,[],[],https://twitter.com/Aabhas24/status/1088127683714666496,,https://twitter.com/SuperDroidBond/status/1088127335734235136,0,,Bangalore,,,,,,"{'user_id': None, 'username': None}",,,,
1088117806149836800,1088117806149836800,2019-01-23 10:54:35 CST,2019-01-23,10:54:35,-0500,932688076245155840,acnymph,cutie,,Why do North Indians even attempt making rice,en,[],[],[],6,0,4,[],[],https://twitter.com/acnymph/status/1088117806149836800,,,0,,Bangalore,,,,,,"{'user_id': None, 'username': None}",,,,
1088106089823027200,1088106089823027200,2019-01-23 10:08:02 CST,2019-01-23,10:08:02,-0500,1067579064,ipgandhi,Parth Gandhi گاندھی 🏳️‍🌈,,"Anyone remember that Hindi movie came out in 2008/9 something where to show that the character is gay, they showed Brokeback Mountain's poster in the character's bedroom?",en,[],[],[],2,1,2,[],[],https://twitter.com/iPGandhi/status/1088106089823027200,,,0,,Bangalore,,,,,,"{'user_id': None, 'username': None}",,,,
1088029722431254529,1088029722431254529,2019-01-23 05:04:35 CST,2019-01-23,05:04:35,-0500,56760430,avinash_b01,Avinash,,"The only reason #PriyankaGandhi is entering politics is to safe guard the family seat of Amethi. With Smriti Irani threatening to decimate Rahul in Amethi, last hope its to pitch a female Priyanka against Rahul",en,[],[],[],3,4,8,['priyankagandhi'],[],https://twitter.com/avinash_b01/status/1088029722431254529,,,0,,Bangalore,,,,,,"{'user_id': None, 'username': None}",,,,
1088112533553205249,1088112533553205249,2019-01-23 10:33:38 CST,2019-01-23,10:33:38,-0500,73287537,captainshanky,Shashank Kishore,,Brought in the 29th birthday doing a Bungy in Queenstown. Ushered in the 30th doing BPL comms. Life is a great leveller.,en,[],[],[],8,0,39,[],[],https://twitter.com/captainshanky/status/1088112533553205249,,,0,,Bangalore,,,,,,"{'user_id': None, 'username': None}",,,,
1088104983470387201,1088104983470387201,2019-01-23 10:03:38 CST,2019-01-23,10:03:38,-0500,4911084924,prabhatisb,Prabha🇮🇳,,"Two decades of active politics Ms Vadra has been involved in?in what capacity?Can Shahid Siddiqui,Ghanshyam clarify? #PriyankaInPolitics",en,[],[],[],0,0,4,['priyankainpolitics'],[],https://twitter.com/prabhatisb/status/1088104983470387201,,,0,,Bangalore,,,,,,"{'user_id': None, 'username': None}",,,,
1088143664415567874,1088142744617246721,2019-01-23 12:37:20 CST,2019-01-23,12:37:20,-0500,549109873,cricbc,cricBC,,In any conditions. At any ground. Against any opposition. The Indian ODI team always starts as favourites these days.,en,[],[],[],3,10,64,[],[],https://twitter.com/cricBC/status/1088143664415567874,,,0,,Bangalore,,,,,,"{'user_id': '549109873', 'username': 'cricBC'}",,,,
1088098533205393409,1088098533205393409,2019-01-23 09:38:00 CST,2019-01-23,09:38:00,-0500,7748942,vanriper,Van Riper,,Have you seen this @stephliu?,en,['stephliu'],[],[],0,0,1,[],[],https://twitter.com/vanriper/status/1088098533205393409,,https://twitter.com/erich13/status/1088085659984617473,0,,Bangalore,,,,,,"{'user_id': None, 'username': None}",,,,
1088112883035103232,1088112883035103232,2019-01-23 10:35:02 CST,2019-01-23,10:35:02,-0500,16865395,ananthaforu,Anantha-Infinity,,"Oh yess sir. @PMOIndia did not come ..what a shame! Even @RahulGandhi didn't come. But yes, sea of humanity were there. Good they didn't come and more common people could bid adieu to the God in human form #ShivakumaraSwamiji 
And, you are DCM now. Raise the bar, don't politicise",en,"['pmoindia', 'rahulgandhi']",[],[],0,1,4,['shivakumaraswamiji'],[],https://twitter.com/Ananthaforu/status/1088112883035103232,,https://twitter.com/DrParameshwara/status/1087946578227281920,0,,Bangalore,,,,,,"{'user_id': None, 'username': None}",,,,
1088122047161610240,1088122047161610240,2019-01-23 11:11:27 CST,2019-01-23,11:11:27,-0500,95882842,priyanjanaa,✨ Priyanjana ✨,,I'm suddenly feeling a very strong urge to drink some Bournvita!,en,[],[],[],0,0,4,[],[],https://twitter.com/Priyanjanaa/status/1088122047161610240,,,0,,Bangalore,,,,,,"{'user_id': None, 'username': None}",,,,
1088144620557615105,1088144620557615105,2019-01-23 12:41:08 CST,2019-01-23,12:41:08,-0500,95882842,priyanjanaa,✨ Priyanjana ✨,,"I think sheet masks are too much work. Have three masks lying on my bedside, but too lazy to use them",en,[],[],[],0,0,4,[],[],https://twitter.com/Priyanjanaa/status/1088144620557615105,,,0,,Bangalore,,,,,,"{'user_id': None, 'username': None}",,,,
1088134950052757505,1088131984021368832,2019-01-23 12:02:43 CST,2019-01-23,12:02:43,-0500,825243162201448448,aabhas24,Aabhas Maldahiyar 🇮🇳,,"@TrueIndology Thanks for correction @TrueIndology . I appreciate for pointing it. Yes, there is no strong literary evidence for it. It’s merely put across in few blogs. Happy to hear from you. 🙏🙏",en,"['trueindology', 'trueindology']",[],[],3,13,76,[],[],https://twitter.com/Aabhas24/status/1088134950052757505,,,0,,Bangalore,,,,,,"{'user_id': '4472065032', 'username': 'TrueIndology'}",,,,
1088112017515429888,1088112017515429888,2019-01-23 10:31:35 CST,2019-01-23,10:31:35,-0500,23575592,elixirnahar,Elixir Nahar,,"Bit late to the party but happy to say that I’m now a Peaky Blinder 

@ThePeakyBlinder @bbcstudios @netflix",en,"['thepeakyblinder', 'bbcstudios', 'netflix']",[],[],2,0,19,[],[],https://twitter.com/ElixirNahar/status/1088112017515429888,,,0,,Bangalore,,,,,,"{'user_id': None, 'username': None}",,,,
1088147885319962624,1088147885319962624,2019-01-23 12:54:07 CST,2019-01-23,12:54:07,-0500,708587683422081029,shivazzafilms,Shivazza Films & Entertainment,,"Get attached to something much bigger - Consciousness, Divine, Universe. When your attachment is on something big then nothing bothers you. You want to get out of attachment because it bothers you. - Gurudev @SriSri  in Satsang today",en,['srisri'],[],[],0,0,4,[],[],https://twitter.com/shivazzafilms/status/1088147885319962624,,,0,,Bangalore,,,,,,"{'user_id': None, 'username': None}",,,,
1088128201279356928,1088128201279356928,2019-01-23 11:35:54 CST,2019-01-23,11:35:54,-0500,990363781,rexrao52,rexrao52🇮🇳,,Ambedkar on Islam: The story that must not be told | Newslaundry https://t.co/YzUDINrnlm via @newslaundry,en,['newslaundry'],['https://www.newslaundry.com/2017/04/14/ambedkar-on-islam-the-story-that-must-not-be-told'],[],0,2,0,[],[],https://twitter.com/rexrao52/status/1088128201279356928,,,0,,Bangalore,,,,,,"{'user_id': None, 'username': None}",,,,
1088118549124661251,1088118549124661251,2019-01-23 10:57:33 CST,2019-01-23,10:57:33,-0500,95882842,priyanjanaa,✨ Priyanjana ✨,,My first gym accident!! 🙈😓,en,[],[],[],0,0,4,[],[],https://twitter.com/Priyanjanaa/status/1088118549124661251,,,0,,Bangalore,,,,,,"{'user_id': None, 'username': None}",,,,
1088138442616139776,1088138442616139776,2019-01-23 12:16:36 CST,2019-01-23,12:16:36,-0500,295114210,clickmadness,Punya Arora,,"Ok then, I think I’ll give this a shot, anyone have a kindle they’re not using that I can borrow? 
I’m hesitant to buy one because I don’t know how much I’ll use it, so I wana try a reading a book on it and see if I like it.",en,[],[],[],2,0,4,[],[],https://twitter.com/clickmadness/status/1088138442616139776,,,0,,Bangalore,,,,,,"{'user_id': None, 'username': None}",,,,
1088144629801771009,1088130224653357056,2019-01-23 12:41:11 CST,2019-01-23,12:41:11,-0500,587478766,vermaaakash10,Aakash Verma ಆಕಾಶ್ ವರ್ಮ 🇮🇳,,@deva1956 @namo_bharath @narendramodi @vickykaushal09 @yamigautam @SirPareshRawal @KiranKS @AdityaDharFilms @bhsngr @shivuvgowda @kunthurukumar @DeeprajUdupa @ChethanAzaad Glad you enjoyed the experience @deva1956 Sir.. #HowsTheJosh!! 😃🇮🇳🇮🇳🚩🙏,en,"['deva1956', 'namo_bharath', 'narendramodi', 'vickykaushal09', 'yamigautam', 'sirpareshrawal', 'kiranks', 'adityadharfilms', 'bhsngr', 'kunthurukumar', 'deeprajudupa', 'chethanazaad', 'deva1956']",[],[],1,1,4,['howsthejosh'],[],https://twitter.com/vermaaakash10/status/1088144629801771009,,,0,,Bangalore,,,,,,"{'user_id': '161619164', 'username': 'deva1956'}",,,,
1088122087154245632,1088118481109876738,2019-01-23 11:11:36 CST,2019-01-23,11:11:36,-0500,1036145257014951936,reachrokkam,Lakshmikanth,,"@MrDannyGoodwin @sejournal @brian_mcdowell @Carolyn_Lyden @Matt_Siltala @jroakes @daver @robdwoods @wonderwall7 @Ammon_Johns @mindyweinstein @mediadonis Thanks for sharing it again.  I already started following all the SEO exports listed in it. Thanks @MrDannyGoodwin  @sejournal for this post

#seoexperts #SEO #digitalmarketing #learnseo",en,"['mrdannygoodwin', 'sejournal', 'brian_mcdowell', 'carolyn_lyden', 'matt_siltala', 'jroakes', 'daver', 'robdwoods', 'wonderwall7', 'ammon_johns', 'mindyweinstein', 'mediadonis', 'mrdannygoodwin', 'sejournal']",[],[],0,0,2,"['seoexperts', 'seo', 'digitalmarketing', 'learnseo']",[],https://twitter.com/reachrokkam/status/1088122087154245632,,,0,,Bangalore,,,,,,"{'user_id': '192292481', 'username': 'MrDannyGoodwin'}",,,,
1088036103599333378,1088035309533548545,2019-01-23 05:29:56 CST,2019-01-23,05:29:56,-0500,2337057608,cyberkaran,Karan,,"@republic Correct the question can Priyanka Robert Vadra 

Its an insult mis reading anybody’s name 

#PriancaRobertVadra",en,['republic'],[],[],0,2,2,['priancarobertvadra'],[],https://twitter.com/cyberKaran/status/1088036103599333378,,,0,,Bangalore,,,,,,"{'user_id': '811972460560019456', 'username': 'republic'}",,,,
1088116376332431360,850030303032692736,2019-01-23 10:48:54 CST,2019-01-23,10:48:54,-0500,2286417703,blrrocks,ತರ್ಲೆ 𝗧𝗵𝗶𝗺𝗺𝗮,,"@envyk_blr @NammaBengaluroo @iam_Sudip @Anandagundurao @shashibk @sudhir_san16 @deepakdemiwal @MayaRao @kalkur_vivek @ram_soc @Cpt_Naveen @MandothPrakash @ksvenu247 @raghuynt @Srivatsac2 @ManojShetty0705 @NITINKML @taichisri @kiranshaw @levitatingsoul @Mailpradeepks @VoicOfNewIndia @narayana_shenoy @jimkimmit @Krishna15980544 @btpsupporter @bhushitgadhiya @nknairvm @Manoj_S_Kulkarn @murali772 @anjukkumar @RamMoha82601373 @_Ashwatthama_ @deepolice12 @anilkarat @iamanilshetty @vinaysreeni @nmenezesET @JayanPC @soshku @silkboard @Pradeepisgreat @ghanshyam_in @RevathyAshok @bharadwajwrites @bengalurutrains @amitbhatt4u @PawanMulukutla @ashwinmahesh @PiyushGoyal As long you don't sent me to Eagleton resort, where there are congess MLAs, who are drunk, I'm ok with that..",en,"['envyk_blr', 'nammabengaluroo', 'iam_sudip', 'anandagundurao', 'shashibk', 'sudhir_san16', 'deepakdemiwal', 'mayarao', 'kalkur_vivek', 'ram_soc', 'cpt_naveen', 'mandothprakash', 'ksvenu247', 'raghuynt', 'srivatsac2', 'manojshetty0705', 'nitinkml', 'taichisri', 'kiranshaw', 'levitatingsoul', 'mailpradeepks', 'voicofnewindia', 'narayana_shenoy', 'jimkimmit', 'krishna15980544', 'btpsupporter', 'bhushitgadhiya', 'nknairvm', 'murali772', 'anjukkumar', 'rammoha82601373', '_ashwatthama_', 'anilkarat', 'iamanilshetty', 'vinaysreeni', 'jayanpc', 'soshku', 'silkboard', 'pradeepisgreat', 'ghanshyam_in', 'revathyashok', 'bharadwajwrites', 'bengalurutrains', 'amitbhatt4u', 'pawanmulukutla', 'ashwinmahesh', 'piyushgoyal']",[],[],1,0,4,[],[],https://twitter.com/BLRrocKS/status/1088116376332431360,,,0,,Bangalore,,,,,,"{'user_id': '856686253525405696', 'username': 'envyk_blr'}",,,,
1087989352595116033,1087954617571397633,2019-01-23 02:24:10 CST,2019-01-23,02:24:10,-0500,995617009176997888,devishanker15,Devi Shanker G Nair,,"@chathootti Must have exercised that option with comrades,not made official due to security or rather for publicity reasons.",en,['chathootti'],[],[],0,0,4,[],[],https://twitter.com/Devishanker15/status/1087989352595116033,,,0,,Bangalore,,,,,,"{'user_id': '872534917078368256', 'username': 'chathootti'}",,,,
1088130193301082112,1088003959107870720,2019-01-23 11:43:49 CST,2019-01-23,11:43:49,-0500,990363781,rexrao52,rexrao52🇮🇳,,@mgnayak5 @kkalpu @Mohansinha Yes ...looks like ...all chandra  babu s efforts  got him nothing,en,"['mgnayak5', 'kkalpu', 'mohansinha']",[],[],0,2,1,[],[],https://twitter.com/rexrao52/status/1088130193301082112,,,0,,Bangalore,,,,,,"{'user_id': '142238984', 'username': 'mgnayak5'}",,,,
1088049461274836994,1088018690732445696,2019-01-23 06:23:01 CST,2019-01-23,06:23:01,-0500,1060541212741042176,akhilvenkatesh9,Akhil Venkatesh,,@SwitchtoTejaswi @paddybirt @raghu_iitm @prashanth_neel shows only car blast scene in that Garuda winning against Adheera but who dies in that car and what exactly happened there not shown. Adheera is more brutal with dangerous Dagger knife weapons.,en,"['switchtotejaswi', 'paddybirt', 'raghu_iitm', 'prashanth_neel']",[],[],0,0,3,[],[],https://twitter.com/AkhilVenkatesh9/status/1088049461274836994,,,0,,Bangalore,,,,,,"{'user_id': '744899548590579712', 'username': 'SwitchtoTejaswi'}",,,,
1088120903311929344,1088053899796205568,2019-01-23 11:06:54 CST,2019-01-23,11:06:54,-0500,301309289,mani24sjcpl,Thavamani Chinnappan,,"@Payal_Rohatgi @republic @ZeeNewsHindi @narendramodi @PMOIndia @BJP4India @AmitShah @indiatvnews @RSSorg @amitmalviya Y don't U Ownup &amp; Say!, Y R U ducking 'They' Say?,
Is this not Stupidity!, Is this Women Empowerment Policy of @narendramodi @BJP4India @RSSorg ?
@rkhuria @pbhushan1 @sumanthraman @mkvenu1 @chitraSD @TVMohandasPai @prameshjain12 @kishalay @Nidhi @nsitharaman @HAL_India @BDUTT",en,"['payal_rohatgi', 'republic', 'narendramodi', 'pmoindia', 'bjp4india', 'amitshah', 'indiatvnews', 'rssorg', 'amitmalviya', 'narendramodi', 'bjp4india', 'rssorg', 'rkhuria', 'pbhushan1', 'sumanthraman', 'mkvenu1', 'chitrasd', 'tvmohandaspai', 'prameshjain12', 'kishalay', 'nidhi', 'nsitharaman', 'bdutt']",[],[],1,0,2,[],[],https://twitter.com/mani24sjcpl/status/1088120903311929344,,,0,,Bangalore,,,,,,"{'user_id': '142598575', 'username': 'Payal_Rohatgi'}",,,,
1088118636383031298,1087733044004438020,2019-01-23 10:57:53 CST,2019-01-23,10:57:53,-0500,180692673,straightdrive06,Azor Ahai,,@TFU_Kannan Hey can u follow back for message..something imp..,en,['tfu_kannan'],[],[],1,0,1,[],[],https://twitter.com/StraightDrive06/status/1088118636383031298,,,0,,Bangalore,,,,,,"{'user_id': '91876154', 'username': 'TFU_Kannan'}",,,,
1088136802722971648,1088131984021368832,2019-01-23 12:10:05 CST,2019-01-23,12:10:05,-0500,825243162201448448,aabhas24,Aabhas Maldahiyar 🇮🇳,,@TrueIndology Thank you 🙂. I’ll like to stay in touch should I have any doubts.,en,['trueindology'],[],[],1,1,24,[],[],https://twitter.com/Aabhas24/status/1088136802722971648,,,0,,Bangalore,,,,,,"{'user_id': '4472065032', 'username': 'TrueIndology'}",,,,
1088059131607412736,1086898158301368321,2019-01-23 07:01:26 CST,2019-01-23,07:01:26,-0500,71795977,mrkaran_,Karan Sharma,,"Pushed a fix where the latest 10 orders were not fetched. 🙈
And additionally, now it shows the total amount you've spent too. 😛

pip install swiggy-analytics --upgrade 💥",en,[],[],[],1,0,5,[],[],https://twitter.com/mrkaran_/status/1088059131607412736,,,0,,Bangalore,,,,,,"{'user_id': '71795977', 'username': 'mrkaran_'}",,,,
1088142645329747968,1088049091853004800,2019-01-23 12:33:18 CST,2019-01-23,12:33:18,-0500,51391068,dipunair,ದಿಪು,,@senz_cruz @nsitharaman @PMOIndia @IndiaPostOffice Lies.. simple,en,"['nsitharaman', 'pmoindia', 'indiapostoffice']",[],[],0,0,3,[],[],https://twitter.com/dipunair/status/1088142645329747968,,,0,,Bangalore,,,,,,"{'user_id': '3752004615', 'username': 'senthil27091984'}",,,,
1088110343367376907,1087955867339841536,2019-01-23 10:24:56 CST,2019-01-23,10:24:56,-0500,203237012,anuragamuffin,Anurag Mallick,,"@BallinBellerin @SemperFiUtd @CNTIndia @VintageMUFC @supreeth28 @LonzoBaller_ Even now I think of that accident site with shattered glass pieces and bilious green Mobil flowing on the road and the overheard complaint ‘Aye, don’t tell lies...’. Priceless!",en,"['cntindia', 'vintagemufc', 'supreeth28', 'lonzoballer_']",[],[],0,0,3,[],[],https://twitter.com/anuragamuffin/status/1088110343367376907,,,0,,Bangalore,,,,,,"{'user_id': '1214676619', 'username': 'BallinBukayo'}",,,,
1088121476727914496,1087964085625520132,2019-01-23 11:09:11 CST,2019-01-23,11:09:11,-0500,2739960643,bkartred,Karthik Reddy,,"@KartikParija @DeathEndsFun @tmkrishna @menakadoshi @sanjaynath @chhavi @Finelychopped Wife recorded the impromptu music they both did :) - so, will at least hear it - yo yo ma after 15 yrs was fun - but he owns the Bach Suites - 59 years of playing them he said - made them his own - was glorious",en,"['kartikparija', 'deathendsfun', 'tmkrishna', 'menakadoshi', 'sanjaynath', 'chhavi', 'finelychopped']",[],[],2,0,2,[],[],https://twitter.com/BKartRed/status/1088121476727914496,,,0,,Bangalore,,,,,,"{'user_id': '821202200', 'username': 'KartikParija'}",,,,
