id,conversation_id,created_at,date,time,timezone,user_id,username,name,place,tweet,language,mentions,urls,photos,replies_count,retweets_count,likes_count,hashtags,cashtags,link,retweet,quote_url,video,thumbnail,near,geo,source,user_rt_id,user_rt,retweet_id,reply_to,retweet_date,translate,trans_src,trans_dest
1139205687379079169,1139205687379079169,2019-06-13 11:19:35 CDT,2019-06-13,11:19:35,-0500,724465587426992129,raizawilson,Raiza Wilson,,"Wish you a fantastic birthday and a great year ahead 💥 
God bless 🌟 @gvprakash https://t.co/5WoAyfAv9b",en,['gvprakash'],[],['https://pbs.twimg.com/media/D89FhhxV4AAZkt-.jpg'],31,219,7415,[],[],https://twitter.com/raizawilson/status/1139205687379079169,,,1,https://pbs.twimg.com/media/D89FhhxV4AAZkt-.jpg,Bangalore,,,,,,"{'user_id': None, 'username': None}",,,,
1139244515816984576,1139244515816984576,2019-06-13 13:53:53 CDT,2019-06-13,13:53:53,-0500,82872323,mupadi84,i_wildvaibhav,,Blank Winged Kite @TaiwanBirding @BirdsofBahrain @BirdsofVermont  @BirdWatchIndia @BirdsBritainIre @BSC_BC @clevelandbirds @BirdsBritainIre @BirdsofBhutan @birdsofprey_uk @BirdSightseeing @britishbirds @Birds_UK @newzealandbirds @panama_wildlife #BirdTherapy #wildlifephotography https://t.co/xsnADtr3bz,en,"['taiwanbirding', 'birdsofbahrain', 'birdsofvermont', 'birdwatchindia', 'birdsbritainire', 'clevelandbirds', 'birdsbritainire', 'birdsofbhutan', 'birdsofprey_uk', 'birdsightseeing', 'britishbirds', 'birds_uk', 'newzealandbirds', 'panama_wildlife']",[],['https://pbs.twimg.com/media/D89o1-VUwAE4nVU.jpg'],2,16,93,"['birdtherapy', 'wildlifephotography']",[],https://twitter.com/mupadi84/status/1139244515816984576,,,1,https://pbs.twimg.com/media/D89o1-VUwAE4nVU.jpg,Bangalore,,,,,,"{'user_id': None, 'username': None}",,,,
1139171650090414081,1139171650090414081,2019-06-13 09:04:20 CDT,2019-06-13,09:04:20,-0500,925636431946563584,vcsnameissujith,Sujith vcs Gowda,,"Everywhere #Pailwaan  crazzzz❣️ , 
  @KicchaSudeep ❣️😍😍

  Awesome painting by @NayanAc17448490 

#pailwaanboxingposter 
@krisshdop  @KSFA_Official @KicchafansKKSFA @Kiccha_DHFC @KicchaUniverse @KicchanHudugru @KicchaUniverse https://t.co/6z245iI4XA",en,"['kicchasudeep', 'nayanac17448490', 'krisshdop', 'ksfa_official', 'kicchafanskksfa', 'kiccha_dhfc', 'kicchauniverse', 'kicchanhudugru', 'kicchauniverse']",[],['https://pbs.twimg.com/media/D88mkFCUIAAYgE2.jpg'],5,37,205,"['pailwaan', 'pailwaanboxingposter']",[],https://twitter.com/vcsnameissujith/status/1139171650090414081,,,1,https://pbs.twimg.com/media/D88mkFCUIAAYgE2.jpg,Bangalore,,,,,,"{'user_id': None, 'username': None}",,,,
1139230057161846785,1139230057161846785,2019-06-13 12:56:26 CDT,2019-06-13,12:56:26,-0500,4595616312,hmjyothish14,Jyothish HM,,"After karnataka 

Rajasthan Congress has won 8 seats in by-elections to 17 wards of 15 urban local bodies held in total of 11 districts BJP won 5 wards. 

What changed peoples view after Lok Sabha results is still a question or it was EVM magic ? https://t.co/9B0FAxmIGf",en,[],[],['https://pbs.twimg.com/media/D89bsToVAAEhCGo.jpg'],0,11,17,[],[],https://twitter.com/hmjyothish14/status/1139230057161846785,,,1,https://pbs.twimg.com/media/D89bsToVAAEhCGo.jpg,Bangalore,,,,,,"{'user_id': None, 'username': None}",,,,
1139219842878201856,1139219842878201856,2019-06-13 12:15:50 CDT,2019-06-13,12:15:50,-0500,60919911,harlinasodhi,Harlina Sodhi,,"Fabulous Fun, Chatting &amp; #Learning with/from the BIY Coaches @ #Bengaluru #Coaching #Culture #Leadership https://t.co/qNmKPgo7py",en,[],[],"['https://pbs.twimg.com/media/D89SY87U0AAI0T1.jpg', 'https://pbs.twimg.com/media/D89SY88VAAAeM8X.jpg', 'https://pbs.twimg.com/media/D89SY86U4AAsFxW.jpg', 'https://pbs.twimg.com/media/D89SY87VUAALrfk.jpg']",1,5,23,"['learning', 'bengaluru', 'coaching', 'culture', 'leadership']",[],https://twitter.com/HarlinaSodhi/status/1139219842878201856,,,1,https://pbs.twimg.com/media/D89SY87U0AAI0T1.jpg,Bangalore,,,,,,"{'user_id': None, 'username': None}",,,,
1139205352191275010,1139205352191275010,2019-06-13 11:18:16 CDT,2019-06-13,11:18:16,-0500,34906212,katranjeet,Ranjeet Kate,,I was happy to see the dinner menu in Kannada on @emirates flight from Dubai-Bengaluru.Keep it up Emirates👏🏻@Vijaykarnataka @BangaloreMirror @HPKonemane @dp_satish https://t.co/viri5UKSmJ,en,"['emirates', 'vijaykarnataka', 'bangaloremirror', 'hpkonemane', 'dp_satish']",[],"['https://pbs.twimg.com/media/D89FOUVVUAA5I5q.jpg', 'https://pbs.twimg.com/media/D89FOUVUEAA1TWs.jpg']",4,32,191,[],[],https://twitter.com/katranjeet/status/1139205352191275010,,,1,https://pbs.twimg.com/media/D89FOUVVUAA5I5q.jpg,Bangalore,,,,,,"{'user_id': None, 'username': None}",,,,
1139145272401907712,1139145272401907712,2019-06-13 07:19:31 CDT,2019-06-13,07:19:31,-0500,879914240,amaljose_aj,Amal Jose,"{'type': 'Point', 'coordinates': [12.9739138, 77.7275288]}","Hackscript coming up with a new way of retail shopping.
#tescohackathon #tescohackathon2019 #tescotechnology #TescoIgnite19 https://t.co/c9JWNqcgY5",en,[],[],['https://pbs.twimg.com/media/D88Ok90VsAA5O0-.jpg'],0,2,5,"['tescohackathon', 'tescohackathon2019', 'tescotechnology', 'tescoignite19']",[],https://twitter.com/amaljose_aj/status/1139145272401907712,,,1,https://pbs.twimg.com/media/D88Ok90VsAA5O0-.jpg,Bangalore,,,,,,"{'user_id': None, 'username': None}",,,,
1139162054839812097,1139162054839812097,2019-06-13 08:26:13 CDT,2019-06-13,08:26:13,-0500,2414776794,vrundavs,vrundashankara,,"A lovely #thursdayevening ....
In #bangalore https://t.co/TS0NIybX6F",en,[],[],['https://pbs.twimg.com/media/D88d2OHVsAAuqkG.jpg'],0,0,9,"['thursdayevening', 'bangalore']",[],https://twitter.com/vrundavs/status/1139162054839812097,,,1,https://pbs.twimg.com/media/D88d2OHVsAAuqkG.jpg,Bangalore,,,,,,"{'user_id': None, 'username': None}",,,,
1139176305369337861,1139176305369337861,2019-06-13 09:22:50 CDT,2019-06-13,09:22:50,-0500,2584092998,imteyazray,Imteyaz Rayeen,,Dear @ICC   #INDvNZ https://t.co/KtSlj96FFd,en,['icc'],[],['https://pbs.twimg.com/tweet_video_thumb/D88qzhHUEAEOigD.jpg'],0,7,11,['indvnz'],[],https://twitter.com/imteyazray/status/1139176305369337861,,,1,https://pbs.twimg.com/tweet_video_thumb/D88qzhHUEAEOigD.jpg,Bangalore,,,,,,"{'user_id': None, 'username': None}",,,,
1139180662416482305,1139180662416482305,2019-06-13 09:40:09 CDT,2019-06-13,09:40:09,-0500,3248577055,ambily_c,Ambily Chandran,,An absolute privilege to lead &amp; work with some of the most talented folks who are enabling the shift from reactive recruiting to high value strategic resourcing #IndiaGTA #Proud #TalentFirst #IamIntel #aTeamWhoEatsTogetherStaysTogether #OnwardsAndUpwards #TeamQuarterly https://t.co/MXvOhxOidx,en,[],[],['https://pbs.twimg.com/media/D88uxDPU0AAJ0WJ.jpg'],0,2,17,"['indiagta', 'proud', 'talentfirst', 'iamintel', 'ateamwhoeatstogetherstaystogether', 'onwardsandupwards', 'teamquarterly']",[],https://twitter.com/ambily_c/status/1139180662416482305,,,1,https://pbs.twimg.com/media/D88uxDPU0AAJ0WJ.jpg,Bangalore,,,,,,"{'user_id': None, 'username': None}",,,,
1139161507491508224,1139161507491508224,2019-06-13 08:24:02 CDT,2019-06-13,08:24:02,-0500,820969164005261312,pluc_tv,pluc.tv,,"She wanted a break - but she realised she was being a #TrashTourist #Travel 

https://t.co/UJRN2gtpW2

#VacationDiaries #VacationMode https://t.co/6E0lByKa4m",en,[],['https://youtu.be/Xbb8X9kBrHA'],['https://pbs.twimg.com/media/D88dVBXUYAA4-BZ.jpg'],1,3,8,"['trashtourist', 'travel', 'vacationdiaries', 'vacationmode']",[],https://twitter.com/pluc_tv/status/1139161507491508224,,,1,https://pbs.twimg.com/media/D88dVBXUYAA4-BZ.jpg,Bangalore,,,,,,"{'user_id': None, 'username': None}",,,,
1139251098135384064,1139251098135384064,2019-06-13 14:20:02 CDT,2019-06-13,14:20:02,-0500,943363954713042944,shrirammoni,Shriram,,"Learning Game Dev Art Day - 03
- Pencil Lead Weights and Value Grayscale
- Riley's Approach 
- Basic Shading Exercise
- Types of Blends

#gamedev #indiegame #indiedev #indiegamedev #drawing #sketching #gamedev #LearningFIRST #motivation https://t.co/eCmcWddMSV",en,[],[],"['https://pbs.twimg.com/media/D89uzDzUIAAlJOK.jpg', 'https://pbs.twimg.com/media/D89u0T0UIAAIdbN.jpg']",0,1,4,"['gamedev', 'indiegame', 'indiedev', 'indiegamedev', 'drawing', 'sketching', 'gamedev', 'learningfirst', 'motivation']",[],https://twitter.com/shrirammoni/status/1139251098135384064,,,1,https://pbs.twimg.com/media/D89uzDzUIAAlJOK.jpg,Bangalore,,,,,,"{'user_id': None, 'username': None}",,,,
1139240373597773824,1139240373597773824,2019-06-13 13:37:25 CDT,2019-06-13,13:37:25,-0500,864298444873125888,vinayntr9999,Vinay Ntr,,"Its just a year since you are born, but you have given us so many sweet memories to cherish for our lifetimes! 
Happy 1st birthday to our Young Tiger @tarak9999 Son #BhargavaRam
God bless you ❤️💐 https://t.co/qOOsib4m25",en,['tarak9999'],[],['https://pbs.twimg.com/media/D89lEr5VUAAHs4o.jpg'],1,4,22,['bhargavaram'],[],https://twitter.com/VinayNtr9999/status/1139240373597773824,,,1,https://pbs.twimg.com/media/D89lEr5VUAAHs4o.jpg,Bangalore,,,,,,"{'user_id': None, 'username': None}",,,,
1139211965857820672,1139211965857820672,2019-06-13 11:44:32 CDT,2019-06-13,11:44:32,-0500,95882842,priyanjanaa,✨ Priyanjana ✨,,"Have you checked out my Instagram lately!? Have uploaded some cool shots! https://t.co/u4GTNQfHjz

#Instagram #instalove https://t.co/j4ggwlw52D",en,[],['http://Instagram.com/priyanjana'],[],1,0,6,"['instagram', 'instalove']",[],https://twitter.com/Priyanjanaa/status/1139211965857820672,,,1,https://pbs.twimg.com/ext_tw_video_thumb/1139211739499679744/pu/img/3GNiiE-P1yc2YZ3N.jpg,Bangalore,,,,,,"{'user_id': None, 'username': None}",,,,
1139277011392712704,1139277011392712704,2019-06-13 16:03:00 CDT,2019-06-13,16:03:00,-0500,836802970129952769,kabootar8,Sanjukta,,"Met this wonderful&amp;down to earth celebrity today in #Bangalore he traveled all the way to the event,didn't take a rest and left his dinner in the middle to take the fan request for pictures.that proves that he values his fan @princenarula88 you are amazing https://t.co/WrUGQ2RR8b",en,['princenarula88'],[],['https://pbs.twimg.com/media/D8-GZUoU4AM-RSC.jpg'],0,2,7,['bangalore'],[],https://twitter.com/Kabootar8/status/1139277011392712704,,,1,https://pbs.twimg.com/media/D8-GZUoU4AM-RSC.jpg,Bangalore,,,,,,"{'user_id': None, 'username': None}",,,,
1139203429207687168,1139203429207687168,2019-06-13 11:10:37 CDT,2019-06-13,11:10:37,-0500,1889647399,sheeku1,Srikanta Prasad,,New stocks at _IMA Jewelry. https://t.co/EVqfoo3w62,en,[],[],['https://pbs.twimg.com/media/D89DeoLU8AA9pez.jpg'],0,0,2,[],[],https://twitter.com/sheeku1/status/1139203429207687168,,,1,https://pbs.twimg.com/media/D89DeoLU8AA9pez.jpg,Bangalore,,,,,,"{'user_id': None, 'username': None}",,,,
1139132585152409600,1139132585152409600,2019-06-13 06:29:07 CDT,2019-06-13,06:29:07,-0500,4015391307,onlymanojkumar1,Namma Manoj 💙,,"https://t.co/N2eYezVWAx
Hitting on head🤕
 #youtube #youtuber #music #instagram #like #follow #love #youtubers #rap #gaming #hiphop #gamer  
#video #spotify #twitch #ps #fortnite #memes #funny #soundcloud #gay #subscribe #instagood #art 
#xbox #explore #meme #pam616 #panerai",en,[],['https://youtu.be/ndeDNYgUaDE'],[],0,0,6,"['youtube', 'youtuber', 'music', 'instagram', 'like', 'follow', 'love', 'youtubers', 'rap', 'gaming', 'hiphop', 'gamer', 'video', 'spotify', 'twitch', 'ps', 'fortnite', 'memes', 'funny', 'soundcloud', 'gay', 'subscribe', 'instagood', 'art', 'xbox', 'explore', 'meme', 'pam616', 'panerai']",[],https://twitter.com/onlymanojkumar1/status/1139132585152409600,,,0,,Bangalore,,,,,,"{'user_id': None, 'username': None}",,,,
1139211477389209600,1139211477389209600,2019-06-13 11:42:36 CDT,2019-06-13,11:42:36,-0500,248961109,arkodyutisaha,Arkodyuti Saha,,#DevRel could be the rising force for brands focussing on B2D products in the Indian #Developer Ecosystem 🇮🇳,en,[],[],[],0,2,8,"['devrel', 'developer']",[],https://twitter.com/arkodyutisaha/status/1139211477389209600,,,0,,Bangalore,,,,,,"{'user_id': None, 'username': None}",,,,
1139234923699507200,1139234923699507200,2019-06-13 13:15:46 CDT,2019-06-13,13:15:46,-0500,469496361,sharankalyan424,π,,King is back on Grass Court😍😍😍 Someone liked it!!!! @rogerfederer https://t.co/Bd4x5ULVVW,en,['rogerfederer'],[],['https://pbs.twimg.com/media/D89gF9QVAAE76vH.jpg'],0,1,3,[],[],https://twitter.com/sharankalyan424/status/1139234923699507200,,,1,https://pbs.twimg.com/media/D89gF9QVAAE76vH.jpg,Bangalore,,,,,,"{'user_id': None, 'username': None}",,,,
1139084454855503873,1139084454855503873,2019-06-13 03:17:51 CDT,2019-06-13,03:17:51,-0500,1366348538,pkeshwain,PRASHANT KESHWAIN 🏏,,This is what the @TrentBridge 👀 like at the moment. Not ☔ though. #CWC19 #INDvNZ https://t.co/PiNCPuWAcu,en,['trentbridge'],[],['https://pbs.twimg.com/media/D87XQ7cVUAEYdsI.jpg'],0,0,3,"['cwc19', 'indvnz']",[],https://twitter.com/pkeshwain/status/1139084454855503873,,,1,https://pbs.twimg.com/media/D87XQ7cVUAEYdsI.jpg,Bangalore,,,,,,"{'user_id': None, 'username': None}",,,,
1139208108167708672,1139208108167708672,2019-06-13 11:29:13 CDT,2019-06-13,11:29:13,-0500,2344587599,b_vishish,Vishvendra Bayas,,"@CocaColaCo @CocaCola_Ind Shamed to say but this is what i found in Maaza tetra pack. Really, COMPLEMENTARY DED ANTS IN SEALED PACK.. #Trustbroken #Shame https://t.co/Z3JdnfobrA",en,"['cocacolaco', 'cocacola_ind']",[],['https://pbs.twimg.com/media/D89HuVcUcAENU3u.jpg'],2,2,1,"['trustbroken', 'shame']",[],https://twitter.com/b_vishish/status/1139208108167708672,,,1,https://pbs.twimg.com/media/D89HuVcUcAENU3u.jpg,Bangalore,,,,,,"{'user_id': '23482357', 'username': 'CocaColaCo'}",,,,
1139208119219712005,1139208119219712005,2019-06-13 11:29:15 CDT,2019-06-13,11:29:15,-0500,881456425855098882,006akshaykumarm,ಅಕ್ಷಯ ಮಾಲಿಪಾಟೀಲ್,,"#Hampi Express likely to Get New Look ,coaches of this train likely to be upgrade under #utkrish within 3 months along with this #Golgumbaz Exp &amp; #Ranichennamma exp . @PiyushGoyal @SureshAngadi_ https://t.co/moUjlUHxHC",en,['piyushgoyal'],[],['https://pbs.twimg.com/media/D89HvavUYAESks9.jpg'],0,0,3,"['hampi', 'utkrish', 'golgumbaz', 'ranichennamma']",[],https://twitter.com/006AkshayKumarM/status/1139208119219712005,,,1,https://pbs.twimg.com/media/D89HvavUYAESks9.jpg,Bangalore,,,,,,"{'user_id': None, 'username': None}",,,,
1139233361640087553,1139233361640087553,2019-06-13 13:09:34 CDT,2019-06-13,13:09:34,-0500,84399789,badmashfrq,Farooq,,Just saw this notification of 'fake news' on a video. This is good. This is a start. https://t.co/Nqd1lYOQ31,en,[],[],['https://pbs.twimg.com/media/D89essxVUAAdaf5.jpg'],0,0,1,[],[],https://twitter.com/BadmashFRQ/status/1139233361640087553,,,1,https://pbs.twimg.com/media/D89essxVUAAdaf5.jpg,Bangalore,,,,,,"{'user_id': None, 'username': None}",,,,
1139197348158984192,1139197348158984192,2019-06-13 10:46:27 CDT,2019-06-13,10:46:27,-0500,101192826,team_desh,DESH,,"Air warriors never die
They just get new wings
Fly higher &amp;
Goes to a new space
13bright guiding stars joined the galaxy of our brave heart stars up there
looking down on us forever protecting us
forever guiding us
DESH promises the stars to be always with their families @IAF_MCC https://t.co/8nvtNq32WO",en,['iaf_mcc'],[],['https://pbs.twimg.com/media/D8898unUEAIfzRq.jpg'],0,3,14,[],[],https://twitter.com/TEAM_DESH/status/1139197348158984192,,,1,https://pbs.twimg.com/media/D8898unUEAIfzRq.jpg,Bangalore,,,,,,"{'user_id': None, 'username': None}",,,,
1139169692046651400,1139169692046651400,2019-06-13 08:56:33 CDT,2019-06-13,08:56:33,-0500,34536274,keyamadhvani,Keya Madhvani Singh,,When your work trip takes you back in time. https://t.co/i7zJwYcg2U,en,[],[],['https://pbs.twimg.com/media/D88kyLmUEAElWxM.jpg'],1,0,11,[],[],https://twitter.com/keyamadhvani/status/1139169692046651400,,,1,https://pbs.twimg.com/media/D88kyLmUEAElWxM.jpg,Bangalore,,,,,,"{'user_id': None, 'username': None}",,,,
1139146428373069824,1139146428373069824,2019-06-13 07:24:07 CDT,2019-06-13,07:24:07,-0500,297271385,suguna_n,ಸುಗುಣ,,Whatever happens..u just keep smiling.. U will get to know the power of smile..😍😀  #Hiii #GoodEvening @suguna_n @suvarnanewstv  #Cinemahungama #6.30pm https://t.co/14ImbOUtBr,en,['suguna_n'],[],"['https://pbs.twimg.com/media/D88Pnc7UYAAXoO9.jpg', 'https://pbs.twimg.com/media/D88PoWFUcAEH60-.jpg']",8,3,102,"['hiii', 'goodevening', 'cinemahungama']",[],https://twitter.com/suguna_n/status/1139146428373069824,,,1,https://pbs.twimg.com/media/D88Pnc7UYAAXoO9.jpg,Bangalore,,,,,,"{'user_id': None, 'username': None}",,,,
1139200538656903169,1139200538656903169,2019-06-13 10:59:08 CDT,2019-06-13,10:59:08,-0500,418554800,edge_verve,EdgeVerve,,"Here's @atulsoneja on the headline stage with an informative session on 'Smarter Businesses Built on AI.' Jonathan Moore from HSBC joined him to discuss about the challenges around implementing AI.

#AI #Automation #LondonTechWeek https://t.co/ofbW9aG4PC",en,['atulsoneja'],[],"['https://pbs.twimg.com/media/D89AydWUYAAojRO.jpg', 'https://pbs.twimg.com/media/D89A1BvUwAArd5z.jpg']",0,3,3,"['ai', 'automation', 'londontechweek']",[],https://twitter.com/edge_verve/status/1139200538656903169,,,1,https://pbs.twimg.com/media/D89AydWUYAAojRO.jpg,Bangalore,,,,,,"{'user_id': None, 'username': None}",,,,
1139210692664315905,1139210692664315905,2019-06-13 11:39:29 CDT,2019-06-13,11:39:29,-0500,166056545,kavitaaroor,Kavita Aroor,,"#IntelAI summit for the #studentAmbassadors &amp; #IntelInnovators Kickstarts today! Next couple of days are gonna be lot of learning sessions with hands on on OpenVino,  RL coach &amp; a Hackathon look forward to engage the community #IamIntel @AbhishekNandy81 #RisabBiswas @sidagarwal04 https://t.co/7z03p3pKp5",en,"['abhisheknandy81', 'sidagarwal04']",[],"['https://pbs.twimg.com/media/D89KD4PU4AA8yuq.jpg', 'https://pbs.twimg.com/media/D89KD4RU0AAkiCj.jpg']",0,0,4,"['intelai', 'studentambassadors', 'intelinnovators', 'iamintel', 'risabbiswas']",[],https://twitter.com/kavitaaroor/status/1139210692664315905,,,1,https://pbs.twimg.com/media/D89KD4PU4AA8yuq.jpg,Bangalore,,,,,,"{'user_id': None, 'username': None}",,,,
1139157228022222855,1139157228022222855,2019-06-13 08:07:02 CDT,2019-06-13,08:07:02,-0500,105663807,swamin400,Swaminathan Natarajan,,"Chennai Egmore #Museum 

Second oldest and one of the grand museums of India . Not to be missed if in Chennai

Can be elevated to world class standards. Request help of @MinOfCultureGoI @mafoikprajan @nirupamakotru @IcomOfficiel https://t.co/5rC9WLvrWS",en,"['minofculturegoi', 'mafoikprajan', 'nirupamakotru', 'icomofficiel']",[],['https://pbs.twimg.com/media/D88ZdSMUcAEG2z1.jpg'],0,5,14,['museum'],[],https://twitter.com/swamin400/status/1139157228022222855,,,1,https://pbs.twimg.com/media/D88ZdSMUcAEG2z1.jpg,Bangalore,,,,,,"{'user_id': None, 'username': None}",,,,
1139190482985111552,1139190482985111552,2019-06-13 10:19:10 CDT,2019-06-13,10:19:10,-0500,15115354,agv_ni,vain,,Dear @ICC thanks for hosting the Worst World Cup in the Worst Venue #INDvNZ,en,['icc'],[],[],0,2,21,['indvnz'],[],https://twitter.com/agv_ni/status/1139190482985111552,,,0,,Bangalore,,,,,,"{'user_id': None, 'username': None}",,,,
1139169707758456834,1139169707758456834,2019-06-13 08:56:37 CDT,2019-06-13,08:56:37,-0500,457283495,hckmstrrahul,→,,Good empathetic design modules by @Zomato  🎉🥰 This one shows how one can bring customers more closer to the brand. https://t.co/uZFmnqgnLS,en,['zomato'],[],['https://pbs.twimg.com/media/D88kzsCU8AAf1Cx.jpg'],0,0,5,[],[],https://twitter.com/hckmstrrahul/status/1139169707758456834,,,1,https://pbs.twimg.com/media/D88kzsCU8AAf1Cx.jpg,Bangalore,,,,,,"{'user_id': None, 'username': None}",,,,
1139191600934866944,1139179810901512192,2019-06-13 10:23:37 CDT,2019-06-13,10:23:37,-0500,2295392665,lakshmiprashan7,Lakshmi Prashanth,,"@srivatsayb Copy (quote) this tweet, then randomly pick a photo from your phone of a place that has no people or personal details. No explanation necessary. https://t.co/eHxaQjfkrB",en,['srivatsayb'],[],['https://pbs.twimg.com/media/D884uOKUEAETzXW.jpg'],0,1,3,[],[],https://twitter.com/lakshmiprashan7/status/1139191600934866944,,,1,https://pbs.twimg.com/media/D884uOKUEAETzXW.jpg,Bangalore,,,,,,"{'user_id': '45261768', 'username': 'srivatsayb'}",,,,
1139191869730988032,1139191869730988032,2019-06-13 10:24:41 CDT,2019-06-13,10:24:41,-0500,1654269554,tejaswi_sharma,Tejaswi sharma,,"Undoubtedly successful and will be big hit movie for sure shot. Congrats in advance for Ishan and Ashika, ur carriers big blockbuster opportunity Pavan sir @PavanWadeyar can’t wait .. will be waiting to watch on silver screen @NammaKFI @NamCinema @AshikaRangnathF https://t.co/BvJyS7RpSB",en,"['pavanwadeyar', 'nammakfi', 'namcinema', 'ashikarangnathf']",[],['https://pbs.twimg.com/media/D88489JU8AADdPa.jpg'],0,0,22,[],[],https://twitter.com/tejaswi_sharma/status/1139191869730988032,,,1,https://pbs.twimg.com/media/D88489JU8AADdPa.jpg,Bangalore,,,,,,"{'user_id': None, 'username': None}",,,,
1139154533395779584,1139154533395779584,2019-06-13 07:56:19 CDT,2019-06-13,07:56:19,-0500,2414776794,vrundavs,vrundashankara,,So big 🤔,en,[],[],[],0,1,4,[],[],https://twitter.com/vrundavs/status/1139154533395779584,,https://twitter.com/CenterForBioDiv/status/1138896448915955713,0,,Bangalore,,,,,,"{'user_id': None, 'username': None}",,,,
1139153759525670912,1139153759525670912,2019-06-13 07:53:15 CDT,2019-06-13,07:53:15,-0500,99538824,sat_perumal,Satish Perumal,,"Nobody:

Absolutely nobody: 

English weather: All right then, let me just fuck up the biggest cricketing event in the world!

#icc #CricketWorldCup #ICCWorldCup2019 #CWC19 #INDvNZ",en,[],[],[],0,0,4,"['icc', 'cricketworldcup', 'iccworldcup2019', 'cwc19', 'indvnz']",[],https://twitter.com/sat_perumal/status/1139153759525670912,,,0,,Bangalore,,,,,,"{'user_id': None, 'username': None}",,,,
1139229274836283392,1139229274836283392,2019-06-13 12:53:19 CDT,2019-06-13,12:53:19,-0500,775351041030139904,endoananth,"Anantharaman R MBBS,MD, DM(endo)🇮🇳👨‍⚕️⚕",,Now this.I wish strength to my medical brothers and sisters in westbengal. Its truly a dark day for our democracy. There will be dawn soon and may ma durga destroy evil!,en,[],[],[],0,2,4,[],[],https://twitter.com/Endoananth/status/1139229274836283392,,https://twitter.com/DrUdgeeth/status/1139186127183572997,0,,Bangalore,,,,,,"{'user_id': None, 'username': None}",,,,
1139205574732607493,1139205574732607493,2019-06-13 11:19:09 CDT,2019-06-13,11:19:09,-0500,4911084924,prabhatisb,Prabha🇮🇳,,Hitler reincarnated in WB??Nightmarish....She is turning toxic.,en,[],[],[],0,3,1,[],[],https://twitter.com/prabhatisb/status/1139205574732607493,,https://twitter.com/Soumyadipta/status/1138780663803342848,0,,Bangalore,,,,,,"{'user_id': None, 'username': None}",,,,
1139200702729736192,1139200702729736192,2019-06-13 10:59:47 CDT,2019-06-13,10:59:47,-0500,243755569,shrewnumb,Shruti Sharada (she/her/hers),,"After being called a ""moron"" for using ""vagina-possessors"", and not automatically ""women"", in a piece, reading this article by @laura_lemoon is cathartic. #Feminism has a larger space than what any #TERF or #SWERF will ever understand!

@Hidden_Pockets
https://t.co/JGElNzuraQ",en,"['laura_lemoon', 'hidden_pockets']",['https://link.medium.com/IkR5XtxruX'],[],1,1,4,"['feminism', 'terf', 'swerf']",[],https://twitter.com/shrewnumb/status/1139200702729736192,,,0,,Bangalore,,,,,,"{'user_id': None, 'username': None}",,,,
1139246957816238080,1139246957816238080,2019-06-13 14:03:35 CDT,2019-06-13,14:03:35,-0500,104043875,sharadasrinidhi,A Sharadhaa,,..Sinnga starring @chirusarja and @aditiprbhudeva is certified with a U/ A Produced by #UdayMehta film directed #VijayKiran  film to release on #July19 https://t.co/dUPAw3B1Tl,en,['chirusarja'],[],['https://pbs.twimg.com/media/D89rEdIUYAAHd_e.jpg'],0,0,18,"['udaymehta', 'vijaykiran', 'july19']",[],https://twitter.com/sharadasrinidhi/status/1139246957816238080,,,1,https://pbs.twimg.com/media/D89rEdIUYAAHd_e.jpg,Bangalore,,,,,,"{'user_id': None, 'username': None}",,,,
1139220395624546304,1139220395624546304,2019-06-13 12:18:02 CDT,2019-06-13,12:18:02,-0500,92047203,raksha_bhat,Raksha K Bhat MD CIC 🔬(She/her),,"This was not enough:

Looking at broken strips of tablets for the names

Giving immediate relief for gastritis or hangovers

Checking BP and giving insulin for the entire neighborhood
 
Asking second opinions in family functions

 #allforfree

#standwithnrs #Savethedoctors",en,[],[],[],0,2,6,"['allforfree', 'standwithnrs', 'savethedoctors']",[],https://twitter.com/Raksha_Bhat/status/1139220395624546304,,,0,,Bangalore,,,,,,"{'user_id': None, 'username': None}",,,,
1139213812630863872,1139213812630863872,2019-06-13 11:51:53 CDT,2019-06-13,11:51:53,-0500,2955143533,sam_speaks05,𝙋𝙡𝙖𝙣𝙚𝙩_𝙕𝙤𝙤𝙢 🇮🇳,,"It's gut wrenching to see @ncbn  like this.!!😭😭Such a low ..!! 
But for me, don't know I support @JaiTDP  forever but my love and support for  @ncbn  forever ..!!  He faces everything for the people irrespective of positions..!! #ncbnForever",en,"['ncbn', 'jaitdp', 'ncbn']",[],[],1,0,2,['ncbnforever'],[],https://twitter.com/Sam_Speaks05/status/1139213812630863872,,,0,,Bangalore,,,,,,"{'user_id': None, 'username': None}",,,,
1139225681068355584,1139225681068355584,2019-06-13 12:39:02 CDT,2019-06-13,12:39:02,-0500,36620568,shree_das01,Shree Saudamini Das,,This is NOT a *sponsored* post by ACE :P,en,[],[],[],1,0,21,[],[],https://twitter.com/Shree_Das01/status/1139225681068355584,,https://twitter.com/yash3339/status/1139143987900477440,0,,Bangalore,,,,,,"{'user_id': None, 'username': None}",,,,
1139182208025948160,1139182208025948160,2019-06-13 09:46:18 CDT,2019-06-13,09:46:18,-0500,873794970586562560,jusst_sway,Sway,,Short hair is really easy.. U need a drop of shampoo to wash ur hair..5mins to dry.. Need not comb.. Less oil +zero maintenance.. I don't feel like growing my hair back...!,en,[],[],[],3,1,14,[],[],https://twitter.com/jusst_sway/status/1139182208025948160,,,0,,Bangalore,,,,,,"{'user_id': None, 'username': None}",,,,
1139233508184870913,1139233508184870913,2019-06-13 13:10:08 CDT,2019-06-13,13:10:08,-0500,4911084924,prabhatisb,Prabha🇮🇳,,"Gita chapter 4,verses 7&amp;8 Lord Krishna says:whenever there is a decay of righteousness,I will come forth to protect the good&amp;destroy the evil doers.WB today symbolises unrighteousness&amp;sinful rotten system!It is time for @MamataOfficial to resign ..#Savethedoctors",en,['mamataofficial'],[],[],0,1,9,['savethedoctors'],[],https://twitter.com/prabhatisb/status/1139233508184870913,,,0,,Bangalore,,,,,,"{'user_id': None, 'username': None}",,,,
1139160923711557632,1139160923711557632,2019-06-13 08:21:43 CDT,2019-06-13,08:21:43,-0500,103020566,puliyogare_mix,Muckatira,,Brilliant goal,en,[],[],[],0,0,2,[],[],https://twitter.com/Puliyogare_Mix/status/1139160923711557632,,https://twitter.com/FIH_Hockey/status/1139159981801005056,0,,Bangalore,,,,,,"{'user_id': None, 'username': None}",,,,
1139213648960712704,1139213648960712704,2019-06-13 11:51:14 CDT,2019-06-13,11:51:14,-0500,1394928985,sankeyboy,Sanket Nayak,,The best CRED points ever 😊,en,[],[],[],0,0,6,[],[],https://twitter.com/sankeyboy/status/1139213648960712704,,https://twitter.com/kunalb11/status/1139133221633908739,0,,Bangalore,,,,,,"{'user_id': None, 'username': None}",,,,
1139240718491275264,1139240718491275264,2019-06-13 13:38:48 CDT,2019-06-13,13:38:48,-0500,617996053,mukherjiratna,Mili(R)🌹🆎️🌹,,"Do an evening review at the end of the day to reflect on what went well, and what you'd do differently next time....
Good evening sir. Have a fantastic friday tomorrow. 🙏🙏❤❤
@SrBachchan https://t.co/6fuok86Iak",en,['srbachchan'],[],['https://pbs.twimg.com/media/D89lY33UwAIMizY.jpg'],0,0,2,[],[],https://twitter.com/MukherjiRatna/status/1139240718491275264,,,1,https://pbs.twimg.com/media/D89lY33UwAIMizY.jpg,Bangalore,,,,,,"{'user_id': None, 'username': None}",,,,
1139243066433232897,1139243066433232897,2019-06-13 13:48:07 CDT,2019-06-13,13:48:07,-0500,104043875,sharadasrinidhi,A Sharadhaa,,.. @Rvikramravicha3 ’s debut to be titled #Trivikrama? Film to start shoot in #August  https://t.co/am1lvpSCs4 via @XpressCinema Kannada upcoming heroines looking for an opportunity can send details to   gowrientertainers@gmail.com or call dir #Sahanamurthy 9972246666 @NamCinema https://t.co/4CEFfR3rzd,en,"['rvikramravicha3', 'xpresscinema', 'namcinema']",['https://www.cinemaexpress.com/stories/news/2019/jun/12/vikram-ravichandrans-debut-to-be-titled-trivikrama-12258.html'],['https://pbs.twimg.com/media/D89ngZ5UEAEAVC1.jpg'],0,1,30,"['trivikrama', 'august', 'sahanamurthy']",[],https://twitter.com/sharadasrinidhi/status/1139243066433232897,,,1,https://pbs.twimg.com/media/D89ngZ5UEAEAVC1.jpg,Bangalore,,,,,,"{'user_id': None, 'username': None}",,,,
1139177380537200641,1139177380537200641,2019-06-13 09:27:07 CDT,2019-06-13,09:27:07,-0500,443013691,kalisbrood,Kali's Brood 🇮🇳,,"Sanskrit in popular culture. Snippets from movie songs across languages. Must watch, heat and savour...so so good..check especially Rig Veda rendition in a Bengali movie..something about that style, so different...",en,[],[],[],0,0,1,[],[],https://twitter.com/kalisbrood/status/1139177380537200641,,https://twitter.com/pvaal2/status/1135153406170021889,0,,Bangalore,,,,,,"{'user_id': None, 'username': None}",,,,
1139244520506134528,1139244520506134528,2019-06-13 13:53:54 CDT,2019-06-13,13:53:54,-0500,214326508,pmenonifpri,Dr. Purnima Menon,,"Powerful writing, as always, by @NickKristof  - the inequities in this world are so stark &amp; we are all part of this picture.  I am acutely aware of my privilege &amp; everyone reading this should be.  Let’s join hands to deploy the best for every child and to tell stories of success",en,['nickkristof'],[],[],0,6,10,[],[],https://twitter.com/PMenonIFPRI/status/1139244520506134528,,https://twitter.com/NickKristof/status/1138941721788784645,0,,Bangalore,,,,,,"{'user_id': None, 'username': None}",,,,
1139216085444485120,1139216085444485120,2019-06-13 12:00:55 CDT,2019-06-13,12:00:55,-0500,1394928985,sankeyboy,Sanket Nayak,,"This is something that’s a common goal. We’ve managed to go paperless on otherwise 150 M A4 pages -&gt; ~13,000 fully grown trees. We are doing our bit &amp; dream of a paperless world",en,[],[],[],1,0,6,[],[],https://twitter.com/sankeyboy/status/1139216085444485120,,https://twitter.com/sankeyboy/status/1139213648960712704,0,,Bangalore,,,,,,"{'user_id': None, 'username': None}",,,,
1139202908933640193,1139202908933640193,2019-06-13 11:08:33 CDT,2019-06-13,11:08:33,-0500,348515066,raginidwivedi24,👑 Ragini Dwivedi 👑,,"Medical attention is the basic right of every person .there are no hospitals in Coorg .. It would be really helpful for the people of Kodagu if this could be done to us
ದಯವಿಟ್ಟು ಸ್ಪಂದಿಸಿ 🙏
@CMofKarnataka
#WeNeedEmergencyHospitalInKodagu",en,['cmofkarnataka'],[],[],4,3,90,['weneedemergencyhospitalinkodagu'],[],https://twitter.com/raginidwivedi24/status/1139202908933640193,,,0,,Bangalore,,,,,,"{'user_id': None, 'username': None}",,,,
1139242791605641216,1139242791605641216,2019-06-13 13:47:02 CDT,2019-06-13,13:47:02,-0500,984736099615608837,satishshekar,Satish Shekar,,Many #Startup ideas are still at imagination stage!!!,en,[],[],[],0,0,6,['startup'],[],https://twitter.com/SatishShekar/status/1139242791605641216,,,0,,Bangalore,,,,,,"{'user_id': None, 'username': None}",,,,
1139318006247350272,1139318006247350272,2019-06-13 18:45:54 CDT,2019-06-13,18:45:54,-0500,95404086,reallgupta,I C Gupta,,"Raghuram Rajan Among Contenders For Bank Of England Governor Post: Raghuram Rajan, who served as the 23rd Governor of RBI between 2013 and 2016, is the only outsider among the top contenders for the job https://t.co/u9Pm5hGO0H",en,[],['https://www.outlookindia.com/website/story/world-news-ex-rbi-governor-raghuram-rajan-top-contender-for-bank-of-england-top-post/332022?utm_source=amp&utm_medium=tw&utm_campaign=amp'],[],0,2,4,[],[],https://twitter.com/ReallGupta/status/1139318006247350272,,,0,,Bangalore,,,,,,"{'user_id': None, 'username': None}",,,,
1139184819441586177,1139184819441586177,2019-06-13 09:56:40 CDT,2019-06-13,09:56:40,-0500,9404762,nikhilnarayanan,Nikhil | നിഖിൽ,,"The New York Times has a course to teach its reporters data skills, and now they’ve open-sourced it

 https://t.co/63aXkEsyD9",en,[],['https://www.niemanlab.org/2019/06/the-new-york-times-has-a-course-to-teach-its-reporters-data-skills-and-now-theyve-open-sourced-it/'],[],1,4,8,[],[],https://twitter.com/nikhilnarayanan/status/1139184819441586177,,,0,,Bangalore,,,,,,"{'user_id': None, 'username': None}",,,,
1139226101929000961,1139226101929000961,2019-06-13 12:40:43 CDT,2019-06-13,12:40:43,-0500,945997100,gopalkeshri,Gopal Keshri,,"#IMAFraudCase is just a tip of an iceberg.

Such Halal investment might be flourishing in many parts of India

To save poor Muslim investors, we demand #BanShariaLaw",en,[],[],[],0,1,2,"['imafraudcase', 'bansharialaw']",[],https://twitter.com/GopalKeshri/status/1139226101929000961,,,0,,Bangalore,,,,,,"{'user_id': None, 'username': None}",,,,
1139211373676658688,1139211373676658688,2019-06-13 11:42:11 CDT,2019-06-13,11:42:11,-0500,34906212,katranjeet,Ranjeet Kate,,Thatch-er?,en,[],[],[],0,0,2,[],[],https://twitter.com/katranjeet/status/1139211373676658688,,https://twitter.com/scroll_in/status/1139204670990290946,0,,Bangalore,,,,,,"{'user_id': None, 'username': None}",,,,
1139321140667568129,1139321140667568129,2019-06-13 18:58:22 CDT,2019-06-13,18:58:22,-0500,2154790861,taruna2309,Taruna Manchanda,,"While watching some TV series (which I've actually just started doing in life), I noticed that the response of ""sorry"" mostly is ""Thank you. I appreciate that.""

While I have always heard and said ""it's okay"" in response.",en,[],[],[],3,0,9,[],[],https://twitter.com/Taruna2309/status/1139321140667568129,,,0,,Bangalore,,,,,,"{'user_id': None, 'username': None}",,,,
1139294532376203264,1139294532376203264,2019-06-13 17:12:38 CDT,2019-06-13,17:12:38,-0500,164698586,sangeeth96,𝙎𝘼𝙉𝙂𝙀𝙀𝙏𝙃 𝙎𝙐𝘿𝙃𝙀𝙀𝙍,,"And I miss the very handy nature of the SE. I seriously wish they made Android phones around 4.5"" instead of tablets masquerading as phones.",en,[],[],[],0,1,1,[],[],https://twitter.com/sangeeth96/status/1139294532376203264,,,0,,Bangalore,,,,,,"{'user_id': None, 'username': None}",,,,
1139153531506528259,1139153531506528259,2019-06-13 07:52:21 CDT,2019-06-13,07:52:21,-0500,526457027,abiswas25,Anuvab Biswas,,"Getting very close to 4 matches washed out. This is terrible from @ICC @ECB_cricket @cricketworldcup 
Totally unacceptable to hold a marquee event occuring once in 4 years at a time and place of rainy weather. 
PATHETIC!!",en,"['icc', 'ecb_cricket', 'cricketworldcup']",[],[],0,1,1,[],[],https://twitter.com/abiswas25/status/1139153531506528259,,,0,,Bangalore,,,,,,"{'user_id': None, 'username': None}",,,,
1139232885976621056,1139232885976621056,2019-06-13 13:07:40 CDT,2019-06-13,13:07:40,-0500,327188777,_rvchel,felicia the goat,,"The best lesson I’ve learned here so far is that a lot of bad feelings come from focusing too much on the past and future. I’m sitting here rn feeling bad about something I said like 30 minutes ago, for what? Lmao I can’t change it so why am I pressed😂",en,[],[],[],1,0,9,[],[],https://twitter.com/_rvchel/status/1139232885976621056,,,0,,Bangalore,,,,,,"{'user_id': None, 'username': None}",,,,
1139244125645967360,1139244125645967360,2019-06-13 13:52:20 CDT,2019-06-13,13:52:20,-0500,104043875,sharadasrinidhi,A Sharadhaa,,... #AadiLakshmiPurana makers looking for #July19 release https://t.co/4AMd3z0tbW via @XpressCinema The film starring @RadhikaPandit7 and @nirupbhandari directed by #VPriya has been certified U/A and producer @RLVenkatesh has locked this date for the release @NamCinema,en,"['xpresscinema', 'radhikapandit7', 'nirupbhandari', 'rlvenkatesh', 'namcinema']",['https://www.cinemaexpress.com/stories/news/2019/jun/12/aadi-lakshmi-purana-makers-looking-for-july-19-release-12253.html'],[],0,10,157,"['aadilakshmipurana', 'july19', 'vpriya']",[],https://twitter.com/sharadasrinidhi/status/1139244125645967360,,,0,,Bangalore,,,,,,"{'user_id': None, 'username': None}",,,,
1139174907709837312,1139174907709837312,2019-06-13 09:17:17 CDT,2019-06-13,09:17:17,-0500,1020621489551364096,prabhas_raj23,Prabha❤,,Your favourite hero 😘😍,en,[],[],[],0,1,3,[],[],https://twitter.com/Prabhas_raj23/status/1139174907709837312,,,0,,Bangalore,,,,,,"{'user_id': None, 'username': None}",,,,
1139217648342855680,1139217648342855680,2019-06-13 12:07:07 CDT,2019-06-13,12:07:07,-0500,576833852,takshashilainst,Takshashila Institution,,Our alumnus @adityadash_bbsr writes about our graduate certificate programmes and what he took away from them. Send us a DM if you'd like to apply!,en,['adityadash_bbsr'],[],[],0,1,2,[],[],https://twitter.com/TakshashilaInst/status/1139217648342855680,,https://twitter.com/adityadash_bbsr/status/1139165940816306176,0,,Bangalore,,,,,,"{'user_id': None, 'username': None}",,,,
1139283750062182400,1139283750062182400,2019-06-13 16:29:47 CDT,2019-06-13,16:29:47,-0500,2190009283,chapidee,Sai Priya Mahajan,,"A horrible effect of spending time in a testosterone heavy environment like an IIT is how we get desensitised to a culture of chest thumping &amp; start finding that normal. It's such a relief to hear a good argument, using pure logic, without the need to assert dominance.",en,[],[],[],1,0,6,[],[],https://twitter.com/chapidee/status/1139283750062182400,,,0,,Bangalore,,,,,,"{'user_id': None, 'username': None}",,,,
1139247103543107584,1139247103543107584,2019-06-13 14:04:10 CDT,2019-06-13,14:04:10,-0500,796372758850453505,masalaboxtravel,Chitra M,,"Twitter needs to work on their algorithm.. how much ever cats and dogs and cute wildlife I keep watching and retweeting, the feed keeps throwing up politics and religion 😐😐",en,[],[],[],1,0,3,[],[],https://twitter.com/masalaboxtravel/status/1139247103543107584,,,0,,Bangalore,,,,,,"{'user_id': None, 'username': None}",,,,
1139206171598835713,1080432335890182144,2019-06-13 11:21:31 CDT,2019-06-13,11:21:31,-0500,1497921954,iyer_rn,🇮🇳 Ramaswamy Iyer 🕉️,,"@bvsche @sgurumurthy @kanimozhi @keralaCastro @anilindian @HKupdate @girishalva @chathootti @prafullaketkar @excomradekerala @Prof_Hariom @ranganaathan @jspandey_ @SaveSabrimala @ensine @sagenaradamuni @MaheshJoshi_MJ @jsaideepak @advmonikaarora @ShefVaidya @rvaidya2000 @RajivMessage @HinduAmericans @Swamy39 @vhskerala @mohandastg @TVMohandasPai @Amritanandamayi @SriSri @mariawirth1 @sankrant @Koenraad_Elst @davidfrawleyved @fgautier26 @Janamejayan @rishibagree @DrGPradhan @IndianInterest @anuraag_saxena @AAOLion @anujdhar @MissionNetaji @PanickarS @majorgauravarya @GeneralBakshi @PiyushGoyal @narendramodi President  Board of Directors East India Company said in the House of Commons in 1857: “God has handed over great empire of India to England for converting all  Hindus to Christianity"". @madhukishwar @TrueIndologyliv @kumarnandaj https://t.co/7m41cjtWlF",en,"['bvsche', 'sgurumurthy', 'kanimozhi', 'keralacastro', 'anilindian', 'hkupdate', 'girishalva', 'chathootti', 'prafullaketkar', 'excomradekerala', 'prof_hariom', 'ranganaathan', 'jspandey_', 'savesabrimala', 'ensine', 'sagenaradamuni', 'maheshjoshi_mj', 'jsaideepak', 'advmonikaarora', 'shefvaidya', 'rvaidya2000', 'rajivmessage', 'hinduamericans', 'swamy39', 'vhskerala', 'mohandastg', 'tvmohandaspai', 'amritanandamayi', 'srisri', 'mariawirth1', 'sankrant', 'koenraad_elst', 'davidfrawleyved', 'fgautier26', 'janamejayan', 'rishibagree', 'drgpradhan', 'indianinterest', 'anuraag_saxena', 'aaolion', 'anujdhar', 'missionnetaji', 'panickars', 'majorgauravarya', 'generalbakshi', 'piyushgoyal', 'narendramodi', 'madhukishwar', 'trueindologyliv', 'kumarnandaj']",['https://www.organiser.org/Encyc/2019/5/21/The-National-War-for-Freedom.html'],[],10,123,86,[],[],https://twitter.com/iyer_rn/status/1139206171598835713,,,0,,Bangalore,,,,,,"{'user_id': '1497921954', 'username': 'iyer_rn'}",,,,
1139186296100810753,1139075402758991872,2019-06-13 10:02:32 CDT,2019-06-13,10:02:32,-0500,2887565550,krmanja123,K.R.MANJUNATH,,@krupashanker They are obsessed with sex and violence and it's difficult to see any spirituality in Islam.,en,[],[],[],0,2,3,[],[],https://twitter.com/krmanja123/status/1139186296100810753,,,0,,Bangalore,,,,,,"{'user_id': '162787206', 'username': 'RAMKARYADHAR'}",,,,
1139192728892235778,1139192728892235778,2019-06-13 10:28:06 CDT,2019-06-13,10:28:06,-0500,756857616433754112,sabojisharsh,Shriharsh Saboji,,"@jagdishjojawar your handle name jojo hears like mamata didi calling you, as jogdishjojawar and in short jojo 😂🤣",en,['jagdishjojawar'],[],[],1,1,3,[],[],https://twitter.com/sabojisharsh/status/1139192728892235778,,,0,,Bangalore,,,,,,"{'user_id': '584065013', 'username': 'jagdishjojawar'}",,,,
1139253001913192448,1139253001913192448,2019-06-13 14:27:36 CDT,2019-06-13,14:27:36,-0500,38742134,revathyashok,Revathy Ashok,,"Good article ! Kejriwal’s idea is not so crazy, after all https://t.co/WsBcvT0xpO",en,[],['https://www.thehindubusinessline.com/opinion/columns/r-srinivasan/kejriwals-idea-is-not-so-crazy-after-all/article27890490.ece'],[],1,1,3,[],[],https://twitter.com/RevathyAshok/status/1139253001913192448,,,0,,Bangalore,,,,,,"{'user_id': None, 'username': None}",,,,
1139244898593341441,1139244898593341441,2019-06-13 13:55:24 CDT,2019-06-13,13:55:24,-0500,29133952,parvathimenon,Parvathi Menon,,"What a sad state of affairs in West Bengal. Unacceptable level of violence, none of the checks and balances seem to be working, complete anarchy led by a crazy Chief Minister. 
@AmitShah how long can she be allowed to lead a destructive campaign against people &amp; society at large?",en,['amitshah'],[],[],0,0,2,[],[],https://twitter.com/parvathimenon/status/1139244898593341441,,https://twitter.com/ANI/status/1139192732562313217,0,,Bangalore,,,,,,"{'user_id': None, 'username': None}",,,,
1139194058746675201,1139109434561400837,2019-06-13 10:33:23 CDT,2019-06-13,10:33:23,-0500,208115349,regattekreddy,Karunakar,,"@ndtv Does @ndtv believe that nana Patekar is guilty? Then they should do their own investigation and submit proofs to court ,else shut up and stop doing this pimping.If your genuinely reporting ,u should highlight or show both involved parties arguments and comments. #prestitutes",en,"['ndtv', 'ndtv']",[],[],0,0,4,['prestitutes'],[],https://twitter.com/regattekreddy/status/1139194058746675201,,,0,,Bangalore,,,,,,"{'user_id': '37034483', 'username': 'ndtv'}",,,,
1139278012585615360,1139107416782413824,2019-06-13 16:06:59 CDT,2019-06-13,16:06:59,-0500,951135877098434560,venkatesh_rvk14,Venkatesh reddy / ವೆಂಕಟೇಶ್ ರೆಡ್ಡಿ 🇮🇳,,@BJP4Delhi @rajag24 @AmitShah @byadavbjp And we saw one guy holding a Victory parade in some Lilliput state After losing his family bastion. @v2l2b2 @MuralikrishnaE1 @Saru81589968 @followaanchal @Heisenberg369 @ramapriya1989,en,"['bjp4delhi', 'rajag24', 'amitshah', 'byadavbjp', 'v2l2b2', 'muralikrishnae1', 'saru81589968', 'followaanchal', 'heisenberg369', 'ramapriya1989']",[],[],0,1,3,[],[],https://twitter.com/venkatesh_rvk14/status/1139278012585615360,,,0,,Bangalore,,,,,,"{'user_id': '337065278', 'username': 'BJP4Delhi'}",,,,
1139198200386949121,1135959574819721218,2019-06-13 10:49:50 CDT,2019-06-13,10:49:50,-0500,301309289,mani24sjcpl,Thavamani Chinnappan,,"@shashibk @BLRAirport @cpronammametro @srinualavilli @bengalurutrains @WFRising @Dnekundi_rising @nmenezesET @kappansky @DVSBJP @Tejasvi_Surya @PCMohanMP @CMofKarnataka @kiranshaw @TVMohandasPai @Anandagundurao @ashwinmahesh @Cpt_Naveen @mani1972ias @GauthamMachaiah @grovervj @nimmasuresh @AmitShah @priyankac19 @IJaising @JhaSanjay @BJP4India @shahid_siddiqui @amitmalviya @ikamalhaasan @rajinikanth @ashoswai @dravirmani @davidfrawleyved @geetv79 @RSSorg @sgurumurthy @sanjukta @narendramodi @rajnathsingh @d_jaishankar @Nidhi Feel D Meet, btwn @narendramodi &amp; #Xi_China #Putin_Russia Was not Cozy!
Think China May Avoid Us! In Future!
@sagarikaghose @d_jaishankar @tallstories @DrSJaishankar @RShivshankar @rahulkanwal @KaranThapar_TTP",en,"['shashibk', 'blrairport', 'cpronammametro', 'srinualavilli', 'bengalurutrains', 'wfrising', 'dnekundi_rising', 'kappansky', 'dvsbjp', 'tejasvi_surya', 'pcmohanmp', 'cmofkarnataka', 'kiranshaw', 'tvmohandaspai', 'anandagundurao', 'ashwinmahesh', 'cpt_naveen', 'mani1972ias', 'gauthammachaiah', 'grovervj', 'nimmasuresh', 'amitshah', 'priyankac19', 'ijaising', 'jhasanjay', 'bjp4india', 'shahid_siddiqui', 'amitmalviya', 'ikamalhaasan', 'rajinikanth', 'ashoswai', 'dravirmani', 'davidfrawleyved', 'geetv79', 'rssorg', 'sgurumurthy', 'sanjukta', 'narendramodi', 'rajnathsingh', 'd_jaishankar', 'nidhi', 'narendramodi', 'sagarikaghose', 'd_jaishankar', 'tallstories', 'drsjaishankar', 'rshivshankar', 'rahulkanwal', 'karanthapar_ttp']",[],[],2,0,3,"['xi_china', 'putin_russia']",[],https://twitter.com/mani24sjcpl/status/1139198200386949121,,,0,,Bangalore,,,,,,"{'user_id': '301309289', 'username': 'mani24sjcpl'}",,,,
1139244934068723712,1139221675084603393,2019-06-13 13:55:33 CDT,2019-06-13,13:55:33,-0500,348992099,bubun_s,🇮🇳 𝓫𝓸𝓾𝓻𝓫𝓸𝓷 🇮🇳,,"@imcurious__ Batman first appeared in comics in the year 1939. This was also referred in the Justice League animated series' episode ""A Better World"" in which Batman (of other dimension) has set the prison doors' lock pin as 1939.
#NowYouKnow",en,['imcurious__'],[],[],0,0,1,['nowyouknow'],[],https://twitter.com/bubun_s/status/1139244934068723712,,,0,,Bangalore,,,,,,"{'user_id': '706773231529648128', 'username': 'imcurious__'}",,,,
1139260092023365633,1139070385138180096,2019-06-13 14:55:47 CDT,2019-06-13,14:55:47,-0500,760770874924408832,sachinambigas,Sachin Ambig,,"@Shivarajkumar_ @cariappa14 @DEOKodagu @hd_kumaraswamy @kp_sreekanth @SagarManasu Dear shivanna not in only kodagu..
Our Uttara kannada also is their plz support our uttara kannada and all over karnataka  which district Don't have emergency hospital plz support it sir  thank u...",en,"['cariappa14', 'hd_kumaraswamy', 'kp_sreekanth', 'sagarmanasu']",[],[],0,0,4,[],[],https://twitter.com/SachinAmbigAS/status/1139260092023365633,,,0,,Bangalore,,,,,,"{'user_id': '867422327956545536', 'username': 'ShivarajkumarFc'}",,,,
1139220777901838336,1138870891838750720,2019-06-13 12:19:33 CDT,2019-06-13,12:19:33,-0500,727447609,mionaju,みこなず Mikonaju,,@vishallangthasa @bts_bighit @YouTubeIndia @YTCreatorsIndia Etu tamam jomoni. Aloo pitika stan for life. BTS stan for life. And Vishal stan for life. Borahae!!💜,en,"['vishallangthasa', 'bts_bighit', 'youtubeindia', 'ytcreatorsindia']",[],[],0,0,2,[],[],https://twitter.com/MionaJu/status/1139220777901838336,,,0,,Bangalore,,,,,,"{'user_id': '78943640', 'username': 'vishallangthasa'}",,,,
1139260560694894593,1138854438238507008,2019-06-13 14:57:38 CDT,2019-06-13,14:57:38,-0500,429726324,rkeerthinarayan,Keerthi Narayan R,,@bengaloorurani U don't have a 6-7yr old who asks all the doubts about the movie while it is going on... Do you??😜,en,[],[],[],1,0,1,[],[],https://twitter.com/RKeerthiNarayan/status/1139260560694894593,,,0,,Bangalore,,,,,,"{'user_id': '1118897012072701952', 'username': 'hippierani'}",,,,
1139210884415406091,1139166447857414145,2019-06-13 11:40:15 CDT,2019-06-13,11:40:15,-0500,2834506764,juwonnacomein,kore istham,,@tae_ona You expressed it really well Sonam I'm proud of you 💜,en,['tae_ona'],[],[],1,0,3,[],[],https://twitter.com/juwonnacomein/status/1139210884415406091,,,0,,Bangalore,,,,,,"{'user_id': '955044166945263616', 'username': 'hertzzz_52'}",,,,
1139246104585752576,1139236495414505473,2019-06-13 14:00:12 CDT,2019-06-13,14:00:12,-0500,3396756485,ziggystarfist,Ziggy Starfist,,"@ELangfordMusic My word, your eyes are twice portals ingesting time and digesting light, of a colour indescribably hued. 
With smile of pure satisfaction from, I’m sure, a concoction to incant and enchant, evoking the place where the ocean meets the deeper ether.
I’m happy for your competitions!",en,['elangfordmusic'],[],[],0,0,4,[],[],https://twitter.com/ZiggyStarFist/status/1139246104585752576,,,0,,Bangalore,,,,,,"{'user_id': '20780288', 'username': 'ELangfordMusic'}",,,,
1139298313251909632,1139294122773270528,2019-06-13 17:27:39 CDT,2019-06-13,17:27:39,-0500,212854851,jawa_kumar,Jawa Kumar,,@9GAG Singing confident with wrong lyrics,en,['9gag'],[],[],1,0,8,[],[],https://twitter.com/jawa_kumar/status/1139298313251909632,,,0,,Bangalore,,,,,,"{'user_id': '16548023', 'username': '9GAG'}",,,,
1139157406091362304,1139151965655523329,2019-06-13 08:07:44 CDT,2019-06-13,08:07:44,-0500,443013691,kalisbrood,Kali's Brood 🇮🇳,,"@BharatPronam @From_Himalaya @iridines I concur..deeper the abyss, higher the peak...",en,"['bharatpronam', 'from_himalaya']",[],[],0,1,2,[],[],https://twitter.com/kalisbrood/status/1139157406091362304,,,0,,Bangalore,,,,,,"{'user_id': '1039739105540759558', 'username': 'BharatPronam'}",,,,
1139247920912293888,1139087534758203392,2019-06-13 14:07:25 CDT,2019-06-13,14:07:25,-0500,1441494854,keshavmeda,keshav.sol | keshavmeda.eth,,"@LifeMathMoney This tweet not been thought through, way too much generalization from very little data points.",en,['lifemathmoney'],[],[],0,0,3,[],[],https://twitter.com/keshavmeda/status/1139247920912293888,,,0,,Bangalore,,,,,,"{'user_id': '997366953571422208', 'username': 'LifeMathMoney'}",,,,
1139177816145006593,1139168832134627330,2019-06-13 09:28:50 CDT,2019-06-13,09:28:50,-0500,710376289148874752,navwhy,a p navin,,"@smritiirani @MinistryWCD Depression and sadness due to online lifestyle should be made zero. A depression free Barath a must. Popullation control must. @drharshvardhan @rsprasad It will not happen, God do something, yes.",en,"['smritiirani', 'ministrywcd', 'drharshvardhan', 'rsprasad']",[],[],0,0,2,[],[],https://twitter.com/navwhy/status/1139177816145006593,,,0,,Bangalore,,,,,,"{'user_id': '130104041', 'username': 'smritiirani'}",,,,
1139321144945700864,1139321140667568129,2019-06-13 18:58:23 CDT,2019-06-13,18:58:23,-0500,2154790861,taruna2309,Taruna Manchanda,,"Whereas my experience says, we Indians are far more accepting and forgiving (which could very well be a side effect of us trying to retain our social connections). And hence the phrase, ""it's okay"".

Have you also noticed this? What do you say when someone apologizes to you?",en,[],[],[],2,0,7,[],[],https://twitter.com/Taruna2309/status/1139321144945700864,,,0,,Bangalore,,,,,,"{'user_id': '2154790861', 'username': 'Taruna2309'}",,,,
1139216136715636738,1139096142589775878,2019-06-13 12:01:07 CDT,2019-06-13,12:01:07,-0500,2984339761,ksvenu247,venugopal,,"@americai @betcyr23 Sarve Jana Sukhino Bhavatu-.people who preach religious ,caste bias shd be ashamed ..When I need blood to save the life of lived ones,  we never asked for it's religion or caste who does Raktadan..Then Why not emulate our great friend Sri.V.Narayanan who does  Vidyadan.🙏🙏",en,['americai'],[],[],1,1,1,[],[],https://twitter.com/ksvenu247/status/1139216136715636738,,,0,,Bangalore,,,,,,"{'user_id': '87616824', 'username': 'americai'}",,,,
1139181099228098560,1138996998219034624,2019-06-13 09:41:53 CDT,2019-06-13,09:41:53,-0500,146814769,hombale,M R V,,@t_d_h_nair For once I agree with you,en,['t_d_h_nair'],[],[],0,0,2,[],[],https://twitter.com/hombale/status/1139181099228098560,,,0,,Bangalore,,,,,,"{'user_id': '951165164', 'username': 't_d_h_nair'}",,,,
1139321142529818625,1139321140667568129,2019-06-13 18:58:22 CDT,2019-06-13,18:58:22,-0500,2154790861,taruna2309,Taruna Manchanda,,My hypothesis is that western culture being far more individualistic allows for you to voice out that you felt harmed/bad by someone's actions/words and when they apologize you appreciate that they recognize this.,en,[],[],[],1,0,3,[],[],https://twitter.com/Taruna2309/status/1139321142529818625,,,0,,Bangalore,,,,,,"{'user_id': '2154790861', 'username': 'Taruna2309'}",,,,
1139191623198203904,1139191620140584961,2019-06-13 10:23:42 CDT,2019-06-13,10:23:42,-0500,43335057,5hradha,Curl Fawkes,,"1. Group of women - entrepreneurs, coders, Instagram influencers.

2. Group of men. Sigh.",en,[],[],[],1,0,2,[],[],https://twitter.com/5hradha/status/1139191623198203904,,,0,,Bangalore,,,,,,"{'user_id': '43335057', 'username': '5hradha'}",,,,
1139188959710334976,1138816656061489154,2019-06-13 10:13:07 CDT,2019-06-13,10:13:07,-0500,1022795345867067392,girisharvind1,Mukhyąprāña.,,@manasamel @rashnsid @v2l2b2 @Raji_Iyer112 @vschanna @vandema09287787 @Prima_She @vigilante_ap @rspchary @nirbhaavuka @GaneshaRavindra @HarshaKallapur It's just like showing your future mirror.,en,"['v2l2b2', 'vschanna', 'prima_she', 'rspchary', 'nirbhaavuka', 'ganesharavindra']",[],[],0,0,2,[],[],https://twitter.com/GirishArvind1/status/1139188959710334976,,,0,,Bangalore,,,,,,"{'user_id': '14354048', 'username': 'manasaau'}",,,,
1139210593267675137,1139201900018933760,2019-06-13 11:39:05 CDT,2019-06-13,11:39:05,-0500,21747555,sharat_j,Sharat Jain,,"@shekharg @aseemsood @Lenskart_com Wow. I wouldn’t have recognised you, had it not been for the painting in the background.",en,"['shekharg', 'aseemsood', 'lenskart_com']",[],[],0,0,3,[],[],https://twitter.com/sharat_j/status/1139210593267675137,,,0,,Bangalore,,,,,,"{'user_id': '14893039', 'username': 'shekharg'}",,,,
1139194645290790912,1139194645290790912,2019-06-13 10:35:43 CDT,2019-06-13,10:35:43,-0500,132506602,itc_saurabhp,Saurabh Pandey,,@Tejasvi_Surya good to see u doing good work .A word of advice too. Have some good staff to inform correct info about your availability. Wish this sudden upsurge would not affect you neither infect Ur PS (if any) too. Best wishes,en,['tejasvi_surya'],[],[],0,1,4,[],[],https://twitter.com/ITC_SaurabhP/status/1139194645290790912,,,0,,Bangalore,,,,,,"{'user_id': '390677061', 'username': 'Tejasvi_Surya'}",,,,
1139213357112684544,1138321912373923841,2019-06-13 11:50:04 CDT,2019-06-13,11:50:04,-0500,92047203,raksha_bhat,Raksha K Bhat MD CIC 🔬(She/her),,"@chandru_ar @malpani They end up being the Founders, CEOs and COOs, Superintendent and Directors bossing over the specialists😀Patients don't get treated by them, they decide how the specialists shall treat you🙂",en,"['chandru_ar', 'malpani']",[],[],1,0,2,[],[],https://twitter.com/Raksha_Bhat/status/1139213357112684544,,,0,,Bangalore,,,,,,"{'user_id': '618726011', 'username': 'chandru_ar'}",,,,
1139187297847398400,1139157819666550787,2019-06-13 10:06:31 CDT,2019-06-13,10:06:31,-0500,196058138,sunny_herc,Sunny speaks 🇮🇳,,@Savitritvs @Pria12Rao @mahendra3 @Tiranga_Sena @bhuvikal someone here wants my undivided attention cu guys later,en,"['savitritvs', 'pria12rao', 'mahendra3', 'tiranga_sena', 'bhuvikal']",[],[],0,0,2,[],[],https://twitter.com/sunny_herc/status/1139187297847398400,,,0,,Bangalore,,,,,,"{'user_id': '954272364849606662', 'username': 'Savitritvs'}",,,,
1139190334863265797,1139157819666550787,2019-06-13 10:18:35 CDT,2019-06-13,10:18:35,-0500,196058138,sunny_herc,Sunny speaks 🇮🇳,,@Savitritvs @mahendra3 @Pria12Rao @Tiranga_Sena @bhuvikal ok just quoting padma purana dhanyas should not be consumed on ekadashi not what iyers iyengars or smarthas follow,en,"['savitritvs', 'mahendra3', 'pria12rao', 'tiranga_sena', 'bhuvikal']",[],[],2,0,2,[],[],https://twitter.com/sunny_herc/status/1139190334863265797,,,0,,Bangalore,,,,,,"{'user_id': '954272364849606662', 'username': 'Savitritvs'}",,,,
1139234540814131200,1139217632765337600,2019-06-13 13:14:15 CDT,2019-06-13,13:14:15,-0500,214326508,pmenonifpri,Dr. Purnima Menon,,@Implementnutri @nutritionorg So many favourites in one photo! @Mdu_Rox,en,"['implementnutri', 'nutritionorg', 'mdu_rox']",[],[],0,0,3,[],[],https://twitter.com/PMenonIFPRI/status/1139234540814131200,,,0,,Bangalore,,,,,,"{'user_id': '762582769994194944', 'username': 'Implementnutri'}",,,,
1139166028544466945,1139147051587915777,2019-06-13 08:42:00 CDT,2019-06-13,08:42:00,-0500,1559694320,saahaszerowaste,Saahas Zero Waste,,"@rajasekhar911 @WFRising Hello, you can deposit any kind of dry waste including e-waste in our Material Recovery Facility in Jigani (available on gmaps). Other than this, @ELCITA_IN maybe able to help you.",en,"['rajasekhar911', 'wfrising', 'elcita_in']",[],[],1,0,3,[],[],https://twitter.com/SaahasZeroWaste/status/1139166028544466945,,,0,,Bangalore,,,,,,"{'user_id': '16835953', 'username': 'rajasekhar911'}",,,,
