id,conversation_id,created_at,date,time,timezone,user_id,username,name,place,tweet,language,mentions,urls,photos,replies_count,retweets_count,likes_count,hashtags,cashtags,link,retweet,quote_url,video,thumbnail,near,geo,source,user_rt_id,user_rt,retweet_id,reply_to,retweet_date,translate,trans_src,trans_dest
1090983133955137536,1090983133955137536,2019-01-31 08:40:23 CST,2019-01-31,08:40:23,-0500,108006063,rvaidya2000,RVAIDYA2000 🕉️,,"the interesting part of this ""leaked""NSSO survey is youth defined as 15 to 29 Years:)))) If it is 49 then RaGa would be included as unemployed +angry))))))))))))))))))))))))))))))))))))))))RT",en,[],[],[],17,120,312,[],[],https://twitter.com/rvaidya2000/status/1090983133955137536,,,0,,Bangalore,,,,,,"{'user_id': None, 'username': None}",,,,
1090994678122643456,1090994678122643456,2019-01-31 09:26:15 CST,2019-01-31,09:26:15,-0500,2923363530,rajeshvtm,Rajesh Kumar,,Letter from #AnnaUniversity appreciating our beloved #ThalaAjith for his valuable contribution for #UAV project 😍😍 https://t.co/1X9LGJjACi,en,[],[],['https://pbs.twimg.com/media/DyP92mBW0AEXPkm.jpg'],0,6,29,"['annauniversity', 'thalaajith', 'uav']",[],https://twitter.com/rajeshvtm/status/1090994678122643456,,,1,https://pbs.twimg.com/media/DyP92mBW0AEXPkm.jpg,Bangalore,,,,,,"{'user_id': None, 'username': None}",,,,
1091000565427912704,1091000565427912704,2019-01-31 09:49:39 CST,2019-01-31,09:49:39,-0500,4911084924,prabhatisb,Prabha🇮🇳,,Who played Lingayat card in Karnataka?Who addressed a selective gathering of Muslims saying Muslims constitute 90%of voters for Congress?Which party chief once declared that Congress is a Muslim party?Who has played Muslim minority appeasement card for decades? #CongAttacksHindus,en,[],[],[],0,30,43,['congattackshindus'],[],https://twitter.com/prabhatisb/status/1091000565427912704,,,0,,Bangalore,,,,,,"{'user_id': None, 'username': None}",,,,
1090997605373489154,1090997605373489154,2019-01-31 09:37:53 CST,2019-01-31,09:37:53,-0500,99499316,arvindvarchaswi,Arvind Varchaswi,,"Happy to meet #PullelaGopichand for the round table discussion on “The Growth of Sports in India"" with focus on “Accessibility of Sports Infrastructure and Training"" in the World Forum For Ethics in Sports at @ArtofLiving. https://t.co/4OEcIW71k8",en,['artofliving'],[],['https://pbs.twimg.com/media/DyQAhR5WwAEPkUb.jpg'],0,66,272,['pullelagopichand'],[],https://twitter.com/arvindvarchaswi/status/1090997605373489154,,,1,https://pbs.twimg.com/media/DyQAhR5WwAEPkUb.jpg,Bangalore,,,,,,"{'user_id': None, 'username': None}",,,,
1090984844048379906,1090984844048379906,2019-01-31 08:47:10 CST,2019-01-31,08:47:10,-0500,108006063,rvaidya2000,RVAIDYA2000 🕉️,,my humble suggestion-we r 3rd largest in GDP s per PPP-The Ministry of Finance WEB site and twitter account of Jaitley says Finance Minister&amp; that of Goyal says nothing on being FM-When he presents budget Goyal has to explain how come? let designations be disclosed:)) RT,en,[],[],[],4,45,83,[],[],https://twitter.com/rvaidya2000/status/1090984844048379906,,,0,,Bangalore,,,,,,"{'user_id': None, 'username': None}",,,,
1090918725195259907,1090918725195259907,2019-01-31 04:24:27 CST,2019-01-31,04:24:27,-0500,872465998539964416,kkdtfs,Karunada Kalaputra Darshan Thoogudeepa Fans-KKDTFA,,#Yajamana #51st movie of #ChallengingStarDarshan will be #ComingSoon to the #theatres near you 🙏 https://t.co/U5C3YLYXUP,en,[],[],['https://pbs.twimg.com/media/DyO4ywaUUAAMjcn.jpg'],0,3,30,"['yajamana', '51st', 'challengingstardarshan', 'comingsoon', 'theatres']",[],https://twitter.com/kkdtfs/status/1090918725195259907,,,1,https://pbs.twimg.com/media/DyO4ywaUUAAMjcn.jpg,Bangalore,,,,,,"{'user_id': None, 'username': None}",,,,
1090980005147017217,1090980005147017217,2019-01-31 08:27:57 CST,2019-01-31,08:27:57,-0500,108006063,rvaidya2000,RVAIDYA2000 🕉️,,this suba vee is peculiar person--He asks whom--Among Hindus-- to give the temples?  As an athesit? why is he worried-he may not have even heard about AgamaSastras-Let Govt get lost--Devotees/Hindus will decide using local temple protection committee:)) RT,en,[],[],[],2,24,42,[],[],https://twitter.com/rvaidya2000/status/1090980005147017217,,,0,,Bangalore,,,,,,"{'user_id': None, 'username': None}",,,,
1091030129495572480,1091030129495572480,2019-01-31 11:47:07 CST,2019-01-31,11:47:07,-0500,2160431276,rajahulideepu11,IYC Deepak ( Raja Huli ) Varthur,,"Respectfully pranams to Shree Shree Dr Shivakumar Swamiji siddaganga mutt Tumkur, #11th day Of peaceful rest, who will be remembered forever by lakhs of his devotees. We pray with highest respectfully to bless each &amp; every human being
#ShivakumaraSwamiji 🙏🙏 #shivakumaraswami https://t.co/po9wWqrrrl",en,[],[],['https://pbs.twimg.com/media/DyQeGDYU8AApxcP.jpg'],0,3,8,"['11th', 'shivakumaraswamiji', 'shivakumaraswami']",[],https://twitter.com/rajahulideepu11/status/1091030129495572480,,,1,https://pbs.twimg.com/media/DyQeGDYU8AApxcP.jpg,Bangalore,,,,,,"{'user_id': None, 'username': None}",,,,
1090956685798080513,1090956685798080513,2019-01-31 06:55:17 CST,2019-01-31,06:55:17,-0500,239866658,princeabid708,PrinceAbid,,"My current inspirational home screen
Wallpaper art of @TeamKhabib by @Bosslogic 
Icons Techions by @Princeabid708 
Widget minomet by @ArabiIshaque 
#myinspiration #myhero #myhomescreen #screener #android #techions https://t.co/L4aIOvOADS",en,"['teamkhabib', 'bosslogic', 'princeabid708', 'arabiishaque']",[],['https://pbs.twimg.com/media/DyPbT_hW0AAiJyt.jpg'],1,4,19,"['myinspiration', 'myhero', 'myhomescreen', 'screener', 'android', 'techions']",[],https://twitter.com/Princeabid708/status/1090956685798080513,,,1,https://pbs.twimg.com/media/DyPbT_hW0AAiJyt.jpg,Bangalore,,,,,,"{'user_id': None, 'username': None}",,,,
1091011984554749952,1091011984554749952,2019-01-31 10:35:01 CST,2019-01-31,10:35:01,-0500,4911084924,prabhatisb,Prabha🇮🇳,,"Rahul Ishwar's stand is shocking!Double standards,portrayed the image of a staunch Hindu in the Sabarimala issue,supporting Tharoor's anti-Hindu statement today! #CongAttacksHindus",en,[],[],[],5,4,13,['congattackshindus'],[],https://twitter.com/prabhatisb/status/1091011984554749952,,,0,,Bangalore,,,,,,"{'user_id': None, 'username': None}",,,,
1090965488308551680,1090965488308551680,2019-01-31 07:30:16 CST,2019-01-31,07:30:16,-0500,722309450455851009,bluetimbremusic,BlueTimbre,"{'type': 'Point', 'coordinates': [12.9575684, 77.7322641]}","DID YOU KNOW &gt;&gt;  #Listeningtomusic during a #workout can give you a hit of #dopamine – resulting in feelings of well-being.  An 1 hour workout can seem never-ending, but when you break it down by song it’s easy to handle. &lt;&lt;

#MusicFacts #BlueTimbreMusic #ExercisewithMusic https://t.co/TP2PmLpYWs",en,[],[],['https://pbs.twimg.com/media/DyPjVGIW0AEK8Yb.jpg'],0,0,3,"['listeningtomusic', 'workout', 'dopamine', 'musicfacts', 'bluetimbremusic', 'exercisewithmusic']",[],https://twitter.com/bluetimbremusic/status/1090965488308551680,,,1,https://pbs.twimg.com/media/DyPjVGIW0AEK8Yb.jpg,Bangalore,,,,,,"{'user_id': None, 'username': None}",,,,
1090997210794418179,1090997210794418179,2019-01-31 09:36:19 CST,2019-01-31,09:36:19,-0500,879859271126495232,pradeepafc,Pradeep Afc,,"#Thala #Ajith #AjithKumar requirements fulfilled for Aerial Vehicles
 Completion of obligations under appointment 001/CASR/MIT/TNUAV/2018
#Viswasam #Thala59 #AK59 @rohithvincent @KGFAjithFans @SathyaJyothi_ @TFC_mass @AjithKumarArmy @rameshlaus https://t.co/qq9LcnbVEO",en,"['rohithvincent', 'kgfajithfans', 'tfc_mass', 'ajithkumararmy', 'rameshlaus']",[],['https://pbs.twimg.com/media/DyQAK6ZWsAA3vjn.jpg'],0,9,24,"['thala', 'ajith', 'ajithkumar', 'viswasam', 'thala59', 'ak59']",[],https://twitter.com/PradeepAfc/status/1090997210794418179,,,1,https://pbs.twimg.com/media/DyQAK6ZWsAA3vjn.jpg,Bangalore,,,,,,"{'user_id': None, 'username': None}",,,,
1090977657372712960,1090977657372712960,2019-01-31 08:18:37 CST,2019-01-31,08:18:37,-0500,2166826970,sirigowrina,Siri,,Thank You @SalesforceOrg @imalizzzard . I'm loving them 😍😍😍 https://t.co/1BmSsievDS,en,"['salesforceorg', 'imalizzzard']",[],['https://pbs.twimg.com/media/DyPuZAtWkAEqQ68.jpg'],2,0,18,[],[],https://twitter.com/SirigowriNA/status/1090977657372712960,,,1,https://pbs.twimg.com/media/DyPuZAtWkAEqQ68.jpg,Bangalore,,,,,,"{'user_id': None, 'username': None}",,,,
1090969624126971904,1090969624126971904,2019-01-31 07:46:42 CST,2019-01-31,07:46:42,-0500,2597263266,shashwatipatil_,Shashwati patil,,I kinda like the kinda guts he holds within. 🥀 https://t.co/mCtSxIc54n,en,[],[],['https://pbs.twimg.com/media/DyPnFW4V4AEm1g4.jpg'],1,0,5,[],[],https://twitter.com/shashwatipatil_/status/1090969624126971904,,,1,https://pbs.twimg.com/media/DyPnFW4V4AEm1g4.jpg,Bangalore,,,,,,"{'user_id': None, 'username': None}",,,,
1090949156175196160,1090949156175196160,2019-01-31 06:25:22 CST,2019-01-31,06:25:22,-0500,965114888744914944,kdevforum,SaveBellandur(ಬೆಳ್ಳಂದೂರು ಉಳಿಸಿ),,"Dear @chairmanbwssb sir,thanks for your time.
As discussed,on priority 1)Remove OC restriction for essentials like water in 110villages 2)Online+Sakaala enable water connection,cut out middlemen 3)Adjust demand note for already paid fee. 4)Speedup UGD
@DrParameshwara pls support https://t.co/1T7XDvrCpn",en,"['chairmanbwssb', 'drparameshwara']",[],"['https://pbs.twimg.com/media/DyPUcsdVAAIxFT-.jpg', 'https://pbs.twimg.com/media/DyPUdQaUUAAEk3r.jpg', 'https://pbs.twimg.com/media/DyPUd6FU8AIamtP.jpg']",25,137,71,[],[],https://twitter.com/kdevforum/status/1090949156175196160,,,1,https://pbs.twimg.com/media/DyPUcsdVAAIxFT-.jpg,Bangalore,,,,,,"{'user_id': None, 'username': None}",,,,
1090934301032632320,1090934301032632320,2019-01-31 05:26:20 CST,2019-01-31,05:26:20,-0500,166056545,kavitaaroor,Kavita Aroor,,An insightful Panel discussion with ISVs @FORMCEPT @HappiestMinds @UncannyVisionAI @navanee2u on”Adoption of AI in real world” and thier success story using Intel core Processors &amp; accelerators great conversation moderated by@mhanchinmani @IntelIndia @IntelSoftware @sachinkelkar https://t.co/s6nRa49kqU,en,"['formcept', 'happiestminds', 'uncannyvisionai', 'navanee2u', 'intelindia', 'intelsoftware', 'sachinkelkar']",[],['https://pbs.twimg.com/media/DyPG8e7XcAAW2o5.jpg'],0,9,15,[],[],https://twitter.com/kavitaaroor/status/1090934301032632320,,,1,https://pbs.twimg.com/media/DyPG8e7XcAAW2o5.jpg,Bangalore,,,,,,"{'user_id': None, 'username': None}",,,,
1091004719303028736,1091004719303028736,2019-01-31 10:06:09 CST,2019-01-31,10:06:09,-0500,4911084924,prabhatisb,Prabha🇮🇳,,"Get it into your arrogant head,Tharoor that Hinduism is one of the most tolerant religions that follows the principle of 'Vasudaiva Kutumbakam',one big family irrespective of religions.Divisive politics is the 'religion' of Congress.#CongAttacksHindus",en,[],[],[],0,4,10,['congattackshindus'],[],https://twitter.com/prabhatisb/status/1091004719303028736,,,0,,Bangalore,,,,,,"{'user_id': None, 'username': None}",,,,
1090974517042778112,1090974517042778112,2019-01-31 08:06:08 CST,2019-01-31,08:06:08,-0500,276348690,vinyasshetty,Vinyas Shetty,,"In the era of Artificial intelligence,with thrice the Population of U.S even though we are 1/3rd the Geographic size of U.S/China,Overpopulation is the prime issue India is facing today.
#TwoChildPolicy is the immediate requirement for India to counter this issue.
#unemployment https://t.co/xJ7gM8u9xj",en,[],[],['https://pbs.twimg.com/media/DyPrigVWoAE31T4.jpg'],0,1,1,"['twochildpolicy', 'unemployment']",[],https://twitter.com/vinyasshetty/status/1090974517042778112,,,1,https://pbs.twimg.com/media/DyPrigVWoAE31T4.jpg,Bangalore,,,,,,"{'user_id': None, 'username': None}",,,,
1090961741670797312,1090961741670797312,2019-01-31 07:15:22 CST,2019-01-31,07:15:22,-0500,1085129047,thwaeb,✨,,"@NammaBESCOM The street light has to be fixed at Telecom Layout , hbr 5th block #telecomlayout #hbr https://t.co/h7atxg0Ahj",en,['nammabescom'],[],['https://pbs.twimg.com/media/DyPf6InUcAIy3-7.jpg'],1,1,1,"['telecomlayout', 'hbr']",[],https://twitter.com/thwaeb/status/1090961741670797312,,,1,https://pbs.twimg.com/media/DyPf6InUcAIy3-7.jpg,Bangalore,,,,,,"{'user_id': '570677817', 'username': 'NammaBESCOM'}",,,,
1090984189212512256,1090984189212512256,2019-01-31 08:44:34 CST,2019-01-31,08:44:34,-0500,140716644,nishith_28,ನಿಮ್ಮ ನಿಶಿತ್,,"Here is the official trailer of #Chambal starring @SathishNinasam @ssonugowda
https://t.co/3xKidZuhOP |@Jacob__Films",en,"['sathishninasam', 'ssonugowda', 'jacob__films']",['http://bit.ly/ChambalTrailer'],[],0,3,17,['chambal'],[],https://twitter.com/Nishith_28/status/1090984189212512256,,,0,,Bangalore,,,,,,"{'user_id': None, 'username': None}",,,,
1090923775762153474,1090923775762153474,2019-01-31 04:44:31 CST,2019-01-31,04:44:31,-0500,835392825042812928,metrosaga,MetroSaga,,"Congratulations @KicchaSudeep Sir on Completing 23 years of this awesome journey in industry. 

@KicchaSudeep 
@KicchaFans24x7 
@SDKSFA 
@KicchaSudeepFC 
#23GloriousYearsOfKichchaSudeepa
#metrosaga https://t.co/mUc1Gfe6W9",en,"['kicchasudeep', 'kicchasudeep', 'kicchafans24x7', 'sdksfa', 'kicchasudeepfc']",[],['https://pbs.twimg.com/media/DyO7sZ4U0AMttOg.jpg'],0,2,3,"['23gloriousyearsofkichchasudeepa', 'metrosaga']",[],https://twitter.com/metrosaga/status/1090923775762153474,,,1,https://pbs.twimg.com/media/DyO7sZ4U0AMttOg.jpg,Bangalore,,,,,,"{'user_id': None, 'username': None}",,,,
1091045966692696064,1090941760052826113,2019-01-31 12:50:03 CST,2019-01-31,12:50:03,-0500,957579771000496128,sunilmath83,Sunil Math,,"@INCKarnataka Always #High_Sir for Modiji..
Do some more home work, at least you will become strong opposition Party.. https://t.co/Y15fT7ZUqo",en,['inckarnataka'],[],['https://pbs.twimg.com/media/DyQsgfbWsAE3YJa.jpg'],0,1,2,['high_sir'],[],https://twitter.com/SunilMath83/status/1091045966692696064,,,1,https://pbs.twimg.com/media/DyQsgfbWsAE3YJa.jpg,Bangalore,,,,,,"{'user_id': '758572309368098816', 'username': 'INCKarnataka'}",,,,
1091005965107834880,1091005965107834880,2019-01-31 10:11:06 CST,2019-01-31,10:11:06,-0500,2257445719,vishakha1909,Vishakha Kumaresan,,""" Kaathiru Yendru Nee Solli Ponaal Athuve pothum "" ~
Literally every Anirudh fan right now! 
Thank God he announced it ! We are all relieved now 😊😂
Waiting 💥💥💥

@anirudhofficial https://t.co/bP8q9nnlUa",en,['anirudhofficial'],[],['https://pbs.twimg.com/media/DyQIIpiUwAE0g4-.jpg'],0,2,6,[],[],https://twitter.com/Vishakha1909/status/1091005965107834880,,,1,https://pbs.twimg.com/media/DyQIIpiUwAE0g4-.jpg,Bangalore,,,,,,"{'user_id': None, 'username': None}",,,,
1090987735752466432,1090987735752466432,2019-01-31 08:58:40 CST,2019-01-31,08:58:40,-0500,403332313,pawan_gangs,Pawan Gangwani,,"@kentcdodds I think it's added in my schedule to watch your daily tips and short features videos. Thank you.
Others, Please join this channel and make chat interactive And keep @kentcdodds excited .
 https://t.co/ic8YhS3jRp
#react #es6 #routine #podcast",en,"['kentcdodds', 'kentcdodds']",['https://youtu.be/4keUSxNw-KE'],[],1,1,7,"['react', 'es6', 'routine', 'podcast']",[],https://twitter.com/pawan_gangs/status/1090987735752466432,,,0,,Bangalore,,,,,,"{'user_id': '389681470', 'username': 'kentcdodds'}",,,,
1090968898336444421,1090968898336444421,2019-01-31 07:43:49 CST,2019-01-31,07:43:49,-0500,33456885,radiocityindia,Radio City,,"#BellBottom
Feb 15th Release
#RishabShetty
@HariPrriya6

#RadioCityBengaluru 
#Sandalwood https://t.co/baiLOLJQyS",en,['hariprriya6'],[],['https://pbs.twimg.com/media/DyPma57XgAQWO2L.jpg'],0,2,4,"['bellbottom', 'rishabshetty', 'radiocitybengaluru', 'sandalwood']",[],https://twitter.com/radiocityindia/status/1090968898336444421,,,1,https://pbs.twimg.com/media/DyPma57XgAQWO2L.jpg,Bangalore,,,,,,"{'user_id': None, 'username': None}",,,,
1090961147459710976,1090961147459710976,2019-01-31 07:13:01 CST,2019-01-31,07:13:01,-0500,17750385,samidhas,𝐒𝐚𝐦𝐢𝐝𝐡𝐚 𝐒𝐡𝐚𝐫𝐦𝐚,,Breaking ~~~No extension to February 1 deadline #FDI #ecommerce https://t.co/m3Io6L8Hr1,en,[],[],['https://pbs.twimg.com/media/DyPfX83WoAMtghU.jpg'],1,2,1,"['fdi', 'ecommerce']",[],https://twitter.com/samidhas/status/1090961147459710976,,,1,https://pbs.twimg.com/media/DyPfX83WoAMtghU.jpg,Bangalore,,,,,,"{'user_id': None, 'username': None}",,,,
1090957124270727168,1090957124270727168,2019-01-31 06:57:02 CST,2019-01-31,06:57:02,-0500,166056545,kavitaaroor,Kavita Aroor,,@indranath thank you for joining us at the #MLDS19 #IntelAI Panel discussion and sharing your thoughts on Adoption of Ai in real world! @Analyticsindiam @IntelSoftware https://t.co/Vj5UI5aD4E,en,"['indranath', 'analyticsindiam', 'intelsoftware']",[],['https://pbs.twimg.com/media/DyPbtdkW0AAhVts.jpg'],0,1,3,"['mlds19', 'intelai']",[],https://twitter.com/kavitaaroor/status/1090957124270727168,,,1,https://pbs.twimg.com/media/DyPbtdkW0AAhVts.jpg,Bangalore,,,,,,"{'user_id': '27842471', 'username': 'indranath'}",,,,
1090950452697579521,1090950452697579521,2019-01-31 06:30:31 CST,2019-01-31,06:30:31,-0500,3286686408,kathpaliaaditya,Aditya Kathpalia,,5 Country representatives coming together to share their views on “Building Local and Scaling Global” @TargetIndia Accelerator #DemoDay @YourStoryCo https://t.co/ZkkzQ02ld1,en,"['targetindia', 'yourstoryco']",[],['https://pbs.twimg.com/media/DyPVpNGW0AAyScj.jpg'],0,1,3,['demoday'],[],https://twitter.com/KathpaliaAditya/status/1090950452697579521,,,1,https://pbs.twimg.com/media/DyPVpNGW0AAyScj.jpg,Bangalore,,,,,,"{'user_id': None, 'username': None}",,,,
1091017117300854784,1091017117300854784,2019-01-31 10:55:25 CST,2019-01-31,10:55:25,-0500,260783336,narayanned,Narayan Ned,,Gangster Ravi Pujari arrested by RAW from Africa and being brought to India by Modi Govt. https://t.co/93x5w6oCuB,en,[],[],['https://pbs.twimg.com/media/DyQSSJzWoAA6a8q.jpg'],0,1,2,[],[],https://twitter.com/NarayanNed/status/1091017117300854784,,,1,https://pbs.twimg.com/media/DyQSSJzWoAA6a8q.jpg,Bangalore,,,,,,"{'user_id': None, 'username': None}",,,,
1091028297415299073,1091028297415299073,2019-01-31 11:39:51 CST,2019-01-31,11:39:51,-0500,815508616794882048,iamshyamr,Shyam R. Nair,,Amazing article @kavindrapatel. Looking forward to an amazing era in our country. #salesforce #fourthindustrialrevolution #SalesforceOhana,en,['kavindrapatel'],[],[],1,1,6,"['salesforce', 'fourthindustrialrevolution', 'salesforceohana']",[],https://twitter.com/iamShyamR/status/1091028297415299073,,https://twitter.com/trailhead/status/1090542658639007745,0,,Bangalore,,,,,,"{'user_id': None, 'username': None}",,,,
1091031749432406016,1091031749432406016,2019-01-31 11:53:34 CST,2019-01-31,11:53:34,-0500,3246865412,nisarggowda01,N I S A R G ⚡₄Sυdєєρ,,"Its been 23years since the world called ""Cinema"" found a diamond called #Abhinayachakravarthy in these 23 years the diamond is priceless.we wish @KicchaSudeep Anna all the success going forward.. @iampriya06
From sandalwood to hollywood journey is excellent. Thank you..!!! https://t.co/Oo3eNitQoP",en,"['kicchasudeep', 'iampriya06']",[],['https://pbs.twimg.com/media/DyQflXYX4AoZ4gK.jpg'],0,1,15,['abhinayachakravarthy'],[],https://twitter.com/NisargGowda01/status/1091031749432406016,,,1,https://pbs.twimg.com/media/DyQflXYX4AoZ4gK.jpg,Bangalore,,,,,,"{'user_id': None, 'username': None}",,,,
1090962890629103617,1090962890629103617,2019-01-31 07:19:56 CST,2019-01-31,07:19:56,-0500,633485882,news9tweets,News9,,#BIGNEWS: #JDS supremo #HDDeveGowda expresses disappointment over functioning of state coalition govt. He says this is not the way to run a coalition govt where every day requests have to made to coalition partner to not make unparliamentary remarks. https://t.co/6RRXHBs01R,en,[],[],['https://pbs.twimg.com/media/DyPg9imUUAAW5ED.jpg'],3,1,5,"['bignews', 'jds', 'hddevegowda']",[],https://twitter.com/News9Tweets/status/1090962890629103617,,,1,https://pbs.twimg.com/media/DyPg9imUUAAW5ED.jpg,Bangalore,,,,,,"{'user_id': None, 'username': None}",,,,
1091039003397173248,1091039003397173248,2019-01-31 12:22:23 CST,2019-01-31,12:22:23,-0500,61758209,iim_bangalore,IIM Bangalore,,"Kupava Light Drawing Show by celebrated Ukrainian artist Nadiya, as a part of #WorldCulturalFestival, left everyone mesmerized!

Picture Credits: @ranjan_ravii

#Unmaad2019 #TheHuesOfHysteria #CulturalFestival #IIMB https://t.co/VeLJurnzg8",en,['ranjan_ravii'],[],"['https://pbs.twimg.com/media/DyQmL1lV4AAImUW.jpg', 'https://pbs.twimg.com/media/DyQmL1nVsAAehB5.jpg', 'https://pbs.twimg.com/media/DyQmL1mUUAAfk8c.jpg']",0,1,9,"['worldculturalfestival', 'unmaad2019', 'thehuesofhysteria', 'culturalfestival', 'iimb']",[],https://twitter.com/IIM_Bangalore/status/1091039003397173248,,,1,https://pbs.twimg.com/media/DyQmL1lV4AAImUW.jpg,Bangalore,,,,,,"{'user_id': None, 'username': None}",,,,
1090903804302815232,1090903804302815232,2019-01-31 03:25:09 CST,2019-01-31,03:25:09,-0500,1559694320,saahaszerowaste,Saahas Zero Waste,,Excited about the environment programme and the little segment we get featured in it on Discovery India. We had a fun time having the crew over at our Material Recovery Facility in Jigani. https://t.co/sxzMER1pJ9,en,[],[],"['https://pbs.twimg.com/media/DyOrI3SW0AELEm6.jpg', 'https://pbs.twimg.com/media/DyOrK9JWkAAs_1Q.jpg', 'https://pbs.twimg.com/media/DyOrMu5XQAAVnP9.jpg']",0,1,8,[],[],https://twitter.com/SaahasZeroWaste/status/1090903804302815232,,,1,https://pbs.twimg.com/media/DyOrI3SW0AELEm6.jpg,Bangalore,,,,,,"{'user_id': None, 'username': None}",,,,
1090951139456098305,1090951139456098305,2019-01-31 06:33:15 CST,2019-01-31,06:33:15,-0500,276348690,vinyasshetty,Vinyas Shetty,,"Ayyo Kumaranna,
ಏನ್ ಅವಸ್ಥೆ ನಿಮ್ಮ್ದು.
You were the one who said I promise on HDD that I will not have Coalition with Congress,I will opt fresh Elections,but ran behind CM post.
So soon u forget @hd_kumaraswamy ?
Anyways Chill .Watch ""Kutumba Kalyana"",sorry ""Seetarama Kalyana""😊 https://t.co/DbUz4ynY3b",en,['hd_kumaraswamy'],[],['https://pbs.twimg.com/media/DyPWRCgWwAc8ITt.jpg'],2,1,3,[],[],https://twitter.com/vinyasshetty/status/1090951139456098305,,,1,https://pbs.twimg.com/media/DyPWRCgWwAc8ITt.jpg,Bangalore,,,,,,"{'user_id': None, 'username': None}",,,,
1091003527269240832,1091003527269240832,2019-01-31 10:01:25 CST,2019-01-31,10:01:25,-0500,529669172,ashok_hegde,Ashok Hegde,,👏👏👏👏 very well said Ms. Prabha.,en,[],[],[],1,1,3,[],[],https://twitter.com/ashok_hegde/status/1091003527269240832,,https://twitter.com/prabhatisb/status/1091000565427912704,0,,Bangalore,,,,,,"{'user_id': None, 'username': None}",,,,
1090957590496829440,1090957590496829440,2019-01-31 06:58:53 CST,2019-01-31,06:58:53,-0500,633485882,news9tweets,News9,,#BIGNEWS: #SupremeCourt to hear review petitions on Feb 6 filed against verdict allowing entry of women of all age groups into the #SabarimalaTemple. #Kerala https://t.co/6HfDlksZxi,en,[],[],['https://pbs.twimg.com/media/DyPcHCOUYAAr0tx.jpg'],0,0,4,"['bignews', 'supremecourt', 'sabarimalatemple', 'kerala']",[],https://twitter.com/News9Tweets/status/1090957590496829440,,,1,https://pbs.twimg.com/media/DyPcHCOUYAAr0tx.jpg,Bangalore,,,,,,"{'user_id': None, 'username': None}",,,,
1091024323148697602,1091019644876541952,2019-01-31 11:24:03 CST,2019-01-31,11:24:03,-0500,45161694,svikramchauhan,Vikram Singh,,One of those many idiots driving on wrong side and causing nightmare.  @BMTC_BENGALURU Hope the guys are punished severely so they never do this again. @blrcitytraffic @WFRising https://t.co/MIB1tXMg55,en,"['bmtc_bengaluru', 'blrcitytraffic', 'wfrising']",[],['https://pbs.twimg.com/media/DyQYzGJX4AAM4jD.jpg'],4,8,9,[],[],https://twitter.com/svikramchauhan/status/1091024323148697602,,,1,https://pbs.twimg.com/media/DyQYzGJX4AAM4jD.jpg,Bangalore,,,,,,"{'user_id': '45161694', 'username': 'svikramchauhan'}",,,,
1091044104060858368,1091044104060858368,2019-01-31 12:42:39 CST,2019-01-31,12:42:39,-0500,35442374,milanvohra,Milan Vohra,,Happy Mills&amp;Boon day💕❤️ A happy Association that kickstarted my writing journey as India’s first Mills&amp;Boon author. #gratitude to my #harlequin editors in UK for all the learnings! Love how you love romance writing. My #notguilty #pleasure #romance #MillsandBoonDay,en,[],[],[],0,0,4,"['gratitude', 'harlequin', 'notguilty', 'pleasure', 'romance', 'millsandboonday']",[],https://twitter.com/milanvohra/status/1091044104060858368,,https://twitter.com/kraftireader/status/1090660500663353344,0,,Bangalore,,,,,,"{'user_id': None, 'username': None}",,,,
1090970640633479168,1090970640633479168,2019-01-31 07:50:44 CST,2019-01-31,07:50:44,-0500,37997633,adiljal,ADIL JAL DARUKHANAWALA,,Ideal Jawa started in 1961 &amp; it’s biggest dealer then was Hajee’s Sales &amp; Servicewho also opened for business in 1961! Now the ticonic brand @jawamotorcycles has Hajee’s son Feroze Sattar Sait rekindling his family’s links with their new Safina Motors dealership in Bengaluru https://t.co/rpp9nz9UwP,en,['jawamotorcycles'],[],"['https://pbs.twimg.com/media/DyPoAiuXQAYMt8N.jpg', 'https://pbs.twimg.com/media/DyPoAijXgAEGGrr.jpg', 'https://pbs.twimg.com/media/DyPoAihWsAI3Ppb.jpg', 'https://pbs.twimg.com/media/DyPoAioX0AA9ybh.jpg']",1,3,9,[],[],https://twitter.com/adiljal/status/1090970640633479168,,,1,https://pbs.twimg.com/media/DyPoAiuXQAYMt8N.jpg,Bangalore,,,,,,"{'user_id': None, 'username': None}",,,,
1090950058319773697,1090950058319773697,2019-01-31 06:28:57 CST,2019-01-31,06:28:57,-0500,984736099615608837,satishshekar,Satish Shekar,,"When government tries to hide or fudge data to suit their narrative is like #Entrepreneur doing a 5yr projection for valuations, where a seasoned VC will catch us by the neck! #Unemployment is like #Unfunded for #Startups #NSSO",en,[],[],[],0,1,6,"['entrepreneur', 'unemployment', 'unfunded', 'startups', 'nsso']",[],https://twitter.com/SatishShekar/status/1090950058319773697,,,0,,Bangalore,,,,,,"{'user_id': None, 'username': None}",,,,
1091120726579437569,1091120726579437569,2019-01-31 17:47:07 CST,2019-01-31,17:47:07,-0500,131759286,gopigujjula,GopiKrishna Gujjula,,Finally couple of hours back submitted mine..,en,[],[],[],0,0,5,[],[],https://twitter.com/gopigujjula/status/1091120726579437569,,https://twitter.com/akshaysura13/status/1091051246058983425,0,,Bangalore,,,,,,"{'user_id': None, 'username': None}",,,,
1090953243545354240,1090953243545354240,2019-01-31 06:41:36 CST,2019-01-31,06:41:36,-0500,633485882,news9tweets,News9,,"#BIGNEWS: #BJP meeting chaired by @BSYBJP over #LokSabhaElections2019 begins at party office in Malleswaram. #BJP state in-charge #MuralidharRao attends meet. District presidents, district in-charges, office bearers &amp; conveners also attend the meeting. #Bengaluru https://t.co/pcL1zgpios",en,['bsybjp'],[],['https://pbs.twimg.com/media/DyPYJsOVsAEJhZE.jpg'],0,0,2,"['bignews', 'bjp', 'loksabhaelections2019', 'bjp', 'muralidharrao', 'bengaluru']",[],https://twitter.com/News9Tweets/status/1090953243545354240,,,1,https://pbs.twimg.com/media/DyPYJsOVsAEJhZE.jpg,Bangalore,,,,,,"{'user_id': None, 'username': None}",,,,
1091037368319074304,1091037368319074304,2019-01-31 12:15:53 CST,2019-01-31,12:15:53,-0500,4377801672,saravjbr,Saravanaprakash JBR,,"#ThoughtWorks Hiring for #Fullstack Engineers in Bangalore. At ThoughtWorks, You’ll work on teams that bring software, platform, data, design, &amp; strategy experts together to change the way the world works for millions of people. #TDD #Microservices Apply https://t.co/jFVa3PRLLS",en,[],['http://nauk.in/JlRbZx'],[],1,2,6,"['thoughtworks', 'fullstack', 'tdd', 'microservices']",[],https://twitter.com/saravjbr/status/1091037368319074304,,,0,,Bangalore,,,,,,"{'user_id': None, 'username': None}",,,,
1090937061022912517,1090937061022912517,2019-01-31 05:37:18 CST,2019-01-31,05:37:18,-0500,988987502,sharafashraf82,Sharafuddin Ashraf,,well said sir,en,[],[],[],0,0,12,[],[],https://twitter.com/sharafashraf82/status/1090937061022912517,,https://twitter.com/AmrullahSaleh2/status/1090516716889800706,0,,Bangalore,,,,,,"{'user_id': None, 'username': None}",,,,
1090966861020196865,1090966861020196865,2019-01-31 07:35:43 CST,2019-01-31,07:35:43,-0500,970586445411909632,shantimaria6,Shanti Maria,,Congratulations to all the six start ups!,en,[],[],[],0,0,4,[],[],https://twitter.com/ShantiMaria6/status/1090966861020196865,,https://twitter.com/TeamTargetIndia/status/1090950627088392192,0,,Bangalore,,,,,,"{'user_id': None, 'username': None}",,,,
1090978445021065216,1090978445021065216,2019-01-31 08:21:45 CST,2019-01-31,08:21:45,-0500,1013051872897167360,dkhallirising,Doddakannelli Rising,,Condition of road is such terrible #BWSSB has dug up the roads in #Deverbisnahalli Road with no plans on when to fix these. How should residents live in the interim? Can't they remove mud and put wet mix?@rk_misra,en,['rk_misra'],[],[],1,8,11,"['bwssb', 'deverbisnahalli']",[],https://twitter.com/Dkhallirising/status/1090978445021065216,,https://twitter.com/justnotsecular/status/1086115183452409858,0,,Bangalore,,,,,,"{'user_id': None, 'username': None}",,,,
1090976514026467329,1090976514026467329,2019-01-31 08:14:04 CST,2019-01-31,08:14:04,-0500,1491039552,keanflewis,Kean Lewis,,"A couple of days off and I’m still wondering what to do or where to go. Seems like it’ll be the gym again!! Any suggestions anyone ?? 
.
.
.
#Bangalore #OffDay #WhatToDo",en,[],[],[],2,1,13,"['bangalore', 'offday', 'whattodo']",[],https://twitter.com/KeanFLewis/status/1090976514026467329,,,0,,Bangalore,,,,,,"{'user_id': None, 'username': None}",,,,
1091010023273218048,1091000185029767170,2019-01-31 10:27:14 CST,2019-01-31,10:27:14,-0500,617996053,mukherjiratna,Mili(R)🌹🆎️🌹,,"@BeejalBhatt @SrBachchan @sanjay_patodiya @ashokmistry4545 @ganeshlahoti @EFJasmineJ @janakraj13 @ReetJain15 @purva007 @RajibMittra @SwetaLoveAB @prashantkawadia #28YearsOfHum 
Congratulation to all of us. https://t.co/GBfBrneMWr",en,"['beejalbhatt', 'srbachchan', 'sanjay_patodiya', 'ashokmistry4545', 'ganeshlahoti', 'efjasminej', 'janakraj13', 'reetjain15', 'purva007', 'rajibmittra', 'swetaloveab', 'prashantkawadia']",[],['https://pbs.twimg.com/media/DyQL1NcXQAAM0f8.jpg'],0,0,3,['28yearsofhum'],[],https://twitter.com/MukherjiRatna/status/1091010023273218048,,,1,https://pbs.twimg.com/media/DyQL1NcXQAAM0f8.jpg,Bangalore,,,,,,"{'user_id': '1354728288', 'username': 'BeejalBhatt'}",,,,
1091014366458130432,1091014366458130432,2019-01-31 10:44:29 CST,2019-01-31,10:44:29,-0500,1563626983,bengalurufc,Bengaluru FC,,He'll take the punch for fear of missing out on the lesson it could teach him. We've pulled this one from the pages of our BLUEPRINT because @RahulBheke gave us among the most riveting interviews we've ever shared. #NotOneForAKO #BeatTheOdds https://t.co/nF5oP6EEtg,en,['rahulbheke'],['http://www.bengalurufc.com/2019/features/cant-keep-him-down/'],[],2,20,194,"['notoneforako', 'beattheodds']",[],https://twitter.com/bengalurufc/status/1091014366458130432,,,0,,Bangalore,,,,,,"{'user_id': None, 'username': None}",,,,
1091027089539493888,1091027089539493888,2019-01-31 11:35:03 CST,2019-01-31,11:35:03,-0500,871373143750828032,95bac2b083c44e3,Vijendra Kumar PhD,,"#NaMoThon running is to improve out fitness. But when run for NAMO, it improves nation fitness. Run for NAMO in NAMOThon, Bengaluru.",en,[],[],[],0,2,3,['namothon'],[],https://twitter.com/95bac2b083c44e3/status/1091027089539493888,,,0,,Bangalore,,,,,,"{'user_id': None, 'username': None}",,,,
1090987796204945409,1090987796204945409,2019-01-31 08:58:54 CST,2019-01-31,08:58:54,-0500,34906212,katranjeet,Ranjeet Kate,,Duggal @ Dabur-Amazing value extraction.Salute!! @VishSathappan,en,['vishsathappan'],[],[],0,1,6,[],[],https://twitter.com/katranjeet/status/1090987796204945409,,https://twitter.com/blitzkreigm/status/1090912536965332992,0,,Bangalore,,,,,,"{'user_id': None, 'username': None}",,,,
1091017611653967872,1091017611653967872,2019-01-31 10:57:23 CST,2019-01-31,10:57:23,-0500,14992641,pentropy,Diwakar,,We could call it signs fiction 🍻,en,[],[],[],0,0,5,[],[],https://twitter.com/Pentropy/status/1091017611653967872,,https://twitter.com/mukularora/status/1090943491440549889,0,,Bangalore,,,,,,"{'user_id': None, 'username': None}",,,,
1090950599372242944,1090950599372242944,2019-01-31 06:31:06 CST,2019-01-31,06:31:06,-0500,446906968,dattaniharsh,Harsh Dattani,,Welcome @gdgnashik to GDG family :),en,['gdgnashik'],[],[],0,0,6,[],[],https://twitter.com/dattaniharsh/status/1090950599372242944,,https://twitter.com/GoogleDevsIN/status/1090931195892953099,0,,Bangalore,,,,,,"{'user_id': None, 'username': None}",,,,
1091044295757434889,1091044295757434889,2019-01-31 12:43:25 CST,2019-01-31,12:43:25,-0500,42221269,tanukaushik,Teekay,,This is me every Wednesday onwards.,en,[],[],[],1,0,2,[],[],https://twitter.com/tanukaushik/status/1091044295757434889,,https://twitter.com/OneChilledBeer/status/1091041390233034752,0,,Bangalore,,,,,,"{'user_id': None, 'username': None}",,,,
1090958139271405568,1090912322598645760,2019-01-31 07:01:04 CST,2019-01-31,07:01:04,-0500,48924841,somnath1978,Somnath Mukherjee,,"Even days - NSSO Is gospel. Odd days - NSSO is non-credible

https://t.co/xxtgDM836i",en,[],['https://twitter.com/mihirssharma/status/1090953530184290304?s=19'],[],2,8,9,[],[],https://twitter.com/somnath1978/status/1090958139271405568,,https://twitter.com/mihirssharma/status/1090953530184290304?s=19,0,,Bangalore,,,,,,"{'user_id': '48924841', 'username': 'somnath1978'}",,,,
1090986217468874752,1090986217468874752,2019-01-31 08:52:38 CST,2019-01-31,08:52:38,-0500,1563626983,bengalurufc,Bengaluru FC,,It's time for the big one! Catch the South Indian derby as the Blues host @KeralaBlasters at the Fortress. Tickets: https://t.co/Y3OvX6oI36 #BENKER #WeAreBFC https://t.co/8NFgaCo6Ar,en,['keralablasters'],['http://bit.ly/BENKER1819'],['https://pbs.twimg.com/media/DyP2K_2UYAADpNo.jpg'],1,1,89,"['benker', 'wearebfc']",[],https://twitter.com/bengalurufc/status/1090986217468874752,,,1,https://pbs.twimg.com/media/DyP2K_2UYAADpNo.jpg,Bangalore,,,,,,"{'user_id': None, 'username': None}",,,,
1091015291478425601,1091015291478425601,2019-01-31 10:48:10 CST,2019-01-31,10:48:10,-0500,108549569,sundar_s1955,Sankaran Sundar,,Top transplant surgeon calls for change to organ donation law now to save lives https://t.co/elH3MTvRQd,en,[],['https://www.mirror.co.uk/news/uk-news/top-transplant-surgeon-calls-change-13931235?utm_source=twitter.com&utm_medium=social&utm_campaign=sharebar'],[],0,1,3,[],[],https://twitter.com/sundar_s1955/status/1091015291478425601,,,0,,Bangalore,,,,,,"{'user_id': None, 'username': None}",,,,
1090968129528844289,1090968129528844289,2019-01-31 07:40:45 CST,2019-01-31,07:40:45,-0500,48924841,somnath1978,Somnath Mukherjee,,"Unless CMIE surveys expressly exclude formal sector, this⬇️ doesnt make sense. There is an obvious issue w/jobs surveys, its rather useless to extrapolate rationale basis hugely contaminated data...",en,[],[],[],0,0,2,[],[],https://twitter.com/somnath1978/status/1090968129528844289,,https://twitter.com/dravirmani/status/1090862000228446209,0,,Bangalore,,,,,,"{'user_id': None, 'username': None}",,,,
1090955466409152512,1090955466409152512,2019-01-31 06:50:26 CST,2019-01-31,06:50:26,-0500,3273146658,nagarajv2121,V Nagaraj 🇮🇳,,India Cricket team showed today how employees behave when boss is on leave 😂 @MihirkJha @anandmahindra,en,"['mihirkjha', 'anandmahindra']",[],[],0,1,0,[],[],https://twitter.com/nagarajv2121/status/1090955466409152512,,,0,,Bangalore,,,,,,"{'user_id': None, 'username': None}",,,,
1090929948859092992,1090929948859092992,2019-01-31 05:09:02 CST,2019-01-31,05:09:02,-0500,55895711,bhumikarunner,Dr. Bhumika Patel,,Indomitable spirit: 19-yr-old visually challenged girl gears up for 150km run https://t.co/S031ZeLF3g @TheWeekLive @andadapt @ErichManser @Sightsavers @milindrunning #SpiritofPinkathon,en,"['theweeklive', 'andadapt', 'erichmanser', 'sightsavers', 'milindrunning']",['https://www.theweek.in/leisure/society/2019/01/22/Indomitable-spirit-19-yr-old-visually-impaired-girl-gears-up-for-150km-run.html'],[],0,1,4,['spiritofpinkathon'],[],https://twitter.com/bhumikarunner/status/1090929948859092992,,,0,,Bangalore,,,,,,"{'user_id': None, 'username': None}",,,,
1091017102394241025,1091017102394241025,2019-01-31 10:55:21 CST,2019-01-31,10:55:21,-0500,370092503,manusharps,Manu,,My best wishes to #bazaar team and specifically the good human being and good hearted and talented and my Cricbuzz @SimpleSuni a very best wishes to you..have much more success than your previous movies.,en,['simplesuni'],[],[],1,0,10,['bazaar'],[],https://twitter.com/Manusharps/status/1091017102394241025,,,0,,Bangalore,,,,,,"{'user_id': None, 'username': None}",,,,
1090983098525933574,1090983098525933574,2019-01-31 08:40:14 CST,2019-01-31,08:40:14,-0500,37997633,adiljal,ADIL JAL DARUKHANAWALA,,We share your pain &amp; understand your angst &amp; also your absolute restraint!,en,[],[],[],0,0,2,[],[],https://twitter.com/adiljal/status/1090983098525933574,,https://twitter.com/joesaward/status/1090960115837022208,0,,Bangalore,,,,,,"{'user_id': None, 'username': None}",,,,
1091056064089358336,1091056064089358336,2019-01-31 13:30:11 CST,2019-01-31,13:30:11,-0500,423507508,phoenixrys,Phoenix,,"@Rangoli_A I should give a BIG shout out to #Kangana for being an icon. So many r trying to pull her r own.If #Manikarnika was a flop, the ones barking would have blamed her. Since now its a blockbuster, they bark.Not only women, she is an icon for men too! Period. Queen she is.",en,['rangoli_a'],[],[],0,4,5,"['kangana', 'manikarnika']",[],https://twitter.com/Phoenixrys/status/1091056064089358336,,,0,,Bangalore,,,,,,"{'user_id': '2956700802', 'username': 'Rangoli_A'}",,,,
1091020161706909696,1091020161706909696,2019-01-31 11:07:31 CST,2019-01-31,11:07:31,-0500,549109873,cricbc,cricBC,,"On DRS, I approved of the initial stand that Tendulkar took. Hot spot, snicko, ball tracking can still introduce errors but what you see is something that actually happened. Ball prediction is probabilistic analysis, it won't make sense and will confuse the fans.",en,[],[],[],1,1,8,[],[],https://twitter.com/cricBC/status/1091020161706909696,,,0,,Bangalore,,,,,,"{'user_id': None, 'username': None}",,,,
1090971868612448256,1090971868612448256,2019-01-31 07:55:37 CST,2019-01-31,07:55:37,-0500,81604659,prakashmenon51,Lt Gen Prakash Menon,,"Just watched an interview of the military secretary on TV. The army wants to conflate the rank of Brig and Maj Gen. But I don't think it is possible without the Air Force and the Navy going along and even if they do, getting the govt to agree would be challenging to put it mildly",en,[],[],[],3,0,9,[],[],https://twitter.com/prakashmenon51/status/1090971868612448256,,,0,,Bangalore,,,,,,"{'user_id': None, 'username': None}",,,,
1091115743486361600,1090922349606694923,2019-01-31 17:27:19 CST,2019-01-31,17:27:19,-0500,147520985,subbannak,ಸುಬ್ಬು 🇮🇳  Subbu,,@ShashiTharoor Looks like a clear case of dividing nation by making a non verified information in to a big issue. You are trying to polarise people  so that in Kerala &amp; S India ur party can get seats. Cong always plays this game of division and blames others. @TVMohandasPai @SushmaSwaraj,en,"['shashitharoor', 'tvmohandaspai', 'sushmaswaraj']",[],[],2,10,28,[],[],https://twitter.com/Subbannak/status/1091115743486361600,,,0,,Bangalore,,,,,,"{'user_id': '24705126', 'username': 'ShashiTharoor'}",,,,
1090980787694882818,1090941760052826113,2019-01-31 08:31:03 CST,2019-01-31,08:31:03,-0500,1150608313,rajeshlnayak,Rajesh Nayak,,@INCKarnataka @siddaramaiah @hd_kumaraswamy @CMofKarnataka First you guys think about Karnataka for youths job.... Why you guys are depending on Modi to do work... Star working atleast now #YouthWithModi,en,"['inckarnataka', 'siddaramaiah', 'hd_kumaraswamy', 'cmofkarnataka']",[],[],0,1,7,['youthwithmodi'],[],https://twitter.com/RajeshlNayak/status/1090980787694882818,,,0,,Bangalore,,,,,,"{'user_id': '758572309368098816', 'username': 'INCKarnataka'}",,,,
1090933890934542336,1090933890934542336,2019-01-31 05:24:42 CST,2019-01-31,05:24:42,-0500,108549569,sundar_s1955,Sankaran Sundar,,"I always thought Goa is a tourist paradise but story looks different
@manoharparrikar
@drballalmanipal
@PMOIndia
@tourismgoi
Locals are Responsible for the tourists not coming to Goa, Claims a Mumbai based Businessman https://t.co/QzGlc1RBNJ",en,"['manoharparrikar', 'pmoindia', 'tourismgoi']",['https://www.incrediblegoa.org/opinion/locals-responsible-tourist-not-coming-goa-claims-businessman/#.XFLajE-dnRY.twitter'],[],0,1,1,[],[],https://twitter.com/sundar_s1955/status/1090933890934542336,,,0,,Bangalore,,,,,,"{'user_id': None, 'username': None}",,,,
1090933531340140550,1090933531340140550,2019-01-31 05:23:17 CST,2019-01-31,05:23:17,-0500,15054362,rahulnag,Rahul Nag,,"I used @goibibo cabs for the first time from Bengaluru airport. Must say, economical, well trained drivers and cars without stinky smell. 

Most importantly, peace of mind. This is a huge add-on considering  @Uber_India or @Olacabs 

I suggest, try this.",en,"['goibibo', 'uber_india', 'olacabs']",[],[],0,0,2,[],[],https://twitter.com/rahulnag/status/1090933531340140550,,,0,,Bangalore,,,,,,"{'user_id': None, 'username': None}",,,,
1091045051915034626,1091045051915034626,2019-01-31 12:46:25 CST,2019-01-31,12:46:25,-0500,990363781,rexrao52,rexrao52🇮🇳,,Thomas Piketty &amp; Angus Deaton help frame Rahul Gandhi’s minimum income promise https://t.co/fuCyXr38AV via @ThePrintIndia,en,['theprintindia'],['https://theprint.in/politics/behind-rahul-gandhis-minimum-income-promise-a-nobel-laureate-modern-marx/185532/?utm_source=TPweb&utm_medium=1sig&utm_campaign=browser'],[],3,1,2,[],[],https://twitter.com/rexrao52/status/1091045051915034626,,,0,,Bangalore,,,,,,"{'user_id': None, 'username': None}",,,,
1090944537697181698,1090943701646372864,2019-01-31 06:07:01 CST,2019-01-31,06:07:01,-0500,2257445719,vishakha1909,Vishakha Kumaresan,,"@Anirudh_FP @anirudhofficial @VigneshShivN No offense , but I want a Tamil Breakup song 😂",en,"['anirudh_fp', 'anirudhofficial', 'vigneshshivn']",[],[],0,1,7,[],[],https://twitter.com/Vishakha1909/status/1090944537697181698,,,0,,Bangalore,,,,,,"{'user_id': '3145013898', 'username': 'Anirudh_FP'}",,,,
1091055170723536896,1091018065779687424,2019-01-31 13:26:38 CST,2019-01-31,13:26:38,-0500,825243162201448448,aabhas24,Aabhas Maldahiyar 🇮🇳,,34/n How naive &amp; horrible an idea can be eradicate someone who is reason for the existence of ‘Subjects’ we look to appease?,en,[],[],[],1,3,16,[],[],https://twitter.com/Aabhas24/status/1091055170723536896,,,0,,Bangalore,,,,,,"{'user_id': '825243162201448448', 'username': 'Aabhas24'}",,,,
1090965372868558848,1090957283939495936,2019-01-31 07:29:48 CST,2019-01-31,07:29:48,-0500,1570574408,mishra_susant,susanta mishra,,"@arunjaitley So, what happened to Sharada chit fund scam,Rose valley Chit fund scam!! Why they got buried?",en,['arunjaitley'],[],[],0,0,3,[],[],https://twitter.com/mishra_susant/status/1090965372868558848,,,0,,Bangalore,,,,,,"{'user_id': '2183816041', 'username': 'arunjaitley'}",,,,
1091077582844420096,1090865532801245184,2019-01-31 14:55:41 CST,2019-01-31,14:55:41,-0500,3313288717,sajuvetiyatil,Saju,,"@rashtrapatibhvn Sir, I have bought a house and am made to suffer for it by the builder. I had to register it under compulsion. Rera is toothless.",en,['rashtrapatibhvn'],[],[],0,2,3,[],[],https://twitter.com/sajuvetiyatil/status/1091077582844420096,,,0,,Bangalore,,,,,,"{'user_id': '885487044243238912', 'username': 'rashtrapatibhvn'}",,,,
1091055161437343744,1091018065779687424,2019-01-31 13:26:35 CST,2019-01-31,13:26:35,-0500,825243162201448448,aabhas24,Aabhas Maldahiyar 🇮🇳,,"33/n We must not forget that the existence of those whom we look to appease occurred because of the identity that you look to perish. We accommodated Islam, Christianity and more when they were playing ‘Cruades’ &amp; ‘Jihad’.",en,[],[],[],1,2,15,[],[],https://twitter.com/Aabhas24/status/1091055161437343744,,,0,,Bangalore,,,,,,"{'user_id': '825243162201448448', 'username': 'Aabhas24'}",,,,
1090993334863056896,1090987569473499141,2019-01-31 09:20:55 CST,2019-01-31,09:20:55,-0500,272503721,macharajarao,M. S. Srinivasa Rao,,@dna There is a proverb (not very clean though) in Telugu which asks What can a blind man do when he is angry and furious (like HD Deve Gowda)? He can only scratch his own arse and bleed.,en,['dna'],[],[],0,1,4,[],[],https://twitter.com/macharajarao/status/1090993334863056896,,,0,,Bangalore,,,,,,"{'user_id': '17710740', 'username': 'dna'}",,,,
1090987927159492609,1090802747941756929,2019-01-31 08:59:26 CST,2019-01-31,08:59:26,-0500,73650243,sir_gillu,सर गिल्लू™,,@AgathaChocolats You Vs Your Competitor!,en,['agathachocolats'],[],[],0,1,2,[],[],https://twitter.com/Sir_Gillu/status/1090987927159492609,,,0,,Bangalore,,,,,,"{'user_id': '3030440893', 'username': 'AgathaChocolats'}",,,,
1091023906872352768,1091020460853059584,2019-01-31 11:22:24 CST,2019-01-31,11:22:24,-0500,4213551793,amitghoshspeaks,Amit Ghosh,,@ndtv @OnReality_Check I watched Sunetra Ma'am's interview with Dr https://t.co/K82cWJHAJS was simply brilliant.,en,"['ndtv', 'onreality_check']",['http://Venki.It'],[],0,0,2,[],[],https://twitter.com/amitghoshspeaks/status/1091023906872352768,,,0,,Bangalore,,,,,,"{'user_id': '37034483', 'username': 'ndtv'}",,,,
1090935163935211521,1090923357942341632,2019-01-31 05:29:46 CST,2019-01-31,05:29:46,-0500,156588667,acidkidrock,Swatantra 🇮🇳,,@InCredFin @Rain_Man25 @tulriya Good Luck,en,"['incredfin', 'rain_man25', 'tulriya']",[],[],0,2,3,[],[],https://twitter.com/acidkidrock/status/1090935163935211521,,,0,,Bangalore,,,,,,"{'user_id': '156588667', 'username': 'acidkidrock'}",,,,
1091017234024083456,1091017234024083456,2019-01-31 10:55:53 CST,2019-01-31,10:55:53,-0500,1611989330,k_kkmallya589,K.Krishna Mallya,,"@CNNnews18 Why not advise ur Anand Narasimhan talk less , allow panelists to talk . He is confused &amp; confused all . @RatanSharda55 was not allowed to put forth his views on Rammandir",en,"['cnnnews18', 'ratansharda55']",[],[],0,0,3,[],[],https://twitter.com/k_kkmallya589/status/1091017234024083456,,,0,,Bangalore,,,,,,"{'user_id': '6509832', 'username': 'CNNnews18'}",,,,
1090983040925364224,1090967469735301121,2019-01-31 08:40:01 CST,2019-01-31,08:40:01,-0500,2170075249,shenoybv,B.V.SHENOY,,"@shakkuiyer @RahulGandhi @ARanganathan72 obsessively Rafalefied, compulsively mendacious-dork,  in short, An OCD!!! @ARanganathan72 @mskisc @DrRajeshDBhat @LillyMaryPinto @UshaDravid",en,"['shakkuiyer', 'rahulgandhi', 'aranganathan72', 'aranganathan72', 'mskisc', 'drrajeshdbhat', 'lillymarypinto', 'ushadravid']",[],[],0,0,5,[],[],https://twitter.com/shenoybv/status/1090983040925364224,,,0,,Bangalore,,,,,,"{'user_id': '166132266', 'username': 'shakkuiyer'}",,,,
1090915047457636352,1089781897343979520,2019-01-31 04:09:50 CST,2019-01-31,04:09:50,-0500,798764186511626242,amritspeaks,Amritansh Upadhyay,,@sanjukta @rssurjewala वो जी the actual results turned out to be the exact opposite of your gut feeling. Hope your gut feels that @RahulGandhi will be the next PM of India.,en,"['sanjukta', 'rssurjewala', 'rahulgandhi']",[],[],0,0,2,[],[],https://twitter.com/amritspeaks/status/1090915047457636352,,,0,,Bangalore,,,,,,"{'user_id': '7370332', 'username': 'sanjukta'}",,,,
1091055176369074176,1091018065779687424,2019-01-31 13:26:39 CST,2019-01-31,13:26:39,-0500,825243162201448448,aabhas24,Aabhas Maldahiyar 🇮🇳,,N/n pl read the thread 👆🏼with minor correction in first tweet: Please ignore my address to CJI Ranjan Gogoi in thread as bench was actually headed by Justices JF Nariman and Vineet Saran cc @mini_707070 @RatanSharda55 https://t.co/eU610MhY0J,en,['ratansharda55'],['https://twitter.com/aabhas24/status/1091018065779687424?s=21'],[],2,4,21,[],[],https://twitter.com/Aabhas24/status/1091055176369074176,,0,0,,Bangalore,,,,,,"{'user_id': '825243162201448448', 'username': 'Aabhas24'}",,,,
1091020821194203136,1091020161706909696,2019-01-31 11:10:08 CST,2019-01-31,11:10:08,-0500,549109873,cricbc,cricBC,,Taking the right decision is important but rules in a spectator sport should never made overly complex.,en,[],[],[],1,0,7,[],[],https://twitter.com/cricBC/status/1091020821194203136,,,0,,Bangalore,,,,,,"{'user_id': '549109873', 'username': 'cricBC'}",,,,
1090980038114066432,1090803813399912448,2019-01-31 08:28:05 CST,2019-01-31,08:28:05,-0500,2408378316,geethaamritham,BhagavadGeethaamrith,,"@kumarnandaj Such Hindus are like Duryodhana, who said: I know what is right &amp; good for me, but I cant do that; I know what I should not do, but my nature is forcing me to do it"". Poor, pitiable fellows!!",en,['kumarnandaj'],[],[],0,0,4,[],[],https://twitter.com/Geethaamritham/status/1090980038114066432,,,0,,Bangalore,,,,,,"{'user_id': '249524839', 'username': 'kumarnandaj'}",,,,
1090958284331339776,1090950680590848000,2019-01-31 07:01:38 CST,2019-01-31,07:01:38,-0500,36637256,elizabeth_chen,Elizabeth Chen 陳 結 霞,,"@journojuno PRs definitely have a more happening life: 
1. Birth
2. Listen to Client demand for front page splash  
3. Almost die “Pitching” a story
4. Nearly commit suicide reading hate tweets from journalists and stinkers from clients
5. Death",en,['journojuno'],[],[],1,0,1,[],[],https://twitter.com/Elizabeth_Chen/status/1090958284331339776,,,0,,Bangalore,,,,,,"{'user_id': '109853283', 'username': 'journojuno'}",,,,
