id,conversation_id,created_at,date,time,timezone,user_id,username,name,place,tweet,language,mentions,urls,photos,replies_count,retweets_count,likes_count,hashtags,cashtags,link,retweet,quote_url,video,thumbnail,near,geo,source,user_rt_id,user_rt,retweet_id,reply_to,retweet_date,translate,trans_src,trans_dest
1156940462541770753,1156940462541770753,2019-08-01 09:51:15 CDT,2019-08-01,09:51:15,-0500,167707382,iammaheshfan,Narendra Gowd 🦁,,Congrats #SSMB... More to go.. !! @urstrulyMahesh #8MillionMaheshiansOnTwitter https://t.co/8FceuyDN0J,en,['urstrulymahesh'],[],['https://pbs.twimg.com/media/EA5HNHGU4AAIwwM.jpg'],1,127,344,"['ssmb', '8millionmaheshiansontwitter']",[],https://twitter.com/IamMaheshFan/status/1156940462541770753,,,1,https://pbs.twimg.com/media/EA5HNHGU4AAIwwM.jpg,Bangalore,,,,,,"{'user_id': None, 'username': None}",,,,
1156919723990237185,1156919723990237185,2019-08-01 08:28:51 CDT,2019-08-01,08:28:51,-0500,74787719,manukumarjain,Manu Kumar Jain,,"Super slo-mo video done right! From the setting to the details, just love this clip. 😍

#MiFans, have you experimented with the 960fps slo-mo videos on the #RedmiK20Pro &amp; #RedmiK20? If yes, share it with me. 🥊

Get.. Set.. RT 🔄 

#Xiaomi ❤ #OutperformEveryDay #FlagshipKiller https://t.co/abVedyxhxc",en,[],[],[],105,194,1314,"['mifans', 'redmik20pro', 'redmik20', 'xiaomi', 'outperformeveryday', 'flagshipkiller']",[],https://twitter.com/manukumarjain/status/1156919723990237185,,,1,https://pbs.twimg.com/ext_tw_video_thumb/1156919698321100801/pu/img/AbwQgqyQmmnfwMEe.jpg,Bangalore,,,,,,"{'user_id': None, 'username': None}",,,,
1156993465651224582,1156993465651224582,2019-08-01 13:21:52 CDT,2019-08-01,13:21:52,-0500,4538566158,srk_bangalore,SHAH RUKH KHAN FAN ASSOCIATION,,"Our ASSOCIATION  planning    b4 #Mannat 
#MannatYatra2k18💛💛💛💛💛
❤❤❤❤❤❤❤
Now it's a time for #MannatYatra2k19 💛💛💛💛💛 https://t.co/PScoec6cF2",en,[],[],"['https://pbs.twimg.com/media/EA53Zl0WsAIygW9.jpg', 'https://pbs.twimg.com/media/EA53Z-0XoAI62E9.jpg', 'https://pbs.twimg.com/media/EA53aZLX4AAzmnV.jpg', 'https://pbs.twimg.com/media/EA53aqYW4AAXRYq.jpg']",4,30,42,"['mannat', 'mannatyatra2k18', 'mannatyatra2k19']",[],https://twitter.com/Srk_bangalore/status/1156993465651224582,,,1,https://pbs.twimg.com/media/EA53Zl0WsAIygW9.jpg,Bangalore,,,,,,"{'user_id': None, 'username': None}",,,,
1156929275439636481,1156929275439636481,2019-08-01 09:06:48 CDT,2019-08-01,09:06:48,-0500,1035531818680901638,karnatakajithfc,KARNATAKA AJITH FANS WELFARE ASSOCIATION,,"Here the much awaited Common DP for #Thala
#AjithKumar  😍😍😍❤️ with Stunning trending tags 😍😍😍

#27YrsOfAJITHISMFestivalCDP
#27YrsOfAJITHISMCommonDP 
#27YrsOfAJITHISM https://t.co/9hFY1fp8Iv",en,[],[],"['https://pbs.twimg.com/media/EA49Be5UcAUDMfM.jpg', 'https://pbs.twimg.com/media/EA49CRgUIAEwtJ9.jpg']",0,26,30,"['thala', 'ajithkumar', '27yrsofajithismfestivalcdp', '27yrsofajithismcommondp', '27yrsofajithism']",[],https://twitter.com/KarnatakAjithFC/status/1156929275439636481,,,1,https://pbs.twimg.com/media/EA49Be5UcAUDMfM.jpg,Bangalore,,,,,,"{'user_id': None, 'username': None}",,,,
1156920496845279232,1156920496845279232,2019-08-01 08:31:55 CDT,2019-08-01,08:31:55,-0500,1123155837331984384,kgfteam,KGF THALUK ONLINE VIJAY MAKKAL IYAKAM (r) 38965,,Cuteness 😎 https://t.co/gnfuIMu0by,en,[],[],"['https://pbs.twimg.com/media/EA40_k6VUAE4gce.jpg', 'https://pbs.twimg.com/media/EA41BUcUcAEx5r5.jpg', 'https://pbs.twimg.com/media/EA41CphU8AAIsPo.jpg']",0,2,9,[],[],https://twitter.com/KgfTeam/status/1156920496845279232,,,1,https://pbs.twimg.com/media/EA40_k6VUAE4gce.jpg,Bangalore,,,,,,"{'user_id': None, 'username': None}",,,,
1156883585212674051,1156883585212674051,2019-08-01 06:05:15 CDT,2019-08-01,06:05:15,-0500,37891386,anaghzzz,Anagha Maareesha,,This very cute person is looking for a home in Bangalore!!!!! Please contact: 7411214743 https://t.co/piOTFQKZRF,en,[],[],"['https://pbs.twimg.com/media/EA4Td2RUcAAHhKE.jpg', 'https://pbs.twimg.com/media/EA4TegbUIAAFGuZ.jpg']",0,6,14,[],[],https://twitter.com/Anaghzzz/status/1156883585212674051,,,1,https://pbs.twimg.com/media/EA4Td2RUcAAHhKE.jpg,Bangalore,,,,,,"{'user_id': None, 'username': None}",,,,
1156971052003540993,1156971052003540993,2019-08-01 11:52:48 CDT,2019-08-01,11:52:48,-0500,16375496,sambitbal,Sambit Bal,,Welcome back Steve Smith to Test cricket. And what a way come back: it’s like he had never left #TheAshes,en,[],[],[],6,34,626,['theashes'],[],https://twitter.com/sambitbal/status/1156971052003540993,,,0,,Bangalore,,,,,,"{'user_id': None, 'username': None}",,,,
1157034258478915587,1157034258478915587,2019-08-01 16:03:58 CDT,2019-08-01,16:03:58,-0500,4538566158,srk_bangalore,SHAH RUKH KHAN FAN ASSOCIATION,,"Special moment  for Bangalore Srkins #MannatYatra2k18❤💛  we still  can't  imagine that  moment  we love u #IamSRKClub
 #zerotrailerlaunch https://t.co/zVPEt0AEt8",en,[],[],"['https://pbs.twimg.com/media/EA6ccGfX4AQBRtn.jpg', 'https://pbs.twimg.com/media/EA6cegrX4AoIOxJ.jpg', 'https://pbs.twimg.com/media/EA6cfwUWsAIqRf8.jpg', 'https://pbs.twimg.com/media/EA6cg6LW4AAD-rZ.jpg']",12,43,66,"['mannatyatra2k18', 'iamsrkclub', 'zerotrailerlaunch']",[],https://twitter.com/Srk_bangalore/status/1157034258478915587,,,1,https://pbs.twimg.com/media/EA6ccGfX4AQBRtn.jpg,Bangalore,,,,,,"{'user_id': None, 'username': None}",,,,
1157032650969964557,1157032650969964557,2019-08-01 15:57:35 CDT,2019-08-01,15:57:35,-0500,4538566158,srk_bangalore,SHAH RUKH KHAN FAN ASSOCIATION,,Quite amazing how thots can weigh u down &amp; set u free. All else is restricted by its physicality. Freedom is just a thot &amp; so is confinement https://t.co/EAZAaHIKaE,en,[],[],['https://pbs.twimg.com/media/EA6bDXMX4Agd3R3.jpg'],3,26,37,[],[],https://twitter.com/Srk_bangalore/status/1157032650969964557,,,1,https://pbs.twimg.com/media/EA6bDXMX4Agd3R3.jpg,Bangalore,,,,,,"{'user_id': None, 'username': None}",,,,
1156913050693193729,1156913050693193729,2019-08-01 08:02:20 CDT,2019-08-01,08:02:20,-0500,562034936,jbtsinindia,Indian Beliebers Community 🇮🇳,,"Just a reminder, @justinbieber is married. https://t.co/bqMn8m5fyq",en,['justinbieber'],[],['https://pbs.twimg.com/media/EA4uR9VUYAAs8Ux.jpg'],0,9,34,[],[],https://twitter.com/JBTSinIndia/status/1156913050693193729,,,1,https://pbs.twimg.com/media/EA4uR9VUYAAs8Ux.jpg,Bangalore,,,,,,"{'user_id': None, 'username': None}",,,,
1156910383208128512,1156910383208128512,2019-08-01 07:51:44 CDT,2019-08-01,07:51:44,-0500,1053853087352406017,remyasr1,Remya S R,,"Vocational Training 40years!
#VTTakesoff #VocationalTraining #Scholar@SAP #lifeatSAP #40yearsVT https://t.co/UMqQGgZAcD",en,[],[],"['https://pbs.twimg.com/media/EA4r2oJUIAERUm0.jpg', 'https://pbs.twimg.com/media/EA4r2oHUYAEqrKv.jpg', 'https://pbs.twimg.com/media/EA4r2oFVUAMCbvd.jpg']",0,3,21,"['vttakesoff', 'vocationaltraining', 'scholar', 'lifeatsap', '40yearsvt']",[],https://twitter.com/RemyaSR1/status/1156910383208128512,,,1,https://pbs.twimg.com/media/EA4r2oJUIAERUm0.jpg,Bangalore,,,,,,"{'user_id': None, 'username': None}",,,,
1156971394808156160,1156971394808156160,2019-08-01 11:54:10 CDT,2019-08-01,11:54:10,-0500,2206084996,nagraj0308,⚡ ℕ𝕒𝕘𝕖𝕟𝕕𝕣𝕒 ℂ𝕙𝕒𝕦𝕕𝕙𝕒𝕣𝕪 ⚡,,"#100DaysOfCode 
Day30 completed!!
Made a new full functional app ""Class Register"". https://t.co/GFHCAcrbW9",en,[],[],"['https://pbs.twimg.com/media/EA5jVCzU8AAeLFI.jpg', 'https://pbs.twimg.com/media/EA5jVzoUYAEjEmn.jpg']",0,3,8,['100daysofcode'],[],https://twitter.com/nagraj0308/status/1156971394808156160,,,1,https://pbs.twimg.com/media/EA5jVCzU8AAeLFI.jpg,Bangalore,,,,,,"{'user_id': None, 'username': None}",,,,
1156926726003277824,1156926726003277824,2019-08-01 08:56:40 CDT,2019-08-01,08:56:40,-0500,2207360868,sankarambur1,Rudra 🇮🇳🙏🏼,,"Spread this video 
Let consumers know what Zomato delivery man does 
This video is sufficient. No need for uninstalling app. This will uninstall the company. 

#boycottzomato https://t.co/OyGbbbggef",en,[],[],[],1,3,15,['boycottzomato'],[],https://twitter.com/sankarambur1/status/1156926726003277824,,,1,https://pbs.twimg.com/ext_tw_video_thumb/1156926275438575616/pu/img/ghH2v5bMubMeosN3.jpg,Bangalore,,,,,,"{'user_id': None, 'username': None}",,,,
1156851997271707654,1156851997271707654,2019-08-01 03:59:44 CDT,2019-08-01,03:59:44,-0500,985588317730242561,techfilix,TechFilix at 🏡,,"I have very excited to travel first time in #DoubleDecker train 22626 from Bangalore to Chennai, but inside of train coach (C5) I have found many cockroaches. Very bad experience of in this train.@IRCTCofficial @PiyushGoyal @RailwaySeva @swachhbharat https://t.co/Dl7l1CB3Ex",en,"['irctcofficial', 'piyushgoyal', 'railwayseva', 'swachhbharat']",[],[],4,2,11,['doubledecker'],[],https://twitter.com/TechFilix/status/1156851997271707654,,,1,https://pbs.twimg.com/ext_tw_video_thumb/1156851058787807232/pu/img/DLEjnBfzA_W2D16W.jpg,Bangalore,,,,,,"{'user_id': None, 'username': None}",,,,
1156974184842424320,1156974184842424320,2019-08-01 12:05:15 CDT,2019-08-01,12:05:15,-0500,981857739067609088,flightofsand,Anne T. Fa,,"Why can't people just accept that scientists are right about climate change and the shape of the planet, doctors are the right people to consult about your health, therapy and psychiatric drugs are good things, and the police are fundamentally our enemies?",en,[],[],[],0,4,28,[],[],https://twitter.com/flightofsand/status/1156974184842424320,,,0,,Bangalore,,,,,,"{'user_id': None, 'username': None}",,,,
1156918339089756161,1156918339089756161,2019-08-01 08:23:21 CDT,2019-08-01,08:23:21,-0500,138374833,aiyannabelly,AB,,Coorg in all its beauty. https://t.co/CF7Z4WcB08,en,[],[],['https://pbs.twimg.com/media/EA4zFRYVAAMYan-.jpg'],2,0,13,[],[],https://twitter.com/aiyannabelly/status/1156918339089756161,,,1,https://pbs.twimg.com/media/EA4zFRYVAAMYan-.jpg,Bangalore,,,,,,"{'user_id': None, 'username': None}",,,,
1157006564630253568,1157006564630253568,2019-08-01 14:13:55 CDT,2019-08-01,14:13:55,-0500,609357018,godisays,Akhilesh Godi 🏳️‍🌈🇮🇳,,"Real consequences of having S377 repealed - a very Indian (at heart) organization starting to treat same sex relationships at par with heterosexual relationships. So proud, @starindia! This is actual inclusivity. https://t.co/QraIz1XHL4",en,['starindia'],[],['https://pbs.twimg.com/media/EA6DUqDUcAARni3.jpg'],1,5,18,[],[],https://twitter.com/godisays/status/1157006564630253568,,,1,https://pbs.twimg.com/media/EA6DUqDUcAARni3.jpg,Bangalore,,,,,,"{'user_id': None, 'username': None}",,,,
1156975296345591808,1156975296345591808,2019-08-01 12:09:40 CDT,2019-08-01,12:09:40,-0500,1369973090,cjsantosh,C J Santosh Kumar,,"Sometimes you just need to give yourself a peaceful time😇

#kotagiri #kodanaduviewpoint #kodanadu 
#StoriesofIndia #Lonelyplanet #instatravel #instatravelling #traveldairies #traveldairy #wanderlust #roadtrip 
#advernture #adventuretravel #travel https://t.co/jnfd5cX2JK",en,[],[],['https://pbs.twimg.com/media/EA5m5XJUcAA-haZ.jpg'],1,0,8,"['kotagiri', 'kodanaduviewpoint', 'kodanadu', 'storiesofindia', 'lonelyplanet', 'instatravel', 'instatravelling', 'traveldairies', 'traveldairy', 'wanderlust', 'roadtrip', 'advernture', 'adventuretravel', 'travel']",[],https://twitter.com/cjsantosh/status/1156975296345591808,,,1,https://pbs.twimg.com/media/EA5m5XJUcAA-haZ.jpg,Bangalore,,,,,,"{'user_id': None, 'username': None}",,,,
1156966596948029441,1156966596948029441,2019-08-01 11:35:06 CDT,2019-08-01,11:35:06,-0500,230696607,waynelombard,"Wayne Lombard, Ph.D.",,"Wow! Almost 10yrs ago. Where it all started @Sportscience_sa #hpc. very grateful to have spent 6yrs here! “Success is not so much about what u achieve in ur own life, but rather by what u inspire others to achieve in their lives” anon #sportscience 🇿🇦 https://t.co/hp7ApUyzVm",en,['sportscience_sa'],[],['https://pbs.twimg.com/media/EA5e-74UEAEyp0c.jpg'],0,4,27,"['hpc', 'sportscience']",[],https://twitter.com/waynelombard/status/1156966596948029441,,,1,https://pbs.twimg.com/media/EA5e-74UEAEyp0c.jpg,Bangalore,,,,,,"{'user_id': None, 'username': None}",,,,
1156971585393156097,1156971585393156097,2019-08-01 11:54:56 CDT,2019-08-01,11:54:56,-0500,1946169680,saraswathi1717,Saraswathi Jagirdar 🇮🇳,,An Evening in Paris #eiffeltower @actressharshika https://t.co/5cmvYlR1W1,en,['actressharshika'],[],"['https://pbs.twimg.com/media/EA5jfPYUEAAo378.jpg', 'https://pbs.twimg.com/media/EA5jf8cU4AAAxoX.jpg', 'https://pbs.twimg.com/media/EA5jghuVUAAHLZQ.jpg', 'https://pbs.twimg.com/media/EA5jhLFUIAADIcr.jpg']",0,2,44,['eiffeltower'],[],https://twitter.com/saraswathi1717/status/1156971585393156097,,,1,https://pbs.twimg.com/media/EA5jfPYUEAAo378.jpg,Bangalore,,,,,,"{'user_id': None, 'username': None}",,,,
1156939227315101697,1156939227315101697,2019-08-01 09:46:21 CDT,2019-08-01,09:46:21,-0500,41342835,vattikuti,Ramakrishna Vattikuti,,Congratulations @kavi_lak @NithyaRajagopa3 You make us proud 😊 #SAPLabsInnovationAwards @SAPAriba @saplabsindia #makeSAPAribaIDCAwesome #InnovatorsMindset https://t.co/6NUZzL8Gae,en,"['kavi_lak', 'nithyarajagopa3', 'sapariba', 'saplabsindia']",[],['https://pbs.twimg.com/media/EA5GFjMUEAAXZ2K.jpg'],0,2,8,"['saplabsinnovationawards', 'makesaparibaidcawesome', 'innovatorsmindset']",[],https://twitter.com/vattikuti/status/1156939227315101697,,,1,https://pbs.twimg.com/media/EA5GFjMUEAAXZ2K.jpg,Bangalore,,,,,,"{'user_id': None, 'username': None}",,,,
1156951776626499587,1156951776626499587,2019-08-01 10:36:13 CDT,2019-08-01,10:36:13,-0500,1027767517131894784,balaji140720,Balaji,,"Stylish Star @alluarjun #Sukumar's Untitled movie #AA20 will be launched officially on an auspicious day in this month.

It will go to floors on 18th September.

Release is planned for Summer 2020. 👍
@MythriOfficial @iamRashmika @ThisIsDSP https://t.co/H38iJFJClX",en,"['alluarjun', 'mythriofficial', 'iamrashmika', 'thisisdsp']",[],"['https://pbs.twimg.com/media/EA5RgD6UwAEmTvY.jpg', 'https://pbs.twimg.com/media/EA5RgN1U0AArH3r.jpg']",0,7,18,"['sukumar', 'aa20']",[],https://twitter.com/Balaji140720/status/1156951776626499587,,,1,https://pbs.twimg.com/media/EA5RgD6UwAEmTvY.jpg,Bangalore,,,,,,"{'user_id': None, 'username': None}",,,,
1156979527337164801,1156979527337164801,2019-08-01 12:26:29 CDT,2019-08-01,12:26:29,-0500,60775567,viswas_mr,Swacch (uro)surgeon,,Comeback! Redemption! Steve Smith!🙏 https://t.co/5jJucAm7R9,en,[],[],['https://pbs.twimg.com/media/EA5qvZyUcAEFwwt.jpg'],1,0,16,[],[],https://twitter.com/viswas_mr/status/1156979527337164801,,,1,https://pbs.twimg.com/media/EA5qvZyUcAEFwwt.jpg,Bangalore,,,,,,"{'user_id': None, 'username': None}",,,,
1156968517951877120,1156968517951877120,2019-08-01 11:42:44 CDT,2019-08-01,11:42:44,-0500,767829861062807552,kellycotter_,Kelly Cotter,,The amazing women at ASHA went above and beyond to make us feel welcome and included in their community 🇮🇳#skillcorps #globalautismproject #dowithnotfor https://t.co/b4QEqVPYUv,en,[],[],"['https://pbs.twimg.com/media/EA5grfCUYAASF-4.jpg', 'https://pbs.twimg.com/media/EA5grfBVUAE6Bk8.jpg', 'https://pbs.twimg.com/media/EA5grfIUEAI360u.jpg']",0,0,7,"['skillcorps', 'globalautismproject', 'dowithnotfor']",[],https://twitter.com/kellycotter_/status/1156968517951877120,,,1,https://pbs.twimg.com/media/EA5grfCUYAASF-4.jpg,Bangalore,,,,,,"{'user_id': None, 'username': None}",,,,
1156986770707189761,1156986770707189761,2019-08-01 12:55:16 CDT,2019-08-01,12:55:16,-0500,1888558788,nirbhikjangid,nirbhik.eth ᵍᵐ 🦇🔊,,"A year went by &amp; we're here back again! 

@ETHIndiaco @maticnetwork @devfolioco https://t.co/B8mUPZz5LI",en,"['ethindiaco', 'maticnetwork', 'devfolioco']",[],['https://pbs.twimg.com/media/EA5xUo3UYAAwCB3.jpg'],0,1,16,[],[],https://twitter.com/NirbhikJangid/status/1156986770707189761,,,1,https://pbs.twimg.com/media/EA5xUo3UYAAwCB3.jpg,Bangalore,,,,,,"{'user_id': None, 'username': None}",,,,
1156955810645209088,1156955810645209088,2019-08-01 10:52:15 CDT,2019-08-01,10:52:15,-0500,2997245852,rudrasroy,Rudra Shankar Roy,,"#XIA2019:30 Days to Go for the biggest event not only for #Xaverians &amp; #Jesuit #Alumni, it’s open to all with friends &amp; families
Ensure your participation by registering

https://t.co/4vGEzqmydp

#SXCCAA #Registernow #XAV.biz #XIA_Cuppa #XIA_GA2019 #XIA_Fellowship #Krosswindz https://t.co/kMqCddbD1f",en,[],['https://forms.gle/xvbbDxSFy3TMbYaBA'],"['https://pbs.twimg.com/media/EA5VKYiVAAAmu69.jpg', 'https://pbs.twimg.com/media/EA5VKYjUYAE-skc.jpg', 'https://pbs.twimg.com/media/EA5VKYiU4AEF0q4.jpg']",0,0,2,"['xia2019', 'xaverians', 'jesuit', 'alumni', 'sxccaa', 'registernow', 'xav', 'xia_cuppa', 'xia_ga2019', 'xia_fellowship', 'krosswindz']",[],https://twitter.com/rudrasroy/status/1156955810645209088,,,1,https://pbs.twimg.com/media/EA5VKYiVAAAmu69.jpg,Bangalore,,,,,,"{'user_id': None, 'username': None}",,,,
1156995678029041664,1150129508277579776,2019-08-01 13:30:40 CDT,2019-08-01,13:30:40,-0500,1148283499465433088,bts_blr_desimys,Bengaluru Desimys⁷,,"Quiz #2 of 5
Which BTS Song is this? 

https://t.co/gJCzXNG9l2

This is the link to the ongoing quiz which will be open till 11:59PM today.

Top 3 scores get freebies!

It's all for free, we hope you guys participate! 💜 💜 https://t.co/PztOiXaUAv",en,[],['https://docs.google.com/forms/d/e/1FAIpQLSfax6Set5ZhLCuv8fbgqkeV2KDLy1ZxV2hPUZzfukLKFGE2bg/viewform?usp=sf_link'],['https://pbs.twimg.com/media/EA55bivUYAAYpLD.jpg'],1,3,3,[],[],https://twitter.com/bts_blr_desimys/status/1156995678029041664,,,1,https://pbs.twimg.com/media/EA55bivUYAAYpLD.jpg,Bangalore,,,,,,"{'user_id': '1148283499465433088', 'username': 'bts_blr_desimys'}",,,,
1156945335484178432,1156945335484178432,2019-08-01 10:10:37 CDT,2019-08-01,10:10:37,-0500,1048822022,ash2312pb,Ashwini,,Yes I am one of those people who despite of having flown a lot in the past will still take pictures from the window and post on social media. https://t.co/Do20UW650r,en,[],[],['https://pbs.twimg.com/media/EA5LoCeVUAALqNs.jpg'],0,0,4,[],[],https://twitter.com/ash2312pb/status/1156945335484178432,,,1,https://pbs.twimg.com/media/EA5LoCeVUAALqNs.jpg,Bangalore,,,,,,"{'user_id': None, 'username': None}",,,,
1157002765354196992,1157002765354196992,2019-08-01 13:58:49 CDT,2019-08-01,13:58:49,-0500,720841989814489088,varshabargavi,Varsha,,"Why can't Indian men deal with the fact that some women don't prefer to cook. That it's a choice and we have the freedom to make that choice. So for the 100th time, no, I don't bring lunch to office because I don't want to cook in the mornings or force my spouse to, like you do! https://t.co/37au7MiIm9",en,[],[],['https://pbs.twimg.com/tweet_video_thumb/EA5_4GzU4AAAFc3.jpg'],0,0,3,[],[],https://twitter.com/varshabargavi/status/1157002765354196992,,,1,https://pbs.twimg.com/tweet_video_thumb/EA5_4GzU4AAAFc3.jpg,Bangalore,,,,,,"{'user_id': None, 'username': None}",,,,
1156979874331889664,1156979874331889664,2019-08-01 12:27:52 CDT,2019-08-01,12:27:52,-0500,4911084924,prabhatisb,Prabha🇮🇳,,"Pathetic to see Ravi Shrivastava losing his breath defending a liar fraud of a man called Kejriwal ,who offers only empty promises. #Freebienomics This guy's political future is done &amp; dusted with.Delhites should display their wisdom in voting out this imposter of the first order",en,[],[],[],2,4,11,['freebienomics'],[],https://twitter.com/prabhatisb/status/1156979874331889664,,,0,,Bangalore,,,,,,"{'user_id': None, 'username': None}",,,,
1156979980317777920,1156979980317777920,2019-08-01 12:28:17 CDT,2019-08-01,12:28:17,-0500,143966663,sudhasaba,Sudhasaba,,Good job Sherin. She snapped out. Exact feelings of audience she conveyed. All 3 at fault. Leave it and move on. Losliya attitude and body language is the issue. She could've avoided that. Sakshi gameplan worked big. Kavin dude u don't know to handle this. Bad #BiggBossTamil3,en,[],[],[],0,1,13,['biggbosstamil3'],[],https://twitter.com/sudhasaba/status/1156979980317777920,,,0,,Bangalore,,,,,,"{'user_id': None, 'username': None}",,,,
1156959421169205248,1156429449258250240,2019-08-01 11:06:35 CDT,2019-08-01,11:06:35,-0500,99464479,sricrazymindz,Sricrazymindz,,@ZomatoIN Ahhh that shows in ur customer care response!!! I have uninstalled Zomato &amp; I won't starve to death for sure!!! https://t.co/bYLMsYn5DP,en,[],[],['https://pbs.twimg.com/media/EA5YdhyU4AAulFN.jpg'],1,2,7,[],[],https://twitter.com/Sricrazymindz/status/1156959421169205248,,,1,https://pbs.twimg.com/media/EA5YdhyU4AAulFN.jpg,Bangalore,,,,,,"{'user_id': None, 'username': None}",,,,
1156979298428866561,1156798676175478784,2019-08-01 12:25:35 CDT,2019-08-01,12:25:35,-0500,121971181,iashuhere,Ashok kumar,,@Instareads @Codecademy @PUBG @ZEE5India Awesome UI &amp; Audio read quality is excellent 🎉 https://t.co/39SQR7Ezbz,en,"['instareads', 'codecademy', 'pubg', 'zee5india']",[],['https://pbs.twimg.com/tweet_video_thumb/EA5qh6_UIAMBcQV.jpg'],0,1,2,[],[],https://twitter.com/iashuhere/status/1156979298428866561,,,1,https://pbs.twimg.com/tweet_video_thumb/EA5qh6_UIAMBcQV.jpg,Bangalore,,,,,,"{'user_id': '2329303874', 'username': 'Instareads'}",,,,
1156928064040816641,1156928064040816641,2019-08-01 09:01:59 CDT,2019-08-01,09:01:59,-0500,143397729,brendanschwab,Brendan Schwab,,RT Essential thread from one of the great scholars who examines the fields of sport and human rights,en,[],[],[],0,7,13,[],[],https://twitter.com/BrendanSchwab/status/1156928064040816641,,https://twitter.com/Ant1Duval/status/1156904719723499520,0,,Bangalore,,,,,,"{'user_id': None, 'username': None}",,,,
1156995386705248256,1156995386705248256,2019-08-01 13:29:30 CDT,2019-08-01,13:29:30,-0500,2288490336,hashankaranaray,H.A.Shankaranarayana,,"BJP &amp; Moral High Ground...?!

What an oxymoron...!!!",en,[],[],[],2,2,8,[],[],https://twitter.com/HAShankaranaray/status/1156995386705248256,,https://twitter.com/tavleen_singh/status/1156924477629841409,0,,Bangalore,,,,,,"{'user_id': None, 'username': None}",,,,
1156936114357149697,1156936114357149697,2019-08-01 09:33:59 CDT,2019-08-01,09:33:59,-0500,2207360868,sankarambur1,Rudra 🇮🇳🙏🏼,,You are very generous in giving respect this incorrigible idiot.,en,[],[],[],0,1,2,[],[],https://twitter.com/sankarambur1/status/1156936114357149697,,https://twitter.com/HLKodo/status/1156896393224527873,0,,Bangalore,,,,,,"{'user_id': None, 'username': None}",,,,
1156989725644742656,1156989725644742656,2019-08-01 13:07:01 CDT,2019-08-01,13:07:01,-0500,799618671718973440,nilashishc,Nilashish Chakraborty,,"Come meet us at the Ansible booth tomorrow @devconf_in to discuss all things automation!

#ansible",en,['devconf_in'],[],[],0,2,7,['ansible'],[],https://twitter.com/NilashishC/status/1156989725644742656,,,0,,Bangalore,,,,,,"{'user_id': None, 'username': None}",,,,
1156954401740689409,1156954401740689409,2019-08-01 10:46:39 CDT,2019-08-01,10:46:39,-0500,17152037,vivashastri,Vivasvan Shastri,,Great thread for the history buffs,en,[],[],[],1,3,3,[],[],https://twitter.com/VivaShastri/status/1156954401740689409,,https://twitter.com/aparanjape/status/1156931009750822914,0,,Bangalore,,,,,,"{'user_id': None, 'username': None}",,,,
1156981481245466624,1156971052003540993,2019-08-01 12:34:15 CDT,2019-08-01,12:34:15,-0500,16375496,sambitbal,Sambit Bal,,Australia have now more than than doubled their score from 122 for 8. And Smith has scored 102 runs in the company of No. 10 and 11. Hope he gets the ovation that he deserves from Birmingham. He has been sensational,en,[],[],[],1,8,118,[],[],https://twitter.com/sambitbal/status/1156981481245466624,,,0,,Bangalore,,,,,,"{'user_id': '16375496', 'username': 'sambitbal'}",,,,
1156968418295209984,1156608852160180224,2019-08-01 11:42:21 CDT,2019-08-01,11:42:21,-0500,47414330,gofindthetruth,सत्यम ब्रुयात ! 🇮🇳,,@mcdonaldsindia Thanks for the clarification... From now onwards neither me nor the people whom I can convince will buy anything from @mcdonaldsindia outlets until they start selling Jhatka meat as well...,en,"['mcdonaldsindia', 'mcdonaldsindia']",[],[],0,21,46,[],[],https://twitter.com/GoFindTheTruth/status/1156968418295209984,,,0,,Bangalore,,,,,,"{'user_id': '918869826', 'username': 'mcdonaldsindia'}",,,,
1156964312327397376,1156964312327397376,2019-08-01 11:26:02 CDT,2019-08-01,11:26:02,-0500,1619877804,ramakrishnaux,Ramakrishna,,Journey to the fourth dimension! #BLRDesign,en,[],[],[],0,0,7,['blrdesign'],[],https://twitter.com/RamaKrishnaUX/status/1156964312327397376,,https://twitter.com/zetaux1/status/1156964000879394816,0,,Bangalore,,,,,,"{'user_id': None, 'username': None}",,,,
1156934052068261888,1156934052068261888,2019-08-01 09:25:47 CDT,2019-08-01,09:25:47,-0500,1280916384,bedapta,Bedapta Nayak,,"Cancelled my zomato order because the delivery guy couldn’t pronounce my name! 
#Zomato",en,[],[],[],6,0,35,['zomato'],[],https://twitter.com/bedapta/status/1156934052068261888,,,0,,Bangalore,,,,,,"{'user_id': None, 'username': None}",,,,
1156963114090258433,1156963114090258433,2019-08-01 11:21:16 CDT,2019-08-01,11:21:16,-0500,1576882640,soulsflute,Nitin,,"#BirthMonthOfStRamRahimJi
All videos for this hash are so full of love, I'm sure they will make your day as well.",en,[],[],[],0,7,8,['birthmonthofstramrahimji'],[],https://twitter.com/SoulsFlute/status/1156963114090258433,,,0,,Bangalore,,,,,,"{'user_id': None, 'username': None}",,,,
1156916091601375232,1156916091601375232,2019-08-01 08:14:25 CDT,2019-08-01,08:14:25,-0500,509090264,siddhrthknkaria,𓆉 Siddharth Kankaria/ सिद्धार्थ कांकरिया (he/him),,"Listening to @thetoonguy being interviewed by @nandita_j, on the launch of his book #BirdBusiness at @iihsin!

Really beautiful illustrations, &amp; some interesting discussion on why Rohan choose to focus on diversity of 🐦 behaviour, rather than species diversity in his book. https://t.co/uVBMMVfIcJ",en,"['thetoonguy', 'nandita_j', 'iihsin']",[],"['https://pbs.twimg.com/media/EA4wzhBUwAIshRb.jpg', 'https://pbs.twimg.com/media/EA4w0OSU0AEOJ82.jpg', 'https://pbs.twimg.com/media/EA4xChFU4AEj3JI.jpg']",1,0,4,['birdbusiness'],[],https://twitter.com/SiddhrthKnkaria/status/1156916091601375232,,,1,https://pbs.twimg.com/media/EA4wzhBUwAIshRb.jpg,Bangalore,,,,,,"{'user_id': None, 'username': None}",,,,
1156983711511957505,1156983711511957505,2019-08-01 12:43:07 CDT,2019-08-01,12:43:07,-0500,197495693,emerging_96,Czarsportz Global - Associate Cricket World,,"You'll never get to play in one..so, doesn't matter what you are thinking #Ashes",en,[],[],[],0,0,6,['ashes'],[],https://twitter.com/Emerging_96/status/1156983711511957505,,https://twitter.com/cricketaakash/status/1156919041958785025,0,,Bangalore,,,,,,"{'user_id': None, 'username': None}",,,,
1156935542321213441,1156935542321213441,2019-08-01 09:31:42 CDT,2019-08-01,09:31:42,-0500,16865395,ananthaforu,Anantha-Infinity,,"Blast from the past: 1996
When @eshwarsMIRROR was manhandled by jail authorities, while group of journos protested in a flash. Now, we see journos fighting amongst themselves even in a mundane assignments 😶
Asad sir, Radha, Sanjevani Swamy, Danny are also seen in the pic! https://t.co/MoGkS011vx",en,[],[],"['https://pbs.twimg.com/media/EA5CtFjU8AA6jeb.jpg', 'https://pbs.twimg.com/media/EA5CvlAUcAEUrY1.jpg']",2,0,8,[],[],https://twitter.com/Ananthaforu/status/1156935542321213441,,,1,https://pbs.twimg.com/media/EA5CtFjU8AA6jeb.jpg,Bangalore,,,,,,"{'user_id': None, 'username': None}",,,,
1156922226454609922,1156922226454609922,2019-08-01 08:38:48 CDT,2019-08-01,08:38:48,-0500,59752703,ajay184f,Ajay Balamurugadas,,"I am looking for a 3-4 years experienced tester who is curious, has worked on projects, sees learning as a continuous activity and is looking for a career boost @qapitol #Bangalore",en,['qapitol'],[],[],4,12,21,['bangalore'],[],https://twitter.com/ajay184f/status/1156922226454609922,,,0,,Bangalore,,,,,,"{'user_id': None, 'username': None}",,,,
1156918354696794112,1156918354696794112,2019-08-01 08:23:24 CDT,2019-08-01,08:23:24,-0500,77448197,ibm_in,IBM India,,"We've transformed our software portfolio so that you can build mission-critical applications once and run them on all leading public clouds, including #AWS, #MicrosoftAzure, #GoogleCloud Platform, #Alibaba and #IBMCloud and on private clouds. Read more. https://t.co/Laf6Ea8dqj",en,[],['https://newsroom.ibm.com/2019-08-01-IBM-Transforms-Its-Software-to-Run-on-Any-Cloud-with-Red-Hat'],[],0,8,12,"['aws', 'microsoftazure', 'googlecloud', 'alibaba', 'ibmcloud']",[],https://twitter.com/ibm_in/status/1156918354696794112,,,0,,Bangalore,,,,,,"{'user_id': None, 'username': None}",,,,
1156853428124971009,1156853428124971009,2019-08-01 04:05:25 CDT,2019-08-01,04:05:25,-0500,2853420805,ganapathi_anup,Anup Ganapathi Mandaneravanda Kodava,,"Sirs @AmitShah @BJP4India @JPNadda , Kindly consider #AppachuRanjan4Minister in d upcoming govt formation in Karnataka. #Kodagu needs a minister for a better tomorrow. People did stood by your party for decades,now's it's ur turn @BJP4Karnataka @prahladjoshi121",en,"['amitshah', 'bjp4india', 'jpnadda', 'bjp4karnataka', 'prahladjoshi121']",[],[],0,3,10,"['appachuranjan4minister', 'kodagu']",[],https://twitter.com/ganapathi_anup/status/1156853428124971009,,,0,,Bangalore,,,,,,"{'user_id': None, 'username': None}",,,,
1156969103187304448,1156969103187304448,2019-08-01 11:45:04 CDT,2019-08-01,11:45:04,-0500,981857739067609088,flightofsand,Anne T. Fa,,I have no academic achievements to my credit. My educational career ranged from mediocrity to disaster. As has my professional career.,en,[],[],[],8,0,28,[],[],https://twitter.com/flightofsand/status/1156969103187304448,,,0,,Bangalore,,,,,,"{'user_id': None, 'username': None}",,,,
1156952768365510656,1156952768365510656,2019-08-01 10:40:09 CDT,2019-08-01,10:40:09,-0500,1577455788,karanacharya7,karan acharya,,Thank you so much @NewsFirstKan,en,['newsfirstkan'],[],[],1,2,29,[],[],https://twitter.com/karanacharya7/status/1156952768365510656,,https://twitter.com/KiranMadava/status/1156914831267516416,0,,Bangalore,,,,,,"{'user_id': None, 'username': None}",,,,
1156980876485414912,1156980876485414912,2019-08-01 12:31:51 CDT,2019-08-01,12:31:51,-0500,212854851,jawa_kumar,Jawa Kumar,,"I know procrastination is bad. But have you ever got the High when your whole focus intensifies on the last and you finish the job on time after procrastinating it? 
God that shit it addictive.",en,[],[],[],0,0,6,[],[],https://twitter.com/jawa_kumar/status/1156980876485414912,,,0,,Bangalore,,,,,,"{'user_id': None, 'username': None}",,,,
1156976031766466560,1156976031766466560,2019-08-01 12:12:36 CDT,2019-08-01,12:12:36,-0500,4911084924,prabhatisb,Prabha🇮🇳,,"This Freejriwal turned out to be such a curse on politics..He fooled the people of Delhi,hoping the people will royally throw him out of power now .#Freebienomics This man shoots&amp;scoots,arranges slaps &amp; kicks on himself...Now freebies just before elections,on what cost?",en,[],[],[],0,3,4,['freebienomics'],[],https://twitter.com/prabhatisb/status/1156976031766466560,,,0,,Bangalore,,,,,,"{'user_id': None, 'username': None}",,,,
1157044016967372800,1157044016967372800,2019-08-01 16:42:45 CDT,2019-08-01,16:42:45,-0500,197495693,emerging_96,Czarsportz Global - Associate Cricket World,,#Smith knows how to turn the boos into cheers. Just keep making runs. Not leading but still a leader!! #Ashes,en,[],[],[],0,0,15,"['smith', 'ashes']",[],https://twitter.com/Emerging_96/status/1157044016967372800,,,0,,Bangalore,,,,,,"{'user_id': None, 'username': None}",,,,
1156973063180652544,1156973063180652544,2019-08-01 12:00:48 CDT,2019-08-01,12:00:48,-0500,363514018,sunil_striking,Sunil Kumar Reddy Kaluvai,,"I  think producers will be waiting for #PunarnaviBhupalam to come out of #BiggBossTelugu3, to book her as heroine. She is full heroine material, inni rojulu evvaru enduku chance ivvaledho asalu ardam kavadam ledu. #BiggBossTelugu",en,[],[],[],1,0,5,"['punarnavibhupalam', 'biggbosstelugu3', 'biggbosstelugu']",[],https://twitter.com/sunil_striking/status/1156973063180652544,,,0,,Bangalore,,,,,,"{'user_id': None, 'username': None}",,,,
1156983488265912321,1156983488265912321,2019-08-01 12:42:13 CDT,2019-08-01,12:42:13,-0500,175296277,spaceyatri,𝗦𝗨𝗦𝗛𝗔𝗡𝗧,,"Do you like photography?

If the answer is yes then check this thread out. (If no, who cares still check it out it’s free)",en,[],[],[],0,0,2,[],[],https://twitter.com/SpaceYatri/status/1156983488265912321,,https://twitter.com/DruePhoto/status/1156678914443362304,0,,Bangalore,,,,,,"{'user_id': None, 'username': None}",,,,
1156997560130654208,1156997560130654208,2019-08-01 13:38:08 CDT,2019-08-01,13:38:08,-0500,52322389,tanaypratap,Tanay Pratap,,"Do checkout his YouTube channel. Some pretty cool videos around web development.

Also, thanks for your kind words Vikrant   🙏🙏♥️♥️",en,[],[],[],1,0,8,[],[],https://twitter.com/tanaypratap/status/1156997560130654208,,https://twitter.com/vikrantbhat1022/status/1156973256626151425,0,,Bangalore,,,,,,"{'user_id': None, 'username': None}",,,,
1157068710189776896,1157068710189776896,2019-08-01 18:20:52 CDT,2019-08-01,18:20:52,-0500,2286417703,blrrocks,ತರ್ಲೆ 𝗧𝗵𝗶𝗺𝗺𝗮,,"After many attempts, I was able to count upto 100.",en,[],[],[],0,0,2,[],[],https://twitter.com/BLRrocKS/status/1157068710189776896,,https://twitter.com/peeleraja/status/1156902375044472834,0,,Bangalore,,,,,,"{'user_id': None, 'username': None}",,,,
1156871240247738368,1156871240247738368,2019-08-01 05:16:11 CDT,2019-08-01,05:16:11,-0500,3140568133,drpraveen_v,Praveen Venkatagiri,,"Today I reached a point in the route I take everyday from a different direction and was lost...#pointofview 

Need to be mindful of others viewpoint",en,[],[],[],0,0,3,['pointofview'],[],https://twitter.com/drpraveen_v/status/1156871240247738368,,,0,,Bangalore,,,,,,"{'user_id': None, 'username': None}",,,,
1156981098322092033,1156978641646977025,2019-08-01 12:32:44 CDT,2019-08-01,12:32:44,-0500,139391096,pramodbiet,Er. Pramod Kumar Kushwaha,,@anurradhaprasad @manakgupta @news24tvchannel Now a days... I think main divisives are news channels... Before giving Gyan to anybody... Media should do introspection of ourself.... What they are doing....24x7... Hindu- Muslim ...,en,"['anurradhaprasad', 'manakgupta', 'news24tvchannel']",[],[],1,10,35,[],[],https://twitter.com/pramodbiet/status/1156981098322092033,,,0,,Bangalore,,,,,,"{'user_id': '44565895', 'username': 'anurradhaprasad'}",,,,
1156919439922614274,1156919439922614274,2019-08-01 08:27:43 CDT,2019-08-01,08:27:43,-0500,509090264,siddhrthknkaria,𓆉 Siddharth Kankaria/ सिद्धार्थ कांकरिया (he/him),,"Thank you for sharing your thoughts about #networking in #science, and for all the wonderful work you and @abhinavdey have been doing at @Stempeer15, @ClubSciWri &amp; #CSG!",en,"['abhinavdey', 'stempeer15', 'clubsciwri']",[],[],0,0,2,"['networking', 'science', 'csg']",[],https://twitter.com/SiddhrthKnkaria/status/1156919439922614274,,https://twitter.com/andz79/status/1156560514383863808,0,,Bangalore,,,,,,"{'user_id': None, 'username': None}",,,,
1156954810819551232,1156954810819551232,2019-08-01 10:48:16 CDT,2019-08-01,10:48:16,-0500,17152037,vivashastri,Vivasvan Shastri,,There are 2 cities that have shaped the destiny of India in a big way - Pune and Calcutta,en,[],[],[],0,0,2,[],[],https://twitter.com/VivaShastri/status/1156954810819551232,,https://twitter.com/aparanjape/status/1156931009750822914,0,,Bangalore,,,,,,"{'user_id': None, 'username': None}",,,,
1156982560368369669,1156982560368369669,2019-08-01 12:38:32 CDT,2019-08-01,12:38:32,-0500,38134365,nand_bo,Nandita Bose,,"1. Omigod it’s the writer @sujatavidu! 2. I am in cahoots with the awesome @anujamouli 3. This is real. People are buying and reading my book. 4. Love you to the moon and back for this, Sujata!",en,"['sujatavidu', 'anujamouli']",[],[],1,2,6,[],[],https://twitter.com/nand_bo/status/1156982560368369669,,https://twitter.com/sujatavidu/status/1156938143456645120,0,,Bangalore,,,,,,"{'user_id': None, 'username': None}",,,,
1156886189988696065,1156886189988696065,2019-08-01 06:15:36 CDT,2019-08-01,06:15:36,-0500,862703643874672640,nu_hahaa,𝒩𝓊𝒽𝒶 ✨,,I hate talking to people over phone! But when it’s @ayushineex and @habibaaaaa__ I can talk all day longgg ♥️♥️♥️,en,['habibaaaaa__'],[],[],2,1,0,[],[],https://twitter.com/Nu_hahaa/status/1156886189988696065,,,0,,Bangalore,,,,,,"{'user_id': None, 'username': None}",,,,
1156966760999821313,1156966760999821313,2019-08-01 11:35:45 CDT,2019-08-01,11:35:45,-0500,1162586083,meghakaveri,Megha Kaveri (She/Her),,What nonsense behaviour ejibisan is this justification of possessiveness?! #BiggBossTamil3,en,[],[],[],3,0,17,['biggbosstamil3'],[],https://twitter.com/meghakaveri/status/1156966760999821313,,,0,,Bangalore,,,,,,"{'user_id': None, 'username': None}",,,,
1156942807384199168,1156942807384199168,2019-08-01 10:00:34 CDT,2019-08-01,10:00:34,-0500,945997100,gopalkeshri,Gopal Keshri,,"#boycottzomato because they serve Halal, which is non-Indigenous. And refuse to serve indigenous Jhataka.

No more Zomato order in my house. @ZomatoIN @Zomato @zomatocare",en,"['zomato', 'zomatocare']",[],[],0,3,5,['boycottzomato'],[],https://twitter.com/GopalKeshri/status/1156942807384199168,,,0,,Bangalore,,,,,,"{'user_id': None, 'username': None}",,,,
1157045740264275969,1157045740264275969,2019-08-01 16:49:36 CDT,2019-08-01,16:49:36,-0500,197495693,emerging_96,Czarsportz Global - Associate Cricket World,,"#U19CWC in South Africa is going to be a special one. Two debutantes in @cricketnigeria &amp; @CricketJapan , @EmiratesCricket returning after 6 years, @CricketScotland returning after 4 years, @canadiancricket there as usual (7th appearance)",en,"['cricketnigeria', 'cricketjapan', 'emiratescricket', 'cricketscotland', 'canadiancricket']",[],[],0,0,15,['u19cwc'],[],https://twitter.com/Emerging_96/status/1157045740264275969,,,0,,Bangalore,,,,,,"{'user_id': None, 'username': None}",,,,
1156917062230372357,1156917062230372357,2019-08-01 08:18:16 CDT,2019-08-01,08:18:16,-0500,228420453,vishweshwarbhat,Vishweshwar Bhat,,"If waiting is an hell, then waiting to become ministers is Mother of all Hells. 

Karnataka Govt is unlikely to be expanded before 8th of this month.",en,[],[],[],10,1,102,[],[],https://twitter.com/VishweshwarBhat/status/1156917062230372357,,,0,,Bangalore,,,,,,"{'user_id': None, 'username': None}",,,,
1157012876118253569,1157012876118253569,2019-08-01 14:39:00 CDT,2019-08-01,14:39:00,-0500,84399789,badmashfrq,Farooq,,It's a tough time for people working at @ZomatoIN. Takes a lot to stand up against an entire troll army. Good intentions always bring good rewards. Stay strong! #ZomatoSaysNoToHate,en,[],[],[],0,0,2,['zomatosaysnotohate'],[],https://twitter.com/BadmashFRQ/status/1157012876118253569,,,0,,Bangalore,,,,,,"{'user_id': None, 'username': None}",,,,
1156957743992807427,1156957743992807427,2019-08-01 10:59:56 CDT,2019-08-01,10:59:56,-0500,84399789,badmashfrq,Farooq,,"I guess as soon as someone joins BJP, they end up sounding like idiots. Or, is that the criteria ?",en,[],[],[],1,0,1,[],[],https://twitter.com/BadmashFRQ/status/1156957743992807427,,https://twitter.com/PandaJay/status/1156737732862857218,0,,Bangalore,,,,,,"{'user_id': None, 'username': None}",,,,
1156853641111715840,1156853641111715840,2019-08-01 04:06:15 CDT,2019-08-01,04:06:15,-0500,4902331089,sheikhzaid22,Sheikh Zaid,,"Death is not the greatest loss in life.
The Greatest loss is what dies inside while still alive.
NEVER SURRENDER.",en,[],[],[],0,0,3,[],[],https://twitter.com/SheikhZaid22/status/1156853641111715840,,,0,,Bangalore,,,,,,"{'user_id': None, 'username': None}",,,,
1156962963154018304,1156962963154018304,2019-08-01 11:20:40 CDT,2019-08-01,11:20:40,-0500,16557913,wisedonkay,Paras 🐕🐶,,"If you feel as a writer/poet/musician that your art is not legit you should check out Punjabi pop music.

My veers are making songs about how they liked the kudi's gidda so much that instead of vaaroing money, they mistakenly vaaroed their brand new iPhone and smashed it.",en,[],[],[],2,1,14,[],[],https://twitter.com/WiseDonkay/status/1156962963154018304,,,0,,Bangalore,,,,,,"{'user_id': None, 'username': None}",,,,
1156994039918448641,1156994039918448641,2019-08-01 13:24:09 CDT,2019-08-01,13:24:09,-0500,42578361,saras_arya,Saras Arya,,"The thing that I hate about India is, everything is fear driven.
A very good example is Helmets. 
85% people won't wear it because they think they can't fall of a bike and get hit in the head pretty bad, which can cause them to... Let's say Die.
They wear it, because 1/2",en,[],[],[],1,0,4,[],[],https://twitter.com/saras_arya/status/1156994039918448641,,,0,,Bangalore,,,,,,"{'user_id': None, 'username': None}",,,,
1157004915782275072,1157004915782275072,2019-08-01 14:07:22 CDT,2019-08-01,14:07:22,-0500,1641941185,paridabastab,Bastab K Parida,,"Same day, same venue, same opposition, Virat Kohli played one heck of an innings at Edgbaston with only No. 11 Umesh Yadav for company. Steve Smith just rekindled the memories with an innings of magnificent class and serious audacity. Take a bow Smithy!",en,[],[],[],0,1,3,[],[],https://twitter.com/ParidaBastab/status/1157004915782275072,,,0,,Bangalore,,,,,,"{'user_id': None, 'username': None}",,,,
1156985974829699072,1156957438886604800,2019-08-01 12:52:06 CDT,2019-08-01,12:52:06,-0500,135367091,puravrustagi,Purav Rustagi,,@ka_7x Ha ha watch #super30 it’s amazing film till now,en,['ka_7x'],[],[],0,2,5,['super30'],[],https://twitter.com/puravrustagi/status/1156985974829699072,,,0,,Bangalore,,,,,,"{'user_id': '18215311', 'username': 'ka_7x'}",,,,
1156965106686652416,1156947459505102849,2019-08-01 11:29:11 CDT,2019-08-01,11:29:11,-0500,130040777,trilochan2010,KYC (know your city),,@rakshitmca @carmelaramunite @PiyushGoyalOffc @PiyushGoyal @nasscom @WFRising @kdevforum @Dkhallirising @panathurjyothe1 @citizenmatters Indeed thr is no excuse of cribbing around conflicts betn state &amp; centre govts. Can we expect some updates on BANGALORE Suburban rail prj on monthly basis as to keep close traction &amp; expedite d work @PMOIndia_RC @CMofKarnataka @BSYBJP @PCMohanMP @BellandurJothge @bengalurutrains,en,"['rakshitmca', 'carmelaramunite', 'piyushgoyaloffc', 'piyushgoyal', 'nasscom', 'wfrising', 'kdevforum', 'dkhallirising', 'panathurjyothe1', 'citizenmatters', 'pmoindia_rc', 'cmofkarnataka', 'bsybjp', 'pcmohanmp', 'bellandurjothge', 'bengalurutrains']",[],[],0,4,3,[],[],https://twitter.com/trilochan2010/status/1156965106686652416,,,0,,Bangalore,,,,,,"{'user_id': '72770341', 'username': 'rakshitmca'}",,,,
1156947390080811008,1156940509123944449,2019-08-01 10:18:47 CDT,2019-08-01,10:18:47,-0500,295787276,ragslondon,Rags Raghavendra,,"@SandeepMall @learning_pt We are not the fastest growing economy, it's a myth like demographic dividend, like peaceful secularism, like federal structure...",en,"['sandeepmall', 'learning_pt']",[],[],0,4,10,[],[],https://twitter.com/RagsLondon/status/1156947390080811008,,,0,,Bangalore,,,,,,"{'user_id': '22036637', 'username': 'SandeepMall'}",,,,
1156969323371495424,1156968416466657281,2019-08-01 11:45:56 CDT,2019-08-01,11:45:56,-0500,376854383,bvkc82,Karthik Chandra,,@fwildecricket You are missing #anderson .. he was at Kohli ..here Smith not facing him..  #ashes,en,['fwildecricket'],[],[],1,0,9,"['anderson', 'ashes']",[],https://twitter.com/BVKC82/status/1156969323371495424,,,0,,Bangalore,,,,,,"{'user_id': '619548795', 'username': 'fwildecricket'}",,,,
1156994041797439488,1156994039918448641,2019-08-01 13:24:10 CDT,2019-08-01,13:24:10,-0500,42578361,saras_arya,Saras Arya,,"They ""fear"" the penalty. Rest 5% are sensible and 10% are people driving bike &gt; 200 cc. They understand.

This trips me up. Why would you think that you would get on a road and come back alive 100%.
Why?
#rantEnd.",en,[],[],[],0,0,3,['rantend'],[],https://twitter.com/saras_arya/status/1156994041797439488,,,0,,Bangalore,,,,,,"{'user_id': '42578361', 'username': 'saras_arya'}",,,,
1156900796770004992,1156881001034874880,2019-08-01 07:13:38 CDT,2019-08-01,07:13:38,-0500,50462745,leavetheroad,Leave The Road ~ Binil Varghese,,@blogchatter My father's Cast Iron Standard 350. My earliest memories of waiting for him to pick me up from school were all about the thump. I would wait to hear his bike coming and be all excited to leave school and head home. #MyBullet,en,['blogchatter'],[],[],0,2,3,['mybullet'],[],https://twitter.com/leavetheroad/status/1156900796770004992,,,0,,Bangalore,,,,,,"{'user_id': '2599089590', 'username': 'blogchatter'}",,,,
1156940257062871040,1156921304685019136,2019-08-01 09:50:26 CDT,2019-08-01,09:50:26,-0500,21367788,praveenachary,Praveen Achary,,"@RonnieTheWalker Agreed. Always had good experiences with the technicians from @UrbanClap.

So far.",en,"['ronniethewalker', 'urbanclap']",[],[],0,1,5,[],[],https://twitter.com/praveenachary/status/1156940257062871040,,,0,,Bangalore,,,,,,"{'user_id': '135834443', 'username': 'RonnieTheWalker'}",,,,
1156995176931287040,1156431524058652672,2019-08-01 13:28:40 CDT,2019-08-01,13:28:40,-0500,178247585,colkt,"Col A K Tiwari, VSM(retd)🇮🇳",,"@deepigoyal U may opt for disaster but needn't celebrate your illogic

U honour demand of 'halal' which involves Muslim in complete chain
Can you insert a 'PORK' cutter/slaughter in the chain?
Why not?

A Hindu doesn't want his food to be touched by meat eater
Period

Honour or lose business",en,['deepigoyal'],[],[],1,4,15,[],[],https://twitter.com/colkt/status/1156995176931287040,,,0,,Bangalore,,,,,,"{'user_id': '72481380', 'username': 'deepigoyal'}",,,,
1156970449286287360,1156927721013837824,2019-08-01 11:50:25 CDT,2019-08-01,11:50:25,-0500,864298444873125888,vinayntr9999,Vinay Ntr,,@smkoneru @pradeeptarak @tarak9999 @kickVasimalla @Balupbrs @moviecricholic @PraveeNTR_9999 @PuLL_ShoT sir 1st look release date chepandi,en,"['smkoneru', 'pradeeptarak', 'tarak9999', 'kickvasimalla', 'balupbrs', 'moviecricholic', 'pull_shot']",[],[],0,1,4,[],[],https://twitter.com/VinayNtr9999/status/1156970449286287360,,,0,,Bangalore,,,,,,"{'user_id': '137183148', 'username': 'smkoneru'}",,,,
1156877542571139072,1156431524058652672,2019-08-01 05:41:14 CDT,2019-08-01,05:41:14,-0500,349479899,reallykrishna,Lal Krishna,,"@deepigoyal The same Zomato who taught a Hindu , food has no religion, accepts to a Muslim that food has religion. What are they proving here?
#boycottzomato",en,['deepigoyal'],[],[],0,1,7,['boycottzomato'],[],https://twitter.com/reallykrishna/status/1156877542571139072,,,0,,Bangalore,,,,,,"{'user_id': '72481380', 'username': 'deepigoyal'}",,,,
1156958017255960576,1156948610241781760,2019-08-01 11:01:01 CDT,2019-08-01,11:01:01,-0500,2211639943,satender13singh,Satender Singh Chaudhary 🇮🇳♥️,,@upinsmoke000 It is done. We can finally rest.,en,['upinsmoke000'],[],[],0,1,4,[],[],https://twitter.com/satender13singh/status/1156958017255960576,,,0,,Bangalore,,,,,,"{'user_id': '387252001', 'username': 'upinsmoke000'}",,,,
1156952658961260544,1156951382621970432,2019-08-01 10:39:43 CDT,2019-08-01,10:39:43,-0500,60775567,viswas_mr,Swacch (uro)surgeon,,"@DrGaneshCartoon Sir, from now on, Anesthesiologists must use Kerchiefs with chloroform powder to provide inhalation anesthesia 😛
#BridgeCourse",en,['drganeshcartoon'],[],[],1,0,4,['bridgecourse'],[],https://twitter.com/viswas_mr/status/1156952658961260544,,,0,,Bangalore,,,,,,"{'user_id': '725716910701219842', 'username': 'DrGaneshCartoon'}",,,,
1156941466863726594,1156923466265706496,2019-08-01 09:55:15 CDT,2019-08-01,09:55:15,-0500,2984339761,ksvenu247,venugopal,,@eshwarsMIRROR @prameshjain12 @BlrCityPolice The Ambulances whether they report their route to BTP command centre prior hand and obtain clearance for zero traffic ?,en,"['prameshjain12', 'blrcitypolice']",[],[],0,1,1,[],[],https://twitter.com/ksvenu247/status/1156941466863726594,,,0,,Bangalore,,,,,,"{'user_id': '374539841', 'username': 'imeshwars'}",,,,
1156986435548807168,1156953827754381312,2019-08-01 12:53:56 CDT,2019-08-01,12:53:56,-0500,716313068389539840,pooja_bhaumik,Pooja Bhaumik,,"@nlycskn My first Droidcon talk. 🙈 
One item off the checklist. ✔️",en,['nlycskn'],[],[],0,0,19,[],[],https://twitter.com/pooja_bhaumik/status/1156986435548807168,,,0,,Bangalore,,,,,,"{'user_id': '567162844', 'username': 'nlycskn'}",,,,
1156990148434726912,1156961458313261057,2019-08-01 13:08:41 CDT,2019-08-01,13:08:41,-0500,2295392665,lakshmiprashan7,Lakshmi Prashanth,,"@rupagulab We can celebrate the beautiful things around us, that don't belong to this worthless govt...our motherland is too dear to be left in a pile of hate. Nowadays, most of us seem to be respond to the RW trolls &amp; amplify their good for nothing discourse &amp; also start wallowing in hate",en,[],[],[],1,0,4,[],[],https://twitter.com/lakshmiprashan7/status/1156990148434726912,,,0,,Bangalore,,,,,,"{'user_id': None, 'username': None}",,,,
1156973730100211713,1156884221375516672,2019-08-01 12:03:27 CDT,2019-08-01,12:03:27,-0500,16557913,wisedonkay,Paras 🐕🐶,,@nah_im_abdulla It was nice meeting you a couple of times Nahim. It's unfortunate that they'll never let you back in now.,en,['nah_im_abdulla'],[],[],0,0,5,[],[],https://twitter.com/WiseDonkay/status/1156973730100211713,,,0,,Bangalore,,,,,,"{'user_id': '2467643810', 'username': 'nah_im_abdulla'}",,,,
1156985312041525248,1156806926052683776,2019-08-01 12:49:28 CDT,2019-08-01,12:49:28,-0500,716313068389539840,pooja_bhaumik,Pooja Bhaumik,,"@salihgueler @droidconIN @Akshay_Chordiya @bounceshare Yesssss, just bring me to Berlin for a talk on Biriyani 🙈 

(I would also have some yummy giveaways) 🤭",en,"['salihgueler', 'droidconin', 'akshay_chordiya', 'bounceshare']",[],[],0,0,5,[],[],https://twitter.com/pooja_bhaumik/status/1156985312041525248,,,0,,Bangalore,,,,,,"{'user_id': '922485184242618372', 'username': 'salihgueler'}",,,,
1156985763617099777,1156806926052683776,2019-08-01 12:51:16 CDT,2019-08-01,12:51:16,-0500,716313068389539840,pooja_bhaumik,Pooja Bhaumik,,"@nlycskn @droidconIN @Akshay_Chordiya @bounceshare Yes yes yes! Sorry, @droidconIN we might have to adjust the content of the talk 🤷 

Maybe I will add a comparison chart of all the local biryanis in India 😂",en,"['nlycskn', 'droidconin', 'akshay_chordiya', 'bounceshare', 'droidconin']",[],[],2,0,12,[],[],https://twitter.com/pooja_bhaumik/status/1156985763617099777,,,0,,Bangalore,,,,,,"{'user_id': '567162844', 'username': 'nlycskn'}",,,,
1157001461261189120,1156810306053558272,2019-08-01 13:53:39 CDT,2019-08-01,13:53:39,-0500,53762755,shiladitya,Shiladitya,,@a_flyguy Whoa I think I saw you! I was wondering why an Indigo aircraft is flying so low over the city 🤔,en,['a_flyguy'],[],[],0,0,4,[],[],https://twitter.com/shiladitya/status/1157001461261189120,,,0,,Bangalore,,,,,,"{'user_id': '896161087246094337', 'username': 'a_flyguy'}",,,,
1156975015473995776,1156972497922691072,2019-08-01 12:08:33 CDT,2019-08-01,12:08:33,-0500,144239448,adityayellanki,Aditya Yellanki,,"@GautamGambhir All the Best Gauti. More power to you. 

You have our complete support. 

Btw you are doing a great job... Please continue the G-FORCE.",en,['gautamgambhir'],[],[],0,0,9,[],[],https://twitter.com/adityayellanki/status/1156975015473995776,,,0,,Bangalore,,,,,,"{'user_id': '99448420', 'username': 'GautamGambhir'}",,,,
1156971721766817793,1156950478221004800,2019-08-01 11:55:28 CDT,2019-08-01,11:55:28,-0500,2414776794,vrundavs,vrundashankara,,@Pria12Rao @chukkukkapi @Subytweets @MiniShivaMenon @priyankasacheti @PreethyPrasant1 @CopraGemini32 @soulonatraipse @iamrijoy Beautiful !,en,"['pria12rao', 'subytweets', 'minishivamenon', 'priyankasacheti', 'preethyprasant1', 'copragemini32', 'soulonatraipse', 'iamrijoy']",[],[],2,0,4,[],[],https://twitter.com/vrundavs/status/1156971721766817793,,,0,,Bangalore,,,,,,"{'user_id': '2286167347', 'username': 'Pria12Rao'}",,,,
