id,conversation_id,created_at,date,time,timezone,user_id,username,name,place,tweet,language,mentions,urls,photos,replies_count,retweets_count,likes_count,hashtags,cashtags,link,retweet,quote_url,video,thumbnail,near,geo,source,user_rt_id,user_rt,retweet_id,reply_to,retweet_date,translate,trans_src,trans_dest
1153399140480479232,1153399140480479232,2019-07-22 15:19:18 CDT,2019-07-22,15:19:18,-0500,1577455788,karanacharya7,karan acharya,,Ripe fruit light https://t.co/2hpSGfWsV3,en,[],[],['https://pbs.twimg.com/media/EAGyZc1UwAEj-pl.jpg'],40,190,1568,[],[],https://twitter.com/karanacharya7/status/1153399140480479232,,,1,https://pbs.twimg.com/media/EAGyZc1UwAEj-pl.jpg,Bangalore,,,,,,"{'user_id': None, 'username': None}",,,,
1153368579665850368,1153368579665850368,2019-07-22 13:17:52 CDT,2019-07-22,13:17:52,-0500,1151852493531258880,adi_sandeep10,Adishesh Sandeep,,"Nation first.!!!

#KarnatakaTrustVote #KarnatakaFloorTest https://t.co/NORGaovCHq",en,[],[],['https://pbs.twimg.com/media/EAGWmw5U8AE-PhR.jpg'],0,5,23,"['karnatakatrustvote', 'karnatakafloortest']",[],https://twitter.com/Adi_Sandeep10/status/1153368579665850368,,,1,https://pbs.twimg.com/media/EAGWmw5U8AE-PhR.jpg,Bangalore,,,,,,"{'user_id': None, 'username': None}",,,,
1153252131203252225,1153252131203252225,2019-07-22 05:35:09 CDT,2019-07-22,05:35:09,-0500,1035531818680901638,karnatakajithfc,KARNATAKA AJITH FANS WELFARE ASSOCIATION,,"Just few hours left, 
Get Ready Folks to access the Huge Striking Update by our @KarnatakAjithFC #AKVolunteers this evening at 6pm

#TheeMugamDhaan #Thala #AjithKumar #NerKondaPaarvaiFromAug8 https://t.co/BnHw92mQ2B",en,['karnatakajithfc'],[],['https://pbs.twimg.com/media/EAEssFmU0AExGvW.jpg'],3,79,179,"['akvolunteers', 'theemugamdhaan', 'thala', 'ajithkumar', 'nerkondapaarvaifromaug8']",[],https://twitter.com/KarnatakAjithFC/status/1153252131203252225,,,1,https://pbs.twimg.com/media/EAEssFmU0AExGvW.jpg,Bangalore,,,,,,"{'user_id': None, 'username': None}",,,,
1153310043720171520,1153310043720171520,2019-07-22 09:25:16 CDT,2019-07-22,09:25:16,-0500,1123155837331984384,kgfteam,KGF THALUK ONLINE VIJAY MAKKAL IYAKAM (r) 38965,,"#Bigil 95 Days to go  Countdown 
🔥🔥🔥🔥🔥🔥🔥 https://t.co/qW5pcEIpQD",en,[],[],['https://pbs.twimg.com/media/EAFhXSAVAAAZ8Gp.jpg'],0,4,13,['bigil'],[],https://twitter.com/KgfTeam/status/1153310043720171520,,,1,https://pbs.twimg.com/media/EAFhXSAVAAAZ8Gp.jpg,Bangalore,,,,,,"{'user_id': None, 'username': None}",,,,
1153281117438394368,1153281117438394368,2019-07-22 07:30:19 CDT,2019-07-22,07:30:19,-0500,1035531818680901638,karnatakajithfc,KARNATAKA AJITH FANS WELFARE ASSOCIATION,,"Happy to Present our @KarnatakAjithFC
#AKVolunteersInviteAJITHLingam Pooja 3rd year Anniversary
🙏🏻🙏🏻🙏🏻

#NerKondaPaarvai @ZeeStudiosInt #AjithKumar #HVinoth @BoneyKapoor @SureshChandraa @thisisysr @nirav_dop @dhilipaction @RangarajPandeyR
@mohandreamer #NerKondaPaarvaiFromAug8 https://t.co/5JEGeb3bNc",en,"['karnatakajithfc', 'zeestudiosint', 'boneykapoor', 'sureshchandraa', 'thisisysr', 'nirav_dop', 'dhilipaction', 'rangarajpandeyr', 'mohandreamer']",[],"['https://pbs.twimg.com/media/EAFHBQfUYAAuLfA.jpg', 'https://pbs.twimg.com/media/EAFHCwuUwAUhD8B.jpg']",10,86,181,"['akvolunteersinviteajithlingam', 'nerkondapaarvai', 'ajithkumar', 'hvinoth', 'nerkondapaarvaifromaug8']",[],https://twitter.com/KarnatakAjithFC/status/1153281117438394368,,,1,https://pbs.twimg.com/media/EAFHBQfUYAAuLfA.jpg,Bangalore,,,,,,"{'user_id': None, 'username': None}",,,,
1153326717647220737,1153326717647220737,2019-07-22 10:31:31 CDT,2019-07-22,10:31:31,-0500,1035531818680901638,karnatakajithfc,KARNATAKA AJITH FANS WELFARE ASSOCIATION,,"#Ajithkumar's #NerKondaPaarvai Poster design by our #Thala fan @vinodediting 

#NerKondaPaarvaiFromAug8
#AKVolunteersInviteAJITHLingam https://t.co/uIIr7Gseos",en,['vinodediting'],[],['https://pbs.twimg.com/media/EAFwh6bUwAAO3RX.jpg'],2,19,35,"['ajithkumar', 'nerkondapaarvai', 'thala', 'nerkondapaarvaifromaug8', 'akvolunteersinviteajithlingam']",[],https://twitter.com/KarnatakAjithFC/status/1153326717647220737,,,1,https://pbs.twimg.com/media/EAFwh6bUwAAO3RX.jpg,Bangalore,,,,,,"{'user_id': None, 'username': None}",,,,
1153340988334592001,1153340988334592001,2019-07-22 11:28:14 CDT,2019-07-22,11:28:14,-0500,137677264,prasad_bhaskar,Bhaskar P +|| Nothing is Impossible ||+,,"Mission to Moon #chandrayan2 🇮🇳🚀🇮🇳 @ Bangalore, India https://t.co/8KM3h6ToWe… https://t.co/9wSIu2rWyI",en,[],['http://instagram.com/p/B0ObS9TF8A6/'],[],0,2,3,['chandrayan2'],[],https://twitter.com/prasad_bhaskar/status/1153340988334592001,,,1,https://pbs.twimg.com/ext_tw_video_thumb/1153340615649705986/pu/img/pQ95U2mkLr6M2ugd.jpg,Bangalore,,,,,,"{'user_id': None, 'username': None}",,,,
1153350410679095296,1153350410679095296,2019-07-22 12:05:40 CDT,2019-07-22,12:05:40,-0500,104043875,sharadasrinidhi,A Sharadhaa,,At #RamojiFilmCity : @mailrrk meets @TheJohnAbraham and #PallaviAnuPallavi hero @AnilKapoor https://t.co/4S8Z6h7sAM,en,"['thejohnabraham', 'anilkapoor']",[],"['https://pbs.twimg.com/media/EAGGEPCVUAAG_tn.jpg', 'https://pbs.twimg.com/media/EAGGEzeVAAAj-_Q.jpg']",3,26,479,"['ramojifilmcity', 'pallavianupallavi']",[],https://twitter.com/sharadasrinidhi/status/1153350410679095296,,,1,https://pbs.twimg.com/media/EAGGEPCVUAAG_tn.jpg,Bangalore,,,,,,"{'user_id': None, 'username': None}",,,,
1153280172528820224,1153280172528820224,2019-07-22 07:26:34 CDT,2019-07-22,07:26:34,-0500,2207643925,thewizardjs,thiyaga,,My new workspace setup ✨ https://t.co/TAmJcvHuCB,en,[],[],['https://pbs.twimg.com/media/EAFGM1iUYAA4dMF.jpg'],4,1,24,[],[],https://twitter.com/TheWizardJS/status/1153280172528820224,,,1,https://pbs.twimg.com/media/EAFGM1iUYAA4dMF.jpg,Bangalore,,,,,,"{'user_id': None, 'username': None}",,,,
1153274382107602946,1153274382107602946,2019-07-22 07:03:34 CDT,2019-07-22,07:03:34,-0500,167707382,iammaheshfan,Narendra Gowd 🦁,,Jai Hind. 🇮🇳🇮🇳🇮🇳 #IndiaMoonMission #Chandrayaan2,en,[],[],[],0,7,82,"['indiamoonmission', 'chandrayaan2']",[],https://twitter.com/IamMaheshFan/status/1153274382107602946,,https://twitter.com/urstrulyMahesh/status/1153273748033642496,0,,Bangalore,,,,,,"{'user_id': None, 'username': None}",,,,
1153299430214291457,1153299430214291457,2019-07-22 08:43:06 CDT,2019-07-22,08:43:06,-0500,9404762,nikhilnarayanan,Nikhil | നിഖിൽ,,"*goosebumps* watching this over and over. Whatay liftoff! 
#Chandrayaan2 https://t.co/ssxwkH56N4",en,[],[],[],0,3,12,['chandrayaan2'],[],https://twitter.com/nikhilnarayanan/status/1153299430214291457,,,1,https://pbs.twimg.com/ext_tw_video_thumb/1153299244482039808/pu/img/BlULmVTE89qCsLrL.jpg,Bangalore,,,,,,"{'user_id': None, 'username': None}",,,,
1153355626015145993,1153355626015145993,2019-07-22 12:26:24 CDT,2019-07-22,12:26:24,-0500,1013260868,prabhusankar24,Prabhu,,"The solid performer, super actor and socially responsible star. The love for him is increasing every passing year. And, his age is reversing.

The name is S U R I Y A 🌟

#HappyBirthdaySuriya 💥🎂🎉 @Suriya_offl @Karthi_Offl @rajasekarapandian https://t.co/HkVjg37eVA",en,"['suriya_offl', 'karthi_offl']",[],['https://pbs.twimg.com/media/EAGKyEaUwAcNOhf.jpg'],0,62,33,['happybirthdaysuriya'],[],https://twitter.com/prabhusankar24/status/1153355626015145993,,,1,https://pbs.twimg.com/media/EAGKyEaUwAcNOhf.jpg,Bangalore,,,,,,"{'user_id': None, 'username': None}",,,,
1153310150645600256,1153310150645600256,2019-07-22 09:25:42 CDT,2019-07-22,09:25:42,-0500,988409727552929793,kgfajithfans,KGF AJITH FANS KARNATAKA,,"Unseen Pic of #Thala 

#NerKondaPaarvai #Ajithkumar 
@Thala__Speaks @TFC_Teams @KarnatakAjithFC @AjithFCDindigul @AjithFC_VELLORE @AjithFCMadurai @AjithFc_Nellai https://t.co/8aIHqbMA6r",en,"['tfc_teams', 'karnatakajithfc', 'ajithfcdindigul', 'ajithfc_vellore', 'ajithfcmadurai', 'ajithfc_nellai']",[],['https://pbs.twimg.com/media/EAFhdM0U0AAX3RT.jpg'],0,8,19,"['thala', 'nerkondapaarvai', 'ajithkumar']",[],https://twitter.com/KGFAjithFans/status/1153310150645600256,,,1,https://pbs.twimg.com/media/EAFhdM0U0AAX3RT.jpg,Bangalore,,,,,,"{'user_id': None, 'username': None}",,,,
1153380029104943104,1153380029104943104,2019-07-22 14:03:22 CDT,2019-07-22,14:03:22,-0500,1096282884879671297,jennaoliveira,jenna,,girls night 🍑🍾 https://t.co/WwspZ9Gs4E,en,[],[],['https://pbs.twimg.com/media/EAGhA65UEAA72mY.jpg'],0,0,11,[],[],https://twitter.com/jennaoliveira/status/1153380029104943104,,,1,https://pbs.twimg.com/media/EAGhA65UEAA72mY.jpg,Bangalore,,,,,,"{'user_id': None, 'username': None}",,,,
1153294106640039936,1153294106640039936,2019-07-22 08:21:56 CDT,2019-07-22,08:21:56,-0500,1050068503,juegostudio,Juego Studio,,"Ever wondered how much does it cost to make a game like PUBG? Here is a blog explaining it! https://t.co/BmPp1NfQxX  

#PUBG #game #gamecost #gamedev #gamedeveloper #games https://t.co/UYkr098TTB",en,[],['https://www.juegostudio.com/blog/cost-to-develop-a-game-like-pubg'],['https://pbs.twimg.com/media/EAFS3y5VAAAk3s0.jpg'],0,1,1,"['pubg', 'game', 'gamecost', 'gamedev', 'gamedeveloper', 'games']",[],https://twitter.com/JuegoStudio/status/1153294106640039936,,,1,https://pbs.twimg.com/media/EAFS3y5VAAAk3s0.jpg,Bangalore,,,,,,"{'user_id': None, 'username': None}",,,,
1153350153660596224,1153350153660596224,2019-07-22 12:04:39 CDT,2019-07-22,12:04:39,-0500,873794970586562560,jusst_sway,Sway,,He he....happy.... 😅 https://t.co/1NRUfmeKsI,en,[],[],['https://pbs.twimg.com/media/EAGF0FFUwAYfynN.jpg'],0,1,2,[],[],https://twitter.com/jusst_sway/status/1153350153660596224,,,1,https://pbs.twimg.com/media/EAGF0FFUwAYfynN.jpg,Bangalore,,,,,,"{'user_id': None, 'username': None}",,,,
1153309969631961089,1153309969631961089,2019-07-22 09:24:58 CDT,2019-07-22,09:24:58,-0500,139979145,angadsg,Angad Singh,,The Bangalore life https://t.co/OdXa8URzmK,en,[],[],['https://pbs.twimg.com/media/EAFhTB8UYAIUKbs.jpg'],2,1,25,[],[],https://twitter.com/angadsg/status/1153309969631961089,,,1,https://pbs.twimg.com/media/EAFhTB8UYAIUKbs.jpg,Bangalore,,,,,,"{'user_id': None, 'username': None}",,,,
1153331856999215104,1153331856999215104,2019-07-22 10:51:57 CDT,2019-07-22,10:51:57,-0500,4538566158,srk_bangalore,SHAH RUKH KHAN FAN ASSOCIATION,,@iamsrk Our member outside Mannat waiting to get a small glimpse of you. He had come there when his wife was carrying and this time with his baby and wife . Hope you see this https://t.co/iSKCPGHZcX,en,['iamsrk'],[],"['https://pbs.twimg.com/media/EAF1Lu0VUAYjjK1.jpg', 'https://pbs.twimg.com/media/EAF1MklVAAEC71h.jpg', 'https://pbs.twimg.com/media/EAF1NREU8AADEjw.jpg']",24,74,186,[],[],https://twitter.com/Srk_bangalore/status/1153331856999215104,,,1,https://pbs.twimg.com/media/EAF1Lu0VUAYjjK1.jpg,Bangalore,,,,,,"{'user_id': '101311381', 'username': 'iamsrk'}",,,,
1153362225240969222,1153362225240969222,2019-07-22 12:52:37 CDT,2019-07-22,12:52:37,-0500,2808997472,dcptrwestbcp,"Kuldeep Kumar R. Jain, IPS",,"#Alcoholism is an #Equal Opportunity #Destroyer

@AddlCPTraffic 
@CPBlr 
@blrcitytraffic 
@BlrCityPolice 
@acpsouthtrf 
@acpwesttrf 
@acpnorthtraffic 
@acpnortheasttr https://t.co/bMFdNa0rbL",en,"['addlcptraffic', 'cpblr', 'blrcitytraffic', 'blrcitypolice', 'acpsouthtrf', 'acpwesttrf', 'acpnorthtraffic', 'acpnortheasttr']",[],['https://pbs.twimg.com/media/EAGQ1IIUcAAuaRG.jpg'],3,12,31,"['alcoholism', 'equal', 'destroyer']",[],https://twitter.com/DCPTrWestBCP/status/1153362225240969222,,,1,https://pbs.twimg.com/media/EAGQ1IIUcAAuaRG.jpg,Bangalore,,,,,,"{'user_id': None, 'username': None}",,,,
1153356681734045696,1153356681734045696,2019-07-22 12:30:35 CDT,2019-07-22,12:30:35,-0500,900938156857372675,krahmankhan2,K Rahman Khan,,One of best speech on Ego and its effect on the society and the community. https://t.co/rnFpW660gt,en,[],[],[],2,0,9,[],[],https://twitter.com/KRahmanKhan2/status/1153356681734045696,,,1,https://pbs.twimg.com/ext_tw_video_thumb/1153356614079897600/pu/img/7CVXMwu4FktPgF8T.jpg,Bangalore,,,,,,"{'user_id': None, 'username': None}",,,,
1153334155440087041,1153334155440087041,2019-07-22 11:01:05 CDT,2019-07-22,11:01:05,-0500,4538566158,srk_bangalore,SHAH RUKH KHAN FAN ASSOCIATION,,@iamsrk Our member outside Mannat with her baby #Airashariff waiting to get a glimpse of you. Please look at this it's made for you with lots of love . @pooja_dadlani @KarunaBadwal @BilalS158 @bindadey https://t.co/5Des797VX9,en,"['iamsrk', 'pooja_dadlani', 'karunabadwal', 'bilals158', 'bindadey']",[],[],22,41,63,['airashariff'],[],https://twitter.com/Srk_bangalore/status/1153334155440087041,,,1,https://pbs.twimg.com/ext_tw_video_thumb/1153334102054936578/pu/img/MzKMyGNViFz9ZSwE.jpg,Bangalore,,,,,,"{'user_id': '101311381', 'username': 'iamsrk'}",,,,
1153371583727198211,1153371583727198211,2019-07-22 13:29:48 CDT,2019-07-22,13:29:48,-0500,228420453,vishweshwarbhat,Vishweshwar Bhat,,Thank you very much @mepratap,en,['mepratap'],[],[],16,12,397,[],[],https://twitter.com/VishweshwarBhat/status/1153371583727198211,,https://twitter.com/mepratap/status/1153237361121099776,0,,Bangalore,,,,,,"{'user_id': None, 'username': None}",,,,
1153385097086685184,1153385097086685184,2019-07-22 14:23:30 CDT,2019-07-22,14:23:30,-0500,3062302276,sulugurisathish,𝑺𝒂𝒕𝒉𝒊𝒔𝒉 𝑪𝒉𝒂𝒏𝒅𝒆𝒓,,"The years we shared in #YSRCPBangaloreITWing while growing up are like treasures to me. I can remember our every moment of journey to motivate people n give confidence on @ysjagan . Hpy to see  #RajannaRajyam in ur birthday 

Happy Birthday, my dear brother @Kumar_PDL . https://t.co/xCiEeV6Yn6",en,"['ysjagan', 'kumar_pdl']",[],"['https://pbs.twimg.com/media/EAGlnPeVAAAhXMV.jpg', 'https://pbs.twimg.com/media/EAGlnPfUwAAKZdW.jpg', 'https://pbs.twimg.com/media/EAGlnPfUIAASWzg.jpg', 'https://pbs.twimg.com/media/EAGlnPeUcAALGpu.jpg']",4,4,44,"['ysrcpbangaloreitwing', 'rajannarajyam']",[],https://twitter.com/sulugurisathish/status/1153385097086685184,,,1,https://pbs.twimg.com/media/EAGlnPeVAAAhXMV.jpg,Bangalore,,,,,,"{'user_id': None, 'username': None}",,,,
1153306853293486080,1153306853293486080,2019-07-22 09:12:35 CDT,2019-07-22,09:12:35,-0500,108549569,sundar_s1955,Sankaran Sundar,,"Congratulations @satyamysore 
Girish Rai
@drballalmanipal @ManipalHealth 
@drvishwanaths https://t.co/Mwc1HaudlL",en,"['satyamysore', 'manipalhealth', 'drvishwanaths']",[],['https://pbs.twimg.com/media/EAFedyvUwAAh7mZ.jpg'],0,0,9,[],[],https://twitter.com/sundar_s1955/status/1153306853293486080,,,1,https://pbs.twimg.com/media/EAFedyvUwAAh7mZ.jpg,Bangalore,,,,,,"{'user_id': None, 'username': None}",,,,
1153368405283446785,1153368405283446785,2019-07-22 13:17:11 CDT,2019-07-22,13:17:11,-0500,4488474253,theheebee,theheebee,,"Amazing commitment and leadership by shri K Sivan of @isro deserves a #Salute 
#ISRO #Chandrayan2 #IndiaMoonMission https://t.co/ACc0ZFODkk",en,['isro'],[],['https://pbs.twimg.com/media/EAGWcZcUYAEeLeF.jpg'],0,0,2,"['salute', 'isro', 'chandrayan2', 'indiamoonmission']",[],https://twitter.com/theheebee/status/1153368405283446785,,,1,https://pbs.twimg.com/media/EAGWcZcUYAEeLeF.jpg,Bangalore,,,,,,"{'user_id': None, 'username': None}",,,,
1153342068300877826,1153342068300877826,2019-07-22 11:32:31 CDT,2019-07-22,11:32:31,-0500,29133952,parvathimenon,Parvathi Menon,,"The gentle sound of slow, steady rain in the courtyard right now.
So calming. 
#bangalorerains 

The rainwater tank has filled up over last few such rains &amp; water is overflowing into the recharge pit. 
Not raining at the farm yet, wish it would, but any rain is great right now. https://t.co/p7pYmmi2HV",en,[],[],[],1,1,8,['bangalorerains'],[],https://twitter.com/parvathimenon/status/1153342068300877826,,,1,https://pbs.twimg.com/ext_tw_video_thumb/1153341938789208064/pu/img/bTifW_i3GvUKGJMg.jpg,Bangalore,,,,,,"{'user_id': None, 'username': None}",,,,
1153303843024728065,1153303843024728065,2019-07-22 09:00:38 CDT,2019-07-22,09:00:38,-0500,131043864,pmarineni,నా ఇష్టం రా బై,,తమన-తారక-త్రివిక్రముల త్రయం ... @MusicThaman @tarak9999 #Trivikram. Dominance of them on the movie in that order .. Brilliance !!! https://t.co/ox6zUOybQi,en,"['musicthaman', 'tarak9999']",[],['https://pbs.twimg.com/media/EAFbunlUYAAcooe.jpg'],0,1,34,['trivikram'],[],https://twitter.com/pmarineni/status/1153303843024728065,,,1,https://pbs.twimg.com/media/EAFbunlUYAAcooe.jpg,Bangalore,,,,,,"{'user_id': None, 'username': None}",,,,
1153292834109366272,1153292834109366272,2019-07-22 08:16:53 CDT,2019-07-22,08:16:53,-0500,143714808,ghatamudupa,Ghatam GiridharUdupa,,"Lovely meeting again and best wishes for the upcoming matches:)
@SDhawan25 

#shikhardhawan #cricket #ghatam #ghatamudupa https://t.co/JP8S1BypBq",en,['sdhawan25'],[],['https://pbs.twimg.com/media/EAFRr4cW4AA4BT5.jpg'],1,0,29,"['shikhardhawan', 'cricket', 'ghatam', 'ghatamudupa']",[],https://twitter.com/ghatamudupa/status/1153292834109366272,,,1,https://pbs.twimg.com/media/EAFRr4cW4AA4BT5.jpg,Bangalore,,,,,,"{'user_id': None, 'username': None}",,,,
1153362608415629312,1153362608415629312,2019-07-22 12:54:08 CDT,2019-07-22,12:54:08,-0500,223399051,duckashan,Ducka Shan,,"Thank you Hyderabad 🤘🏼Love your energy! That was one for the books🙏🏼♥️. Up next Celebrating @indigoXPblr 5th year anniversary this Wednesday 🚀

#duckaarmy #indiatour #hyderabad #artistedomain  #prismclubandkitchen https://t.co/uykFNLgcr7",en,['indigoxpblr'],[],"['https://pbs.twimg.com/media/EAGRK69UcAAKQ0k.jpg', 'https://pbs.twimg.com/media/EAGRK68UIAAIXSP.jpg', 'https://pbs.twimg.com/media/EAGRK69UYAIRk9q.jpg', 'https://pbs.twimg.com/media/EAGRK69U4AAFpqq.jpg']",0,0,5,"['duckaarmy', 'indiatour', 'hyderabad', 'artistedomain', 'prismclubandkitchen']",[],https://twitter.com/DuckaShan/status/1153362608415629312,,,1,https://pbs.twimg.com/media/EAGRK69UcAAKQ0k.jpg,Bangalore,,,,,,"{'user_id': None, 'username': None}",,,,
1153357728200290304,1153357728200290304,2019-07-22 12:34:45 CDT,2019-07-22,12:34:45,-0500,131577050,arindamdeb3000,Arindam Deb,,When you have this as your search history even in your incognito mode 😂😂😂😀 - I don’t mind giving my phone to anyone 😂😂 https://t.co/nstSflbjJI,en,[],[],['https://pbs.twimg.com/media/EAGMu4qUIAA1bKg.jpg'],0,0,3,[],[],https://twitter.com/Arindamdeb3000/status/1153357728200290304,,,1,https://pbs.twimg.com/media/EAGMu4qUIAA1bKg.jpg,Bangalore,,,,,,"{'user_id': None, 'username': None}",,,,
1153342481989328896,1153342481989328896,2019-07-22 11:34:10 CDT,2019-07-22,11:34:10,-0500,165371622,sswellbeing,Sri Sri Wellbeing,,"Low #backpain often points to aggravated #Vata. #Balancing the vitiated Vata helps to decompress #spinalnerves &amp; alleviate back pain. This is precisely where we come in - balancing #doshas is our specialty. Whatever your problem, wherever the pain. Call us! +9180 61540300

#SSTP https://t.co/YcuJvZCWeW",en,[],[],['https://pbs.twimg.com/tweet_video_thumb/EAF-3k3XoAIa9bS.jpg'],0,7,15,"['backpain', 'vata', 'balancing', 'spinalnerves', 'doshas', 'sstp']",[],https://twitter.com/sswellbeing/status/1153342481989328896,,,1,https://pbs.twimg.com/tweet_video_thumb/EAF-3k3XoAIa9bS.jpg,Bangalore,,,,,,"{'user_id': None, 'username': None}",,,,
1153339926936600576,1153339926936600576,2019-07-22 11:24:01 CDT,2019-07-22,11:24:01,-0500,4595616312,hmjyothish14,Jyothish HM,,"After mind blowing  budget Investors lost a whopping 12 Lakh Crores!Market entered bearish phase.
Modiji's economic advisors clueless.
Employees of small and medium business will lose job rapidly. 
Modiji - Shah busy poaching MLAs 
God knows what's going to happen in 5 years.",en,[],[],[],0,3,8,[],[],https://twitter.com/hmjyothish14/status/1153339926936600576,,,0,,Bangalore,,,,,,"{'user_id': None, 'username': None}",,,,
1153361289399304192,1153361289399304192,2019-07-22 12:48:54 CDT,2019-07-22,12:48:54,-0500,2790296671,vishal1296,Vishal खोपकर (Khopkar),,People often underestimate how much water we could save through rainwater harvesting. I just filled 4.5 litres of pure water in 5 mins... I could have collected much more if I had more empty bottles. Now imagine how much could we save if there existed a proper system 😉 https://t.co/RSSYrYPKlK,en,[],[],['https://pbs.twimg.com/media/EAGP9pfUYAE0CZZ.jpg'],0,0,6,[],[],https://twitter.com/vishal1296/status/1153361289399304192,,,1,https://pbs.twimg.com/media/EAGP9pfUYAE0CZZ.jpg,Bangalore,,,,,,"{'user_id': None, 'username': None}",,,,
1153318935258734592,1153318935258734592,2019-07-22 10:00:36 CDT,2019-07-22,10:00:36,-0500,4199362460,itsbalaram,Balaram nath (banty),,Just wow.....  #panther @jeet30  👍,en,['jeet30'],[],[],0,2,6,['panther'],[],https://twitter.com/itsbalaram/status/1153318935258734592,,https://twitter.com/jeet30/status/1153296597419081728,0,,Bangalore,,,,,,"{'user_id': None, 'username': None}",,,,
1153242212299182080,1153242212299182080,2019-07-22 04:55:44 CDT,2019-07-22,04:55:44,-0500,1456515054,udeerna1,chowkidhar Udeerna,,"Congratulations for our loving Beloved ISRO team,for the marvelous,astounding Successful launch of*Bahubali Chandrayaan-2*.I earnestly request the*PM Narendra Modi*to immediately grant them a*Bonus,Equivalent to one year Salary*for all our ISRO's Dedicated team.Hats off to ISRO👌",en,[],[],[],1,2,15,[],[],https://twitter.com/Udeerna1/status/1153242212299182080,,,0,,Bangalore,,,,,,"{'user_id': None, 'username': None}",,,,
1153348322419064832,1153348322419064832,2019-07-22 11:57:22 CDT,2019-07-22,11:57:22,-0500,4911084924,prabhatisb,Prabha🇮🇳,,"Nice hashtag! Not sure why this Chacha of a man still enjoys the sycophancy of the slaves..Nehru was more keen on portraying India as a land of snake charmers! #NehruOnTheMoon Having become the PM by default,this man was never keen on developing India.@INCIndia",en,['incindia'],[],[],1,10,27,['nehruonthemoon'],[],https://twitter.com/prabhatisb/status/1153348322419064832,,,0,,Bangalore,,,,,,"{'user_id': None, 'username': None}",,,,
1153359445386092544,1153359445386092544,2019-07-22 12:41:34 CDT,2019-07-22,12:41:34,-0500,13715242,aadil,Aadil Bandukwala,,Dinner with the team at Arena! Fab food and conversions. Monday evening done right! 😃 https://t.co/TOpPBEqQ9H,en,[],[],"['https://pbs.twimg.com/media/EAGOSnfUcAA2HZR.jpg', 'https://pbs.twimg.com/media/EAGOSnfU8AEoLCI.jpg', 'https://pbs.twimg.com/media/EAGOSnfUEAAhnsS.jpg', 'https://pbs.twimg.com/media/EAGOSnkVAAA_CkX.jpg']",0,0,9,[],[],https://twitter.com/aadil/status/1153359445386092544,,,1,https://pbs.twimg.com/media/EAGOSnfUcAA2HZR.jpg,Bangalore,,,,,,"{'user_id': None, 'username': None}",,,,
1153380676483219456,1153380676483219456,2019-07-22 14:05:56 CDT,2019-07-22,14:05:56,-0500,14845720,marketcallshq,Marketcalls,,"The Martingale Problem
https://t.co/XodY0Dh7K3",en,[],['https://www.youtube.com/watch?v=DntEoGG7RyY'],[],0,2,9,[],[],https://twitter.com/marketcallsHQ/status/1153380676483219456,,,0,,Bangalore,,,,,,"{'user_id': None, 'username': None}",,,,
1153320555249934339,1153320555249934339,2019-07-22 10:07:02 CDT,2019-07-22,10:07:02,-0500,218748137,dhanushfans24x7,Dhanush Fans 24x7,,"Here is Dfan @PraveenSasiDFan  made for Dhanush sir Birthday Mashup
Glad to present my gift for @dhanushkraja  birthday. 

Youtube Link : https://t.co/TCFUScpQZX",en,['dhanushkraja'],['https://youtu.be/kXIC-stXNNE'],[],0,34,71,[],[],https://twitter.com/dhanushfans24x7/status/1153320555249934339,,,0,,Bangalore,,,,,,"{'user_id': None, 'username': None}",,,,
1153329236775596033,1153329236775596033,2019-07-22 10:41:32 CDT,2019-07-22,10:41:32,-0500,88752232,vinaychaitanyad,Vinay Chaitanya,,Today’s #SEOTalk,en,[],[],[],0,1,3,['seotalk'],[],https://twitter.com/VinayChaitanyaD/status/1153329236775596033,,https://twitter.com/TheSEOTalkers/status/1153327941729701889,0,,Bangalore,,,,,,"{'user_id': None, 'username': None}",,,,
1153362940310872066,1153362940310872066,2019-07-22 12:55:28 CDT,2019-07-22,12:55:28,-0500,94275994,itzbrijesh,Brijesh C A,,"""give me respect ya please..""
""Saaar.. let's do it tomorrow.. sky won't fall down.. ""
""How did they take my friends and go.. are we chickens to catch and go.. "" 
""Come let's go to Dharmasthala.. ""
#KarnatakaTrustVote #KarnatakaPoliticalCrisis #VidhanaSoudhaSchool",en,[],[],[],0,0,3,"['karnatakatrustvote', 'karnatakapoliticalcrisis', 'vidhanasoudhaschool']",[],https://twitter.com/itzbrijesh/status/1153362940310872066,,https://twitter.com/itzbrijesh/status/1153348445832265731,0,,Bangalore,,,,,,"{'user_id': None, 'username': None}",,,,
1153335433117478913,1153335433117478913,2019-07-22 11:06:09 CDT,2019-07-22,11:06:09,-0500,29133952,parvathimenon,Parvathi Menon,,"What fabulous images!!
#Chandraayan2",en,[],[],[],0,1,5,['chandraayan2'],[],https://twitter.com/parvathimenon/status/1153335433117478913,,https://twitter.com/isro/status/1153292272961642496,0,,Bangalore,,,,,,"{'user_id': None, 'username': None}",,,,
1153315883042787329,1153315883042787329,2019-07-22 09:48:28 CDT,2019-07-22,09:48:28,-0500,4911084924,prabhatisb,Prabha🇮🇳,,"Audacity of this Paracha guy to give a call to the Muslims &amp; Dalits to buy weapons for their self defence.Has he gone insane?Such a violent streak in this outwardly calm looking guy!Such elements are extremely dangerous,who incite violence &amp; unrest. .#MuslimDalitMilitia",en,[],[],[],5,4,12,['muslimdalitmilitia'],[],https://twitter.com/prabhatisb/status/1153315883042787329,,,0,,Bangalore,,,,,,"{'user_id': None, 'username': None}",,,,
1153337896276877312,1153337896276877312,2019-07-22 11:15:57 CDT,2019-07-22,11:15:57,-0500,1048582818,johrigunjan,Gunjan Johri,,There can never be any such relationship in the first place.,en,[],[],[],0,1,5,[],[],https://twitter.com/JohriGunjan/status/1153337896276877312,,https://twitter.com/ndugumr/status/1153329725391216640,0,,Bangalore,,,,,,"{'user_id': None, 'username': None}",,,,
1153344189247045636,1151157636458401793,2019-07-22 11:40:57 CDT,2019-07-22,11:40:57,-0500,825243162201448448,aabhas24,Aabhas Maldahiyar 🇮🇳,,"45/n Irfan Habib categorically mentions wars &amp; Mughal desire to conquer as major reason for economic failure of India, followed by  their own decline. Moreover the tyranny of the governors was causing Merchants to shut business.

Following snippets explain at best(p192-95). https://t.co/igEenIpi3P",en,[],[],"['https://pbs.twimg.com/media/EAGAYKzUwAE-t52.jpg', 'https://pbs.twimg.com/media/EAGAYLcUwAAbSBZ.jpg', 'https://pbs.twimg.com/media/EAGAYMKUwAI1ynv.jpg', 'https://pbs.twimg.com/media/EAGAYMuU0AAgeiw.jpg']",24,106,212,[],[],https://twitter.com/Aabhas24/status/1153344189247045636,,,1,https://pbs.twimg.com/media/EAGAYKzUwAE-t52.jpg,Bangalore,,,,,,"{'user_id': '825243162201448448', 'username': 'Aabhas24'}",,,,
1153355847356956675,1153355847356956675,2019-07-22 12:27:16 CDT,2019-07-22,12:27:16,-0500,605584891,krish2sai,~@!!,,#Saaho new poster tomorrow!!,en,[],[],[],0,1,1,['saaho'],[],https://twitter.com/krish2sai/status/1153355847356956675,,,0,,Bangalore,,,,,,"{'user_id': None, 'username': None}",,,,
1153333638332743690,1153333638332743690,2019-07-22 10:59:01 CDT,2019-07-22,10:59:01,-0500,77595384,sunilkand,Sunil Kandammattil🇮🇳,,#ನುಡಿದಂತೆನಡೆಯಿರಿ this hashtag is a joke,en,[],[],[],1,2,3,['ನುಡಿದಂತೆನಡೆಯಿರಿ'],[],https://twitter.com/Sunilkand/status/1153333638332743690,,,0,,Bangalore,,,,,,"{'user_id': None, 'username': None}",,,,
1153354962396561408,1153354962396561408,2019-07-22 12:23:45 CDT,2019-07-22,12:23:45,-0500,352902900,rohini_swamy,Rohini Swamy,,"Such is yeddyurappa’s determination that he decides to ahve a toffee to keep his sugar up. Leave dinner and hunger alone, it’s the CM seat that is more dear",en,[],[],[],2,3,13,[],[],https://twitter.com/Rohini_Swamy/status/1153354962396561408,,,0,,Bangalore,,,,,,"{'user_id': None, 'username': None}",,,,
1153370595406405632,1153370595406405632,2019-07-22 13:25:53 CDT,2019-07-22,13:25:53,-0500,352902900,rohini_swamy,Rohini Swamy,,"As the session is adjourned today , one wonders- can we “trust” them to conduct the floor test tmrw ? #KarnatakaCrisis #karnatakaassemblyfloortest #KarnatakaAssembly",en,[],[],[],2,0,14,"['karnatakacrisis', 'karnatakaassemblyfloortest', 'karnatakaassembly']",[],https://twitter.com/Rohini_Swamy/status/1153370595406405632,,,0,,Bangalore,,,,,,"{'user_id': None, 'username': None}",,,,
1153367982065635328,1153367982065635328,2019-07-22 13:15:30 CDT,2019-07-22,13:15:30,-0500,16865395,ananthaforu,Anantha-Infinity,,"Neither Supreme Court not the Speaker, @siddaramaiah proves he the boss. To end this coalition drama. 
#GoodNight
#KarnatakaTrustVote",en,['siddaramaiah'],[],[],3,1,5,"['goodnight', 'karnatakatrustvote']",[],https://twitter.com/Ananthaforu/status/1153367982065635328,,,0,,Bangalore,,,,,,"{'user_id': None, 'username': None}",,,,
1153351155939889152,1153351155939889152,2019-07-22 12:08:38 CDT,2019-07-22,12:08:38,-0500,4911084924,prabhatisb,Prabha🇮🇳,,"Shocking to see the level of slavery exhibited by @INCIndia #NehruOnTheMoon They don't see anything beyond this Casanova of a man who ensured his family rules India for decades together,who was the kingpin of nepotism &amp; minority appeasement,who ensured India remains poor...",en,['incindia'],[],[],0,5,7,['nehruonthemoon'],[],https://twitter.com/prabhatisb/status/1153351155939889152,,,0,,Bangalore,,,,,,"{'user_id': None, 'username': None}",,,,
1153318348802801665,1153318348802801665,2019-07-22 09:58:16 CDT,2019-07-22,09:58:16,-0500,10361002,sheopory,Abhishek Sheopory,,"#Chandrayan2 launch is so exciting! Goals are pretty cool too (literally) - dig up 3B y.o. frozen underground water at Moon's south pole (to understand Earth's history better), and mine He-3 for clean nuclear energy in future (Avatar anyone?). Hope the landing goes smoothly too🤞",en,[],[],[],0,0,2,['chandrayan2'],[],https://twitter.com/sheopory/status/1153318348802801665,,https://twitter.com/TwitterMoments/status/1153239567732039686,0,,Bangalore,,,,,,"{'user_id': None, 'username': None}",,,,
1153350174401413126,1153350174401413126,2019-07-22 12:04:44 CDT,2019-07-22,12:04:44,-0500,2431546572,amardeepkaushal,amardeep kaushal,,"FaceApp could make you look really old. Do you know Why? @faceapp_ai #FaceAppChallenge #SocialMediaSummit #SocialMedia #privacy #databreach #cybercrime #CyberAttack #cybersecurity #CyberMonday #Facebook #CIO

HT @KirkDBorne @MikeQuindazzi @Benioff @ANI https://t.co/BaypjfE1NF",en,"['faceapp_ai', 'kirkdborne', 'mikequindazzi', 'benioff', 'ani']",['https://cxoherald.com/faceapp-make-you-look-old/#.XTXr5Fw7UWI.twitter'],[],0,15,6,"['faceappchallenge', 'socialmediasummit', 'socialmedia', 'privacy', 'databreach', 'cybercrime', 'cyberattack', 'cybersecurity', 'cybermonday', 'facebook', 'cio']",[],https://twitter.com/amardeepkaushal/status/1153350174401413126,,,0,,Bangalore,,,,,,"{'user_id': None, 'username': None}",,,,
1153312502383407106,1153312502383407106,2019-07-22 09:35:02 CDT,2019-07-22,09:35:02,-0500,14717846,miguelrios,Miguel Ríos Berríos,,Sounds familiar. Some day a national outlet will write about how MS and their lobbyists meddled in Puerto Rican politics. https://t.co/wPioJciA7U,en,[],['http://periodismoinvestigativo.com/2019/07/el-saqueo-a-los-fondos-publicos-detras-del-chat/'],[],0,5,8,[],[],https://twitter.com/miguelrios/status/1153312502383407106,,https://twitter.com/Techmeme/status/1153311463106371584,0,,Bangalore,,,,,,"{'user_id': None, 'username': None}",,,,
1153357668284657664,1153357668284657664,2019-07-22 12:34:31 CDT,2019-07-22,12:34:31,-0500,342242194,juiceboxmusicin,Juicebox Music,,"Listen to the full “Tales of Time - Chapter 1” compilation via @AppleMusic!

https://t.co/kyEd4aPIIz",en,['applemusic'],['https://music.apple.com/in/album/tales-of-time-chapter-1/1470444247'],[],0,4,2,[],[],https://twitter.com/JuiceboxMusicIN/status/1153357668284657664,,,0,,Bangalore,,,,,,"{'user_id': None, 'username': None}",,,,
1153338593311481856,1153338593311481856,2019-07-22 11:18:43 CDT,2019-07-22,11:18:43,-0500,873794970586562560,jusst_sway,Sway,,It's okay not to be okay.... At times it's ok.....,en,[],[],[],1,1,5,[],[],https://twitter.com/jusst_sway/status/1153338593311481856,,,0,,Bangalore,,,,,,"{'user_id': None, 'username': None}",,,,
1153368374618890240,1153368374618890240,2019-07-22 13:17:03 CDT,2019-07-22,13:17:03,-0500,457283495,hckmstrrahul,→,,Such a lovely rebrand video ❤️,en,[],[],[],0,0,4,[],[],https://twitter.com/hckmstrrahul/status/1153368374618890240,,https://twitter.com/gojekdesign/status/1153167653571186689,0,,Bangalore,,,,,,"{'user_id': None, 'username': None}",,,,
1153303276336451588,1153303276336451588,2019-07-22 08:58:23 CDT,2019-07-22,08:58:23,-0500,108006063,rvaidya2000,RVAIDYA2000 🕉️,,To remember: Oppn within your party is more than that from oppn party particularly when you get huge majority like Indira in 1980[353-43%] and Rajiv in 1984 [414 -49%]-Larger number-- greater expectations and knives getting sharpened since next poll the ldr may not be leading:)RT,en,[],[],[],0,6,18,[],[],https://twitter.com/rvaidya2000/status/1153303276336451588,,,0,,Bangalore,,,,,,"{'user_id': None, 'username': None}",,,,
1153362062191386630,1153362062191386630,2019-07-22 12:51:58 CDT,2019-07-22,12:51:58,-0500,2288490336,hashankaranaray,H.A.Shankaranarayana,,"Forget tomato prices...! 

Remember....  The soldiers are sacrificing  their life for the nation...! 

You voted me for that...!

Be prepared for sacrifice...!!",en,[],[],[],1,1,3,[],[],https://twitter.com/HAShankaranaray/status/1153362062191386630,,https://twitter.com/drshamamohd/status/1153217877501239297,0,,Bangalore,,,,,,"{'user_id': None, 'username': None}",,,,
1153343011343851520,1153343011343851520,2019-07-22 11:36:16 CDT,2019-07-22,11:36:16,-0500,75954822,al_lude,Al_lude,,"I'm Sue Perkins' 1 millionth and 1 followah, I yam.",en,[],[],[],1,0,8,[],[],https://twitter.com/al_lude/status/1153343011343851520,,,0,,Bangalore,,,,,,"{'user_id': None, 'username': None}",,,,
1153361758595104768,1153361758595104768,2019-07-22 12:50:46 CDT,2019-07-22,12:50:46,-0500,16865395,ananthaforu,Anantha-Infinity,,"Amidst all the ruckus, just saw live on TV that a person from ruling bench walked up to @BSYBJP took something and came back to his seat. TV camera follows, he unwraps the candy and pops up into his mouth. 
Probably, diabetes and can't remain hungry for long
#KarnatakaTrustVote",en,['bsybjp'],[],[],0,1,16,['karnatakatrustvote'],[],https://twitter.com/Ananthaforu/status/1153361758595104768,,,0,,Bangalore,,,,,,"{'user_id': None, 'username': None}",,,,
1153294366183608320,1153294366183608320,2019-07-22 08:22:58 CDT,2019-07-22,08:22:58,-0500,791937080582471680,design_juice,DesignJuice,,"A Gastrointestinal Cancer #campaign that’s as close to our heart as it’s to the stomach. Surely, one of the many campaigns that put smile on our faces. Work like this is what drives us beat our own standards – every day.   https://t.co/qVIQgnEpvB 
#MadeUsSmile #advertising #ooh",en,[],['https://bit.ly/2SyZ1HV'],[],0,1,5,"['campaign', 'madeussmile', 'advertising', 'ooh']",[],https://twitter.com/design_juice/status/1153294366183608320,,,0,,Bangalore,,,,,,"{'user_id': None, 'username': None}",,,,
1153375815222091776,1153375815222091776,2019-07-22 13:46:37 CDT,2019-07-22,13:46:37,-0500,3320871565,vjsambamurthi,Vijay Sambamurthi,,"Delighted and proud to see two of @LexygenIndia's valued clients on this ""Elite List""!!! Congratulations @AshLilani @SaamaCapital and @dishahdadpuri @DSGCPvc on this much-deserved recognition by @forbes_india :-) #VentureCapital #startups 
 https://t.co/NupnKUbLFe",en,"['lexygenindia', 'ashlilani', 'saamacapital', 'dishahdadpuri']",['http://www.forbesindia.com/article/vc-and-pe-special/indias-top-25-venture-capital-firms/54433/1'],[],0,2,7,"['venturecapital', 'startups']",[],https://twitter.com/VJSambamurthi/status/1153375815222091776,,,0,,Bangalore,,,,,,"{'user_id': None, 'username': None}",,,,
1153355634898681862,1153355634898681862,2019-07-22 12:26:26 CDT,2019-07-22,12:26:26,-0500,167707382,iammaheshfan,Narendra Gowd 🦁,,Congrats @supersampangi :) #10KFollowers,en,['supersampangi'],[],[],1,0,24,['10kfollowers'],[],https://twitter.com/IamMaheshFan/status/1153355634898681862,,,0,,Bangalore,,,,,,"{'user_id': None, 'username': None}",,,,
1153312925043478528,1153312925043478528,2019-07-22 09:36:43 CDT,2019-07-22,09:36:43,-0500,1477361623,magudesh96,Magudesh,,#Aadai don't miss to watch title card narration. @MrRathna done great job. @Amala_ams stunning.. no vulgar in any place. @ramyavj looks good. Needed message for all youtube channels.. totally different making from Meyaatha Maan. Can't wait for next movie..❣️❣️,en,"['mrrathna', 'amala_ams', 'ramyavj']",[],[],0,1,9,['aadai'],[],https://twitter.com/magudesh96/status/1153312925043478528,,,0,,Bangalore,,,,,,"{'user_id': None, 'username': None}",,,,
1153365649839644672,1153365649839644672,2019-07-22 13:06:14 CDT,2019-07-22,13:06:14,-0500,2288490336,hashankaranaray,H.A.Shankaranarayana,,"I am not at all surprised...!

Modi might have uttered these words to Trump as casually, pretending intelligence, as he uttered words when he talked about Cloud Radar &amp; Nala Gas...!!",en,[],[],[],0,0,3,[],[],https://twitter.com/HAShankaranaray/status/1153365649839644672,,https://twitter.com/geetv79/status/1153355340244770816,0,,Bangalore,,,,,,"{'user_id': None, 'username': None}",,,,
1153256878312439809,1153256878312439809,2019-07-22 05:54:00 CDT,2019-07-22,05:54:00,-0500,420262382,sem303,SS,,"Namma Kasa, Namma Jawab dari. For every ten families tart composting their wet waste,segregation level improves and close to 3 tonnes annual is diverted from landfills (assuming 1 kg per family per day). Let's all take pledge to compost, grow, cook (or eat raw:) @SwachaGraha",en,['swachagraha'],[],[],0,1,1,[],[],https://twitter.com/Sem303/status/1153256878312439809,,https://twitter.com/kdevforum/status/1152543649030217729,0,,Bangalore,,,,,,"{'user_id': None, 'username': None}",,,,
1153263435075002369,1153263435075002369,2019-07-22 06:20:04 CDT,2019-07-22,06:20:04,-0500,15838610,rajatgururaj,Provolone Malone,,"No One :

Absolutely No one :

Guys from DAV Jawahar Vidya Mandir,Ranchi : 
Actually , I have played Cricket with Dhoni, he was in my school and I took a diving catch and dismissed him at a crucial point in a game, even he applauded......",en,[],[],[],0,0,7,[],[],https://twitter.com/RajatGururaj/status/1153263435075002369,,,0,,Bangalore,,,,,,"{'user_id': None, 'username': None}",,,,
1153369500483407873,1153369500483407873,2019-07-22 13:21:32 CDT,2019-07-22,13:21:32,-0500,55608836,ajayacharya,Ajay Acharya 🇮🇳 ಅಜೆಯ್ ಆಚಾರ್ಯ🚩,,"Except for issues related to the state and her problems, the MLAs of Karnataka Assembly have spoken about everything else. The same MLAs who seldom talk in the assembly, want to talk and not one word is about the Confidence Vote.
@BSYBJP",en,['bsybjp'],[],[],1,1,3,[],[],https://twitter.com/ajayacharya/status/1153369500483407873,,,0,,Bangalore,,,,,,"{'user_id': None, 'username': None}",,,,
1153364160010264576,1153364160010264576,2019-07-22 13:00:18 CDT,2019-07-22,13:00:18,-0500,55492626,bhatinmaai,Harsha Bhat 🇮🇳,,"Shivalinge Gowda absolves the speaker of all his incapability that too on behalf of the entire state. Who gave him the right to even utter the name of the people of this state ? Dear Voter, we deserve this nonsense! #Karnataka ದ ಮುಗಿಯದ ನಾಟಕ",en,[],[],[],0,0,2,['karnataka'],[],https://twitter.com/bhatinmaai/status/1153364160010264576,,,0,,Bangalore,,,,,,"{'user_id': None, 'username': None}",,,,
1153356210449649666,1153356210449649666,2019-07-22 12:28:43 CDT,2019-07-22,12:28:43,-0500,14920597,priyachettyr,Priya Chetty Rajagop,"{'type': 'Point', 'coordinates': [12.979693, 77.590658]}","#WhosPaying? We are.
We are.
#Shame #KarnatakaPoliticians Putting up such a circus . This is government ? This is shameless power mongering. #WeWillRemember #JustPolitics #CostOfShame #NatakaKarnataka @ Vidhana Soudha https://t.co/11p84nfZBo",en,[],['https://www.instagram.com/p/B0OjikTFgtJ/?igshid=9xb9rh20o14o'],[],0,1,2,"['whospaying', 'shame', 'karnatakapoliticians', 'wewillremember', 'justpolitics', 'costofshame', 'natakakarnataka']",[],https://twitter.com/priyachettyr/status/1153356210449649666,,,0,,Bangalore,,,,,,"{'user_id': None, 'username': None}",,,,
1153337807949225987,1153337807949225987,2019-07-22 11:15:36 CDT,2019-07-22,11:15:36,-0500,167750538,drbhaskarraj,Dr Bhaskar Rajakumar (ಡಾ. ಭಾಸ್ಕರ್ ರಾಜಕುಮಾರ್)🇮🇳,"{'type': 'Point', 'coordinates': [12.971117, 77.597645]}","When the going gets tough.. tough get going.. strive_fuel nebsports bengaluru_marathon @24hrstadiumrun #running #instarunners @becurefit @ Bangalore, India https://t.co/y7pJ2Zw0CZ",en,[],['https://www.instagram.com/p/B0ObKovnZpW/?igshid=1qt1k7ujttr5'],[],0,0,4,"['running', 'instarunners']",[],https://twitter.com/DrBhaskarRaj/status/1153337807949225987,,,0,,Bangalore,,,,,,"{'user_id': None, 'username': None}",,,,
1153319736433762305,1153319736433762305,2019-07-22 10:03:47 CDT,2019-07-22,10:03:47,-0500,16362006,lakshmisharath,Lakshmi Sharath,,Monsoon and the Western Ghats - my story in @lonelyplanet_in https://t.co/0Cae9wffHf,en,['lonelyplanet_in'],['https://www.lonelyplanet.in/articles/23237/not-to-miss-monsoon-destinations-in-western-ghats'],[],0,0,14,[],[],https://twitter.com/lakshmisharath/status/1153319736433762305,,,0,,Bangalore,,,,,,"{'user_id': None, 'username': None}",,,,
1153335419817168898,1153333949990612992,2019-07-22 11:06:06 CDT,2019-07-22,11:06:06,-0500,1020010364,indifferent_kay,Kaushik Kay,,@AarooThe @PokemonGoApp I personally like playing with low level trainers. They complain less. And are more eager.,en,['pokemongoapp'],[],[],2,2,35,[],[],https://twitter.com/indifferent_kay/status/1153335419817168898,,,0,,Bangalore,,,,,,"{'user_id': '975126276351635456', 'username': 'GabeItchez69'}",,,,
1153369097633009664,1153369097633009664,2019-07-22 13:19:56 CDT,2019-07-22,13:19:56,-0500,55608836,ajayacharya,Ajay Acharya 🇮🇳 ಅಜೆಯ್ ಆಚಾರ್ಯ🚩,,"This broker Ramesh Kumar ensures another day in the chair for @hd_kumaraswamy.
It's a shame to see these guys waste precious time: I wonder how is @BSYBJP tolerating this.",en,"['hd_kumaraswamy', 'bsybjp']",[],[],1,2,8,[],[],https://twitter.com/ajayacharya/status/1153369097633009664,,,0,,Bangalore,,,,,,"{'user_id': None, 'username': None}",,,,
1153303593824346112,1153242628743299074,2019-07-22 08:59:38 CDT,2019-07-22,08:59:38,-0500,272503721,macharajarao,M. S. Srinivasa Rao,,@mgnayak5 @TimesNow This year onwards Congress is launching not one but two  RaGa and Prinky satellites,en,"['mgnayak5', 'timesnow']",[],[],2,3,2,[],[],https://twitter.com/macharajarao/status/1153303593824346112,,,0,,Bangalore,,,,,,"{'user_id': '142238984', 'username': 'mgnayak5'}",,,,
1153404513652334592,850030303032692736,2019-07-22 15:40:39 CDT,2019-07-22,15:40:39,-0500,48069623,sandeepanirudha,Sandeep Anirudhan,,"@sudhir_san16 @Cpt_Naveen @btpsupporter @ram_soc @blrsri @kalkur_vivek @NITINKML @SuresSalla @AxPn @shashibk @NammaBengaluroo @VoicOfNewIndia @envyk_blr @rajendraraghave @Anandagundurao @ksvenu247 @raghuynt @biradarsm @MayaRao @Srivatsac2 @Kumar41130209 @RamMoha82601373 @murali772 @kdevforum @iam_Sudip @WFRising @copyhead @raghumedicon @MandothPrakash @Nitz_007 @appysrivastava @perltastic @_Ashwatthama_ @varunversion1 @BellandurJothge @balajiworld @impossible14 @RobinMazumder @kiranshaw @AjitMuthanna @jimkimmit @nknairvm @deepolice12 @dineshka @narayana_shenoy @Krishna15980544 @Mailpradeepks @taichisri @RailwaySeva We can send missions to moon, but not a decent public transport!  #irony",en,"['sudhir_san16', 'cpt_naveen', 'btpsupporter', 'ram_soc', 'blrsri', 'kalkur_vivek', 'nitinkml', 'suressalla', 'axpn', 'shashibk', 'nammabengaluroo', 'voicofnewindia', 'envyk_blr', 'anandagundurao', 'ksvenu247', 'raghuynt', 'biradarsm', 'mayarao', 'srivatsac2', 'kumar41130209', 'rammoha82601373', 'murali772', 'kdevforum', 'iam_sudip', 'wfrising', 'copyhead', 'raghumedicon', 'mandothprakash', 'nitz_007', 'appysrivastava', 'perltastic', '_ashwatthama_', 'varunversion1', 'bellandurjothge', 'balajiworld', 'impossible14', 'robinmazumder', 'kiranshaw', 'ajitmuthanna', 'jimkimmit', 'nknairvm', 'dineshka', 'narayana_shenoy', 'krishna15980544', 'mailpradeepks', 'taichisri', 'railwayseva']",[],[],3,2,4,['irony'],[],https://twitter.com/SandeepAnirudha/status/1153404513652334592,,,0,,Bangalore,,,,,,"{'user_id': '763021488924479488', 'username': 'sudhir_san16'}",,,,
1153356431896088576,1153348930467454976,2019-07-22 12:29:36 CDT,2019-07-22,12:29:36,-0500,1905090132,sintu94,ʀᴀᴍ ᴅᴀʏᴀʟ sɪɴɢʜ,,"@anjanaomkashyap Ek women ye v Jo desh ko proud feel karwaya aur ek h
........... #SakshiMishara
Congratulations to our world most talented scientists",en,['anjanaomkashyap'],[],[],0,0,7,['sakshimishara'],[],https://twitter.com/sintu94/status/1153356431896088576,,,0,,Bangalore,,,,,,"{'user_id': '101215084', 'username': 'anjanaomkashyap'}",,,,
1153447107409301505,1153438358321786880,2019-07-22 18:29:55 CDT,2019-07-22,18:29:55,-0500,16828845,rajeshsound,Rajesh Soundararajan,,"@Swamy39 With due respect t to your intelligence, it was you who said economy does not win elections. Hence communalism, nationalism and anti-corruption image, you said.",en,['swamy39'],[],[],1,3,20,[],[],https://twitter.com/rajeshsound/status/1153447107409301505,,,0,,Bangalore,,,,,,"{'user_id': '60937837', 'username': 'Swamy39'}",,,,
1153371216633303043,1153354542014066688,2019-07-22 13:28:21 CDT,2019-07-22,13:28:21,-0500,2984339761,ksvenu247,venugopal,,@AskAnshul @prameshjain12 CM relief fund will be used,en,"['askanshul', 'prameshjain12']",[],[],0,1,2,[],[],https://twitter.com/ksvenu247/status/1153371216633303043,,,0,,Bangalore,,,,,,"{'user_id': '318673863', 'username': 'AskAnshul'}",,,,
1153323158964854785,1153308188487217152,2019-07-22 10:17:23 CDT,2019-07-22,10:17:23,-0500,17839493,nakulshenoy,Nakul Shenoy,,"@acorn @Olacabs @bhash The usual. After calling, he will ask the destination. And cancel the trip soon as you say it is to the other side of the moon.",en,"['acorn', 'olacabs', 'bhash']",[],[],0,1,15,[],[],https://twitter.com/NakulShenoy/status/1153323158964854785,,,0,,Bangalore,,,,,,"{'user_id': '4047721', 'username': 'acorn'}",,,,
1153375347183951874,1153316555070984195,2019-07-22 13:44:46 CDT,2019-07-22,13:44:46,-0500,772361034283618304,harshaksn,Harsha Narayan,,@karkalasunil New drama scripts will be ready for tomorrow also by @hd_kumaraswamy  &amp; @siddaramaiah ! Karnataka assembly has turned into a drama company !,en,"['karkalasunil', 'hd_kumaraswamy', 'siddaramaiah']",[],[],0,1,5,[],[],https://twitter.com/HarshaKSN/status/1153375347183951874,,,0,,Bangalore,,,,,,"{'user_id': '304276130', 'username': 'karkalasunil'}",,,,
1153355814226149378,1153311931324760064,2019-07-22 12:27:09 CDT,2019-07-22,12:27:09,-0500,4213551793,amitghoshspeaks,Amit Ghosh,,"@ajaishukla If we have such erudite astrologists,What the astrophysicists,Mathematicians,astronomists,space scientists and engineers,technicians and computer and information technologists doing in ISRO?",en,['ajaishukla'],[],[],0,0,3,[],[],https://twitter.com/amitghoshspeaks/status/1153355814226149378,,,0,,Bangalore,,,,,,"{'user_id': '99276987', 'username': 'ajaishukla'}",,,,
1153291598093938688,1149637566607478784,2019-07-22 08:11:58 CDT,2019-07-22,08:11:58,-0500,227576449,prathikthethith,Prathik Ponnanna,,"@malleshappatel1 @TulunadState @libcrusader @WeAreKTK Ok let’s be logical! I know my family history till 300 years, and Kodava’s lived in Kodava Naad when Padi Shri Igguthappa Lord came, now you prove me about your origin! Don’t just blindly say without knowing read Pattola Palame the official book of Kodavas",en,"['malleshappatel1', 'tulunadstate', 'libcrusader', 'wearektk']",[],[],1,1,4,[],[],https://twitter.com/Prathikthethith/status/1153291598093938688,,,0,,Bangalore,,,,,,"{'user_id': '3281212386', 'username': 'malleshappatel1'}",,,,
1153323236341374976,1153172493617659904,2019-07-22 10:17:41 CDT,2019-07-22,10:17:41,-0500,3185951,mphaxise,praneet,,"@anirudhbb @rasagy @aakashd_s @dharmeshba @kshitiz @surajbaadkar My hypotheses is that multiple threading on Twitter can raise to many small forks in the conversation, just like the real conversation offline.

If the conversation dies in a couple of hours/days that a learning too.

@phoenixwizard @aprajit_kar @anirudhux @RuthlessUx @apnerve @",en,"['anirudhbb', 'rasagy', 'dharmeshba', 'kshitiz', 'surajbaadkar', 'phoenixwizard', 'aprajit_kar', 'anirudhux', 'ruthlessux', 'apnerve']",[],[],2,0,4,[],[],https://twitter.com/mphaxise/status/1153323236341374976,,,0,,Bangalore,,,,,,"{'user_id': '15628911', 'username': 'anirudhbb'}",,,,
1153376420011204609,1153376420011204609,2019-07-22 13:49:01 CDT,2019-07-22,13:49:01,-0500,50399502,rons1212,Ronita,,@DayaDarwazaTodo @JustJuning once again &amp; again @trailsoftravel @kaniskac @zambezi40 @buzzinnhornets @eliistender10 @anindya0909 @subbureddyy again list is long ....,en,"['dayadarwazatodo', 'justjuning', 'trailsoftravel', 'kaniskac', 'zambezi40', 'buzzinnhornets', 'eliistender10', 'anindya0909', 'subbureddyy']",[],[],4,0,4,[],[],https://twitter.com/rons1212/status/1153376420011204609,,https://twitter.com/Twitter/status/1153373739792371712,0,,Bangalore,,,,,,"{'user_id': '1049497131868930049', 'username': 'DayaDarwazaTodo'}",,,,
1153335873464721408,1153236727885991936,2019-07-22 11:07:54 CDT,2019-07-22,11:07:54,-0500,178247585,colkt,"Col A K Tiwari, VSM(retd)🇮🇳",,@one_by_two 'What' Indian is your friend?,en,['one_by_two'],[],[],2,1,10,[],[],https://twitter.com/colkt/status/1153335873464721408,,,0,,Bangalore,,,,,,"{'user_id': '28515858', 'username': 'one_by_two'}",,,,
1153351304971837442,1152654098996461568,2019-07-22 12:09:13 CDT,2019-07-22,12:09:13,-0500,178247585,colkt,"Col A K Tiwari, VSM(retd)🇮🇳",,"@cpraghav @swamilion @Swamy39 Raghav, as student at IITD, been part of JP's movement b4 Emergency
N
Also student of Dr @Swamy39

Staunch BJP supporter

I find Modi surrounded
by
Darbaris
NOT
professionals
Falling
For tokenism n optics
n
Clueless on Economy
He is answerable to 130Cr
NOT
Dr Swamy, an RS MP🙏",en,"['cpraghav', 'swamilion', 'swamy39', 'swamy39']",[],[],1,0,1,[],[],https://twitter.com/colkt/status/1153351304971837442,,,0,,Bangalore,,,,,,"{'user_id': '100677589', 'username': 'cpraghav'}",,,,
1153395052271419392,1153353301313937408,2019-07-22 15:03:04 CDT,2019-07-22,15:03:04,-0500,716313068389539840,pooja_bhaumik,Pooja Bhaumik,,@lariki @DoesitPew @MiBLT My faavvvve! When are you coming to India and trying out the greaaaat variety of Pani Puri flavors? 🙈,en,"['lariki', 'doesitpew', 'miblt']",[],[],1,0,5,[],[],https://twitter.com/pooja_bhaumik/status/1153395052271419392,,,0,,Bangalore,,,,,,"{'user_id': '67037525', 'username': 'lariki'}",,,,
1153395327937835008,1153229211731222530,2019-07-22 15:04:09 CDT,2019-07-22,15:04:09,-0500,716313068389539840,pooja_bhaumik,Pooja Bhaumik,,@ibhavikmakwana @jatinJD3 @MarieJaks @dhuma1981 @imthepk @jansariparth @FlutterComm @r_FlutterDev @FlutterDev I still refer to my own article 😂😂😂,en,"['ibhavikmakwana', 'jatinjd3', 'mariejaks', 'dhuma1981', 'imthepk', 'jansariparth', 'fluttercomm', 'r_flutterdev', 'flutterdev']",[],[],0,0,3,[],[],https://twitter.com/pooja_bhaumik/status/1153395327937835008,,,0,,Bangalore,,,,,,"{'user_id': '927092165112602624', 'username': 'ibhavikmakwana'}",,,,
1153292568932708353,1153292272961642496,2019-07-22 08:15:50 CDT,2019-07-22,08:15:50,-0500,3321246661,abdulwajid1964,Abdul Wajid,,@isro Great,en,['isro'],[],[],0,0,10,[],[],https://twitter.com/abdulwajid1964/status/1153292568932708353,,,0,,Bangalore,,,,,,"{'user_id': '2253142422', 'username': 'isro'}",,,,
1153374965770739713,1153184749759787008,2019-07-22 13:43:15 CDT,2019-07-22,13:43:15,-0500,15300013,djasif,Mohammed Asif,,"@tecworkz 1ST, many people did get their hands on the #RedmiK20Pro on Alpha sale!
2nd, it's not necessarily important that there should be a queue or rush outside. I'm still getting calls from my peers about the feedback for this beast.
3rd &amp; most importantly - it's EXCITED and not EXITED",en,['tecworkz'],[],[],4,1,6,['redmik20pro'],[],https://twitter.com/djasif/status/1153374965770739713,,,0,,Bangalore,,,,,,"{'user_id': '2570920231', 'username': 'tecworkz'}",,,,
1153369915031609344,1153282352363139072,2019-07-22 13:23:10 CDT,2019-07-22,13:23:10,-0500,55478609,deepalinaair,Deepali Naair 🎀,,@navdhad I went grocery shopping. Had 8 hours of sleep. Amid endless travel and a team offsite and 80 hours weeks. #Teenager school started so also attended orientation,en,['navdhad'],[],[],0,0,3,['teenager'],[],https://twitter.com/deepalinaair/status/1153369915031609344,,,0,,Bangalore,,,,,,"{'user_id': '20218522', 'username': 'navdhad'}",,,,
