id,conversation_id,created_at,date,time,timezone,user_id,username,name,place,tweet,language,mentions,urls,photos,replies_count,retweets_count,likes_count,hashtags,cashtags,link,retweet,quote_url,video,thumbnail,near,geo,source,user_rt_id,user_rt,retweet_id,reply_to,retweet_date,translate,trans_src,trans_dest
1315931581614153728,1315931581614153728,2020-10-13 03:25:12 CDT,2020-10-13,03:25:12,-0500,107649620,rajeshunplugged,Rajesh Krishnan,,Today's shoot. https://t.co/SroiYtBRSR,en,[],[],['https://pbs.twimg.com/media/EkMgzE2U4AA8K6L.jpg'],13,20,799,[],[],https://twitter.com/Rajeshunplugged/status/1315931581614153728,,,1,https://pbs.twimg.com/media/EkMgzE2U4AA8K6L.jpg,Bangalore,,,,,,"{'user_id': None, 'username': None}",,,,
1316087692283670530,1316087692283670530,2020-10-13 13:45:32 CDT,2020-10-13,13:45:32,-0500,127826911,anikhore,ANIK HORE,,"#Writerslift I,ve reached 2050+ in just no time. Thank you #WritingCommunity

Dear #author thank you! Here is our #shamelessselfpromoMonday that we can serve you. Share your #links, #art, #blogs, or just join without any reason. Retweet, follow, and like!!",en,[],[],[],85,34,99,"['writerslift', 'writingcommunity', 'author', 'shamelessselfpromomonday', 'links', 'art', 'blogs']",[],https://twitter.com/anikhore/status/1316087692283670530,,,0,,Bangalore,,,,,,"{'user_id': None, 'username': None}",,,,
1316021334141333504,1316021334141333504,2020-10-13 09:21:51 CDT,2020-10-13,09:21:51,-0500,871015946252566528,mujahid96327777,Mujahid Pasha,,"The LTA cash voucher scheme, whose size is pegged at Rs 28,000 crore, may be insufficient to bring in much demand, as only 10-15 per cent of the eligible employees would be able to avail the scheme, SBI Research said in a report.
 #LTA https://t.co/rwp3PnQB1l",en,[],[],['https://pbs.twimg.com/media/EkNybHcUYAAMEsQ.jpg'],2,17,17,['lta'],[],https://twitter.com/mujahid96327777/status/1316021334141333504,,,1,https://pbs.twimg.com/media/EkNybHcUYAAMEsQ.jpg,Bangalore,,,,,,"{'user_id': None, 'username': None}",,,,
1316002509190656000,1316002509190656000,2020-10-13 08:07:02 CDT,2020-10-13,08:07:02,-0500,117728754,socialslack,SocialSlack,,Which one to start??? https://t.co/kG6hnc32Tr,en,[],[],['https://pbs.twimg.com/media/EkNhSikXYAAZaHT.jpg'],17,1,38,[],[],https://twitter.com/Socialslack/status/1316002509190656000,,,1,https://pbs.twimg.com/media/EkNhSikXYAAZaHT.jpg,Bangalore,,,,,,"{'user_id': None, 'username': None}",,,,
1316004496279961602,1316004496279961602,2020-10-13 08:14:56 CDT,2020-10-13,08:14:56,-0500,1226368383152603137,yashfansachin,Sachin Since 1998,,"Best Wishes To #Jackie Team From #YashBoss Fans.

#Yuvarathnaa 
#KGFChapter2
#DecadeForCultBBJackie https://t.co/qs7XU3kjZ3",en,[],[],"['https://pbs.twimg.com/media/EkNjG9XUYAI4OQJ.jpg', 'https://pbs.twimg.com/media/EkNjHPDVcAAqtFE.jpg']",0,9,5,"['jackie', 'yashboss', 'yuvarathnaa', 'kgfchapter2', 'decadeforcultbbjackie']",[],https://twitter.com/YashFanSachin/status/1316004496279961602,,,1,https://pbs.twimg.com/media/EkNjG9XUYAI4OQJ.jpg,Bangalore,,,,,,"{'user_id': None, 'username': None}",,,,
1315964782655107074,1315964782655107074,2020-10-13 05:37:08 CDT,2020-10-13,05:37:08,-0500,2732196026,nahakjogi,Jogi Nahak,,"Wake up Hindus! It's a well planned attack over Hinduism to defame n destroy Hindu Culture by framing innocent saints in bogus cases n kept for yrs in jail. We want justice from High Court 
#संतों_को_न्याय_कब_मिलेगा https://t.co/NXl11OWZH4",en,[],[],['https://pbs.twimg.com/media/EkM-_EEU0AAj9Ro.jpg'],6,29,30,['संतों_को_न्याय_कब_मिलेगा'],[],https://twitter.com/NahakJogi/status/1315964782655107074,,,1,https://pbs.twimg.com/media/EkM-_EEU0AAj9Ro.jpg,Bangalore,,,,,,"{'user_id': None, 'username': None}",,,,
1316011865437204480,1316011865437204480,2020-10-13 08:44:13 CDT,2020-10-13,08:44:13,-0500,198397621,iamprashantraj,Prashant Raj.,,One of my favourite Movie of #Powerstar 🌟,en,[],[],[],5,91,152,['powerstar'],[],https://twitter.com/iamprashantraj/status/1316011865437204480,,https://twitter.com/shivuaDDa/status/1316011579754770437,0,,Bangalore,,,,,,"{'user_id': None, 'username': None}",,,,
1315963556811075585,1315963556811075585,2020-10-13 05:32:16 CDT,2020-10-13,05:32:16,-0500,74787719,manukumarjain,Manu Kumar Jain,,"Mi KN95 #Masks

😷 4 layers protection
😷 &gt;95% bacteria &amp; particle filtration
😷 Soft &amp; comfortable
😷 Pack of 2= ₹250. Pack of 5= ₹600

Last 6 months we did not sell any masks; gave lakhs of masks to hospitals &amp; doctors.👩‍⚕️

Now relaunching #MiMask!

I ❤️ Mi #IndiaFightsCorona https://t.co/cmqFiNXFSt",en,[],[],"['https://pbs.twimg.com/media/EkM93-qU8AAw7Y2.jpg', 'https://pbs.twimg.com/media/EkM94TWVkAADi7u.jpg']",41,65,949,"['masks', 'mimask', 'indiafightscorona']",[],https://twitter.com/manukumarjain/status/1315963556811075585,,,1,https://pbs.twimg.com/media/EkM93-qU8AAw7Y2.jpg,Bangalore,,,,,,"{'user_id': None, 'username': None}",,,,
1316096155743219712,1316096155743219712,2020-10-13 14:19:10 CDT,2020-10-13,14:19:10,-0500,1057978826,prasadkarwa,Prasad Karwa,,"Left Ecosystem 101:

Boycott Tanishq: This is sad. This is racism. This is fascism. Is there no freedom of speech in this country anymore? 

Advertisers Boycott RepublicTV / Bollywood file case against RepublicTV &amp; TimesNow: More power to you. Superb Decision. Sanity is alive!",en,[],[],[],0,17,70,[],[],https://twitter.com/PrasadKarwa/status/1316096155743219712,,,0,,Bangalore,,,,,,"{'user_id': None, 'username': None}",,,,
1316013426699718665,1316013426699718665,2020-10-13 08:50:25 CDT,2020-10-13,08:50:25,-0500,2315213164,thekicksport,Theek Ba(Factos),,"I love coding but this way of adds are so pathetic 😐 let the kid decide his future before you guys attract him with adds and influence his parents with salary.
#100DaysOfCode #India #parents https://t.co/CrzMaccyVy",en,[],[],['https://pbs.twimg.com/media/EkNrO9IVkAUUm4f.jpg'],0,5,4,"['100daysofcode', 'india', 'parents']",[],https://twitter.com/thekicksport/status/1316013426699718665,,,1,https://pbs.twimg.com/media/EkNrO9IVkAUUm4f.jpg,Bangalore,,,,,,"{'user_id': None, 'username': None}",,,,
1316052739206512644,1316052739206512644,2020-10-13 11:26:38 CDT,2020-10-13,11:26:38,-0500,1316039633004761088,onyxphotograph,Onyxphotography,,"I did a photoshoot in Avenue road, Bangalore. The place is so alive and overly crowded even during a pandemic. But it all makes sense because it's Avenue road. The place has everything you need, you just need to know where to find it. https://t.co/O1bJ4flpBn",en,[],[],['https://pbs.twimg.com/media/EkOO_CeU8AExdqe.jpg'],1,3,6,[],[],https://twitter.com/Onyxphotograph/status/1316052739206512644,,,1,https://pbs.twimg.com/media/EkOO_CeU8AExdqe.jpg,Bangalore,,,,,,"{'user_id': None, 'username': None}",,,,
1316053331362541568,1316053331362541568,2020-10-13 11:28:59 CDT,2020-10-13,11:28:59,-0500,1219149826165628928,teamlbtc,Let's Be The Change,,"#Day14: Street Play in Communities!

Today, the 13th of October 2020, 
The team continued surveying in Raghavendra and AK Colony.

The team also surveyed for requirements of different houses to understand and help them.

(1/3) https://t.co/A3ZBGeJcn3",en,[],[],"['https://pbs.twimg.com/media/EkOPg7WVgAAKtUA.jpg', 'https://pbs.twimg.com/media/EkOPhO6UcAA-Vs2.jpg', 'https://pbs.twimg.com/media/EkOPhinVoAAgY1v.jpg', 'https://pbs.twimg.com/media/EkOPh0vU0AEXT6N.jpg']",1,1,5,['day14'],[],https://twitter.com/TeamLBTC/status/1316053331362541568,,,1,https://pbs.twimg.com/media/EkOPg7WVgAAKtUA.jpg,Bangalore,,,,,,"{'user_id': None, 'username': None}",,,,
1315941616020975616,1315941616020975616,2020-10-13 04:05:04 CDT,2020-10-13,04:05:04,-0500,871426878518775808,nct_india_,NCT India 🇮🇳,,"AND WITH THAT, We finally conclude 24H with over 25.3M views (that’s more than DOUBLE from the set goal of 10M) and 1.2M likes! 

We also managed to meet goals for India across YouTube, iTunes &amp; even Apple Music! 

ABSOLUTELY INSANE! 💚

#NCT2020 #NCT2020_MakeAWish #RESONANCE_Pt1 https://t.co/T7GbX5XY1u",en,[],[],['https://pbs.twimg.com/media/EkMp7CBVcAIXwJq.jpg'],0,6,18,"['nct2020', 'nct2020_makeawish', 'resonance_pt1']",[],https://twitter.com/NCT_India_/status/1315941616020975616,,,1,https://pbs.twimg.com/media/EkMp7CBVcAIXwJq.jpg,Bangalore,,,,,,"{'user_id': None, 'username': None}",,,,
1316044853730394113,1316044853730394113,2020-10-13 10:55:18 CDT,2020-10-13,10:55:18,-0500,1096760142308225026,prats40283286,Pratima🌸,,This is awesome Vishal Sir... 👌👌,en,[],[],[],0,2,8,[],[],https://twitter.com/Prats40283286/status/1316044853730394113,,https://twitter.com/filmervishal/status/1316038738594549760,0,,Bangalore,,,,,,"{'user_id': None, 'username': None}",,,,
1316035646671085568,1316035646671085568,2020-10-13 10:18:43 CDT,2020-10-13,10:18:43,-0500,1255693086866333696,upralepremdas,Premdas,,"#HiddenTruth_Of_Quran
Baakhabar quran, Suraj furqan 25:59 the Allah narrating quran is telling prophet Muhammad to ask baakhabar who is fully acquanited with true Allah। https://t.co/BxIWBiRKID",en,[],[],['https://pbs.twimg.com/media/EkN_TDQUwAA8eta.jpg'],0,4,4,['hiddentruth_of_quran'],[],https://twitter.com/UpralePremdas/status/1316035646671085568,,,1,https://pbs.twimg.com/media/EkN_TDQUwAA8eta.jpg,Bangalore,,,,,,"{'user_id': None, 'username': None}",,,,
1315921411886608386,1315921411886608386,2020-10-13 02:44:47 CDT,2020-10-13,02:44:47,-0500,871426878518775808,nct_india_,NCT India 🇮🇳,,"Just keep streaming 🥳🥳🥳

Currently views are at 23,847,405 views! Let’s get that 25M before the clock strikes 2:30PM IST ! 

#NCT2020 #NCT2020_MakeAWish #RESONANCE_Pt1 #MakeAWish https://t.co/IwqvxZo7aq",en,[],[],['https://pbs.twimg.com/media/EkMXi4CVoAAyvRb.jpg'],0,3,24,"['nct2020', 'nct2020_makeawish', 'resonance_pt1', 'makeawish']",[],https://twitter.com/NCT_India_/status/1315921411886608386,,,1,https://pbs.twimg.com/media/EkMXi4CVoAAyvRb.jpg,Bangalore,,,,,,"{'user_id': None, 'username': None}",,,,
1316061655139147776,1316061655139147776,2020-10-13 12:02:04 CDT,2020-10-13,12:02:04,-0500,4199362460,itsbalaram,Balaram nath (banty),,"Here Presenting Poster Of Upcoming Music Video #Beintehaan Starring @anwesshaa &amp; #YuvrrajChauhan
Music by - @dabbughosal
Lyrics - Rajiv Dutta
Director - Sweta Dutta 
#ImaginaryFilms

Stay tuned... https://t.co/alUwQ4wFes",en,"['anwesshaa', 'dabbughosal']",[],['https://pbs.twimg.com/media/EkOXGWTUYAAdQZ6.jpg'],0,1,7,"['beintehaan', 'yuvrrajchauhan', 'imaginaryfilms']",[],https://twitter.com/itsbalaram/status/1316061655139147776,,,1,https://pbs.twimg.com/media/EkOXGWTUYAAdQZ6.jpg,Bangalore,,,,,,"{'user_id': None, 'username': None}",,,,
1315942367258505218,1315942367258505218,2020-10-13 04:08:04 CDT,2020-10-13,04:08:04,-0500,871426878518775808,nct_india_,NCT India 🇮🇳,,"Desizens, this is such a proud moment for us! We did so good across most platforms 🥺 

This wouldn’t have happened without any of you! We now proved that we now have the power when we all work together! 

We hope we can keep this enthusiasm up for every future comeback! 💚💚💚 https://t.co/qpsrSGbTNn",en,[],[],['https://pbs.twimg.com/tweet_video_thumb/EkMqmkkU4AAdLVc.jpg'],0,6,24,[],[],https://twitter.com/NCT_India_/status/1315942367258505218,,,1,https://pbs.twimg.com/tweet_video_thumb/EkMqmkkU4AAdLVc.jpg,Bangalore,,,,,,"{'user_id': None, 'username': None}",,,,
1316039949523722240,1316039949523722240,2020-10-13 10:35:49 CDT,2020-10-13,10:35:49,-0500,74787719,manukumarjain,Manu Kumar Jain,,"Great speaking at @FICCI_India event about great #India opportunity.

Companies wanting to succeed in India must:
🏭 Design for India
🏭 Design in India
🏭 #MakeInIndia

Proudly shared @XiaomiIndia's journey of building one of the biggest &amp; advanced supply chains in the country. https://t.co/3CXLHrbXfm",en,"['ficci_india', 'xiaomiindia']",[],"['https://pbs.twimg.com/media/EkODWZqU0AA4346.jpg', 'https://pbs.twimg.com/media/EkODWnZVgAEDPbz.jpg', 'https://pbs.twimg.com/media/EkODWz8UYAEfmhG.jpg', 'https://pbs.twimg.com/media/EkODW_JUwAAnQfe.jpg']",20,55,433,"['india', 'makeinindia']",[],https://twitter.com/manukumarjain/status/1316039949523722240,,,1,https://pbs.twimg.com/media/EkODWZqU0AA4346.jpg,Bangalore,,,,,,"{'user_id': None, 'username': None}",,,,
1316046101149933568,1316046101149933568,2020-10-13 11:00:16 CDT,2020-10-13,11:00:16,-0500,1258606677198168064,jojoskitchen4u,jojoskitchen4u,,"Baked Zucchini..A dish full of yummilicious appetizer to enjoy with perfect meals which is packed with vitamins and plant compounds.
Check the link below for recipe with step by step preparation method.
https://t.co/TKbfhJZtmf
#jojoskitchen4u
#baking
#zucchini 
#bengalurufoodie https://t.co/CFR73QgQ3V",en,[],['https://jojoskitchen4u.in/showcase/baked-zucchini-and-zucchini-paneer-curry/'],['https://pbs.twimg.com/media/EkOI8-mVgAEc30I.jpg'],0,0,6,"['jojoskitchen4u', 'baking', 'zucchini', 'bengalurufoodie']",[],https://twitter.com/jojoskitchen4u/status/1316046101149933568,,,1,https://pbs.twimg.com/media/EkOI8-mVgAEc30I.jpg,Bangalore,,,,,,"{'user_id': None, 'username': None}",,,,
1316037128065671169,1316037128065671169,2020-10-13 10:24:36 CDT,2020-10-13,10:24:36,-0500,226887830,brnaidu1978,B.R.Naidu ಬಿ.ಆರ್.ನಾಯ್ಡು Vasanthnagar,,"@NitishKumar’s 15 year incompetent GOVT is responsible for Bihar’s

Highest unemployment 

Being One of the poorest state

Every year rampant floods but still no efforts to tackle flood situation 

Weakest education system 

No help to migrants

Time 2 end this

#BihatMeinBawalBa https://t.co/Aa1VsWGRw6",en,['nitishkumar'],[],['https://pbs.twimg.com/media/EkOAyoYUwAAzxXQ.jpg'],0,11,20,['bihatmeinbawalba'],[],https://twitter.com/brnaidu1978/status/1316037128065671169,,,1,https://pbs.twimg.com/media/EkOAyoYUwAAzxXQ.jpg,Bangalore,,,,,,"{'user_id': '143409075', 'username': 'NitishKumar'}",,,,
1316034153616351232,1316034153616351232,2020-10-13 10:12:47 CDT,2020-10-13,10:12:47,-0500,14120618,bkbirla,Bal Krishn Birla,,"When Rajma Chawal goes to England for higher studies 

Eating Rice &amp; Bean chips today. It must have been rice at some point.

#PJ https://t.co/q9bqp0nFWr",en,[],[],['https://pbs.twimg.com/media/EkN-FkFU4AU3P_W.jpg'],0,0,1,['pj'],[],https://twitter.com/bkbirla/status/1316034153616351232,,,1,https://pbs.twimg.com/media/EkN-FkFU4AU3P_W.jpg,Bangalore,,,,,,"{'user_id': None, 'username': None}",,,,
1316068560335040512,1316068560335040512,2020-10-13 12:29:30 CDT,2020-10-13,12:29:30,-0500,93683295,pastorpriji,Priji Varghese,,"May your weaknesses, addictions, struggles, challenges, problems, mountains, failures, brokenness of today...

Become your business ideas, ministry opportunities, streams of income, your best selling books, and your USPs tomorrow!

(Numbers 14:9 ESV) https://t.co/OQtI0hXAuU",en,[],[],['https://pbs.twimg.com/media/EkOdX8YU0AI0UOL.jpg'],0,1,6,[],[],https://twitter.com/PastorPriji/status/1316068560335040512,,,1,https://pbs.twimg.com/media/EkOdX8YU0AI0UOL.jpg,Bangalore,,,,,,"{'user_id': None, 'username': None}",,,,
1316087539317391360,1316087539317391360,2020-10-13 13:44:55 CDT,2020-10-13,13:44:55,-0500,856146671964758016,mshanmugananda,M.Shanmugananda,,"Good Night Tweeples!

20° and it's very Cold!

Grrrrrrrrrrrrrrrrrrrrrrrrrrrrrrrrrrrrrrrrrr
Zzzzzzzzzzzzzzzzzzzzzzzzz https://t.co/6mCGSlhSBX",en,[],[],['https://pbs.twimg.com/media/EkOupD-U8AAOAUN.jpg'],1,0,1,[],[],https://twitter.com/MShanmugananda/status/1316087539317391360,,,1,https://pbs.twimg.com/media/EkOupD-U8AAOAUN.jpg,Bangalore,,,,,,"{'user_id': None, 'username': None}",,,,
1316096998823477248,1316066908668534784,2020-10-13 14:22:31 CDT,2020-10-13,14:22:31,-0500,395258621,theborklar,0xdosa.eth,,@BeingPractical Be back to doing this 😭 https://t.co/F0Is7e7K1C,en,['beingpractical'],[],['https://pbs.twimg.com/tweet_video_thumb/EkO3PTbUYAA5yHe.jpg'],1,0,2,[],[],https://twitter.com/theborklar/status/1316096998823477248,,,1,https://pbs.twimg.com/tweet_video_thumb/EkO3PTbUYAA5yHe.jpg,Bangalore,,,,,,"{'user_id': '8806712', 'username': 'BeingPractical'}",,,,
1316064755715510274,1316064755715510274,2020-10-13 12:14:23 CDT,2020-10-13,12:14:23,-0500,143380320,satishrkl,Satish Sharma,,"Inadvertently?? @TanishqJewelry , May be a small buyer but will go to #tanishq only when they release ad again with religion interchanged.",en,['tanishqjewelry'],[],[],0,2,2,['tanishq'],[],https://twitter.com/satishrkl/status/1316064755715510274,,https://twitter.com/TanishqJewelry/status/1316033929791467520,0,,Bangalore,,,,,,"{'user_id': None, 'username': None}",,,,
1316082004404785152,1316035917057085440,2020-10-13 13:22:56 CDT,2020-10-13,13:22:56,-0500,2265150113,laeeqah7007,Tae-hwa,,@NonkiSehume @otshepengbogamo I'm also stuck on that. Like 'allow' am I his child? https://t.co/k4cPN55FCe,en,"['nonkisehume', 'otshepengbogamo']",[],['https://pbs.twimg.com/tweet_video_thumb/EkOpmaIVgAA0o0a.jpg'],0,0,3,[],[],https://twitter.com/Laeeqah7007/status/1316082004404785152,,,1,https://pbs.twimg.com/tweet_video_thumb/EkOpmaIVgAA0o0a.jpg,Bangalore,,,,,,"{'user_id': '750634774423797760', 'username': 'NonkiSehume'}",,,,
1316050436063858688,1316050436063858688,2020-10-13 11:17:29 CDT,2020-10-13,11:17:29,-0500,3300186942,suresh__711,Šuresh Šolanki,,"The only way that we can live, is if we grow.The only way that we can grow is if we change.The only way that we can change is if we learn. The only way we can learn is if we are exposed &amp; the only way that we can become exposed is if we throw ourselves out into the open.@hjyadav https://t.co/vhGwqX4Gzo",en,['hjyadav'],[],['https://pbs.twimg.com/media/EkOM4jAVcAEVp2a.jpg'],0,0,3,[],[],https://twitter.com/Suresh__711/status/1316050436063858688,,,1,https://pbs.twimg.com/media/EkOM4jAVcAEVp2a.jpg,Bangalore,,,,,,"{'user_id': None, 'username': None}",,,,
1316032948517310464,1316032948517310464,2020-10-13 10:08:00 CDT,2020-10-13,10:08:00,-0500,1173810794036748288,gururao97,Guru Rao,,#HyderabadRains  NONE of the Indian cities are smart.,en,[],[],[],0,1,1,['hyderabadrains'],[],https://twitter.com/GuruRao97/status/1316032948517310464,,https://twitter.com/LadduYadavBJP/status/1315958204233261057,0,,Bangalore,,,,,,"{'user_id': None, 'username': None}",,,,
1316074630306689024,1316074630306689024,2020-10-13 12:53:38 CDT,2020-10-13,12:53:38,-0500,102931747,dhamijasid,Siddharth Dhamija,,#iPhone12 #iPhone12Series #iphonemini #MagSafe #gigabyte #ceramic this event from @Apple @tim_cook is one of the best launches from #AppleEvent,en,"['apple', 'tim_cook']",[],[],1,1,5,"['iphone12', 'iphone12series', 'iphonemini', 'magsafe', 'gigabyte', 'ceramic', 'appleevent']",[],https://twitter.com/DhamijaSid/status/1316074630306689024,,,0,,Bangalore,,,,,,"{'user_id': None, 'username': None}",,,,
1316007874867335170,1316007874867335170,2020-10-13 08:28:22 CDT,2020-10-13,08:28:22,-0500,324871244,drharimaram,Dr.Hari KrishnaMaram,,"140 Speakers from 48 countries 24 Hours Live Webinar creating World Record ,Great Tribute to 'Missile Man' Bharat Ratna Dr APJ Abdul Kalam 11th People’s President of India who inspired people across the world with his vision and work on his 90th Birth Anniversary @drharshvardhan https://t.co/1p3cGOLfUr",en,['drharshvardhan'],[],['https://pbs.twimg.com/media/EkNmLhDUYAcdmOB.jpg'],0,0,5,[],[],https://twitter.com/Drharimaram/status/1316007874867335170,,,1,https://pbs.twimg.com/media/EkNmLhDUYAcdmOB.jpg,Bangalore,,,,,,"{'user_id': None, 'username': None}",,,,
1316077518181474304,1316077518181474304,2020-10-13 13:05:06 CDT,2020-10-13,13:05:06,-0500,346642258,foolzwizdom,Rajath,,Was there anything not profound that Mr Wilde ever uttered?,en,[],[],[],0,1,3,[],[],https://twitter.com/FoolzWizdom/status/1316077518181474304,,https://twitter.com/DailyOscarWilde/status/1315930274136576001,0,,Bangalore,,,,,,"{'user_id': None, 'username': None}",,,,
1316076363380527105,1316074157910585345,2020-10-13 13:00:31 CDT,2020-10-13,13:00:31,-0500,14448143,kartik_kannan,Kartik Kannan,,"3 of today's top 4, game changing overs came at the death. That one Curran over with Warner and Pandey accounted for helped CSK push SRH back in the Powerplay. https://t.co/NbsTQRUgkJ",en,[],[],['https://pbs.twimg.com/media/EkOkeh5UcAA_FKH.jpg'],1,0,1,[],[],https://twitter.com/kartik_kannan/status/1316076363380527105,,,1,https://pbs.twimg.com/media/EkOkeh5UcAA_FKH.jpg,Bangalore,,,,,,"{'user_id': '14448143', 'username': 'kartik_kannan'}",,,,
1316113050827517952,1316113050827517952,2020-10-13 15:26:18 CDT,2020-10-13,15:26:18,-0500,1884200802,fatemajraja,Fatema Raja,,Every. Single. Time.,en,[],[],[],0,0,4,[],[],https://twitter.com/fatemajraja/status/1316113050827517952,,https://twitter.com/tobi/status/1316062343076421638,0,,Bangalore,,,,,,"{'user_id': None, 'username': None}",,,,
1316077406998851584,1316077406998851584,2020-10-13 13:04:40 CDT,2020-10-13,13:04:40,-0500,617996053,mukherjiratna,Mili(R)🌹🆎️🌹,,"@SrBachchan Badhai ho amit ji. #AB44.4Millions followers on Twitter.
Congratulations. BAAADUMBAAAAA !! https://t.co/9RIPn5R0de",en,['srbachchan'],[],"['https://pbs.twimg.com/media/EkOlanwUYAERYGK.jpg', 'https://pbs.twimg.com/media/EkOlazeUYAEB2pt.jpg', 'https://pbs.twimg.com/media/EkOlbAPU8AAfVVY.jpg', 'https://pbs.twimg.com/media/EkOlbRJU8AAtB7O.jpg']",0,0,2,['ab44'],[],https://twitter.com/MukherjiRatna/status/1316077406998851584,,,1,https://pbs.twimg.com/media/EkOlanwUYAERYGK.jpg,Bangalore,,,,,,"{'user_id': '145125358', 'username': 'SrBachchan'}",,,,
1316131554586882048,1316131554586882048,2020-10-13 16:39:49 CDT,2020-10-13,16:39:49,-0500,1051074201082388480,pavanasoonu,Pavanasoonu,,"Getting requests for me to go live on #Twitter.  Any suggestions on #jyotish topic(s)? RT if interested and to encourage. 
@mmpandit @gajanansinamdar
#JyotishBasicSeries #astrology",en,"['mmpandit', 'gajanansinamdar']",[],[],4,4,8,"['twitter', 'jyotish', 'jyotishbasicseries', 'astrology']",[],https://twitter.com/Pavanasoonu/status/1316131554586882048,,,0,,Bangalore,,,,,,"{'user_id': None, 'username': None}",,,,
1316063547453894656,1316063547453894656,2020-10-13 12:09:35 CDT,2020-10-13,12:09:35,-0500,167750538,drbhaskarraj,Dr Bhaskar Rajakumar (ಡಾ. ಭಾಸ್ಕರ್ ರಾಜಕುಮಾರ್)🇮🇳,,"Hatsoff to the dedication and persistence of every single officer towards fighting against #COVID19 blessed to b able work closely n contribute tiny bit 
@BBMPCOMM @BBMPSWMSplComm @CHOLAN @tushargirinath @Captain_Mani72 @munishmody @D_Roopa_IPS @iaspankajpandey 

@csogok @BSYBJP",en,"['bbmpcomm', 'bbmpswmsplcomm', 'cholan', 'tushargirinath', 'captain_mani72', 'munishmody', 'd_roopa_ips', 'iaspankajpandey', 'bsybjp']",[],[],0,3,17,['covid19'],[],https://twitter.com/DrBhaskarRaj/status/1316063547453894656,,https://twitter.com/BBMPCOMM/status/1315950953023987713,0,,Bangalore,,,,,,"{'user_id': None, 'username': None}",,,,
1316053720581382145,1316053720581382145,2020-10-13 11:30:32 CDT,2020-10-13,11:30:32,-0500,1188817909235113984,iamanitabhat,Anita Bhat,,So true 🤗,en,[],[],[],2,1,22,[],[],https://twitter.com/IamAnitaBhat/status/1316053720581382145,,https://twitter.com/tinybuddha/status/1316046267177459712,0,,Bangalore,,,,,,"{'user_id': None, 'username': None}",,,,
1316073287709941765,1316073287709941765,2020-10-13 12:48:17 CDT,2020-10-13,12:48:17,-0500,147445265,harysforu,😎,,Lbnagar almost mungipoindi 🙏,en,[],[],[],1,1,2,[],[],https://twitter.com/Harysforu/status/1316073287709941765,,,0,,Bangalore,,,,,,"{'user_id': None, 'username': None}",,,,
1316016306231992323,1316016306231992323,2020-10-13 09:01:52 CDT,2020-10-13,09:01:52,-0500,34906212,katranjeet,Ranjeet Kate,,High quality participation in @Vijaykarnataka beauty pageant #VKNavaTaare in the regional rounds,en,['vijaykarnataka'],[],[],0,3,15,['vknavataare'],[],https://twitter.com/katranjeet/status/1316016306231992323,,https://twitter.com/EditorLvk/status/1316009837239562250,0,,Bangalore,,,,,,"{'user_id': None, 'username': None}",,,,
1316038754130296839,1316038754130296839,2020-10-13 10:31:04 CDT,2020-10-13,10:31:04,-0500,9404762,nikhilnarayanan,Nikhil | നിഖിൽ,,Thread.,en,[],[],[],0,1,4,[],[],https://twitter.com/nikhilnarayanan/status/1316038754130296839,,https://twitter.com/DoctorChrisVT/status/1315674044440678400,0,,Bangalore,,,,,,"{'user_id': None, 'username': None}",,,,
1316068118825889793,1316068118825889793,2020-10-13 12:27:45 CDT,2020-10-13,12:27:45,-0500,21314574,pluuummm,Kriti Sharma,,"""iPhone 5 look but make it glam 🔥""

It is iconic #AppleEvent",en,[],[],[],1,1,1,['appleevent'],[],https://twitter.com/Pluuummm/status/1316068118825889793,,,0,,Bangalore,,,,,,"{'user_id': None, 'username': None}",,,,
1316132641947611138,1316132641947611138,2020-10-13 16:44:09 CDT,2020-10-13,16:44:09,-0500,1051074201082388480,pavanasoonu,Pavanasoonu,,Parashara taught Diva Ratri Bala.  Can indicate  manglik dosh cancelled for people born at night. #JyotishBasicSeries @gajanansinamdar @mmpandit @InfiniteUniver7 @Maveric94280289 @25_shivansh,en,"['gajanansinamdar', 'mmpandit', 'infiniteuniver7', '25_shivansh']",[],[],0,6,10,['jyotishbasicseries'],[],https://twitter.com/Pavanasoonu/status/1316132641947611138,,,0,,Bangalore,,,,,,"{'user_id': None, 'username': None}",,,,
1316071956093886464,1316071956093886464,2020-10-13 12:43:00 CDT,2020-10-13,12:43:00,-0500,1369973090,cjsantosh,C J Santosh Kumar,,"Umpire lifted his hand for a wide↔️

Then Dhoni said umpiring me kar leta hu tab tak tum Dream11 pe team bano🤣

#IPL2020",en,[],[],[],0,0,8,['ipl2020'],[],https://twitter.com/cjsantosh/status/1316071956093886464,,,0,,Bangalore,,,,,,"{'user_id': None, 'username': None}",,,,
1316008837292290052,1316008837292290052,2020-10-13 08:32:11 CDT,2020-10-13,08:32:11,-0500,2286417703,blrrocks,ತರ್ಲೆ 𝗧𝗵𝗶𝗺𝗺𝗮,,"SUD: you will be a DCM, soon... 🎊
SRR: wait, what? Are you serious
SUD: ಹೌದು ಬಾಸ್.... Wait ಮಾಡಿ...",en,[],[],[],0,0,5,[],[],https://twitter.com/BLRrocKS/status/1316008837292290052,,https://twitter.com/BoskyKhanna/status/1315891213283676160,0,,Bangalore,,,,,,"{'user_id': None, 'username': None}",,,,
1315953633289093120,1315953633289093120,2020-10-13 04:52:50 CDT,2020-10-13,04:52:50,-0500,803549613940621313,neel_misra_,Neelotpal Mishra,,"It's the std procedure bibi, Military Coup🤷",en,[],[],[],1,0,1,[],[],https://twitter.com/Neel_Misra_/status/1315953633289093120,,https://twitter.com/Arzookazmi30/status/1315554355727269888,0,,Bangalore,,,,,,"{'user_id': None, 'username': None}",,,,
1316053988236697601,1316053988236697601,2020-10-13 11:31:36 CDT,2020-10-13,11:31:36,-0500,66084927,imrozed,Shivam,,you have to lie to yourself a bit if you have to believe any magic in this world,en,[],[],[],1,2,12,[],[],https://twitter.com/imrozed/status/1316053988236697601,,,0,,Bangalore,,,,,,"{'user_id': None, 'username': None}",,,,
1316132545696681984,1316132545696681984,2020-10-13 16:43:46 CDT,2020-10-13,16:43:46,-0500,1326361128,ajaathashatru,PaದುಮNamaನ Puತ್ರ,,"This #TanishqJewelry ad is not favouring #Hindu culture, indirectly it is favouring #love_Jihad . we demand @TanishqJewelry group to apologise for making such ads and it is really affecting our young Hindu minds. 
@RSSorg @DrMohanBhagwat @MUKUNDAckpura @VHPDigital",en,"['tanishqjewelry', 'rssorg', 'drmohanbhagwat', 'mukundackpura', 'vhpdigital']",[],[],0,0,1,"['tanishqjewelry', 'hindu', 'love_jihad']",[],https://twitter.com/ajaathashatru/status/1316132545696681984,,https://twitter.com/dna/status/1316121534709211137,0,,Bangalore,,,,,,"{'user_id': None, 'username': None}",,,,
1316098767263678464,1316098767263678464,2020-10-13 14:29:32 CDT,2020-10-13,14:29:32,-0500,109892153,dammitdamini,Damini,,"So a very cute boi just slid in my DM saying he’ll steal Arya? Brother please stay in your lane 

(Also we come in a combo pack)",en,[],[],[],1,0,10,[],[],https://twitter.com/DammitDamini/status/1316098767263678464,,,0,,Bangalore,,,,,,"{'user_id': None, 'username': None}",,,,
1316066471710138368,1316066471710138368,2020-10-13 12:21:12 CDT,2020-10-13,12:21:12,-0500,102931747,dhamijasid,Siddharth Dhamija,,And the moment is now #iPhone12 launch @Apple @tim_cook,en,"['apple', 'tim_cook']",[],[],0,0,3,['iphone12'],[],https://twitter.com/DhamijaSid/status/1316066471710138368,,,0,,Bangalore,,,,,,"{'user_id': None, 'username': None}",,,,
1315990224321691648,1315990224321691648,2020-10-13 07:18:14 CDT,2020-10-13,07:18:14,-0500,426769666,geraldprabhu,Gerald Prabhu,,Thank you @CMO_Odisha  and #Odishaforsports for supporting the Indian National Rugby Teams . We are honored to be associated with the State of Odisha @RugbyIndia @RahulBose1,en,"['cmo_odisha', 'rugbyindia', 'rahulbose1']",[],[],0,0,5,['odishaforsports'],[],https://twitter.com/GeraldPrabhu/status/1315990224321691648,,https://twitter.com/sports_odisha/status/1315988607203635200,0,,Bangalore,,,,,,"{'user_id': None, 'username': None}",,,,
1315985010948599809,1315985010948599809,2020-10-13 06:57:31 CDT,2020-10-13,06:57:31,-0500,19328579,aloksoni,Alok Soni,,"Have seen @SinglaAnirudh &amp; @shekharrishabh8 from day 0, working with the same relentlessness, energy and execution capability. Insane drive to get shit done in true sense. Way to go team @Pepper_Content",en,"['singlaanirudh', 'shekharrishabh8', 'pepper_content']",[],[],0,0,10,[],[],https://twitter.com/AlokSoni/status/1315985010948599809,,https://twitter.com/SinglaAnirudh/status/1315905821776072706,0,,Bangalore,,,,,,"{'user_id': None, 'username': None}",,,,
1316011648222601218,1316011648222601218,2020-10-13 08:43:21 CDT,2020-10-13,08:43:21,-0500,270777924,vijaydarshan171,VIJAY K K DARSHAN,"{'type': 'Point', 'coordinates': [12.9056599, 77.5077]}",#Twitter trending #DBoss @darshanthoogudeepashrinivas @ Thoogudeepa Darshan Foundation Karnataka https://t.co/ab1CU24DD2,en,[],['https://www.instagram.com/p/CGSSqvhgOYc/?igshid=z46zum6cvof1'],[],0,0,1,"['twitter', 'dboss']",[],https://twitter.com/VIJAYDARSHAN171/status/1316011648222601218,,,0,,Bangalore,,,,,,"{'user_id': None, 'username': None}",,,,
1316008263264079879,1316008263264079879,2020-10-13 08:29:54 CDT,2020-10-13,08:29:54,-0500,2286417703,blrrocks,ತರ್ಲೆ 𝗧𝗵𝗶𝗺𝗺𝗮,,"We have let our women down...
Shame on us...",en,[],[],[],0,0,1,[],[],https://twitter.com/BLRrocKS/status/1316008263264079879,,https://twitter.com/aditytiwarilive/status/1315910330992660482,0,,Bangalore,,,,,,"{'user_id': None, 'username': None}",,,,
1316106676311793664,1316106676311793664,2020-10-13 15:00:58 CDT,2020-10-13,15:00:58,-0500,354749905,abelafc,Abel 🇮🇳,,Sean Evans is the best host ever,en,[],[],[],0,0,2,[],[],https://twitter.com/AbelAFC/status/1316106676311793664,,,0,,Bangalore,,,,,,"{'user_id': None, 'username': None}",,,,
1315960971836502016,1315960971836502016,2020-10-13 05:21:59 CDT,2020-10-13,05:21:59,-0500,11210752,beingshivashiva,shivashivashiva.in,"{'type': 'Point', 'coordinates': [12.9667, 77.75]}","What a spectacle #specs #ocular #spectacles #glasses #light #shadow #chiaroscuro #eveninglight @ Whitefield, Karnataka, India https://t.co/JU5KTxaYKT",en,[],['https://www.instagram.com/p/CGR7n0gJGnI/?igshid=ushivp24elvf'],[],0,0,1,"['specs', 'ocular', 'spectacles', 'glasses', 'light', 'shadow', 'chiaroscuro', 'eveninglight']",[],https://twitter.com/beingshivashiva/status/1315960971836502016,,,0,,Bangalore,,,,,,"{'user_id': None, 'username': None}",,,,
1316044778438443009,1316044778438443009,2020-10-13 10:55:00 CDT,2020-10-13,10:55:00,-0500,964874407972831232,sreedhar_manda,శ్రీధర్,,"ICMR and WHO are one and the same, don't have any responsibility, just like consultants who never wish to be present on the ground.",en,[],[],[],0,0,1,[],[],https://twitter.com/sreedhar_manda/status/1316044778438443009,,https://twitter.com/nag_vasireddy/status/1316043282179223552,0,,Bangalore,,,,,,"{'user_id': None, 'username': None}",,,,
1316018464352428034,1316018464352428034,2020-10-13 09:10:26 CDT,2020-10-13,09:10:26,-0500,34906212,katranjeet,Ranjeet Kate,,All the best Maharashtra Times team for a super MT Navarang @mataonline @ParagKMT @Vijaykarnataka,en,"['mataonline', 'paragkmt', 'vijaykarnataka']",[],[],0,2,7,[],[],https://twitter.com/katranjeet/status/1316018464352428034,,https://twitter.com/ArvindJadhav399/status/1315849206301564930,0,,Bangalore,,,,,,"{'user_id': None, 'username': None}",,,,
1315963730979684354,1315963730979684354,2020-10-13 05:32:57 CDT,2020-10-13,05:32:57,-0500,890571505,meriyandanature,Meriyanda Nature Lodge~Coorg,"{'type': 'Point', 'coordinates': [12.979685, 77.614045]}",Just posted a video @ Meriyanda Nature Lodge-Coorg https://t.co/hnFeZawOmy,en,[],['https://www.instagram.com/p/CGR8mUIJ0y7/?igshid=458ut3r2y2qx'],[],0,0,1,[],[],https://twitter.com/MeriyandaNature/status/1315963730979684354,,,0,,Bangalore,,,,,,"{'user_id': None, 'username': None}",,,,
1315964064577839104,1315964064577839104,2020-10-13 05:34:17 CDT,2020-10-13,05:34:17,-0500,803549613940621313,neel_misra_,Neelotpal Mishra,,"Just raise both genders with the right values is all. Ye kya sons and daughters laga rakkha hai. 

Why over intellectualize everything under the sun🤦🤷",en,[],[],[],1,0,2,[],[],https://twitter.com/Neel_Misra_/status/1315964064577839104,,https://twitter.com/AzmiShabana/status/1315934752801583104,0,,Bangalore,,,,,,"{'user_id': None, 'username': None}",,,,
1316091178933084160,1316091178933084160,2020-10-13 13:59:23 CDT,2020-10-13,13:59:23,-0500,111522630,grovervj,VIJAY,,Why is #Secularism a #badthing? ... how can governor of #Maharashtra use term #secularism in a mocking way to question  @CMOMaharashtra when he is supposed to owe his allegiance to #Constitution of #India which espouses secularism? @PMOIndia @India_NHRC,en,"['cmomaharashtra', 'pmoindia', 'india_nhrc']",[],[],0,0,1,"['secularism', 'badthing', 'maharashtra', 'secularism', 'constitution', 'india']",[],https://twitter.com/grovervj/status/1316091178933084160,,,0,,Bangalore,,,,,,"{'user_id': None, 'username': None}",,,,
1316063013779120129,1316063013779120129,2020-10-13 12:07:28 CDT,2020-10-13,12:07:28,-0500,1213205127198175232,cryptodose_co,Cryptodose,,".@ethereum miners earned a triple of Bitcoin's revenue due to DeFi explosion in Q3

https://t.co/hLdUyarObX",en,['ethereum'],['https://cryptodose.co/ethereum-miners-earned-a-triple-of-bitcoins-revenue-due-to-defi-explosion/'],[],0,0,1,[],[],https://twitter.com/Cryptodose_co/status/1316063013779120129,,,0,,Bangalore,,,,,,"{'user_id': None, 'username': None}",,,,
1316024910104338432,1316024910104338432,2020-10-13 09:36:03 CDT,2020-10-13,09:36:03,-0500,124208599,narendon,Naren Marol | ನರೇನ್ ಮರೋಳ,,"@yogarajofficial Sir Live on @shivuaDDa Instagram 

#DecadeForCultBBJackie 

https://t.co/oLfxpazmxi",en,"['yogarajofficial', 'shivuadda']",['https://instagram.com/shivu_adda?igshid=1rp11ohj2ip8u'],[],1,3,1,['decadeforcultbbjackie'],[],https://twitter.com/NarenDon/status/1316024910104338432,,,0,,Bangalore,,,,,,"{'user_id': '978496801908183040', 'username': 'yogarajofficial'}",,,,
1316039793902383104,1316038484788944908,2020-10-13 10:35:12 CDT,2020-10-13,10:35:12,-0500,797899137777860612,shalu_nandini09,Shalu Nandini 🍀,,"@moviesnowtv Answer #7 Robert McCall,'s a former special service commando ♥️♥️
 #TheEqualizer  #HollywoodSuperLeague
#ContestAlert #PlayAndWin 
Join friends
 @Ramprasad43 

@jigarbjadav 

@SushmaSonu333 

@sengodan4 

@dadofbonhisha 

@friends4_eve 

@sahdev_rajgor 

@anublue30",en,"['moviesnowtv', 'ramprasad43', 'jigarbjadav', 'sushmasonu333', 'sengodan4', 'dadofbonhisha', 'sahdev_rajgor', 'anublue30']",[],[],2,1,6,"['theequalizer', 'hollywoodsuperleague', 'contestalert', 'playandwin']",[],https://twitter.com/Shalu_Nandini09/status/1316039793902383104,,,0,,Bangalore,,,,,,"{'user_id': '213573898', 'username': 'moviesnowtv'}",,,,
1316063195866361856,1314215286254366720,2020-10-13 12:08:11 CDT,2020-10-13,12:08:11,-0500,1278239123623432192,bhavnathakkar_,ભાવના ઠક્કર 🇮🇳,,@n_hiral Now i am very near to you #પિયર 😍,en,['n_hiral'],[],[],2,0,8,['પિયર'],[],https://twitter.com/BhavnaThakkar_/status/1316063195866361856,,,0,,Bangalore,,,,,,"{'user_id': '1043418906931724290', 'username': 'n_hiral'}",,,,
1316035540601327616,1316035540601327616,2020-10-13 10:18:18 CDT,2020-10-13,10:18:18,-0500,8805142,prempanicker,Prem Panicker,,"CSK today better than most days this season - but for all the ooh-aah hits, I suspect they've taken too long to pull the trigger. With batting in the hut, they could've done far more with overs 11-15. Early call, but this could cost them the game.",en,[],[],[],1,0,4,[],[],https://twitter.com/prempanicker/status/1316035540601327616,,,0,,Bangalore,,,,,,"{'user_id': None, 'username': None}",,,,
1316041263188070400,1316041263188070400,2020-10-13 10:41:02 CDT,2020-10-13,10:41:02,-0500,8805142,prempanicker,Prem Panicker,,Khaleel's sheepish grin after getting Bravo with a half-tracker is your lede for the report.,en,[],[],[],1,0,2,[],[],https://twitter.com/prempanicker/status/1316041263188070400,,,0,,Bangalore,,,,,,"{'user_id': None, 'username': None}",,,,
1316012722341904387,1316010364291739648,2020-10-13 08:47:37 CDT,2020-10-13,08:47:37,-0500,1226368383152603137,yashfansachin,Sachin Since 1998,,"@ABdeVilliers17 @Dk00019 @Kieron @Fafdup We Love You ABD ❤️

Want #ABD Be #RCBian Forever.",en,"['abdevilliers17', 'dk00019', 'kieron', 'fafdup']",[],[],0,0,2,"['abd', 'rcbian']",[],https://twitter.com/YashFanSachin/status/1316012722341904387,,,0,,Bangalore,,,,,,"{'user_id': '139876086', 'username': 'ABdeVilliers17'}",,,,
1316024488253816835,1315732525919076353,2020-10-13 09:34:23 CDT,2020-10-13,09:34:23,-0500,60579014,gemini_blr,kamaleshas 🇮🇳,,"@Gagandeepstand @LCAI_Support @sagu291112 Sir , what about private banks, we didn't pay biz loan for 2 months as biz is closed even now and u likely even at Jan / Feb . Lawyers office have sent sms that they will call us on 24th Oct.",en,"['gagandeepstand', 'lcai_support', 'sagu291112']",[],[],0,7,4,[],[],https://twitter.com/Gemini_blr/status/1316024488253816835,,,0,,Bangalore,,,,,,"{'user_id': '1314809675364225024', 'username': 'Gagandeepstand'}",,,,
1315937026831572992,1315928858361700352,2020-10-13 03:46:50 CDT,2020-10-13,03:46:50,-0500,150553363,exemanish,Manish,,"@r_bhaduri People won't ban Republic or TimesNow for peddling hate. 
But will ban Tanishq for spreading love.
Wow 🙄",en,['r_bhaduri'],[],[],0,0,1,[],[],https://twitter.com/exemanish/status/1315937026831572992,,,0,,Bangalore,,,,,,"{'user_id': '1156187026275913728', 'username': 'r_bhaduri'}",,,,
1315979665501085697,1315730100814372865,2020-10-13 06:36:16 CDT,2020-10-13,06:36:16,-0500,124738981,mohan36,Chandra Mohan,,@CineMagik @reliablerani And wish you a very happy birthday..many many happy returns of the day Rani.💐💐👏👏👏☺️,en,"['cinemagik', 'reliablerani']",[],[],0,0,2,[],[],https://twitter.com/Mohan36/status/1315979665501085697,,,0,,Bangalore,,,,,,"{'user_id': '19221631', 'username': 'CineMagik'}",,,,
1315979303008391168,1315730100814372865,2020-10-13 06:34:50 CDT,2020-10-13,06:34:50,-0500,124738981,mohan36,Chandra Mohan,,@CineMagik @reliablerani Wowww...congrats....all the best to you....hope this is just the beginning of many many more to come.💐👏👏👏🙏🙂.,en,"['cinemagik', 'reliablerani']",[],[],0,0,2,[],[],https://twitter.com/Mohan36/status/1315979303008391168,,,0,,Bangalore,,,,,,"{'user_id': '19221631', 'username': 'CineMagik'}",,,,
1316097459295117312,1316097459295117312,2020-10-13 14:24:20 CDT,2020-10-13,14:24:20,-0500,130040777,trilochan2010,KYC (know your city),,"Definite need of sol to traffic mess either by way of building good width (~50 mtrs)flyover to bypass Varthur PS jn &amp; market area OR widen d rd to ~150 ft throughout from Varthur Kodi to Dommasandra including BPL&amp; rd side plantation. @ArvindLBJP @MtfRoads

https://t.co/X1I7DGzlw4",en,['arvindlbjp'],['https://bangaloremirror.indiatimes.com/bangalore/civic/2-km-flyover-in-varthur-doesnt-find-many-takers/articleshow/74274709.cms'],[],0,2,3,[],[],https://twitter.com/trilochan2010/status/1316097459295117312,,,0,,Bangalore,,,,,,"{'user_id': None, 'username': None}",,,,
1315992716132655104,1315992716132655104,2020-10-13 07:28:08 CDT,2020-10-13,07:28:08,-0500,1629968258,randombakkwaas,Random Bakkwaas,,"@Nnidhisin @imsanjaimishra kya bawaal movie bana di!! Such a brilliant movie, easily one of the best one this year!! #BahutHuaSamman",en,"['nnidhisin', 'imsanjaimishra']",[],[],0,0,2,['bahuthuasamman'],[],https://twitter.com/randombakkwaas/status/1315992716132655104,,,0,,Bangalore,,,,,,"{'user_id': '4800946980', 'username': 'Nnidhisin'}",,,,
1316043656726368256,1316040645308370944,2020-10-13 10:50:33 CDT,2020-10-13,10:50:33,-0500,964874407972831232,sreedhar_manda,శ్రీధర్,,"@nag_vasireddy Those who don't know ""ధర్మ"" generally choose to talk about ""సనాతన ధర్మ""",en,['nag_vasireddy'],[],[],0,0,3,[],[],https://twitter.com/sreedhar_manda/status/1316043656726368256,,,0,,Bangalore,,,,,,"{'user_id': '55759440', 'username': 'nag_vasireddy'}",,,,
1316030127851991041,1316029923719553024,2020-10-13 09:56:47 CDT,2020-10-13,09:56:47,-0500,113589210,taruntweeting,Tarun Deep Chhabra (TD),,"@VizWizBI @_Lorna_Brown Thanks for sharing all these tips, these helps a lot for good user experience. 👍🏻",en,"['vizwizbi', '_lorna_brown']",[],[],0,0,2,[],[],https://twitter.com/TarunTweeting/status/1316030127851991041,,,0,,Bangalore,,,,,,"{'user_id': '125499050', 'username': 'VizWizBI'}",,,,
1315954060386693126,1315725417475534848,2020-10-13 04:54:31 CDT,2020-10-13,04:54:31,-0500,162303566,ansilbr2009,B.R. Ansil,,"@primitivepine @wsrgo No. Apparently there are some differences in number of stamens. But I know a person can help. @BIBIDISHA , please help!! Now I am curious too..!!",en,"['primitivepine', 'wsrgo']",[],[],0,0,3,[],[],https://twitter.com/ansilbr2009/status/1315954060386693126,,,0,,Bangalore,,,,,,"{'user_id': '1373888376', 'username': 'primitivepine'}",,,,
1316002250293039104,1315989155663372288,2020-10-13 08:06:01 CDT,2020-10-13,08:06:01,-0500,1409356796,sajjanrajmehta,sajjan raj mehta,,"@sujitjohn Very True 😢😢

Plus if you check for senior citizens , it is too too penalizing 😢😢Everywhere poor public is being made the soft target",en,['sujitjohn'],[],[],1,0,3,[],[],https://twitter.com/sajjanrajmehta/status/1316002250293039104,,,0,,Bangalore,,,,,,"{'user_id': '45570142', 'username': 'sujitjohn'}",,,,
1315924574475706368,1315924574475706368,2020-10-13 02:57:21 CDT,2020-10-13,02:57:21,-0500,2315191496,sameeraroraedu,Sameer Arora (#rightolearn),,@MaxBupa it’s sad to be a committed client but being treated so badly. I have been calling and writing but no reply in last 3 weeks. Thinking of switching over to another health insurance provider now porting this to another any suggestions.,en,[],[],[],2,0,2,[],[],https://twitter.com/sameeraroraedu/status/1315924574475706368,,,0,,Bangalore,,,,,,"{'user_id': '58746088', 'username': 'Niva_Bupa'}",,,,
1316098296536948736,1316057326948741120,2020-10-13 14:27:40 CDT,2020-10-13,14:27:40,-0500,195084242,patil_prashanth,Prashant Patil ಪ್ರಶಾಂತ प्रशांत🇮🇳,,"@republic @ExSecular Arnab called other channels as 'Fattened Rats'

Hey, @IndiaToday Fattened Rats.",en,"['republic', 'exsecular', 'indiatoday']",[],[],0,0,1,[],[],https://twitter.com/patil_prashanth/status/1316098296536948736,,,0,,Bangalore,,,,,,"{'user_id': '811972460560019456', 'username': 'republic'}",,,,
1316081905545011200,1315863166098845696,2020-10-13 13:22:32 CDT,2020-10-13,13:22:32,-0500,117756680,pabadami,Prabhanjan Badami,,@suubsy @msdhoni @RaviShastriOfc @ChennaiIPL @sanjaymanjrekar @iramizraja MSD's first tryst with stardom and the dawn of a new era. The Vizag hundred catapulted him ahead of numerous applicants who were mostly underwhelming as keeper-batsmen for India in the 50-overs game. The white cricket-ball ascending the skies to compete with the hills was a sight,en,"['suubsy', 'msdhoni', 'ravishastriofc', 'chennaiipl', 'sanjaymanjrekar', 'iramizraja']",[],[],2,0,4,[],[],https://twitter.com/PABadami/status/1316081905545011200,,,0,,Bangalore,,,,,,"{'user_id': '117977223', 'username': 'suubsy'}",,,,
1316073678359027712,1316051102010208262,2020-10-13 12:49:51 CDT,2020-10-13,12:49:51,-0500,76889495,sunithanahar,Nahar,,@PhotoChhoree Just say you have a temperature running . They will stop calling her,en,['photochhoree'],[],[],2,0,2,[],[],https://twitter.com/SunithaNahar/status/1316073678359027712,,,0,,Bangalore,,,,,,"{'user_id': '104106852', 'username': 'PhotoChhoree'}",,,,
1316037064119341060,1316035540601327616,2020-10-13 10:24:21 CDT,2020-10-13,10:24:21,-0500,8805142,prempanicker,Prem Panicker,,"Watson = 22 runs in three balls, another 20 in 35.

Rayudu = 24 in five, 17 in 31. 

🤷‍♂️",en,[],[],[],0,0,2,[],[],https://twitter.com/prempanicker/status/1316037064119341060,,,0,,Bangalore,,,,,,"{'user_id': '8805142', 'username': 'prempanicker'}",,,,
1316084134595313664,1315863166098845696,2020-10-13 13:31:24 CDT,2020-10-13,13:31:24,-0500,117756680,pabadami,Prabhanjan Badami,,@suubsy @msdhoni @RaviShastriOfc @ChennaiIPL @sanjaymanjrekar @iramizraja Thanks!! We are fortunate to partake of your immense generosity @suubsy. Your videos infuse an abundance of joy and invoke a wave of nostalgia every time.,en,"['suubsy', 'msdhoni', 'ravishastriofc', 'chennaiipl', 'sanjaymanjrekar', 'iramizraja', 'suubsy']",[],[],1,0,2,[],[],https://twitter.com/PABadami/status/1316084134595313664,,,0,,Bangalore,,,,,,"{'user_id': '117977223', 'username': 'suubsy'}",,,,
1316066377875120128,1316057598873927680,2020-10-13 12:20:50 CDT,2020-10-13,12:20:50,-0500,794794277016457216,prajwalmanipal,Prajwal,,@AkankshaSarma1 @PonnathPuraaNa Uncalled for !,en,['ponnathpuraana'],[],[],1,0,4,[],[],https://twitter.com/prajwalmanipal/status/1316066377875120128,,,0,,Bangalore,,,,,,"{'user_id': '1446380970', 'username': 'akxnksha'}",,,,
