id,conversation_id,created_at,date,time,timezone,user_id,username,name,place,tweet,language,mentions,urls,photos,replies_count,retweets_count,likes_count,hashtags,cashtags,link,retweet,quote_url,video,thumbnail,near,geo,source,user_rt_id,user_rt,retweet_id,reply_to,retweet_date,translate,trans_src,trans_dest
1242832529989570560,1242832529989570560,2020-03-25 10:15:40 CDT,2020-03-25,10:15:40,-0500,560842585,namtalkiesbhara,ಭರತ್ ಆರಾಧ್ಯ,,"My 1st #tiktok with my wife 💝 

#anjalibharath #jothejotheyali #lovelystarprem #ramya #namtalkiesbharath @StylishstarPrem @divyaspandana @namtalkies @Ramya_FC https://t.co/lmo56hCiGU",en,"['stylishstarprem', 'divyaspandana', 'namtalkies', 'ramya_fc']",[],[],2,6,33,"['tiktok', 'anjalibharath', 'jothejotheyali', 'lovelystarprem', 'ramya', 'namtalkiesbharath']",[],https://twitter.com/Namtalkiesbhara/status/1242832529989570560,,,1,https://pbs.twimg.com/ext_tw_video_thumb/1242832487446794245/pu/img/4xKGHKiYjM_WP3u5.jpg,Bangalore,,,,,,"{'user_id': None, 'username': None}",,,,
1242938788902400000,1242938788902400000,2020-03-25 17:17:54 CDT,2020-03-25,17:17:54,-0500,843328209324249088,parul_g,Parul Sharma ❄,,"3d Model of Disney-Pixar's Toy Story  character Andy Davis's House.🏘️
Created in #blender3d #b3d #3dmodel #3dmodeling #madewithblender https://t.co/9COzwhmLqb",en,[],[],"['https://pbs.twimg.com/media/ET_ONd_U8AAQSCt.jpg', 'https://pbs.twimg.com/media/ET_OOPjU8AAy9su.jpg', 'https://pbs.twimg.com/media/ET_OOv4VAAAuSp0.jpg', 'https://pbs.twimg.com/media/ET_OPLbUMAAPCbI.jpg']",1,1,8,"['blender3d', 'b3d', '3dmodel', '3dmodeling', 'madewithblender']",[],https://twitter.com/parul_g/status/1242938788902400000,,,1,https://pbs.twimg.com/media/ET_ONd_U8AAQSCt.jpg,Bangalore,,,,,,"{'user_id': None, 'username': None}",,,,
1242848431191678977,1242848431191678977,2020-03-25 11:18:51 CDT,2020-03-25,11:18:51,-0500,59643623,ronak_manutd,Ron,,"Pls guys #StopTheSpreadOfCorona #StayHomeIndia #Lockdown21 🙏🙏 
A concerned doc 🙏 https://t.co/6pxi16XKBB",en,[],[],['https://pbs.twimg.com/media/ET98DjZVAAIKLr2.jpg'],0,0,4,"['stopthespreadofcorona', 'stayhomeindia', 'lockdown21']",[],https://twitter.com/ronak_manutd/status/1242848431191678977,,,1,https://pbs.twimg.com/media/ET98DjZVAAIKLr2.jpg,Bangalore,,,,,,"{'user_id': None, 'username': None}",,,,
1242805394050703360,1242805394050703360,2020-03-25 08:27:50 CDT,2020-03-25,08:27:50,-0500,74787719,manukumarjain,Manu Kumar Jain,,"#21DayLockdown: It's day 1 and I wanted to share my thoughts on this. 🙏

Yesterday I urged everyone to support people at bottom of the pyramid - maids, driver etc. Here's what you should be doing: 👉 https://t.co/GRf6voVY24

#Lockdown21 #IndiaFightsCorona #Covid19 #India 🇮🇳 https://t.co/IXS6ik8KkQ",en,[],['https://youtu.be/aoKbiTHqzo0'],['https://pbs.twimg.com/media/ET9U6KGVAAAYXoA.jpg'],61,85,1412,"['21daylockdown', 'lockdown21', 'indiafightscorona', 'covid19', 'india']",[],https://twitter.com/manukumarjain/status/1242805394050703360,,,1,https://pbs.twimg.com/media/ET9U6KGVAAAYXoA.jpg,Bangalore,,,,,,"{'user_id': None, 'username': None}",,,,
1242819427394973696,1242819427394973696,2020-03-25 09:23:36 CDT,2020-03-25,09:23:36,-0500,38134365,nand_bo,Nandita Bose,,"After 7 years in the US, Sashwat visits his father in Kolkata to find Gauri still lives there. The marriage had lasted 6 strained months though now that is history. There’s Beth back home; her son Josh calls him Dad. Life nudges him to make an uneasy choice. My 2nd novel. https://t.co/6CDo8jAVgs",en,[],[],['https://pbs.twimg.com/media/ET9hqXMVAAEPE7t.jpg'],0,1,13,[],[],https://twitter.com/nand_bo/status/1242819427394973696,,,1,https://pbs.twimg.com/media/ET9hqXMVAAEPE7t.jpg,Bangalore,,,,,,"{'user_id': None, 'username': None}",,,,
1242802769997615104,1242802769997615104,2020-03-25 08:17:25 CDT,2020-03-25,08:17:25,-0500,988409727552929793,kgfajithfans,KGF AJITH FANS KARNATAKA,,"Without #MusicIsLife, would be a mistake 
@Michaelbilla153 son played 2 types of #BGM 
Just Guessing Guys

#RRRMotionPoster #Valimai 
#StayHomeIndia @TFC_mass @Thalafansml @ThalaFCTeam  @its_mahaoffc @gvprakash @Thala_Angel007 @ItzmeOffl @citizen_ajithfc @NellaiThalaFc https://t.co/PhTe7ZJO75",en,"['michaelbilla153', 'tfc_mass', 'thalafansml', 'thalafcteam', 'gvprakash', 'itzmeoffl', 'citizen_ajithfc', 'nellaithalafc']",[],[],0,7,9,"['musicislife', 'bgm', 'rrrmotionposter', 'valimai', 'stayhomeindia']",[],https://twitter.com/KGFAjithFans/status/1242802769997615104,,,1,https://pbs.twimg.com/ext_tw_video_thumb/1242802473686847488/pu/img/30u7K0c9hhmyemW4.jpg,Bangalore,,,,,,"{'user_id': None, 'username': None}",,,,
1242856732834951168,1242856732834951168,2020-03-25 11:51:50 CDT,2020-03-25,11:51:50,-0500,92047203,raksha_bhat,Raksha K Bhat MD CIC 🔬(She/her),,"A request to all of you, please understand the dynamics of  transmission of #COVID2019 

All preventive strategies will then make sense👍

#CoronaAwareness #coronavirusindia #Coronaindia #idtwitter https://t.co/Eh1HgxjwPQ",en,[],[],['https://pbs.twimg.com/media/ET-DmxiU0AAnEsy.jpg'],1,2,6,"['covid2019', 'coronaawareness', 'coronavirusindia', 'coronaindia', 'idtwitter']",[],https://twitter.com/Raksha_Bhat/status/1242856732834951168,,,1,https://pbs.twimg.com/media/ET-DmxiU0AAnEsy.jpg,Bangalore,,,,,,"{'user_id': None, 'username': None}",,,,
1242932067744141314,1242932067744141314,2020-03-25 16:51:12 CDT,2020-03-25,16:51:12,-0500,1706594738,i_udita,Udita Pal 🧂,,2 months ago I adopted happiness. https://t.co/BmLWDCSm4M,en,[],[],['https://pbs.twimg.com/media/ET_IH7cUUAANhOc.jpg'],1,1,17,[],[],https://twitter.com/i_Udita/status/1242932067744141314,,,1,https://pbs.twimg.com/media/ET_IH7cUUAANhOc.jpg,Bangalore,,,,,,"{'user_id': None, 'username': None}",,,,
1242850241243525120,1242850241243525120,2020-03-25 11:26:03 CDT,2020-03-25,11:26:03,-0500,876003545551486976,orangewayfarer,orangewayfarer 👣👣,,"Before after!

If this bowl does not help me sail through, I don't know what will! 

#SocialDistancing #CoronavirusLockdown #foodie https://t.co/F4H47sSrBn",en,[],[],"['https://pbs.twimg.com/media/ET99rQWVAAArvid.jpg', 'https://pbs.twimg.com/media/ET99sdTUwAMUFEC.jpg']",1,0,14,"['socialdistancing', 'coronaviruslockdown', 'foodie']",[],https://twitter.com/orangewayfarer/status/1242850241243525120,,,1,https://pbs.twimg.com/media/ET99rQWVAAArvid.jpg,Bangalore,,,,,,"{'user_id': None, 'username': None}",,,,
1242908844595892224,1242908844595892224,2020-03-25 15:18:55 CDT,2020-03-25,15:18:55,-0500,117407708,nikitanair96,Nikita Nair,,Here's to all those people who planned an international trip this year.🍷 https://t.co/kZF8Zj5bhk,en,[],[],['https://pbs.twimg.com/tweet_video_thumb/ET-zACgU4AQ1FpD.jpg'],0,0,2,[],[],https://twitter.com/nikitanair96/status/1242908844595892224,,,1,https://pbs.twimg.com/tweet_video_thumb/ET-zACgU4AQ1FpD.jpg,Bangalore,,,,,,"{'user_id': None, 'username': None}",,,,
1242870889714085888,1242870889714085888,2020-03-25 12:48:06 CDT,2020-03-25,12:48:06,-0500,794794277016457216,prajwalmanipal,Prajwal,,"As confusion clears, some stores and online groceries begin operations. Details from Bengaluru, Hyderabad, Chennai https://t.co/Ze8cdOaFPz",en,[],['https://www.thenewsminute.com/article/confusion-clears-some-stores-and-online-groceries-begin-operations-121139'],[],1,17,37,[],[],https://twitter.com/prajwalmanipal/status/1242870889714085888,,,0,,Bangalore,,,,,,"{'user_id': None, 'username': None}",,,,
1242962855260868610,1242962855260868610,2020-03-25 18:53:32 CDT,2020-03-25,18:53:32,-0500,2256414312,devanshutak25,Devanshu Tak,,"U - 36 Days of Type, #madewithblender and #Houdinifx #36daysoftype07 @36daysoftype @NVIDIACreators https://t.co/4QwFqPSJpG",en,"['36daysoftype', 'nvidiacreators']",[],['https://pbs.twimg.com/media/ET_kHNfUUAAPcff.jpg'],0,0,3,"['madewithblender', 'houdinifx', '36daysoftype07']",[],https://twitter.com/devanshutak25/status/1242962855260868610,,,1,https://pbs.twimg.com/media/ET_kHNfUUAAPcff.jpg,Bangalore,,,,,,"{'user_id': None, 'username': None}",,,,
1242945732144857088,1242945732144857088,2020-03-25 17:45:30 CDT,2020-03-25,17:45:30,-0500,744592927553249282,sowmyareddyr,Sowmya | ಸೌಮ್ಯ,,"God bless you. Sir, @BSYBJP @mla_sudhakar , what say ? #CoronavirusLockdown",en,"['bsybjp', 'mla_sudhakar']",[],[],2,11,66,['coronaviruslockdown'],[],https://twitter.com/Sowmyareddyr/status/1242945732144857088,,https://twitter.com/pinarayivijayan/status/1242830849868992514,0,,Bangalore,,,,,,"{'user_id': None, 'username': None}",,,,
1242873247462391809,1242873247462391809,2020-03-25 12:57:28 CDT,2020-03-25,12:57:28,-0500,3171723252,brijeshkalappa,Brijesh Kalappa,,"Washed dishes, grated coconuts, walked our dog, laid the dining table twice. Besides I read a fascinating book by Sanjeev Sanyal  called the Ocean of churn. Watched Morgan Freeman's 'Along came a spider.' 

How was your day?! https://t.co/efKDdOML04",en,[],[],[],3,2,31,[],[],https://twitter.com/brijeshkalappa/status/1242873247462391809,,,1,https://pbs.twimg.com/ext_tw_video_thumb/1242873228470571008/pu/img/WYq1_6osX8BcZC1B.jpg,Bangalore,,,,,,"{'user_id': None, 'username': None}",,,,
1242896308098060288,1242896308098060288,2020-03-25 14:29:06 CDT,2020-03-25,14:29:06,-0500,1706594738,i_udita,Udita Pal 🧂,,Just a reminder: Please don't be a cunt and pay your maid for entire month 😓,en,[],[],[],3,2,26,[],[],https://twitter.com/i_Udita/status/1242896308098060288,,,0,,Bangalore,,,,,,"{'user_id': None, 'username': None}",,,,
1242879434199166976,1242879434199166976,2020-03-25 13:22:03 CDT,2020-03-25,13:22:03,-0500,3085970258,appj5,Aparajita🇮🇳,,"It's a bio war from #China and they are successful in it. #China crippled humanity and world economy.

#COVID #ChinaLiedPeopleDied #coronavirus",en,[],[],[],0,2,3,"['china', 'china', 'covid', 'chinaliedpeopledied', 'coronavirus']",[],https://twitter.com/appj5/status/1242879434199166976,,https://twitter.com/rahulkanwal/status/1242708004551528454,0,,Bangalore,,,,,,"{'user_id': None, 'username': None}",,,,
1242910942406430720,1242910942406430720,2020-03-25 15:27:15 CDT,2020-03-25,15:27:15,-0500,1138408294458961920,shwetaa97148123,Shweta Agrawal,,"Yes because for simple cold n cough in babies we don’t rush to doctors . 90% Indian treat the kids n adults through home remedies n follow immunity boosting foods, organic farming etc, desi dawa lambi surakhsha. #homeremedies #Covid19India #Lockdown21 #coronavirusindia",en,[],[],[],1,0,3,"['homeremedies', 'covid19india', 'lockdown21', 'coronavirusindia']",[],https://twitter.com/ShwetaA97148123/status/1242910942406430720,,https://twitter.com/Swamy39/status/1242473628739854337,0,,Bangalore,,,,,,"{'user_id': None, 'username': None}",,,,
1242873418061512704,1242873418061512704,2020-03-25 12:58:08 CDT,2020-03-25,12:58:08,-0500,2288490336,hashankaranaray,H.A.Shankaranarayana,,"#21daysLockdownIndia will prove 2 be worse than #demonitisation, Particularly to those who are is living hand to mouth - minimum 500 
million! 😱

If we don't fine tune this reckless, hasty decision, we will hav maximum death in d world not necessarily  due to #coronavirusindia!",en,[],[],[],0,1,7,"['21dayslockdownindia', 'demonitisation', 'coronavirusindia']",[],https://twitter.com/HAShankaranaray/status/1242873418061512704,,https://twitter.com/dp_satish/status/1242830475426557953,0,,Bangalore,,,,,,"{'user_id': None, 'username': None}",,,,
1242827895023611904,1242827895023611904,2020-03-25 09:57:15 CDT,2020-03-25,09:57:15,-0500,104043875,sharadasrinidhi,A Sharadhaa,,". @rakshitshetty @777CharlieMovie will be a #panIndian entertainer 
Working on re-recording &amp; writing lyrics dialogues for 4 other languages:
@Kiranraj61 @ParamvahStudios
@rakshitshetty 
@PushkarFilms
https://t.co/lierC8Kl6w https://t.co/lierC8Kl6w via @XpressCinema @NamCinema https://t.co/ldXWlAQa6D",en,"['rakshitshetty', '777charliemovie', 'kiranraj61', 'paramvahstudios', 'rakshitshetty', 'pushkarfilms', 'xpresscinema', 'namcinema']","['https://www.cinemaexpress.com/stories/interviews/2020/mar/24/kiranraj-777-charlie-will-be-a-pan-indian-entertainer-17731.html', 'https://www.cinemaexpress.com/stories/interviews/2020/mar/24/kiranraj-777-charlie-will-be-a-pan-indian-entertainer-17731.html']",['https://pbs.twimg.com/media/ET9pXfBUYAAih5e.jpg'],1,15,105,['panindian'],[],https://twitter.com/sharadasrinidhi/status/1242827895023611904,,,1,https://pbs.twimg.com/media/ET9pXfBUYAAih5e.jpg,Bangalore,,,,,,"{'user_id': None, 'username': None}",,,,
1242788685789024257,1242788685789024257,2020-03-25 07:21:27 CDT,2020-03-25,07:21:27,-0500,1088810332733218817,aravind_alu,aravind,,"Fav song: ஒரு தெய்வம் தந்த பூவே
Fav clr: blue
Fav actor : vijay 
Fav drink : beer",en,[],[],[],0,1,2,[],[],https://twitter.com/Aravind_alu/status/1242788685789024257,,https://twitter.com/simpleselfish/status/1242783463863771137,0,,Bangalore,,,,,,"{'user_id': None, 'username': None}",,,,
1242831454368751616,1242822003460980736,2020-03-25 10:11:24 CDT,2020-03-25,10:11:24,-0500,713590464,iamdhanagopalan,Dhanagopalan M,,"@vanithavijayku1 Congratulations on your upcoming channel! Loved the positivity!.. 
The constant we want is to see you succeed in life and the constant thing we would give us our love and support no matter what!😍 
Love you 3000!😍😍 https://t.co/ZYOtB74oOq",en,['vanithavijayku1'],[],['https://pbs.twimg.com/media/ET9snP1UMAEeu7i.jpg'],0,1,23,[],[],https://twitter.com/iamdhanagopalan/status/1242831454368751616,,,1,https://pbs.twimg.com/media/ET9snP1UMAEeu7i.jpg,Bangalore,,,,,,"{'user_id': '2605380782', 'username': 'vanithavijayku1'}",,,,
1242882250946924544,1242882250946924544,2020-03-25 13:33:14 CDT,2020-03-25,13:33:14,-0500,270108568,ishanmuga,ஷண்முகா,,Its been two days and still it hurts.... Dia soup... #Diamovie #mustwatch,en,[],[],[],2,1,4,"['diamovie', 'mustwatch']",[],https://twitter.com/ishanmuga/status/1242882250946924544,,https://twitter.com/Saleemsaki13/status/1240101957462720512,0,,Bangalore,,,,,,"{'user_id': None, 'username': None}",,,,
1242882492979277825,1242875944777535488,2020-03-25 13:34:12 CDT,2020-03-25,13:34:12,-0500,250495841,nmenonrao,Nirupama Menon Rao 🇮🇳,,@Cold_Peace_ India would/could never have backed down in Doklam. It didn’t in Sumdorong Chu (1986) either. There was no question. This struggle is a long haul.,en,['cold_peace_'],[],[],8,45,252,[],[],https://twitter.com/NMenonRao/status/1242882492979277825,,,0,,Bangalore,,,,,,"{'user_id': '287734881', 'username': 'Cold_Peace_'}",,,,
1242839102463946757,1242839102463946757,2020-03-25 10:41:47 CDT,2020-03-25,10:41:47,-0500,134055679,richardrekhy,Richard Rekhy,,Doctors coming out of retirement to help his country in their war against #Corona virus. Salute to such people and their dedication.,en,[],[],[],0,3,9,['corona'],[],https://twitter.com/richardrekhy/status/1242839102463946757,,https://twitter.com/IamBalashan1980/status/1242826001001799680,0,,Bangalore,,,,,,"{'user_id': None, 'username': None}",,,,
1242874670736695297,1242874670736695297,2020-03-25 13:03:07 CDT,2020-03-25,13:03:07,-0500,550183597,angelkkar,kiran Kotumbeerkar,,21days #lockdown today is getting to over so we have 20 days stay home be safe @SrBachchan all together we will break the chain of Corona by staying in home @SrBachchan https://t.co/d391BhoQWW,en,"['srbachchan', 'srbachchan']",[],['https://pbs.twimg.com/media/ET-T6iqUUAAQ2EP.jpg'],1,0,5,['lockdown'],[],https://twitter.com/angelkkar/status/1242874670736695297,,,1,https://pbs.twimg.com/media/ET-T6iqUUAAQ2EP.jpg,Bangalore,,,,,,"{'user_id': None, 'username': None}",,,,
1242812026797228042,1242812026797228042,2020-03-25 08:54:12 CDT,2020-03-25,08:54:12,-0500,38134365,nand_bo,Nandita Bose,,All it takes is 5 of my rich friends to pre buy a 100 copies of my next book....,en,[],[],[],1,1,4,[],[],https://twitter.com/nand_bo/status/1242812026797228042,,,0,,Bangalore,,,,,,"{'user_id': None, 'username': None}",,,,
1242848340083007488,1242848340083007488,2020-03-25 11:18:29 CDT,2020-03-25,11:18:29,-0500,92946661,sharuram,Sharanya,,A session I am looking forward to! 😍,en,[],[],[],0,1,15,[],[],https://twitter.com/sharuram/status/1242848340083007488,,https://twitter.com/ZohoCampaigns/status/1242800667015565312,0,,Bangalore,,,,,,"{'user_id': None, 'username': None}",,,,
1242883056056143872,1242883056056143872,2020-03-25 13:36:26 CDT,2020-03-25,13:36:26,-0500,3171723252,brijeshkalappa,Brijesh Kalappa,,Superstarni doing the dishes👏👏👏,en,[],[],[],2,1,16,[],[],https://twitter.com/brijeshkalappa/status/1242883056056143872,,https://twitter.com/khushsundar/status/1242786881235869698,0,,Bangalore,,,,,,"{'user_id': None, 'username': None}",,,,
1242873130764263424,1242873130764263424,2020-03-25 12:57:00 CDT,2020-03-25,12:57:00,-0500,1038015080649175040,narendr85755837,Narendra Babu,,"CM isyet 2 come out of the disappointment &amp; setbacks the govt has received in the last 2-3days,the adourment of LS &amp; RS,were the Council bill is pending,the HC &amp; SC ruling against the govt &amp; most importantly the postponing of the election,they're unable 2 digest their displeasure",en,[],[],[],0,1,2,[],[],https://twitter.com/Narendr85755837/status/1242873130764263424,,https://twitter.com/kesineni_nani/status/1242863262179282945,0,,Bangalore,,,,,,"{'user_id': None, 'username': None}",,,,
1242933925560770560,1242933925560770560,2020-03-25 16:58:35 CDT,2020-03-25,16:58:35,-0500,555773782,akashtattva,akash,,There is somehow a belief that romance is a female creation. It is not. Men are much more romantic. Women are practical and hard-headed realists.,en,[],[],[],0,1,3,[],[],https://twitter.com/akashtattva/status/1242933925560770560,,,0,,Bangalore,,,,,,"{'user_id': None, 'username': None}",,,,
1242870392844402689,1242870392844402689,2020-03-25 12:46:07 CDT,2020-03-25,12:46:07,-0500,114706842,vasukivaibhav,VasukiVaibhav,"{'type': 'Point', 'coordinates': [12.99700486, 77.55785465]}","Aakaasha Deepavu Neenu!! Stay Home Stay Safe
#vasukivaibhav #evergreensongs #random #love @ Namma Bengaluru- ನಮ್ಮ ಬೆಂಗಳೂರು https://t.co/bugQVrRb53",et,[],['https://www.instagram.com/p/B-KlzRBAfV4/?igshid=17b0rdxgxq6v7'],[],1,4,69,"['vasukivaibhav', 'evergreensongs', 'random', 'love']",[],https://twitter.com/vasukivaibhav/status/1242870392844402689,,,0,,Bangalore,,,,,,"{'user_id': None, 'username': None}",,,,
1242846488998244352,1242846488998244352,2020-03-25 11:11:08 CDT,2020-03-25,11:11:08,-0500,52322389,tanaypratap,Tanay Pratap,,"There are two things in life:
1. what's fair
2. what's unfair

and what's practical. You don't want the third one but you do get it most often.

Learning to embrace it can make life peaceful.",en,[],[],[],1,3,33,[],[],https://twitter.com/tanaypratap/status/1242846488998244352,,,0,,Bangalore,,,,,,"{'user_id': None, 'username': None}",,,,
1242842499070083078,1242842499070083078,2020-03-25 10:55:17 CDT,2020-03-25,10:55:17,-0500,134055679,richardrekhy,Richard Rekhy,,"This could have been done 7 days back when notice could have given to people to make necessary preparations etc. for today. What about their food and stay. On the other hand food and milk wattages taking place, it’s a shame.Shows lack of empathy.",en,[],[],[],1,1,4,[],[],https://twitter.com/richardrekhy/status/1242842499070083078,,https://twitter.com/KiranManral/status/1242726035499573248,0,,Bangalore,,,,,,"{'user_id': None, 'username': None}",,,,
1242843759273897986,1242843759273897986,2020-03-25 11:00:17 CDT,2020-03-25,11:00:17,-0500,201320899,snehabanerg,Sneha Banerjee,,Great thread showcasing the power of the common man by @dhimant @thebetterindia,en,"['dhimant', 'thebetterindia']",[],[],0,7,9,[],[],https://twitter.com/snehabanerg/status/1242843759273897986,,https://twitter.com/dhimant/status/1242758834235428864,0,,Bangalore,,,,,,"{'user_id': None, 'username': None}",,,,
1242889563405721600,1242889563405721600,2020-03-25 14:02:18 CDT,2020-03-25,14:02:18,-0500,86401667,jitin84,Jitin Sharma,,Coming with you sir PVD 🏃🏃🏃,en,[],[],[],0,0,2,[],[],https://twitter.com/jitin84/status/1242889563405721600,,https://twitter.com/PAULVANDYK/status/1242710558400368640,0,,Bangalore,,,,,,"{'user_id': None, 'username': None}",,,,
1242867124176998401,1242867124176998401,2020-03-25 12:33:08 CDT,2020-03-25,12:33:08,-0500,730575386,maninbus,Man in the bus,,Always the 1st to tender help @ the time of crisis - this is the greatest humanitarian leader n spiritual Guru of today’s world @SriSri is for all of us. We might still b coming to terms with this lockdown but here is the helping hand in action. Ever grateful to u Gurudev @SriSri,en,"['srisri', 'srisri']",[],[],0,2,6,[],[],https://twitter.com/ManInBus/status/1242867124176998401,,https://twitter.com/SriSri/status/1242844930185277445,0,,Bangalore,,,,,,"{'user_id': None, 'username': None}",,,,
1242853957715673088,1242853957715673088,2020-03-25 11:40:49 CDT,2020-03-25,11:40:49,-0500,1114745414,joshi_aar,Ravi Joshi,,This is a great decision that will calm frayed nerves in Bengaluru and in Karnataka. Thank you Mr Sood.,en,[],[],[],1,3,15,[],[],https://twitter.com/Joshi_Aar/status/1242853957715673088,,https://twitter.com/DgpKarnataka/status/1242801648340099073,0,,Bangalore,,,,,,"{'user_id': None, 'username': None}",,,,
1242885136909139969,1242885136909139969,2020-03-25 13:44:42 CDT,2020-03-25,13:44:42,-0500,230622856,dinneratjoes,Jobias Fünke,,"Lockdown Day 1

Folx took a break from binging.

And 

After a decade or so we played a game of snakes and ladders and then ludo. 

It was so sweet. 

But also. I crushed them both. 

I am not the little boy they beat so easily any more.",en,[],[],[],0,0,8,[],[],https://twitter.com/dinneratjoes/status/1242885136909139969,,,0,,Bangalore,,,,,,"{'user_id': None, 'username': None}",,,,
1242887087772200961,1242887087772200961,2020-03-25 13:52:28 CDT,2020-03-25,13:52:28,-0500,274905803,rezuab,Rehmat Merchant,,Salam Shaheen! A heartfelt tribute to the women who refined protest.,en,[],[],[],0,0,3,[],[],https://twitter.com/rezuab/status/1242887087772200961,,https://twitter.com/VC_society/status/1242874121622392833,0,,Bangalore,,,,,,"{'user_id': None, 'username': None}",,,,
1242868581601165312,1242868581601165312,2020-03-25 12:38:55 CDT,2020-03-25,12:38:55,-0500,2794706249,commentatoriyer,Roshan Commentator,,"Lots of people in India 
are still wondering 
who the hell is

SOCIAL DISTAN SINGH?😂😂",en,[],[],[],1,0,4,[],[],https://twitter.com/commentatoriyer/status/1242868581601165312,,,0,,Bangalore,,,,,,"{'user_id': None, 'username': None}",,,,
1242886837661839360,1242886837661839360,2020-03-25 13:51:28 CDT,2020-03-25,13:51:28,-0500,4164232767,sharefreakadda,Sharefreak.in™,,"https://t.co/yvnfFiejM7

Click above link to see Technical charts 

#sharefreak 
#sharemarket #OptionsTrading #bankniftychart #DayTrading #NSE #bse #CoronavirusLockdown #Bangalore @MANISHSINGH916",en,['manishsingh916'],['http://sharefreak.in/technical-chart.php'],[],0,0,2,"['sharefreak', 'sharemarket', 'optionstrading', 'bankniftychart', 'daytrading', 'nse', 'bse', 'coronaviruslockdown', 'bangalore']",[],https://twitter.com/Sharefreakadda/status/1242886837661839360,,,0,,Bangalore,,,,,,"{'user_id': None, 'username': None}",,,,
1242921471921385472,1242921471921385472,2020-03-25 16:09:05 CDT,2020-03-25,16:09:05,-0500,803549613940621313,neel_misra_,Neelotpal Mishra,,"It's EXPECTED of you to be confused. Dimaag pe zyada zor na dalein, talk to kareena and get your latest gossip dose. Bas 🙏",en,[],[],[],2,0,4,[],[],https://twitter.com/Neel_Misra_/status/1242921471921385472,,https://twitter.com/sonamakapoor/status/1242690948884094976,0,,Bangalore,,,,,,"{'user_id': None, 'username': None}",,,,
1242911660391698434,1242911660391698434,2020-03-25 15:30:06 CDT,2020-03-25,15:30:06,-0500,3567122306,humanprojector,The Last Washello,,"A great part of this album is also the lyrics, that blend seamlessly with the music. Poetry doesn't always need to be complex words strung together. Great work! @navarius #NowPlaying '99 Songs' @JioSaavn! #OurSoundtrack https://t.co/7PDaR7isDd",en,"['navarius', 'jiosaavn']",['https://www.saavn.com/p/album/hindi/99-songs-2020/YHyBaSDNEfM_?referrer=svn_source=share&svn_medium=com.twitter.android&utm_source=share&utm_medium=com.twitter.android'],[],0,1,7,"['nowplaying', 'oursoundtrack']",[],https://twitter.com/humanprojector/status/1242911660391698434,,,0,,Bangalore,,,,,,"{'user_id': None, 'username': None}",,,,
1242840055879630848,1242840055879630848,2020-03-25 10:45:34 CDT,2020-03-25,10:45:34,-0500,134055679,richardrekhy,Richard Rekhy,,This comes from level of preparedness. Training and briefing of the law enforcement . Who suffers but the normal citizen. When you look down at people don’t expect them to look up to you.,en,[],[],[],1,1,2,[],[],https://twitter.com/richardrekhy/status/1242840055879630848,,https://twitter.com/SaniaAhmad1111/status/1242749957355921409,0,,Bangalore,,,,,,"{'user_id': None, 'username': None}",,,,
1242872736059281408,1242872736059281408,2020-03-25 12:55:26 CDT,2020-03-25,12:55:26,-0500,150325553,sumeetpanda87,Sumeet Panda,,"This is what we need in our #FightAgainstCOVID19, masks and sanitizers, not just for people in general but for those at the frontline, those with maximum exposure. Kudos to @DrMeghaBhargava Ma’am.
@IRSAssociation",en,"['drmeghabhargava', 'irsassociation']",[],[],0,0,2,['fightagainstcovid19'],[],https://twitter.com/sumeetpanda87/status/1242872736059281408,,https://twitter.com/samarpannorg/status/1242798846192713728,0,,Bangalore,,,,,,"{'user_id': None, 'username': None}",,,,
1242878895503876096,1242875097486110721,2020-03-25 13:19:54 CDT,2020-03-25,13:19:54,-0500,550183597,angelkkar,kiran Kotumbeerkar,,@BigBossEF @SrBachchan @allaukhinaa @GangulySunetra @MaheshBSolanki4 @ashokmistry4545 @Purva007 @pratik0310 @RoHiTbhUToRIA @EfvijayKumar Good night everyone sweet dreams https://t.co/AZeVCXPhJL,en,"['srbachchan', 'allaukhinaa', 'gangulysunetra', 'maheshbsolanki4', 'ashokmistry4545', 'purva007', 'pratik0310', 'rohitbhutoria', 'efvijaykumar']",[],['https://pbs.twimg.com/media/ET-XwqzU4AIfNMV.jpg'],1,0,2,[],[],https://twitter.com/angelkkar/status/1242878895503876096,,,1,https://pbs.twimg.com/media/ET-XwqzU4AIfNMV.jpg,Bangalore,,,,,,"{'user_id': None, 'username': None}",,,,
1242835251740762114,1242835251740762114,2020-03-25 10:26:29 CDT,2020-03-25,10:26:29,-0500,731708249347514371,ankitkr0,Ankit Kumar,,I am gonna talk about Shitposting on Twitter in this @SmolCoach Session. Come join :),en,['smolcoach'],[],[],1,0,7,[],[],https://twitter.com/ankitkr0/status/1242835251740762114,,https://twitter.com/SmolCoach/status/1242834323503374339,0,,Bangalore,,,,,,"{'user_id': None, 'username': None}",,,,
1242879916183453696,1242879916183453696,2020-03-25 13:23:58 CDT,2020-03-25,13:23:58,-0500,1038015080649175040,narendr85755837,Narendra Babu,,"Failures of both AP TS govt, they're putting people lives at risk, hope it comes to the notice of @BJP4India  &amp;@PMOIndia notice,they should take action on the govts &amp; the officials of both the states.",en,['bjp4india'],[],[],0,1,1,[],[],https://twitter.com/Narendr85755837/status/1242879916183453696,,https://twitter.com/B4Politics/status/1242875993725042689,0,,Bangalore,,,,,,"{'user_id': None, 'username': None}",,,,
1242825662433390592,1242825662433390592,2020-03-25 09:48:23 CDT,2020-03-25,09:48:23,-0500,14920597,priyachettyr,Priya Chetty Rajagop,,Great idea . It’s a sinple@ and clean good supplement. I hope we get some too for our dogs who love ParleG .,en,[],[],[],0,0,3,[],[],https://twitter.com/priyachettyr/status/1242825662433390592,,https://twitter.com/DeccanHerald/status/1242825334015135744,0,,Bangalore,,,,,,"{'user_id': None, 'username': None}",,,,
1242900390451929088,1242900382851854336,2020-03-25 14:45:19 CDT,2020-03-25,14:45:19,-0500,3160001598,hukum2082,Hukum 🇮🇳,,"This was not an ISIL (ISIS) Attack as it is being made out to be.This was a Haqqani - Lashkar Operation flagged , financed and monitored by ISI Headquarters at G-4 , G-7 , Islamabad
#TerroristStatePakistan
#ISI 
#KabulGurdwaraAttack",en,[],[],[],2,8,18,"['terroriststatepakistan', 'isi', 'kabulgurdwaraattack']",[],https://twitter.com/hukum2082/status/1242900390451929088,,,0,,Bangalore,,,,,,"{'user_id': '3160001598', 'username': 'hukum2082'}",,,,
1242857504477855744,1242857504477855744,2020-03-25 11:54:54 CDT,2020-03-25,11:54:54,-0500,50554477,leofsaldanha,Leo Saldanha,,"Neither do I, as an Indian.",en,[],[],[],0,0,2,[],[],https://twitter.com/leofsaldanha/status/1242857504477855744,,https://twitter.com/prufrock451/status/1242607298989744132,0,,Bangalore,,,,,,"{'user_id': None, 'username': None}",,,,
1242846079852265472,1242846079852265472,2020-03-25 11:09:31 CDT,2020-03-25,11:09:31,-0500,38134365,nand_bo,Nandita Bose,,*Prince Charles is finally Coronated!* - via WhatsApp from a v naughty friend,en,[],[],[],0,0,2,[],[],https://twitter.com/nand_bo/status/1242846079852265472,,,0,,Bangalore,,,,,,"{'user_id': None, 'username': None}",,,,
1242873384691617792,1242873384691617792,2020-03-25 12:58:01 CDT,2020-03-25,12:58:01,-0500,2283496621,thelifeedits,Curled Life ✨,,Really I have zero space for negativity in my life. Just left a WhatsApp group and I feel so relieved 😌,en,[],[],[],0,0,3,[],[],https://twitter.com/TheLifeEdits/status/1242873384691617792,,,0,,Bangalore,,,,,,"{'user_id': None, 'username': None}",,,,
1242866274943684608,1242866274943684608,2020-03-25 12:29:45 CDT,2020-03-25,12:29:45,-0500,2283496621,thelifeedits,Curled Life ✨,,"Just got done with the raat ke bartan 😄 and now kal ke khane, jhadu, pocha ka already tension shuru 🤣",en,[],[],[],0,0,3,[],[],https://twitter.com/TheLifeEdits/status/1242866274943684608,,,0,,Bangalore,,,,,,"{'user_id': None, 'username': None}",,,,
1242889595009658880,1242889595009658880,2020-03-25 14:02:25 CDT,2020-03-25,14:02:25,-0500,775167576,varsaw,VeeSee,,This time alone is pretty great. Discovering SO much about myself that I had no idea about. Like i literally finished a whole box of Pringles BY MYSELF. I wasn’t even high.,en,[],[],[],0,0,3,[],[],https://twitter.com/Varsaw/status/1242889595009658880,,,0,,Bangalore,,,,,,"{'user_id': None, 'username': None}",,,,
1242838677090226183,1242823958245683200,2020-03-25 10:40:06 CDT,2020-03-25,10:40:06,-0500,115841180,justananth2709,Ananth Srinivasan 💛,,"@ameenalishaikh @Memeghnad To announce 12 hours of curfew, atleast 3 days notice was given, but for a 21 day lockdown, just 4 hours. There is no thinking on how the unorganised sector and the needy sect of people will survive. Some provisions and decisions to help such section of community need to be made.",en,"['ameenalishaikh', 'memeghnad']",[],[],1,7,30,[],[],https://twitter.com/justAnanth2709/status/1242838677090226183,,,0,,Bangalore,,,,,,"{'user_id': '221803000', 'username': 'ameenalishaikh'}",,,,
1242837250922016773,1242837250922016773,2020-03-25 10:34:26 CDT,2020-03-25,10:34:26,-0500,744592927553249282,sowmyareddyr,Sowmya | ಸೌಮ್ಯ,,@priyachettyr @Jenleon7 @CupaIndia Thanks @deepolice12,en,"['priyachettyr', 'jenleon7', 'cupaindia']",[],[],1,3,8,[],[],https://twitter.com/Sowmyareddyr/status/1242837250922016773,,https://twitter.com/gauri_maulekhi/status/1242774194246447110,0,,Bangalore,,,,,,"{'user_id': '14920597', 'username': 'priyachettyr'}",,,,
1242876468138364928,1242876468138364928,2020-03-25 13:10:16 CDT,2020-03-25,13:10:16,-0500,867230725891923968,goodwillsandy,🇮🇳 Sandeep Kumar 🇮🇳,,"There are 3 categories of human beings:
1- Manosphere guys
2- Good Samaritan 
3- Feminists 

Both 1st and 3rd are unhealed &amp; are a vessel of hatred. They are meant for each other.

DON'T BE THESE GUYS

@naval @LifeMathMoney @TellYourSonThis",en,"['naval', 'lifemathmoney', 'tellyoursonthis']",[],[],0,0,2,[],[],https://twitter.com/goodwillsandy/status/1242876468138364928,,,0,,Bangalore,,,,,,"{'user_id': None, 'username': None}",,,,
1242910008163131397,1242910008163131397,2020-03-25 15:23:32 CDT,2020-03-25,15:23:32,-0500,3567122306,humanprojector,The Last Washello,,"This takes me back to Kya dekh rahe ho tum from Taal, shambo shambo, and Harmony's Floating Circles..hypnotic, entrancing, magical @poorvikoutish9 @srutihari #NowPlaying 'The Voice Without Words' from 99 Songs @JioSaavn! #OurSoundtrack https://t.co/o1deV7xRo5",en,"['poorvikoutish9', 'srutihari', 'jiosaavn']",['https://www.saavn.com/s/song/hindi/99-Songs/The-Voice-Without-Words/JSEbYhdhVlA?referrer=svn_source=share&svn_medium=com.twitter.android&utm_source=share&utm_medium=com.twitter.android'],[],0,0,3,"['nowplaying', 'oursoundtrack']",[],https://twitter.com/humanprojector/status/1242910008163131397,,,0,,Bangalore,,,,,,"{'user_id': None, 'username': None}",,,,
1242793992133070850,1242793992133070850,2020-03-25 07:42:32 CDT,2020-03-25,07:42:32,-0500,4904111113,das_sujata93,Sujata Das,,Not many days ago our nation stood out for 5 minutes to thank people at the frontline. Well! Such tokenism amounts to zilch if one doesn't have the basic sensibility n compassion! https://t.co/Ey7wlE501n,en,[],['https://www.cnn.com/2020/03/25/asia/india-coronavirus-doctors-discrimination-intl-hnk/index.html'],[],0,0,1,[],[],https://twitter.com/Das_sujata93/status/1242793992133070850,,,0,,Bangalore,,,,,,"{'user_id': None, 'username': None}",,,,
1242880195578789888,1242880195578789888,2020-03-25 13:25:04 CDT,2020-03-25,13:25:04,-0500,401936027,nishamanijgd,Dr Nisha Manikantan,,"#Homedelivery of #knowledge
My tips on #HealthyBodyHealthyMind #HealthyEating #21daylockdown 
Here is the link: https://t.co/BacbRgWuW3 
@BYOGI_Official @SriSriTattva",en,"['byogi_official', 'srisritattva']",['https://www.instagram.com/tv/B-CYUQWjiAG/?igshid=fdglhclfbcfi'],[],0,4,7,"['homedelivery', 'knowledge', 'healthybodyhealthymind', 'healthyeating', '21daylockdown']",[],https://twitter.com/nishamanijgd/status/1242880195578789888,,,0,,Bangalore,,,,,,"{'user_id': None, 'username': None}",,,,
1242895252173623296,1242895252173623296,2020-03-25 14:24:54 CDT,2020-03-25,14:24:54,-0500,274905803,rezuab,Rehmat Merchant,,People these are not criminals. You’re sitting safely in your homes. Feel for those made not only homeless but stateless. @NWM_India @ThePeopleOfIN @bubberjung @Aakar__Patel @BangaloreBagh,en,"['nwm_india', 'thepeopleofin', 'bubberjung', 'aakar__patel', 'bangalorebagh']",[],[],0,1,1,[],[],https://twitter.com/rezuab/status/1242895252173623296,,https://twitter.com/VC_society/status/1242893725430251520,0,,Bangalore,,,,,,"{'user_id': None, 'username': None}",,,,
1242900388602249217,1242900382851854336,2020-03-25 14:45:19 CDT,2020-03-25,14:45:19,-0500,3160001598,hukum2082,Hukum 🇮🇳,,"The Haqqani Network and the Lashkar-e-Taiba had for long wanted to attack Indian Assets in Kabul

The Gurudwara was chosen as a soft target with possible presence of Diplomats who could be killed/abducted
#KabulGurdwaraAttack
#TeroristStatePakistan
#ISI",en,[],[],[],1,2,9,"['kabulgurdwaraattack', 'teroriststatepakistan', 'isi']",[],https://twitter.com/hukum2082/status/1242900388602249217,,,0,,Bangalore,,,,,,"{'user_id': '3160001598', 'username': 'hukum2082'}",,,,
1242836630370541568,1242836630370541568,2020-03-25 10:31:58 CDT,2020-03-25,10:31:58,-0500,104043875,sharadasrinidhi,A Sharadhaa,,"Director @kmchaitanya 's next is underworld thriller but not #AaDingalu2 Meanwhile, the filmmaker is also producing a serial under the banner of #ChaitanyaHarridossCinemas, a venture that will make feature films too  https://t.co/dcEKOrf5U0 via @XpressCinema @NamCinema",en,"['kmchaitanya', 'xpresscinema', 'namcinema']",['https://www.cinemaexpress.com/stories/news/2020/mar/25/director-km-chaitanya-next-is-a-underworld-thriller-17732.html'],[],4,2,48,"['aadingalu2', 'chaitanyaharridosscinemas']",[],https://twitter.com/sharadasrinidhi/status/1242836630370541568,,,0,,Bangalore,,,,,,"{'user_id': None, 'username': None}",,,,
1242840654692192257,1242840654692192257,2020-03-25 10:47:57 CDT,2020-03-25,10:47:57,-0500,250495841,nmenonrao,Nirupama Menon Rao 🇮🇳,,"“key. ..was catalyzing the widespread desire among citizens to be useful producers,&amp;not just consumers,of tools needed for victory over an enemy—whether a foreign military or a lethal virus.Societies that fail to do so in time of crisis r wasting their most critical resource”.",en,[],[],[],0,1,3,[],[],https://twitter.com/NMenonRao/status/1242840654692192257,,https://twitter.com/ForeignAffairs/status/1241953618787532800,0,,Bangalore,,,,,,"{'user_id': None, 'username': None}",,,,
1242860138496585729,1242852001655877632,2020-03-25 12:05:22 CDT,2020-03-25,12:05:22,-0500,124208599,narendon,Naren Marol | ನರೇನ್ ಮರೋಳ,,@BSYBJP I expected Gvt will take care of us but looks like it's other way.. We have to take care of the government 😂,en,['bsybjp'],[],[],2,3,20,[],[],https://twitter.com/NarenDon/status/1242860138496585729,,,0,,Bangalore,,,,,,"{'user_id': '54936590', 'username': 'BSYBJP'}",,,,
1242883256539705345,1242868196996079616,2020-03-25 13:37:14 CDT,2020-03-25,13:37:14,-0500,377879300,yogeshnagar3,Yogesh,,@damidkashif @nitin_gadkari For Trucks and daily essential things bhai....,en,"['damidkashif', 'nitin_gadkari']",[],[],6,0,67,[],[],https://twitter.com/YogeshNagar3/status/1242883256539705345,,,0,,Bangalore,,,,,,"{'user_id': '114725005', 'username': 'damidkashif'}",,,,
1242900385628483584,1242900382851854336,2020-03-25 14:45:18 CDT,2020-03-25,14:45:18,-0500,3160001598,hukum2082,Hukum 🇮🇳,,"Diplomats from the Indian Embassy in Kabul frequented the Gurudwara.

A Chadar was offered and a Langar was organised around Baisakhi each year.

The compound also housed a few Sikh and Hindu families who bore the burnt of this brutal terror attack
#TerroristStatePakistan",en,[],[],[],1,4,6,['terroriststatepakistan'],[],https://twitter.com/hukum2082/status/1242900385628483584,,,0,,Bangalore,,,,,,"{'user_id': '3160001598', 'username': 'hukum2082'}",,,,
1242869891490877440,1242866319545880578,2020-03-25 12:44:08 CDT,2020-03-25,12:44:08,-0500,2545708452,jackmaindia,Jack ma,,"@SunilRai4 @ShashiTharoor @Jayati1609 I was screaming for a very long time to lockdown Kerala - when first 3 cases were found. Don't know what the centre was doing so long.

Now kerala has completed  a 100, also Khangressi new born Maharashtra has hit the same.",en,"['sunilrai4', 'shashitharoor', 'jayati1609']",[],[],3,0,18,[],[],https://twitter.com/jackmaindia/status/1242869891490877440,,,0,,Bangalore,,,,,,"{'user_id': '384939198', 'username': 'SunilRai4'}",,,,
1242838724452454401,1242368051476967424,2020-03-25 10:40:17 CDT,2020-03-25,10:40:17,-0500,147874406,ashutosh22gupta,Ashutosh Gupta,,"@BigBazaar Your store guys are not responsible. Tried 3 store numbers at least 10 times today but no answer or disconnecting calls.
Nothing changes till you align people below.
I am referring to kundanhalli and kormangla stores..",en,['bigbazaar'],[],[],2,1,6,[],[],https://twitter.com/ashutosh22gupta/status/1242838724452454401,,,0,,Bangalore,,,,,,"{'user_id': '1200570763', 'username': 'BigBazaar'}",,,,
1242899768705028097,1242726475222188033,2020-03-25 14:42:51 CDT,2020-03-25,14:42:51,-0500,448764973,raghu_madgula,Raghu Madgula,,"@sambitswaraj Being a Doctor, we will be happy if you do the national duty in a hospital apart from praying God... Plz...",en,['sambitswaraj'],[],[],2,1,5,[],[],https://twitter.com/raghu_madgula/status/1242899768705028097,,,0,,Bangalore,,,,,,"{'user_id': '1368737382', 'username': 'sambitswaraj'}",,,,
1242829218947440641,1242828364869767169,2020-03-25 10:02:31 CDT,2020-03-25,10:02:31,-0500,77147095,originalmiks,maelstrom,,"@0CreativityGang I have a lot of go to subreddits, but setting questions is sort of a continuous process because everytime I read something that could potentially be a question I save it to the Pocket app :D",en,['0creativitygang'],[],[],0,0,4,[],[],https://twitter.com/originalmiks/status/1242829218947440641,,,0,,Bangalore,,,,,,"{'user_id': '4808371069', 'username': '0CreativityGang'}",,,,
1242822099523100673,1242777654161375233,2020-03-25 09:34:13 CDT,2020-03-25,09:34:13,-0500,1051070977076068352,rafiahm89808445,sound of music,,@BucketheadCase @ranjona NVs are least bothered about the eating habits of others. It's only Vs who try to show off their holier than thou attitude as is obvious from RK's tweet.,en,['ranjona'],[],[],0,0,2,[],[],https://twitter.com/RafiAhm89808445/status/1242822099523100673,,,0,,Bangalore,,,,,,"{'user_id': None, 'username': None}",,,,
1242865362770649088,1242865189982097409,2020-03-25 12:26:08 CDT,2020-03-25,12:26:08,-0500,981857739067609088,flightofsand,Anne T. Fa,,And that's the only reason. Really.,en,[],[],[],0,0,3,[],[],https://twitter.com/flightofsand/status/1242865362770649088,,,0,,Bangalore,,,,,,"{'user_id': '981857739067609088', 'username': 'flightofsand'}",,,,
1242801680510521348,1242755140618076160,2020-03-25 08:13:05 CDT,2020-03-25,08:13:05,-0500,295787276,ragslondon,Rags Raghavendra,,@somnath1978 @learning_pt Person dependent solution vs a process driven one. No wonder we can't scale our solutions!,en,"['somnath1978', 'learning_pt']",[],[],0,1,5,[],[],https://twitter.com/RagsLondon/status/1242801680510521348,,,0,,Bangalore,,,,,,"{'user_id': '48924841', 'username': 'somnath1978'}",,,,
1242879215206199298,1242878227032330240,2020-03-25 13:21:11 CDT,2020-03-25,13:21:11,-0500,72811164,imisssingh,Ms. Singh,,@sonamakapoor Allah! You didn’t know that?,en,['sonamakapoor'],[],[],0,0,4,[],[],https://twitter.com/iMissSingh/status/1242879215206199298,,,0,,Bangalore,,,,,,"{'user_id': '51376979', 'username': 'sonamakapoor'}",,,,
1242858595198177281,1242857272880943105,2020-03-25 11:59:14 CDT,2020-03-25,11:59:14,-0500,50554477,leofsaldanha,Leo Saldanha,,"@BBMPCOMM @CPBlr @CMofKarnataka @BBMP_MAYOR @KarnatakaVarthe @BlrCityPolice @BBMPPHSplComm @WFRising @Namma_Bengaluru @HAL2S_RWA @Dnekundi_rising @BAFBLR Where are the Statutory Ward Cmts and Corporators in all this? S 13 of Kar Municipal Corp Act mandates you should guide decisions through them, and they in turn can involve residents’ Asso.  Pl don’t subvert the Constitution and sidestep the law.  Hope u will hold a WC meet next.",en,"['bbmpcomm', 'cpblr', 'cmofkarnataka', 'karnatakavarthe', 'blrcitypolice', 'wfrising', 'namma_bengaluru', 'hal2s_rwa', 'dnekundi_rising', 'bafblr']",[],[],0,2,7,[],[],https://twitter.com/leofsaldanha/status/1242858595198177281,,,0,,Bangalore,,,,,,"{'user_id': '4345658112', 'username': 'BBMPCOMM'}",,,,
1242864466313621504,1242844930185277445,2020-03-25 12:22:34 CDT,2020-03-25,12:22:34,-0500,219588261,jayeshshewale,Jayesh Shewale 🇮🇳,,"@SriSri @ArtofLiving @narendramodi @PMOIndia In case of any natural calamity or human crisis, you are always the first person to help, support and empower the needy. The world will be forever indebted to you for your service initiatives.",en,"['srisri', 'artofliving', 'narendramodi', 'pmoindia']",[],[],0,1,5,[],[],https://twitter.com/Jayeshshewale/status/1242864466313621504,,,0,,Bangalore,,,,,,"{'user_id': '61126132', 'username': 'SriSri'}",,,,
1242866161584201728,1242773120550752258,2020-03-25 12:29:18 CDT,2020-03-25,12:29:18,-0500,981857739067609088,flightofsand,Anne T. Fa,,"@marculenta I'm going to walk down church street, buy books at every bookstore, have lunch at India Coffee House, then hunker down at Matteo with an iced espresso latte and my new books",en,[],[],[],0,0,2,[],[],https://twitter.com/flightofsand/status/1242866161584201728,,,0,,Bangalore,,,,,,"{'user_id': None, 'username': None}",,,,
1242844606363992064,1242843943508705280,2020-03-25 11:03:39 CDT,2020-03-25,11:03:39,-0500,93601304,ajayrotti,Ajay Rotti,,@sushantsareen Everything on thay channel and his brain fails if he can't divide the panelists between two camps. There is no place for a third.,en,['sushantsareen'],[],[],0,0,3,[],[],https://twitter.com/ajayrotti/status/1242844606363992064,,,0,,Bangalore,,,,,,"{'user_id': '1572648817', 'username': 'sushantsareen'}",,,,
1242819255059398657,1242819255059398657,2020-03-25 09:22:55 CDT,2020-03-25,09:22:55,-0500,2272118538,aimanjkhan,Aiman Khan,,I hope cis het men use quarantine time at home to acknowledge and reflect on their overall misogyny and patriarchal behaviours.,en,[],[],[],1,0,5,[],[],https://twitter.com/aimanjkhan/status/1242819255059398657,,,0,,Bangalore,,,,,,"{'user_id': None, 'username': None}",,,,
1242874137757941762,1242857659897794560,2020-03-25 13:01:00 CDT,2020-03-25,13:01:00,-0500,867230725891923968,goodwillsandy,🇮🇳 Sandeep Kumar 🇮🇳,,"@adish_war @TellYourSonThis While men oppose feminist, I fear they may become the same.

In behaviour context.
@LifeMathMoney",en,"['tellyoursonthis', 'lifemathmoney']",[],[],0,1,2,[],[],https://twitter.com/goodwillsandy/status/1242874137757941762,,,0,,Bangalore,,,,,,"{'user_id': '2897708918', 'username': '0xAdish'}",,,,
1242860122998599680,1242858671777800193,2020-03-25 12:05:19 CDT,2020-03-25,12:05:19,-0500,960932516566745088,docsancharidas,Dr Sanchari Das,,"@EKTA22512267 @sanakinanad @sidharth_shukla @Shehnazgill123 As Sid always told great companionship matters more to him then marriage, so he got that if evrything goes smooth they will get married.",en,"['ekta22512267', 'sidharth_shukla', 'shehnazgill123']",[],[],2,0,2,[],[],https://twitter.com/docsancharidas/status/1242860122998599680,,,0,,Bangalore,,,,,,"{'user_id': '1219842686485532672', 'username': 'EKTA22512267'}",,,,
1242910935724912641,1242846809455652864,2020-03-25 15:27:13 CDT,2020-03-25,15:27:13,-0500,141858649,karthikjannu,Karthik Jannu,,@HMLokesh @rajeev_mp Swines. And that lady? Why isn't she arrested yet for instigating this fight?,en,"['hmlokesh', 'rajeev_mp']",[],[],0,0,3,[],[],https://twitter.com/KarthikJannu/status/1242910935724912641,,,0,,Bangalore,,,,,,"{'user_id': '2822032903', 'username': 'HMLokesh'}",,,,
1242911365020282885,1242846809455652864,2020-03-25 15:28:56 CDT,2020-03-25,15:28:56,-0500,141858649,karthikjannu,Karthik Jannu,,@AnjaliKoundinya @HMLokesh Escape agirthalle. ...need to put her behind the bars first,en,"['anjalikoundinya', 'hmlokesh']",[],[],0,0,2,[],[],https://twitter.com/KarthikJannu/status/1242911365020282885,,,0,,Bangalore,,,,,,"{'user_id': '888107669776510977', 'username': 'AnjaliKoundinya'}",,,,
1242858841705979905,1242710509255667712,2020-03-25 12:00:13 CDT,2020-03-25,12:00:13,-0500,39728371,saday01,Saday Tiwari,,@manonverchot @kcmouli25 @MistSunny @nehaa_sinha Shikra in my opinion. Barred underparts. Barring is more than this in Sparrowhawk.,en,"['manonverchot', 'kcmouli25', 'nehaa_sinha']",[],[],1,0,3,[],[],https://twitter.com/saday01/status/1242858841705979905,,,0,,Bangalore,,,,,,"{'user_id': '1115170825', 'username': 'manonverchot'}",,,,
1242937315690811394,1242813123746320385,2020-03-25 17:12:03 CDT,2020-03-25,17:12:03,-0500,878596933488484354,pitchaimuthup11,Pitchaimuthu.p1143@g,,@lemoncandys @marshahorn66 @Messiahanthem @hickoryhill8520 @trinitysfaith @kristia101 @jlshine5 @Carole77777 @BeachcatTt @emmanuelobi476 @SandiHKaye Amen,en,"['lemoncandys', 'marshahorn66', 'messiahanthem', 'hickoryhill8520', 'trinitysfaith', 'kristia101', 'jlshine5', 'carole77777', 'beachcattt', 'emmanuelobi476', 'sandihkaye']",[],[],0,1,2,[],[],https://twitter.com/Pitchaimuthup11/status/1242937315690811394,,,0,,Bangalore,,,,,,"{'user_id': '71526369', 'username': 'lemoncandys'}",,,,
1242882581663584257,1242496954522796032,2020-03-25 13:34:33 CDT,2020-03-25,13:34:33,-0500,1187006611,namiashok,Ashok Raut,,"@peppermint65 @mitchellvii Which means 10s of 1000s should have died by now as in Italy. 
The fact is India was one of the first nation to recognise danger.  Also the fact is 1000s of people are under home quarantine &amp; therefore may be positive. So the right number of Infection may come in a weeks time.",en,"['peppermint65', 'mitchellvii']",[],[],0,0,9,[],[],https://twitter.com/namiashok/status/1242882581663584257,,,0,,Bangalore,,,,,,"{'user_id': None, 'username': None}",,,,
1242881076491476992,1242880837193850880,2020-03-25 13:28:34 CDT,2020-03-25,13:28:34,-0500,2286417703,blrrocks,ತರ್ಲೆ 𝗧𝗵𝗶𝗺𝗺𝗮,,"@dp_satish @RishikaSadam India Pakistan 1947, might not have been this worse....",en,"['dp_satish', 'rishikasadam']",[],[],2,0,4,[],[],https://twitter.com/BLRrocKS/status/1242881076491476992,,,0,,Bangalore,,,,,,"{'user_id': '148241803', 'username': 'dp_satish'}",,,,
1242836319753166849,1242829235636457479,2020-03-25 10:30:44 CDT,2020-03-25,10:30:44,-0500,731708249347514371,ankitkr0,Ankit Kumar,,"@iankar_ @SlackHQ @Google @salesforce @Nasdaq Seriously, the coolest house in the group🤑",en,"['iankar_', 'slackhq', 'google', 'salesforce', 'nasdaq']",[],[],0,0,3,[],[],https://twitter.com/ankitkr0/status/1242836319753166849,,,0,,Bangalore,,,,,,"{'user_id': '78617337', 'username': 'iankar_'}",,,,
1242869307421249537,1242853957715673088,2020-03-25 12:41:48 CDT,2020-03-25,12:41:48,-0500,1114745414,joshi_aar,Ravi Joshi,,@NammaBengaluroo Will talk to authorities. Both @CPBlr and @DgpKarnataka are reasonable people who are handling an unprecedented problem and need our full support. Am sure they will solve all our issues. There may be teething troubles though,en,"['nammabengaluroo', 'cpblr', 'dgpkarnataka']",[],[],1,0,2,[],[],https://twitter.com/Joshi_Aar/status/1242869307421249537,,,0,,Bangalore,,,,,,"{'user_id': '991206985587621888', 'username': 'NammaBengaluroo'}",,,,
