id,conversation_id,created_at,date,time,timezone,user_id,username,name,place,tweet,language,mentions,urls,photos,replies_count,retweets_count,likes_count,hashtags,cashtags,link,retweet,quote_url,video,thumbnail,near,geo,source,user_rt_id,user_rt,retweet_id,reply_to,retweet_date,translate,trans_src,trans_dest
1249710175755235328,1249710175755235328,2020-04-13 09:44:59 CDT,2020-04-13,09:44:59,-0500,264733420,anilannaiah,Anil Annaiah,,"#Celebrate your #Love #Story with #Nature here. Share your #Gratitude this #EarthDay. #Nominate your #Friends
Visit:https://t.co/HTNkkJNqld https://t.co/C7WXEASPF8",en,[],['http://www.facebook.com/anewlifepledge'],[],0,2,2,"['celebrate', 'love', 'story', 'nature', 'gratitude', 'earthday', 'nominate', 'friends']",[],https://twitter.com/AnilAnnaiah/status/1249710175755235328,,,1,https://pbs.twimg.com/ext_tw_video_thumb/1249710018905030656/pu/img/qEHaSXhwy9XbGsf6.jpg,Bangalore,,,,,,"{'user_id': None, 'username': None}",,,,
1249737113249054722,1249737113249054722,2020-04-13 11:32:01 CDT,2020-04-13,11:32:01,-0500,4538566158,srk_bangalore,SHAH RUKH KHAN FAN ASSOCIATION,,This is exactly how we feel whenever we see him agree #Srkians? 😍😍😍😍😍 Music credit goes to @RedChilliesEnt https://t.co/hrsbVOmsQV,en,['redchilliesent'],[],[],4,33,75,['srkians'],[],https://twitter.com/Srk_bangalore/status/1249737113249054722,,,1,https://pbs.twimg.com/ext_tw_video_thumb/1249737058882433025/pu/img/nXaJ7Ex_AxetxAc6.jpg,Bangalore,,,,,,"{'user_id': None, 'username': None}",,,,
1249672002371235843,1249672002371235843,2020-04-13 07:13:17 CDT,2020-04-13,07:13:17,-0500,74787719,manukumarjain,Manu Kumar Jain,,"Celebrating #Baisakhi with the 1st #Mango of the season. 100% organic, no pesticides. 😁

As a kid I loved eating mangoes. Sometimes I would eat 10-15 mangoes &amp; skip meals. 😋

Wishing everyone a very #HappyBaisakhi. 🤗 Be safe!

#Xiaomi ❤️ #India #IndiaFightsCorona https://t.co/pDd8xY4cI7",en,[],[],['https://pbs.twimg.com/media/EVe6DOdUYAAiG5g.jpg'],61,46,1419,"['baisakhi', 'mango', 'happybaisakhi', 'xiaomi', 'india', 'indiafightscorona']",[],https://twitter.com/manukumarjain/status/1249672002371235843,,,1,https://pbs.twimg.com/media/EVe6DOdUYAAiG5g.jpg,Bangalore,,,,,,"{'user_id': None, 'username': None}",,,,
1249787810216738816,1249787810216738816,2020-04-13 14:53:28 CDT,2020-04-13,14:53:28,-0500,1706594738,i_udita,Udita Pal 🧂,,"Thanks to all the 118 likes, I re-created @yayalexisgay 's video but a compilation of 'things Bengaluru Start-Up junta talk about' - Like, Retweet or use it to torture, someone, All I want is people to have a good time! https://t.co/3CW9Yz2m2q",en,['yayalexisgay'],[],[],11,4,69,[],[],https://twitter.com/i_Udita/status/1249787810216738816,,,1,https://pbs.twimg.com/ext_tw_video_thumb/1249787472357126144/pu/img/UyImMkgddpwseYMg.jpg,Bangalore,,,,,,"{'user_id': None, 'username': None}",,,,
1249737542259236864,1249737542259236864,2020-04-13 11:33:43 CDT,2020-04-13,11:33:43,-0500,1645191564,chaitrabv6,Chaitra_The Blessed one🤗,,Yayyyy that's me 😍❤️,en,[],[],[],0,3,5,[],[],https://twitter.com/chaitrabv6/status/1249737542259236864,,https://twitter.com/Srk_bangalore/status/1249737113249054722,0,,Bangalore,,,,,,"{'user_id': None, 'username': None}",,,,
1249730317432147971,1249730317432147971,2020-04-13 11:05:01 CDT,2020-04-13,11:05:01,-0500,2233110550,_priya96,Priyadarshini,,"From 
Bangalore ghilli girls team 😍

""Only we can fight together against covid-19 stay home stay safe stay healthy break the chain save the world"" 
#21daysLockdownIndia
#21daylockdown #21DaysChallenge #coronavirusinindia #StayHomeIndia #StayHomeStaySafe https://t.co/gL10yLoZ92",en,[],[],['https://pbs.twimg.com/media/EVfvE2YVAAALi7M.jpg'],0,1,5,"['21dayslockdownindia', '21daylockdown', '21dayschallenge', 'coronavirusinindia', 'stayhomeindia', 'stayhomestaysafe']",[],https://twitter.com/_priya96/status/1249730317432147971,,,1,https://pbs.twimg.com/media/EVfvE2YVAAALi7M.jpg,Bangalore,,,,,,"{'user_id': None, 'username': None}",,,,
1249678031381200896,1249678031381200896,2020-04-13 07:37:15 CDT,2020-04-13,07:37:15,-0500,917769322541535232,kaonlineskfans,Karnataka SKFC,,Mass Overloaded💯🔥🔥🥳 #SK @Siva_Kartikeyan Na🤗🥳🥳 https://t.co/zn7WUHk0gZ,en,['siva_kartikeyan'],[],['https://pbs.twimg.com/media/EVe_i8lWkAAdW-G.jpg'],2,1,6,['sk'],[],https://twitter.com/KAonlineSKfans/status/1249678031381200896,,,1,https://pbs.twimg.com/media/EVe_i8lWkAAdW-G.jpg,Bangalore,,,,,,"{'user_id': None, 'username': None}",,,,
1249830804055703552,1249830804055703552,2020-04-13 17:44:19 CDT,2020-04-13,17:44:19,-0500,778651798034755584,iambunty_shaikh,Bunty Shaikh,,"In 1980, Muhammad Ali, an American professional boxer, activist, and philanthropist visited Jama Masjid in Delhi.
#delhijamamasjid 
@MuhammadAli https://t.co/pDrnYNU3gZ",en,['muhammadali'],[],['https://pbs.twimg.com/media/EVhKfRMUUAI2TZj.jpg'],5,13,53,['delhijamamasjid'],[],https://twitter.com/IamBunty_Shaikh/status/1249830804055703552,,,1,https://pbs.twimg.com/media/EVhKfRMUUAI2TZj.jpg,Bangalore,,,,,,"{'user_id': None, 'username': None}",,,,
1249793006078693377,1249793006078693377,2020-04-13 15:14:07 CDT,2020-04-13,15:14:07,-0500,1246113029110075393,himank29_,Himank Gupta,,"You're playing the UCL finals. Just walked out of the tunnel with the bright lights shining over you and The Champions playing in the background.

Now imagine you're wearing the no.1 jersey for your team 👇👇

#football #goalkeeper #FootballsStayingHome

https://t.co/5LT9oe0C7S https://t.co/0cStfDBnBD",en,[],['http://wp.me/pbO6tD-2U'],['https://pbs.twimg.com/media/EVgoG8VWkAENARN.jpg'],0,1,1,"['football', 'goalkeeper', 'footballsstayinghome']",[],https://twitter.com/himank29_/status/1249793006078693377,,,1,https://pbs.twimg.com/media/EVgoG8VWkAENARN.jpg,Bangalore,,,,,,"{'user_id': None, 'username': None}",,,,
1249737110791192576,1249737110791192576,2020-04-13 11:32:00 CDT,2020-04-13,11:32:00,-0500,77690334,banapur,BMR,,"@ElHoyoLaPeli #ThePlatform is the best allegory movie I’ve ever seen,exposes the real face of humanity! wow wow wat an imagination to show how ugly we are at our core and I definitely recommend this one to every fucking animal !! @netflix https://t.co/v4S8TyxqeB",en,"['elhoyolapeli', 'netflix']",[],['https://pbs.twimg.com/media/EVf1RcoUwAAFjSh.jpg'],0,2,9,['theplatform'],[],https://twitter.com/BANAPUR/status/1249737110791192576,,,1,https://pbs.twimg.com/media/EVf1RcoUwAAFjSh.jpg,Bangalore,,,,,,"{'user_id': '978933699768193024', 'username': 'ElHoyoLaPeli'}",,,,
1249770534574809088,1249770534574809088,2020-04-13 13:44:49 CDT,2020-04-13,13:44:49,-0500,876003545551486976,orangewayfarer,orangewayfarer 👣👣,,Ordered in Sharif Bhai's biryani in Bangalore a few days back. Love the mutton pieces. The rice is more of an acquired taste though. #biryani https://t.co/57QN0TsbpD,en,[],[],['https://pbs.twimg.com/media/EVgTqiEU4AAIXvA.jpg'],0,0,9,['biryani'],[],https://twitter.com/orangewayfarer/status/1249770534574809088,,,1,https://pbs.twimg.com/media/EVgTqiEU4AAIXvA.jpg,Bangalore,,,,,,"{'user_id': None, 'username': None}",,,,
1249764952933466112,1249764952933466112,2020-04-13 13:22:38 CDT,2020-04-13,13:22:38,-0500,38134365,nand_bo,Nandita Bose,,"Texas Hold ‘Em poker. Yeah, I had the queens. https://t.co/Kqu2lyQ8i0",en,[],[],['https://pbs.twimg.com/media/EVgOmIeVAAAkjlE.jpg'],2,0,4,[],[],https://twitter.com/nand_bo/status/1249764952933466112,,,1,https://pbs.twimg.com/media/EVgOmIeVAAAkjlE.jpg,Bangalore,,,,,,"{'user_id': None, 'username': None}",,,,
1249681176437985280,1249681176437985280,2020-04-13 07:49:45 CDT,2020-04-13,07:49:45,-0500,195672088,prakashg_cb,Prakash G,,"This, from @deeputalks, is as comprehensive as it gets on DRS, and answers so many questions!",en,['deeputalks'],[],[],0,4,28,[],[],https://twitter.com/PrakashG_CB/status/1249681176437985280,,https://twitter.com/cricbuzz/status/1249677624147734529,0,,Bangalore,,,,,,"{'user_id': None, 'username': None}",,,,
1249760604610420737,1249760604610420737,2020-04-13 13:05:22 CDT,2020-04-13,13:05:22,-0500,128984274,singh_biswajeet,Biswajeet,,"Chomu, don't celebrate prematurely like Agra Model🤕",en,[],[],[],1,4,12,[],[],https://twitter.com/singh_biswajeet/status/1249760604610420737,,https://twitter.com/amitmalviya/status/1249759015598321668,0,,Bangalore,,,,,,"{'user_id': None, 'username': None}",,,,
1249769724185120770,1249769724185120770,2020-04-13 13:41:36 CDT,2020-04-13,13:41:36,-0500,827103969260474368,sandeep_office4,Sandeep Vishwkarma ( संदीप विश्वकर्मा),,"The BJP govt should shed its ego &amp; listen to those with far more experience &amp; knowledge.

#ActNowSaveEconomy https://t.co/w2FkPOZFuP",en,[],[],['https://pbs.twimg.com/media/EVgSLwQWoAApTR5.jpg'],0,0,2,['actnowsaveeconomy'],[],https://twitter.com/Sandeep_Office4/status/1249769724185120770,,,1,https://pbs.twimg.com/media/EVgSLwQWoAApTR5.jpg,Bangalore,,,,,,"{'user_id': None, 'username': None}",,,,
1249757971497644032,1249757971497644032,2020-04-13 12:54:54 CDT,2020-04-13,12:54:54,-0500,981857739067609088,flightofsand,Anne T. Fa,,"What an extraordinary and wonderful book. An evocation of artist Louise Bourgeoise by Jean Fremon, who knew her. More than a biography, an act of clairvoyance or ventriloquism. Translated by Cole Swensen https://t.co/uGDJtIdcla",en,[],[],['https://pbs.twimg.com/media/EVgIPJCUUAEUBel.jpg'],0,0,4,[],[],https://twitter.com/flightofsand/status/1249757971497644032,,,1,https://pbs.twimg.com/media/EVgIPJCUUAEUBel.jpg,Bangalore,,,,,,"{'user_id': None, 'username': None}",,,,
1249752421523435521,1249752421523435521,2020-04-13 12:32:51 CDT,2020-04-13,12:32:51,-0500,794794277016457216,prajwalmanipal,Prajwal,,Karnataka reports eighth death linked to COVID-19. 65 year old man from Bengaluru who died today tests positive for the virus. More details awaited.,en,[],[],[],2,5,29,[],[],https://twitter.com/prajwalmanipal/status/1249752421523435521,,,0,,Bangalore,,,,,,"{'user_id': None, 'username': None}",,,,
1249717489065324544,1249717489065324544,2020-04-13 10:14:02 CDT,2020-04-13,10:14:02,-0500,31759530,sshivu,s shiva kumar,,'Ji' is an underrated film with a controlled performance by #ThalaAjith . I wish Lingusamy hadn't ventured into production and pray where is Vidyasagar? https://t.co/XnYv1LKKR0,en,[],[],['https://pbs.twimg.com/media/EVfjbsWUwAA8sOf.jpg'],1,0,7,['thalaajith'],[],https://twitter.com/sshivu/status/1249717489065324544,,,1,https://pbs.twimg.com/media/EVfjbsWUwAA8sOf.jpg,Bangalore,,,,,,"{'user_id': None, 'username': None}",,,,
1249760877034668032,1249760877034668032,2020-04-13 13:06:27 CDT,2020-04-13,13:06:27,-0500,2288490336,hashankaranaray,H.A.Shankaranarayana,,"His gimmickery continues!

He shifts d burden on states to avoid him being accountable!

Might announce partial relaxation in lock down in selected areas in a fuzzy manner!

Don't expect relief either to d poor or health workers!

Gist:

Nothing to take #Covid19India head-on!",en,[],[],[],0,2,6,['covid19india'],[],https://twitter.com/HAShankaranaray/status/1249760877034668032,,https://twitter.com/nanuramu/status/1249747113103298560,0,,Bangalore,,,,,,"{'user_id': None, 'username': None}",,,,
1249746727864684544,1249746727864684544,2020-04-13 12:10:13 CDT,2020-04-13,12:10:13,-0500,2272118538,aimanjkhan,Aiman Khan,,'The jingoist nation and nationalism have got weaponized by the political class to destroy dissent and polarize people... I earnestly hopes that you will speak out before your turn comes.' - Anand Teltumbde on the eve of his arrest.  #IStandWithAnand,en,[],[],[],0,2,7,['istandwithanand'],[],https://twitter.com/aimanjkhan/status/1249746727864684544,,,0,,Bangalore,,,,,,"{'user_id': None, 'username': None}",,,,
1249757345049006081,1249757345049006081,2020-04-13 12:52:25 CDT,2020-04-13,12:52:25,-0500,49323834,aavilash,ABHILASH MISHRA,,"We will win this, The messangers of god are in our side (In their Uniforms)
#Respect 

@BJDITWing @debesh_bjd  @bjd_odisha @BJDITWing @PatiPrasenjeet @SujeetKOfficial @rajaaswain @sasmitpatra @Amar4Odisha  @spbalangir @arunbothra @nabadasjsg @Nbdhal
@CMO_Odisha @MausamMishraBJD https://t.co/SdXSy300rz",en,"['bjditwing', 'debesh_bjd', 'bjd_odisha', 'bjditwing', 'patiprasenjeet', 'sujeetkofficial', 'rajaaswain', 'sasmitpatra', 'amar4odisha', 'spbalangir', 'arunbothra', 'nabadasjsg', 'cmo_odisha']",[],['https://pbs.twimg.com/media/EVgHrQBUUAAE4CK.jpg'],0,0,6,['respect'],[],https://twitter.com/aavilash/status/1249757345049006081,,,1,https://pbs.twimg.com/media/EVgHrQBUUAAE4CK.jpg,Bangalore,,,,,,"{'user_id': None, 'username': None}",,,,
1249778413096677376,1249778413096677376,2020-04-13 14:16:08 CDT,2020-04-13,14:16:08,-0500,958347876572123136,s_odisha,Priyasha Rana,,"Pana Sankranti Aau Odia Nua Barsa Ra Hardhika Abhinandan 🙏

Bela Pana ❤️

Beal/ Melon Sharbat❤️

On The Special Occasion Of Pana Sankranti 😍 From My Maa's Kitchen. I have not prepared it this year because of unavailablity of many items. So asked Maa and Papa to share some pics. https://t.co/1ocILoReZN",en,[],[],"['https://pbs.twimg.com/media/EVga02GUEAE-m_u.jpg', 'https://pbs.twimg.com/media/EVga1VTUEAEeMW9.jpg']",1,1,11,[],[],https://twitter.com/s_odisha/status/1249778413096677376,,,1,https://pbs.twimg.com/media/EVga02GUEAE-m_u.jpg,Bangalore,,,,,,"{'user_id': None, 'username': None}",,,,
1249708906458173441,1249708906458173441,2020-04-13 09:39:56 CDT,2020-04-13,09:39:56,-0500,516604718,nekoyamashingo,sneko | curry palindrome | doublebass,,"Chicken Curry for my family which is 
not too spicy with only 2 Byadagi chilli.
1. Saute Onion
2. Saute dahi after frying spice well
3. Chicken into curry and stir
4. Add boiled water to finish
I didn't anything special but saute spice well.
it goes well with PICKLE. https://t.co/floLwBLqMk",en,[],[],"['https://pbs.twimg.com/media/EVfblfWUcAE31sH.jpg', 'https://pbs.twimg.com/media/EVfbmJuU8AAmyC4.jpg', 'https://pbs.twimg.com/media/EVfbm8BU0AMUK2t.jpg', 'https://pbs.twimg.com/media/EVfbnmGU0AES9AU.jpg']",0,0,3,[],[],https://twitter.com/nekoyamashingo/status/1249708906458173441,,,1,https://pbs.twimg.com/media/EVfblfWUcAE31sH.jpg,Bangalore,,,,,,"{'user_id': None, 'username': None}",,,,
1249759220532043777,1249759220532043777,2020-04-13 12:59:52 CDT,2020-04-13,12:59:52,-0500,900204127229267970,jaykiranhosur,JayHo.ಜೈಹೊ (Jayakiran Eshwar H),,"Distributing lunch (Roti Sabji) to the needy workers, daily labours in 'Bengaluru North' Thanks to all residents  specially all the ladies for volunteering  this nobal cause! #FeedTheNeedy #CoronaWarriors @JPNaddaOffice @narendramodi @DVSadanandGowda @BJP4Karnataka @BJP4India https://t.co/l29fwEloMn",en,"['jpnaddaoffice', 'narendramodi', 'dvsadanandgowda', 'bjp4karnataka', 'bjp4india']",[],"['https://pbs.twimg.com/media/EVgJVYpUYAABvLh.jpg', 'https://pbs.twimg.com/media/EVgJWUdU0AED295.jpg', 'https://pbs.twimg.com/media/EVgJXIeUYAAC3us.jpg', 'https://pbs.twimg.com/media/EVgJYDbU0AAB2tC.jpg']",0,1,4,"['feedtheneedy', 'coronawarriors']",[],https://twitter.com/jaykiranhosur/status/1249759220532043777,,,1,https://pbs.twimg.com/media/EVgJVYpUYAABvLh.jpg,Bangalore,,,,,,"{'user_id': None, 'username': None}",,,,
1249765198556065793,1249765198556065793,2020-04-13 13:23:37 CDT,2020-04-13,13:23:37,-0500,768849649,nayakspradeep,Pradi unknownu😎 🇮🇳,,"Hi #juniorramya  @srivatsayb of #kpcc &amp; @INCIndia if you have missed out ""READ""  &amp; Inform your FRIENDS of ""2ndsource"" to get admitted in nearest #COVID2019 centre in TN🙏🏼😁

@ishafoundation 🙏🏼🙏🏼🙏🏼
@Tejasvi_Surya @astitvam @mechirubhat 

@Radha_Ramana_ @ramapriya1989 @chikkasose2",en,"['srivatsayb', 'incindia', 'ishafoundation', 'tejasvi_surya', 'astitvam', 'mechirubhat', 'ramapriya1989']",[],[],0,1,5,"['juniorramya', 'kpcc', 'covid2019']",[],https://twitter.com/Nayakspradeep/status/1249765198556065793,,https://twitter.com/ishafoundation/status/1249569126265184262,0,,Bangalore,,,,,,"{'user_id': None, 'username': None}",,,,
1249830030902849536,1249748816875552777,2020-04-13 17:41:14 CDT,2020-04-13,17:41:14,-0500,176434462,annaiillambala,தங்கவேல் பாலசுப்ரமணியன்🇮🇳,,@SirrrJadeja @ankur3308 Hmm.. the below terrorist is belongs to which category? https://t.co/yJchVXGhxE,en,"['sirrrjadeja', 'ankur3308']",[],['https://pbs.twimg.com/media/EVhJyVGUEAAwcIe.jpg'],6,0,12,[],[],https://twitter.com/annaiillambala/status/1249830030902849536,,,1,https://pbs.twimg.com/media/EVhJyVGUEAAwcIe.jpg,Bangalore,,,,,,"{'user_id': '3924321952', 'username': 'SirrrJadeja'}",,,,
1249772848098340866,1249772848098340866,2020-04-13 13:54:01 CDT,2020-04-13,13:54:01,-0500,1096814777534504960,sangeetha9782,sangeetha ... ❤❤❤,,"🤗🤗❤❤yash I'm very excited today I see live with you dear😘😘Good night my cute ASR  sweet dreams dear 😍😍😍😘😘😘💟.@Yash_Dasgupta 😍😍,@YashhD_FC 😘 https://t.co/4Pq61opfAq",en,"['yash_dasgupta', 'yashhd_fc']",[],"['https://pbs.twimg.com/media/EVgVuT-UcAIEpHo.jpg', 'https://pbs.twimg.com/media/EVgVvXzUcAMBmEp.jpg', 'https://pbs.twimg.com/media/EVgVwM0UwAAvErc.jpg', 'https://pbs.twimg.com/media/EVgVxDWUcAExuyI.jpg']",0,1,13,[],[],https://twitter.com/sangeetha9782/status/1249772848098340866,,,1,https://pbs.twimg.com/media/EVgVuT-UcAIEpHo.jpg,Bangalore,,,,,,"{'user_id': None, 'username': None}",,,,
1249754602947235840,1249754602947235840,2020-04-13 12:41:31 CDT,2020-04-13,12:41:31,-0500,2288490336,hashankaranaray,H.A.Shankaranarayana,,"PM like speech...?!

Incurable optimist...!
 
God bless you!
 
Good luck!",en,[],[],[],0,1,5,[],[],https://twitter.com/HAShankaranaray/status/1249754602947235840,,https://twitter.com/nanuramu/status/1249747113103298560,0,,Bangalore,,,,,,"{'user_id': None, 'username': None}",,,,
1249689166880751617,1249689166880751617,2020-04-13 08:21:30 CDT,2020-04-13,08:21:30,-0500,448764973,raghu_madgula,Raghu Madgula,,Yes. That's modus operandi for quite sometime now.,en,[],[],[],1,1,2,[],[],https://twitter.com/raghu_madgula/status/1249689166880751617,,https://twitter.com/logicalindianz/status/1249661235634638848,0,,Bangalore,,,,,,"{'user_id': None, 'username': None}",,,,
1249750388770668554,1249750388770668554,2020-04-13 12:24:46 CDT,2020-04-13,12:24:46,-0500,58722145,nagarjund,Nagarjun Dwarakanath,,"2 deaths of Covid19 positive patients on same day in Karnataka. One from Bangalore and one from Kalburgi.
 Total deaths in state = 8
#COVID19outbreak",en,[],[],[],0,2,25,['covid19outbreak'],[],https://twitter.com/nagarjund/status/1249750388770668554,,,0,,Bangalore,,,,,,"{'user_id': None, 'username': None}",,,,
1249770485182656519,1249770485182656519,2020-04-13 13:44:37 CDT,2020-04-13,13:44:37,-0500,964705907044057088,nsatyababu4,N Satyababu4 (Valmiki),,"I wish all happy celebrations of 129TH birthday of Dr Babasaheb Ambedkar ji Jayanthi @syndicatebank now @canarabank ,@mmahapatra sir.
🙏🙏🙏🙏🙏🙏🙏🙏 https://t.co/y1A0mg66it",en,"['syndicatebank', 'canarabank', 'mmahapatra']",[],['https://pbs.twimg.com/media/EVgToP3UcAEJCaZ.jpg'],0,0,3,[],[],https://twitter.com/NSatyababu4/status/1249770485182656519,,,1,https://pbs.twimg.com/media/EVgToP3UcAEJCaZ.jpg,Bangalore,,,,,,"{'user_id': None, 'username': None}",,,,
1249802699702284288,1249802699702284288,2020-04-13 15:52:38 CDT,2020-04-13,15:52:38,-0500,802492967327936512,deepjoshixyz,Deep Joshi,,"What a lovely site and curation man ❤
Learning so much from you and your journey 🙏  also your #Openstartup movement is so inspiring🔥 

You both (@poojadav ) Such a creative, ambitious, enthusiastic human being 😇🍻

Lots of love Guys ❤😇
Best wishes for PD 2.0🍦",en,['poojadav'],[],[],2,2,10,['openstartup'],[],https://twitter.com/deepjoshixyz/status/1249802699702284288,,https://twitter.com/WeirdoWizard/status/1249594680343515137,0,,Bangalore,,,,,,"{'user_id': None, 'username': None}",,,,
1249666511616106496,1249661170627293194,2020-04-13 06:51:28 CDT,2020-04-13,06:51:28,-0500,1887434412,pratapreddyc,"Pratap Reddy, IPS",,"@DgpKarnataka At your service, #KarnatakaStatePolice! 
Help us to serve you better. Approach us with details - immediate family members only! 
@BlrCityPolice @DgpKarnataka https://t.co/U70ICtUJAo",en,"['dgpkarnataka', 'blrcitypolice', 'dgpkarnataka']",[],['https://pbs.twimg.com/media/EVe1EC6UYAEkvza.jpg'],5,15,23,['karnatakastatepolice'],[],https://twitter.com/PratapReddyC/status/1249666511616106496,,,1,https://pbs.twimg.com/media/EVe1EC6UYAEkvza.jpg,Bangalore,,,,,,"{'user_id': '1223471076295921664', 'username': 'DgpKarnataka'}",,,,
1249779463358828544,1249779463358828544,2020-04-13 14:20:18 CDT,2020-04-13,14:20:18,-0500,1371533450,malviyaop,omalviya.tez,,This is what I wanted!,en,[],[],[],0,0,5,[],[],https://twitter.com/MalviyaOp/status/1249779463358828544,,https://twitter.com/camlCaseTech/status/1249713880500142081,0,,Bangalore,,,,,,"{'user_id': None, 'username': None}",,,,
1249758343393996803,1249758343393996803,2020-04-13 12:56:23 CDT,2020-04-13,12:56:23,-0500,96714421,kamal_parashar,क्षितीश Kamal Parashar 🇮🇳,,Be positive that you wont be positive !,en,[],[],[],0,0,3,[],[],https://twitter.com/kamal_parashar/status/1249758343393996803,,https://twitter.com/Ananthaforu/status/1249750034318385152,0,,Bangalore,,,,,,"{'user_id': None, 'username': None}",,,,
1249798249319292928,1249798249319292928,2020-04-13 15:34:57 CDT,2020-04-13,15:34:57,-0500,1887427074,deldanladakhi,Deldan Namgial,,"Happy Ambedkar Jayanti.💐
My sincere homage to the greatest Indian freedom fighter, jurist, economist, politician &amp; social reformer Dr B.R Ambedkar on his birth anniversary. 
@MPLadakh @pstobdan @DvCom_Secretary @R_K_Mathur @narendramodi @AmitShah https://t.co/cEuPSe4X8b",en,"['mpladakh', 'pstobdan', 'dvcom_secretary', 'r_k_mathur', 'narendramodi', 'amitshah']",[],['https://pbs.twimg.com/media/EVgs4fZUMAIqx7C.jpg'],0,0,3,[],[],https://twitter.com/deldanladakhi/status/1249798249319292928,,,1,https://pbs.twimg.com/media/EVgs4fZUMAIqx7C.jpg,Bangalore,,,,,,"{'user_id': None, 'username': None}",,,,
1249733869038755841,1249733869038755841,2020-04-13 11:19:07 CDT,2020-04-13,11:19:07,-0500,67353351,sandy_clicks,SANDY,,Agree to him first time..makes sense.,en,[],[],[],2,0,4,[],[],https://twitter.com/sandy_clicks/status/1249733869038755841,,https://twitter.com/RahulGandhi/status/1249334224844288003,0,,Bangalore,,,,,,"{'user_id': None, 'username': None}",,,,
1249743436564934656,1249743436564934656,2020-04-13 11:57:09 CDT,2020-04-13,11:57:09,-0500,1625021,hawkeye,Muralikrishnan B,,Never stop trying harder,en,[],[],[],1,0,27,[],[],https://twitter.com/hawkeye/status/1249743436564934656,,https://twitter.com/eliistender10/status/1249061573412425728,0,,Bangalore,,,,,,"{'user_id': None, 'username': None}",,,,
1249679264120791040,1249679264120791040,2020-04-13 07:42:09 CDT,2020-04-13,07:42:09,-0500,917769322541535232,kaonlineskfans,Karnataka SKFC,,Mass💯🔥🔥🥳 #SeemarajaOnSunTv,en,[],[],[],0,3,1,['seemarajaonsuntv'],[],https://twitter.com/KAonlineSKfans/status/1249679264120791040,,https://twitter.com/AnandSkfc/status/1249677124748730369,0,,Bangalore,,,,,,"{'user_id': None, 'username': None}",,,,
1249747188932100097,1249747188932100097,2020-04-13 12:12:03 CDT,2020-04-13,12:12:03,-0500,15915099,anupsoans,Anup Soans,,"What's the biggest lesson from Kerala?

An educated and informed electorate ensures that politicians and bureaucrats will do the necessary...",en,[],[],[],7,2,22,[],[],https://twitter.com/anupsoans/status/1249747188932100097,,https://twitter.com/drthomasisaac/status/1249375065155592192,0,,Bangalore,,,,,,"{'user_id': None, 'username': None}",,,,
1249758425321332736,1249758425321332736,2020-04-13 12:56:42 CDT,2020-04-13,12:56:42,-0500,1047810236990423040,noorzahira2,Noor Zahira,,Thank you @NabiyaKhan11 for recognizing our efforts and helping us help more.,en,['nabiyakhan11'],[],[],0,1,5,[],[],https://twitter.com/NoorZahira2/status/1249758425321332736,,https://twitter.com/NabiyaKhan11/status/1249718878717923328,0,,Bangalore,,,,,,"{'user_id': None, 'username': None}",,,,
1249742751769350144,1249742751769350144,2020-04-13 11:54:25 CDT,2020-04-13,11:54:25,-0500,1861287276,darshandevaiahb,Darshan Devaiah B P,,"At coronavirus checkposts across India, a traffic jam of excuses
@IndianExpress 

Read: https://t.co/KuOIPWV8ki https://t.co/cMZJ1bKSKH",en,['indianexpress'],['https://bit.ly/2XwlBFH'],['https://pbs.twimg.com/media/EVf6Z0tVAAU5xOF.jpg'],0,1,1,[],[],https://twitter.com/DarshanDevaiahB/status/1249742751769350144,,,1,https://pbs.twimg.com/media/EVf6Z0tVAAU5xOF.jpg,Bangalore,,,,,,"{'user_id': None, 'username': None}",,,,
1249779103437189120,1249779103437189120,2020-04-13 14:18:52 CDT,2020-04-13,14:18:52,-0500,1025980894769762304,suhasaithal16,Suhas Aithal,,"I don't understand the point of all these glorifications of Kerala when many states especially Karnataka has done very well to flatten the Covid-19 curve.
#COVID__19 #covidindia #Karnataka https://t.co/lFhwRwUe8Q",en,[],['https://twitter.com/i/events/1249710919250137089'],[],0,0,6,"['covid__19', 'covidindia', 'karnataka']",[],https://twitter.com/SuhasAithal16/status/1249779103437189120,,,0,,Bangalore,,,,,,"{'user_id': None, 'username': None}",,,,
1249714023110602761,1249714023110602761,2020-04-13 10:00:16 CDT,2020-04-13,10:00:16,-0500,2945883950,sanjaykumaarr,"Sanjay Kumar, SelectorsHub Creator",,"A Smarter Way of Web Development &amp; Testing.👨‍💻
Super excited for this event on 17th April, 2.30pm IST.

REGISTER NOW
https://t.co/9DCzPMl7wJ
The #Webinar is FREE &amp; there is NO Registration Charge.

Thank you @stepin_forum @AutonomIQ_AI @ChroPath for hosting this community event!",en,"['stepin_forum', 'autonomiq_ai', 'chropath']",['https://bit.ly/2K2Ipou'],[],0,3,5,['webinar'],[],https://twitter.com/SanjayKumaarr/status/1249714023110602761,,https://twitter.com/stepin_forum/status/1249607983320813569,0,,Bangalore,,,,,,"{'user_id': None, 'username': None}",,,,
1249705637182713856,1249705637182713856,2020-04-13 09:26:56 CDT,2020-04-13,09:26:56,-0500,466400565,snehasherkane,Sneha Sabnis Sherkane,,"Jonty Rhodes setting major HIIT goals! 🌟 What an intense session!
@JontyRhodes8 @BeCureFit
#MondayMotivaton",en,['jontyrhodes8'],[],[],1,0,6,['mondaymotivaton'],[],https://twitter.com/SnehaSherkane/status/1249705637182713856,,,0,,Bangalore,,,,,,"{'user_id': None, 'username': None}",,,,
1249750983548305408,1249750983548305408,2020-04-13 12:27:08 CDT,2020-04-13,12:27:08,-0500,794794277016457216,prajwalmanipal,Prajwal,,A thread for state-wise information about COVID-19,en,[],[],[],0,1,4,[],[],https://twitter.com/prajwalmanipal/status/1249750983548305408,,https://twitter.com/onosmosis/status/1249736687535579136,0,,Bangalore,,,,,,"{'user_id': None, 'username': None}",,,,
1249738214207717381,1249738214207717381,2020-04-13 11:36:23 CDT,2020-04-13,11:36:23,-0500,2529020570,vinayursks,Vinay Urs K S,,Pl visit us here https://t.co/uIsIZnnZAp . A very user friendly n comprehensive software to capture the death information in Indian setup,en,[],['http://www.ncdirindia.org/e-mor/'],[],0,1,4,[],[],https://twitter.com/vinayursks/status/1249738214207717381,,https://twitter.com/drmathurp/status/1132906992496812032,0,,Bangalore,,,,,,"{'user_id': None, 'username': None}",,,,
1249778565119262720,1249778565119262720,2020-04-13 14:16:44 CDT,2020-04-13,14:16:44,-0500,876371759074877440,go_movie_mango,Movie Mango,,Caste is an English word dear Arfa,en,[],[],[],0,2,10,[],[],https://twitter.com/Go_Movie_Mango/status/1249778565119262720,,https://twitter.com/khanumarfa/status/1249590741925412864,0,,Bangalore,,,,,,"{'user_id': None, 'username': None}",,,,
1249835485888786432,1249835485888786432,2020-04-13 18:02:55 CDT,2020-04-13,18:02:55,-0500,1078426377731350535,pjosephlopez1,P Joseph  Lopez,,"Thats So UNSELFISH OF HIM.! 
ALMOST 2 CRORES A MONTH AND HOW HUMBLING  HUMANE!!!.....😭😭",en,[],[],[],1,0,4,[],[],https://twitter.com/PJosephLopez1/status/1249835485888786432,,https://twitter.com/arunbothra/status/1249641717537468416,0,,Bangalore,,,,,,"{'user_id': None, 'username': None}",,,,
1249755300355141632,1249755300355141632,2020-04-13 12:44:17 CDT,2020-04-13,12:44:17,-0500,221685947,rajesh7397,R.A.J.E.S.H,,"1242 Positive cases today 😥

Zone wise vaddu ❤️ da wise vaddu...total lockdown chesey Swamy @narendramodi @PMOIndia",en,"['narendramodi', 'pmoindia']",[],[],0,1,1,[],[],https://twitter.com/rajesh7397/status/1249755300355141632,,,0,,Bangalore,,,,,,"{'user_id': None, 'username': None}",,,,
1249748657575886858,1249748657575886858,2020-04-13 12:17:53 CDT,2020-04-13,12:17:53,-0500,1861287276,darshandevaiahb,Darshan Devaiah B P,,"#JUSTIN Karnataka reports 8th death due to #coronavirus. 65 year old male patient from Bengaluru was admiited in RGICD on 12/04/2020 and died today. His test result is positive for COVID, confirmed @DHFWKA 

@IndianExpress",en,"['dhfwka', 'indianexpress']",[],[],1,4,7,"['justin', 'coronavirus']",[],https://twitter.com/DarshanDevaiahB/status/1249748657575886858,,,0,,Bangalore,,,,,,"{'user_id': None, 'username': None}",,,,
1249748545365618690,1249748545365618690,2020-04-13 12:17:27 CDT,2020-04-13,12:17:27,-0500,52013300,chakli_nipattu,Roshan,,Lovely!!! the fav music player of all in year 2000's miss it now.....,en,[],[],[],1,0,1,[],[],https://twitter.com/chakli_nipattu/status/1249748545365618690,,https://twitter.com/Hartej_/status/1249209015277621251,0,,Bangalore,,,,,,"{'user_id': None, 'username': None}",,,,
1249789273907146752,1249789273907146752,2020-04-13 14:59:17 CDT,2020-04-13,14:59:17,-0500,1075585510666457090,sudanmartyrs,درقة ساي,,Save your degnity and be be a human it's worldwide war against a one enemy if you have if you have an atom of humanity #LiftSudanBanC19,en,[],[],[],0,3,0,['liftsudanbanc19'],[],https://twitter.com/sudanmartyrs/status/1249789273907146752,,,0,,Bangalore,,,,,,"{'user_id': None, 'username': None}",,,,
1249742604473794562,1249742604473794562,2020-04-13 11:53:50 CDT,2020-04-13,11:53:50,-0500,88752232,vinaychaitanyad,Vinay Chaitanya,,"You’re a collection of an incredible wealth of personalities who incarnate in many different systems of reality!

~ Bringers of the Dawn

#NowReading",en,[],[],[],0,0,1,['nowreading'],[],https://twitter.com/VinayChaitanyaD/status/1249742604473794562,,,0,,Bangalore,,,,,,"{'user_id': None, 'username': None}",,,,
1249711125924581380,1249711125924581380,2020-04-13 09:48:45 CDT,2020-04-13,09:48:45,-0500,936061640,gtawade84,Nilesh tawade,,"Thanx hanumanji ..my 5 yr old son drank two glass of milk first time yesterday after watching ""Ramayana"" . He said  ""Jai Shree Ram"" ..and finished it..😄😄🙏🙏 @arungovil12 #Ramayana",en,['arungovil12'],[],[],0,0,1,['ramayana'],[],https://twitter.com/GTawade84/status/1249711125924581380,,,0,,Bangalore,,,,,,"{'user_id': None, 'username': None}",,,,
1249810759661441024,1249810759661441024,2020-04-13 16:24:40 CDT,2020-04-13,16:24:40,-0500,2216231447,csreyanka,Sreyanka Chowdhury,,"Just took a while explaining this to my 2 married friends who've never had to use a dating app. I had forgotten such people exist! 
@tejsurabhi @lite_teesko",en,"['tejsurabhi', 'lite_teesko']",[],[],0,0,4,[],[],https://twitter.com/csreyanka/status/1249810759661441024,,https://twitter.com/nakhreywaali/status/1249742284288999424,0,,Bangalore,,,,,,"{'user_id': None, 'username': None}",,,,
1249797408105443328,1249797408105443328,2020-04-13 15:31:36 CDT,2020-04-13,15:31:36,-0500,40680246,anubhab,ଅନୁଭବ 🇮🇳,,No issue whether you are a Hindu or Muslim. But why to fake your identity. This means definitely his intention was not clear.,en,[],[],[],0,0,1,[],[],https://twitter.com/anubhab/status/1249797408105443328,,https://twitter.com/mvmeet/status/1248939348076056577,0,,Bangalore,,,,,,"{'user_id': None, 'username': None}",,,,
1249722185775751170,1249722185775751170,2020-04-13 10:32:42 CDT,2020-04-13,10:32:42,-0500,31749688,vsuvin,Suvin Mullaseril,,Reading articles that indicate that flattening the curve for #COVID19 is only a delay mechanism. Does not guarantee the eradication of the virus. Looks like the only options are either a vaccine (at least 1 year away) or herd immunity (which will be delayed even further 1/2,en,[],[],[],2,0,1,['covid19'],[],https://twitter.com/vsuvin/status/1249722185775751170,,,0,,Bangalore,,,,,,"{'user_id': None, 'username': None}",,,,
1249760123674718208,1249760123674718208,2020-04-13 13:03:27 CDT,2020-04-13,13:03:27,-0500,1114745414,joshi_aar,Ravi Joshi,,"Here’s another reason that might give @BSYBJP the confidence to slowly open up Bengaluru: Corona cases have been reported only in 30 of the 198 wards. So far, the Karnataka govt has done an excellent job in containing the spread of Corona. @lkatheeq",en,"['bsybjp', 'lkatheeq']",[],[],4,8,16,[],[],https://twitter.com/Joshi_Aar/status/1249760123674718208,,,0,,Bangalore,,,,,,"{'user_id': None, 'username': None}",,,,
1249733617057660928,1249733617057660928,2020-04-13 11:18:07 CDT,2020-04-13,11:18:07,-0500,345455088,naga2707,ನಾಗರೆಡ್ಡಿ | NaGReddY,,"Confidence is that feeling by which the mind embarks in great and honorable courses with a sure hope and trust in itself.
*- Marcus Tullius Cicero*",en,[],[],[],0,0,1,[],[],https://twitter.com/Naga2707/status/1249733617057660928,,,0,,Bangalore,,,,,,"{'user_id': None, 'username': None}",,,,
1249754509359763456,1249754509359763456,2020-04-13 12:41:09 CDT,2020-04-13,12:41:09,-0500,227417059,stacypereira89,Stacy Pereira,,"#Karnataka Covid-19 death toll rises to 8. Earlier in the day, P205- 55y.o man from Kalaburgi passed away. This patient, however, was not among the active positive cases in the state. 

Total no. of cases at 247 including 60 persons who've recovered 

@CNNnews18 @news18dotcom",en,"['cnnnews18', 'news18dotcom']",[],[],1,2,1,['karnataka'],[],https://twitter.com/StacyPereira89/status/1249754509359763456,,https://twitter.com/DHFWKA/status/1249750661123768323,0,,Bangalore,,,,,,"{'user_id': None, 'username': None}",,,,
1249742621028667394,1249742621028667394,2020-04-13 11:53:54 CDT,2020-04-13,11:53:54,-0500,50554477,leofsaldanha,Leo Saldanha,,"The fact that an address by @PMOIndia @narendramodi is filled with such fear &amp; mystery, is in itself a very dangerous sign of the state or Parliamentary governance of India. It indicates there is very little federalism &amp; too much centralisation of powers. Totally unconstitutional",en,"['pmoindia', 'narendramodi']",[],[],2,1,16,[],[],https://twitter.com/leofsaldanha/status/1249742621028667394,,,0,,Bangalore,,,,,,"{'user_id': None, 'username': None}",,,,
1249670239521923074,1249670239521923074,2020-04-13 07:06:17 CDT,2020-04-13,07:06:17,-0500,1110810355721068545,explorewithayu,Ayushi,"{'type': 'Point', 'coordinates': [12.971117, 77.597645]}","Hello fellow Bookworms ! I was tagged by Simran craartology1802  &amp; Sudeshna books.sunshine.bookworm to share my #quarantineschedule &amp; #quarantinelife  So, let's get started 😊
:
:
✨ Meditation- I started this a month… https://t.co/XsVOB2GLn8",en,[],['https://www.instagram.com/p/B-66Fp0AFyp/?igshid=729z78sdw7x'],[],0,0,2,"['quarantineschedule', 'quarantinelife']",[],https://twitter.com/explorewithayu/status/1249670239521923074,,,0,,Bangalore,,,,,,"{'user_id': None, 'username': None}",,,,
1249765338121568257,1249765338121568257,2020-04-13 13:24:10 CDT,2020-04-13,13:24:10,-0500,2552976362,lefthogideadend,©BijapurBoy,,The salaried middle class is being asked to dip into its savings for giving extra money to every service provider. When this salaried class is fired from job will the service provider come and support them?,en,[],[],[],0,0,3,[],[],https://twitter.com/LeftHogiDeadEnd/status/1249765338121568257,,,0,,Bangalore,,,,,,"{'user_id': None, 'username': None}",,,,
1249713493462278144,1249561150053736449,2020-04-13 09:58:10 CDT,2020-04-13,09:58:10,-0500,272503721,macharajarao,M. S. Srinivasa Rao,,@JhaSanjay Your model is the best. It has fooled you all your life. Yet you persist.,en,['jhasanjay'],[],[],0,3,7,[],[],https://twitter.com/macharajarao/status/1249713493462278144,,,0,,Bangalore,,,,,,"{'user_id': '50943008', 'username': 'JhaSanjay'}",,,,
1249770890507644928,1249770890507644928,2020-04-13 13:46:14 CDT,2020-04-13,13:46:14,-0500,990363781,rexrao52,rexrao52🇮🇳,,All you Wanted to Know About the Tablighi Jamaat: The Beginning https://t.co/xDSRtgo6wg,en,[],['https://www.dharmadispatch.in/history/all-you-wanted-to-know-about-the-tablighi-jamaat-the-beginning'],[],0,0,0,[],[],https://twitter.com/rexrao52/status/1249770890507644928,,,0,,Bangalore,,,,,,"{'user_id': None, 'username': None}",,,,
1249760204507320320,1249760204507320320,2020-04-13 13:03:46 CDT,2020-04-13,13:03:46,-0500,3567122306,humanprojector,The Last Washello,,"Audio master:  AR Rahman’s ‘1947 Earth’- Possibly my favorite Rahman- Javed Akhtar album. It's Sukhvinder all the way, from the ebullient to the bleak and mournful. And a poignant @singersrinivas in Ye jo zindagi hai..sheer magic. #ARRahman https://t.co/H0sPfn8Xsn via @TheReel_in",en,"['singersrinivas', 'thereel_in']",['https://scroll.in/reel/838306/audio-master-in-ar-rahmans-1947-earth-love-savagery-and-sonic-brilliance'],[],0,2,7,['arrahman'],[],https://twitter.com/humanprojector/status/1249760204507320320,,,0,,Bangalore,,,,,,"{'user_id': None, 'username': None}",,,,
1249706956610318342,1249700854632001543,2020-04-13 09:32:11 CDT,2020-04-13,09:32:11,-0500,2164751684,gunnervivs,Vivian Varun,,"@nischal_15 @ZRAFC Barcelona have destroyed so many footballer's careers, it's a graveyard tbh",en,"['nischal_15', 'zrafc']",[],[],1,0,8,[],[],https://twitter.com/GunnerVivs/status/1249706956610318342,,,0,,Bangalore,,,,,,"{'user_id': '591105663', 'username': 'nischal_15'}",,,,
1249711588321267714,1249708762580975617,2020-04-13 09:50:35 CDT,2020-04-13,09:50:35,-0500,389537748,arunkumarkundra,Arun Kumar Kundra,,@IndecommDigital Proud of being part of Indecomm 🙂,en,[],[],[],0,0,2,[],[],https://twitter.com/arunkumarkundra/status/1249711588321267714,,,0,,Bangalore,,,,,,"{'user_id': None, 'username': None}",,,,
1249758983784525824,1249735685176586240,2020-04-13 12:58:55 CDT,2020-04-13,12:58:55,-0500,63193008,soumavo_sarkar,Soumavo Sarkar,,@deepalinaair @ruchikamehta_ @ChaudhryParesh @Swatibhattacha @amandhall25 Wow are you guys going live on LinkedIn?,en,"['deepalinaair', 'ruchikamehta_', 'chaudhryparesh', 'swatibhattacha', 'amandhall25']",[],[],1,0,3,[],[],https://twitter.com/soumavo_sarkar/status/1249758983784525824,,,0,,Bangalore,,,,,,"{'user_id': '55478609', 'username': 'deepalinaair'}",,,,
1249743105810563072,1249743105810563072,2020-04-13 11:55:50 CDT,2020-04-13,11:55:50,-0500,2583385872,vasbytes,Chandra SS Vasireddy O-,,"@JaiTDP @BJP4Andhra @JanaSenaParty 
Despite Corona lockdown, preparation started for elections. As a show of solidarity to Corona frontline warriors, you should announce your candidates not participate in the process. Let people decide whether to #StayHomeStaySafe or go out vote.",en,"['jaitdp', 'bjp4andhra', 'janasenaparty']",[],[],0,0,1,['stayhomestaysafe'],[],https://twitter.com/VasBytes/status/1249743105810563072,,https://twitter.com/VasBytes/status/1249738921140879365,0,,Bangalore,,,,,,"{'user_id': '272023868', 'username': 'JaiTDP'}",,,,
1249747164198141962,1249741267371728896,2020-04-13 12:11:57 CDT,2020-04-13,12:11:57,-0500,16363454,pdkamath,P D Kamath,,@sdjoshi55 @ShobhaMookerje1 China knows very well that in India journalists are salable commodity .,en,"['sdjoshi55', 'shobhamookerje1']",[],[],0,0,1,[],[],https://twitter.com/pdkamath/status/1249747164198141962,,,0,,Bangalore,,,,,,"{'user_id': '2292688374', 'username': 'sdjoshi55'}",,,,
1249757697534119936,1249739088921366529,2020-04-13 12:53:49 CDT,2020-04-13,12:53:49,-0500,960932516566745088,docsancharidas,Dr Sanchari Das,,"@Anchalk27565001 @jyotime18423143 🤣🤣🤣🤣 aftr sum days he cudnt handle it more n strtd fi8ing wth Vishal fr simpl pasta thing, th main reason ws this.",en,['jyotime18423143'],[],[],1,0,3,[],[],https://twitter.com/docsancharidas/status/1249757697534119936,,,0,,Bangalore,,,,,,"{'user_id': '1117858327000539136', 'username': 'Anchalkapoor_'}",,,,
1249723271374721035,1249525570704150536,2020-04-13 10:37:01 CDT,2020-04-13,10:37:01,-0500,575182516,prabhakartumbad,Prabhakar,,@upma23 @vinayak_jain @ManMundra @DrFatimaNoor1 Never trust peaceful so easily,en,"['upma23', 'vinayak_jain', 'manmundra', 'drfatimanoor1']",[],[],0,0,10,[],[],https://twitter.com/prabhakartumbad/status/1249723271374721035,,,0,,Bangalore,,,,,,"{'user_id': '113655965', 'username': 'upma23'}",,,,
1249727408585883648,1249710632682893312,2020-04-13 10:53:27 CDT,2020-04-13,10:53:27,-0500,924920222,aninchat,Aninda Chatterjee,,"@dotonebit Completely understandable. Twitter doesn’t make for long posts :) I love these snippets that you keep putting up. You’re doing great and helping many along the way, so keep at it!",en,['dotonebit'],[],[],1,0,4,[],[],https://twitter.com/aninchat/status/1249727408585883648,,,0,,Bangalore,,,,,,"{'user_id': '3395920797', 'username': 'dotonebit'}",,,,
1249713636857106433,1249678303230742529,2020-04-13 09:58:44 CDT,2020-04-13,09:58:44,-0500,13545392,arungowda,Arun Gowda,,"@ARanganathan72 @ShefVaidya To buy the best sweet ever MYSOREPAK, invented in Karnataka!",en,"['aranganathan72', 'shefvaidya']",[],[],0,0,3,[],[],https://twitter.com/arungowda/status/1249713636857106433,,,0,,Bangalore,,,,,,"{'user_id': '1344897174', 'username': 'ARanganathan72'}",,,,
1249691526457769985,1249688450686582785,2020-04-13 08:30:52 CDT,2020-04-13,08:30:52,-0500,86981078,sandeep_negi,Sandeep Negi,,@CricketopiaCom @desi_robelinda wickets of Hayden and Gilchrist..priceless..classic tendulkar,en,['cricketopiacom'],[],[],0,0,38,[],[],https://twitter.com/sandeep_negi/status/1249691526457769985,,,0,,Bangalore,,,,,,"{'user_id': '741327511901048832', 'username': 'CricketopiaCom'}",,,,
1249711436261027842,1249631818984247296,2020-04-13 09:49:59 CDT,2020-04-13,09:49:59,-0500,744025465434873856,sensinglocal,Sensing Local,,@shillpiasingh @VINODSONY @citizenmatters @meerak @yedayogi There is a few people who have got together in Manyata residency (near Nagwara) and are making cotton masks. So they are looking to understand who all need it and how best to ensure those most in need can be served. I am happy to connect forward. I am at 7409060602.,en,"['shillpiasingh', 'vinodsony', 'citizenmatters', 'meerak', 'yedayogi']",[],[],1,1,2,[],[],https://twitter.com/SensingLocal/status/1249711436261027842,,,0,,Bangalore,,,,,,"{'user_id': '4332641299', 'username': 'shillpiasingh'}",,,,
1249691023724302337,1249620775679610880,2020-04-13 08:28:52 CDT,2020-04-13,08:28:52,-0500,791257189612531713,dshivak60401407,D. SHIVAKUMAR,,@IAnnapurnna @PMOIndia @narendramodi Why  because  of  home  stay @IAnnapurnna .....,en,"['pmoindia', 'narendramodi']",[],[],1,1,1,[],[],https://twitter.com/DSHIVAK60401407/status/1249691023724302337,,,0,,Bangalore,,,,,,"{'user_id': '135945073', 'username': 'papazortq'}",,,,
1249729819652177920,1249728170045120512,2020-04-13 11:03:02 CDT,2020-04-13,11:03:02,-0500,16568637,marcynewman,Marcy Newman,,@TheNarcicyst @TalibKweli @JavottiMedia @Offendum @excentrikmusic @ThumbleNiz One of the best #HiphopMusic albums ever!,en,"['thenarcicyst', 'talibkweli', 'javottimedia', 'offendum', 'excentrikmusic', 'thumbleniz']",[],[],0,0,1,['hiphopmusic'],[],https://twitter.com/marcynewman/status/1249729819652177920,,,0,,Bangalore,,,,,,"{'user_id': '21802221', 'username': 'TheNarcicyst'}",,,,
1249778762670944256,1249745820439777280,2020-04-13 14:17:31 CDT,2020-04-13,14:17:31,-0500,73650243,sir_gillu,सर गिल्लू™,,@JohnCena @NishBrunel Did he wrote something in the tweet? I can't see it!!,en,"['johncena', 'nishbrunel']",[],[],1,0,2,[],[],https://twitter.com/Sir_Gillu/status/1249778762670944256,,,0,,Bangalore,,,,,,"{'user_id': '141664648', 'username': 'JohnCena'}",,,,
1249723531560013824,1249601548226686978,2020-04-13 10:38:03 CDT,2020-04-13,10:38:03,-0500,67353351,sandy_clicks,SANDY,,"@SucharitaSonal1 @WriterPrasanta @drgynaec @srrashmi1 @Drakshays @saipjena @saitanaya1 @SamitaSahoo1 Thank u..those comments means a lot. Though i am not a story/poetry man.
.i like clicking pictures.",en,"['sucharitasonal1', 'writerprasanta', 'drgynaec', 'srrashmi1', 'drakshays', 'saipjena', 'samitasahoo1']",[],[],1,0,1,[],[],https://twitter.com/sandy_clicks/status/1249723531560013824,,,0,,Bangalore,,,,,,"{'user_id': '927216635009581061', 'username': 'SucharitaSonal1'}",,,,
1249689337395986433,1249609416757788672,2020-04-13 08:22:10 CDT,2020-04-13,08:22:10,-0500,1003423164481728513,sahanarameshrao,Sahana Ramesh,,@IamShajanSamuel @Meenakshiiik Even I am an introvert but without friends and family I think I cannot go on.,en,"['iamshajansamuel', 'meenakshiiik']",[],[],1,0,3,[],[],https://twitter.com/sahanarameshrao/status/1249689337395986433,,,0,,Bangalore,,,,,,"{'user_id': '375896134', 'username': 'IamShajanSamuel'}",,,,
1249720763864608768,1249675249240674306,2020-04-13 10:27:03 CDT,2020-04-13,10:27:03,-0500,728494651401871361,testwithnishi,Nishi,,@CamGurrrl @joshin4colours Looks like that's gonna be me soon 😂,en,"['camgurrrl', 'joshin4colours']",[],[],0,0,2,[],[],https://twitter.com/TestWithNishi/status/1249720763864608768,,,0,,Bangalore,,,,,,"{'user_id': '48707745', 'username': 'CamGurrrl'}",,,,
1249759564251033600,1249758129329303553,2020-04-13 13:01:14 CDT,2020-04-13,13:01:14,-0500,128984274,singh_biswajeet,Biswajeet,,@amitbek Kerala will be covid free by 30th April yet they won't take chance.,en,['amitbek'],[],[],0,0,3,[],[],https://twitter.com/singh_biswajeet/status/1249759564251033600,,,0,,Bangalore,,,,,,"{'user_id': '195297274', 'username': 'amitbek'}",,,,
1249731726668111874,1249356852657180673,2020-04-13 11:10:37 CDT,2020-04-13,11:10:37,-0500,108515628,praveenkumarblr,ಪ್ರವೀಣ್ ಕುಮಾರ್ ಎಂ,,"@BJP4Karnataka Have you guys gone mad?
28 MP's all are impotent without any doubt ☹️😑😑

Badly Karnataka need whistleblowing politicians😟😟

These guys wil one day auction the state as per dictator Modi..🤬🤬🤬",en,['bjp4karnataka'],[],[],0,0,2,[],[],https://twitter.com/praveenkumarblr/status/1249731726668111874,,,0,,Bangalore,,,,,,"{'user_id': '25123615', 'username': 'BJP4Karnataka'}",,,,
1249673837337120773,1249399707933302790,2020-04-13 07:20:35 CDT,2020-04-13,07:20:35,-0500,550183597,angelkkar,kiran Kotumbeerkar,,@king_ajaz786 @Ashabachchan @akram76akram @AmiraMaly @RabiaSrkian @NazranaAnsari7 @AneetaRadoja @krIshNDIA2 @ImJasbir @BOLLYWOODCOLLE2 @BigBossEF @GangulySunetra I guess you this photo is of your college time uncle @king_ajaz786,en,"['king_ajaz786', 'ashabachchan', 'akram76akram', 'amiramaly', 'nazranaansari7', 'aneetaradoja', 'krishndia2', 'imjasbir', 'bollywoodcolle2', 'gangulysunetra', 'king_ajaz786']",[],[],1,1,1,[],[],https://twitter.com/angelkkar/status/1249673837337120773,,,0,,Bangalore,,,,,,"{'user_id': '2871519094', 'username': 'king_ajaz786'}",,,,
1249749787827556352,1249746868956889091,2020-04-13 12:22:23 CDT,2020-04-13,12:22:23,-0500,990363781,rexrao52,rexrao52🇮🇳,,@tweetingsourav @_RKSumit You can get the music tracks of Ramayana on Sound cloud ...,en,"['tweetingsourav', '_rksumit']",[],[],1,0,2,[],[],https://twitter.com/rexrao52/status/1249749787827556352,,,0,,Bangalore,,,,,,"{'user_id': '129717292', 'username': 'tweetingsourav'}",,,,
1249724801435856896,1249724205131870211,2020-04-13 10:43:06 CDT,2020-04-13,10:43:06,-0500,1201932023373262848,iamsufyanpathan,Sufiyan Pathan,,@AsimRiaz02 @adorable_ananya @AnasGIF7 @iTaransh @lostboy_sree28 @KrishnaKunj_17 @ZahidBahar1 @RonakSankhla3 @darSHAmi_World @faith_n_hope @_RealGoldie_ @Abidpat47164327 @abhilas17589936 Thank u,en,"['asimriaz02', 'krishnakunj_17', 'zahidbahar1', 'ronaksankhla3']",[],[],0,0,2,[],[],https://twitter.com/iamsufyanpathan/status/1249724801435856896,,,0,,Bangalore,,,,,,"{'user_id': '1205833130755510272', 'username': 'AsimRiaz02'}",,,,
1249784940562132992,1249772262498197504,2020-04-13 14:42:04 CDT,2020-04-13,14:42:04,-0500,1226205778119254017,funchershop,Funchershop,,@bombaimallu @aajnachakra Thank you !,en,"['bombaimallu', 'aajnachakra']",[],[],1,0,4,[],[],https://twitter.com/funchershop/status/1249784940562132992,,,0,,Bangalore,,,,,,"{'user_id': '826291220259299328', 'username': 'thebokettogirl'}",,,,
1249750010981429251,1249743074831597570,2020-04-13 12:23:16 CDT,2020-04-13,12:23:16,-0500,17839493,nakulshenoy,Nakul Shenoy,,"@agrawalsanjeev Interestingly, our testing numbers are also the lowest in the world. Even countries with population lesser than one of our states, have tested more! Again, let’s remain optimistic. It’s not like being optimistic has killed anybody.",en,['agrawalsanjeev'],[],[],1,0,1,[],[],https://twitter.com/NakulShenoy/status/1249750010981429251,,,0,,Bangalore,,,,,,"{'user_id': '54488367', 'username': 'agrawalsanjeev'}",,,,
1249734806717394945,1248963076612935680,2020-04-13 11:22:51 CDT,2020-04-13,11:22:51,-0500,50554477,leofsaldanha,Leo Saldanha,,@KiranL15 @mani1972ias @Maraa_Blr @cpronammametro @Secretary_MoHUA @LabourDeptGOK @Karnataka_DIPR @MDNammaMetro @nammametro @aicctukar @vinaysreeni @srinualavilli @Karmika_Sahaya What if you and I aren’t paid for two months? What would we do to feed ourselves and our families? Forgetting any thing else we need.,en,"['kiranl15', 'mani1972ias', 'maraa_blr', 'cpronammametro', 'secretary_mohua', 'labourdeptgok', 'karnataka_dipr', 'mdnammametro', 'nammametro', 'aicctukar', 'vinaysreeni', 'srinualavilli', 'karmika_sahaya']",[],[],0,0,1,[],[],https://twitter.com/leofsaldanha/status/1249734806717394945,,,0,,Bangalore,,,,,,"{'user_id': '1147409869164539904', 'username': 'KiranL15'}",,,,
