id,conversation_id,created_at,date,time,timezone,user_id,username,name,place,tweet,language,mentions,urls,photos,replies_count,retweets_count,likes_count,hashtags,cashtags,link,retweet,quote_url,video,thumbnail,near,geo,source,user_rt_id,user_rt,retweet_id,reply_to,retweet_date,translate,trans_src,trans_dest
1292808899066597376,1292808899066597376,2020-08-10 08:03:55 CDT,2020-08-10,08:03:55,-0500,420503585,amala_ams,Amala Paul ⭐️,,"how you love yourself is
how you teach others
to love you

-Rupi Kaur

#lovewhoyouare #healing #selflove #exploreyourself #solojourney #transform #innerchild #wholesoul https://t.co/ss3Q8a4FBG",en,[],[],['https://pbs.twimg.com/media/EfD6124UcAAU2AK.jpg'],72,147,5231,"['lovewhoyouare', 'healing', 'selflove', 'exploreyourself', 'solojourney', 'transform', 'innerchild', 'wholesoul']",[],https://twitter.com/Amala_ams/status/1292808899066597376,,,1,https://pbs.twimg.com/media/EfD6124UcAAU2AK.jpg,Bangalore,,,,,,"{'user_id': None, 'username': None}",,,,
1292796721966116864,1292796721966116864,2020-08-10 07:15:32 CDT,2020-08-10,07:15:32,-0500,74787719,manukumarjain,Manu Kumar Jain,,"1⃣
2⃣
3⃣
4⃣
5⃣
6⃣
7⃣
8⃣
9⃣
1⃣0⃣
1⃣1⃣
1⃣2⃣ #MIUI12

Kab aa raha hai? Guess you will find out in 1-2 days, Mi fans.

#Xiaomi ❤️️ #MIUI https://t.co/pA2vFsKvyo",en,[],[],[],332,290,2055,"['miui12', 'xiaomi', 'miui']",[],https://twitter.com/manukumarjain/status/1292796721966116864,,,1,https://pbs.twimg.com/ext_tw_video_thumb/1292796691544829953/pu/img/d-spXf5fEYxRLH09.jpg,Bangalore,,,,,,"{'user_id': None, 'username': None}",,,,
1292807090847719425,1292807090847719425,2020-08-10 07:56:44 CDT,2020-08-10,07:56:44,-0500,74787719,manukumarjain,Manu Kumar Jain,,"#Proud: today is 5️⃣th year anniversary of our @MakeInIndia launch. 🇮🇳

Today in #India:
🏭 Several manufacturing units
🏭 99% phones #MakeInIndia
🏭 65% parts locally sourced
🏭 Majority of TVs Made-in-India

In factories:
👩‍🏭 30,000 people 
👩‍🔧 95% women

#Xiaomi ❤️️ #JaiHind 🇮🇳 https://t.co/L0D6K21JFL",en,['makeinindia'],[],"['https://pbs.twimg.com/media/EfD5MTuVAAITMHQ.jpg', 'https://pbs.twimg.com/media/EfD5Md9U0AUIn1y.jpg', 'https://pbs.twimg.com/media/EfD5MpIUMAElgXU.jpg']",48,378,1216,"['proud', 'india', 'makeinindia', 'xiaomi', 'jaihind']",[],https://twitter.com/manukumarjain/status/1292807090847719425,,,1,https://pbs.twimg.com/media/EfD5MTuVAAITMHQ.jpg,Bangalore,,,,,,"{'user_id': None, 'username': None}",,,,
1292842517096878081,1292842517096878081,2020-08-10 10:17:30 CDT,2020-08-10,10:17:30,-0500,3308051342,officiallyankit,Ankit Tiwari,,"Releasing tomorrow ❤️
#vandematram #jaihind https://t.co/kr3Uig59OK",en,[],[],[],6,10,101,"['vandematram', 'jaihind']",[],https://twitter.com/officiallyAnkit/status/1292842517096878081,,,1,https://pbs.twimg.com/ext_tw_video_thumb/1292842468245815296/pu/img/_fpyC7lwz2UNAvq4.jpg,Bangalore,,,,,,"{'user_id': None, 'username': None}",,,,
1292817172415168512,1292817172415168512,2020-08-10 08:36:47 CDT,2020-08-10,08:36:47,-0500,3072761120,9962307adf904c5,ASX The Picture Perfect,,"BW

Photography Credit : @naveen_asx
#streetphotography #photography #street #bnw #photooftheday #ig #photo #travelphotography #photographer #travel #art #india #streetart #blackandwhite #streetphoto #streetstyle #streets #life #canon #ASX_The_Picture_Perfect https://t.co/amgctKzLz2",en,[],[],['https://pbs.twimg.com/media/EfECV2JUEAAfPBf.jpg'],0,1,4,"['streetphotography', 'photography', 'street', 'bnw', 'photooftheday', 'ig', 'photo', 'travelphotography', 'photographer', 'travel', 'art', 'india', 'streetart', 'blackandwhite', 'streetphoto', 'streetstyle', 'streets', 'life', 'canon', 'asx_the_picture_perfect']",[],https://twitter.com/9962307adf904c5/status/1292817172415168512,,,1,https://pbs.twimg.com/media/EfECV2JUEAAfPBf.jpg,Bangalore,,,,,,"{'user_id': None, 'username': None}",,,,
1292855750444761088,1292855750444761088,2020-08-10 11:10:05 CDT,2020-08-10,11:10:05,-0500,805669477811703808,ankittpanwarr,Ankit Panwar,,"Hey #Liberals , if @narendramodi #Islamophobic then explain this. https://t.co/XLsz9JLXwR",en,['narendramodi'],[],[],0,0,8,"['liberals', 'islamophobic']",[],https://twitter.com/ankittpanwarr/status/1292855750444761088,,,1,https://pbs.twimg.com/ext_tw_video_thumb/1292855707402813452/pu/img/H4Cy1bLUddK53B8y.jpg,Bangalore,,,,,,"{'user_id': None, 'username': None}",,,,
1292963315992236033,1292963315992236033,2020-08-10 18:17:31 CDT,2020-08-10,18:17:31,-0500,938860129755136000,buddha2019,Ashok (2047--Acchedin 🤔),,"Surgical strike on jumla party 
#Sachin_pilot
#ajitpawar
Strike 1                              Strike 2 https://t.co/jY65mMwDhc",en,[],[],"['https://pbs.twimg.com/media/EfGHR8JU4AIgHve.jpg', 'https://pbs.twimg.com/media/EfGHSIHUEAAfaw-.jpg']",2,1,6,"['sachin_pilot', 'ajitpawar']",[],https://twitter.com/buddha2019/status/1292963315992236033,,,1,https://pbs.twimg.com/media/EfGHR8JU4AIgHve.jpg,Bangalore,,,,,,"{'user_id': None, 'username': None}",,,,
1292808421603815425,1292808421603815425,2020-08-10 08:02:01 CDT,2020-08-10,08:02:01,-0500,74787719,manukumarjain,Manu Kumar Jain,,"Mi fans, today is an incredible day!

We started @XiaomiIndia's #MakeInIndia journey on this day, in 2015!

Now 5️⃣ years later, we're embarking on a new chapter for Xiaomi India! We'll be telling you all about it on 1️⃣3️⃣Aug! #MiFI 🇮🇳

Stay tuned!

#Xiaomi ❤️️ @makeinindia #India https://t.co/Pm7ygVY9MX",en,"['xiaomiindia', 'makeinindia']",[],['https://pbs.twimg.com/media/EfD6aDGUwAAXOum.jpg'],41,379,968,"['makeinindia', 'mifi', 'xiaomi', 'india']",[],https://twitter.com/manukumarjain/status/1292808421603815425,,,1,https://pbs.twimg.com/media/EfD6aDGUwAAXOum.jpg,Bangalore,,,,,,"{'user_id': None, 'username': None}",,,,
1292793851497689089,1292793851497689089,2020-08-10 07:04:07 CDT,2020-08-10,07:04:07,-0500,71793744,adithya_ramesh7,Adithya Ramesh,,"River Kaveri at Krishnarajanagara Bridge before it enters KRS reservoir, yesterday's sight.

@ChennaiRains @praddy06 @ravikeerthi22 @MysuruWeather @BngWeather @navin_ankampali https://t.co/ct4EyUuaxI",en,"['chennairains', 'praddy06', 'ravikeerthi22', 'mysuruweather', 'bngweather', 'navin_ankampali']",[],[],0,5,33,[],[],https://twitter.com/adithya_ramesh7/status/1292793851497689089,,,1,https://pbs.twimg.com/ext_tw_video_thumb/1292793818924769280/pu/img/tVf9ke7Fm6ZUmC07.jpg,Bangalore,,,,,,"{'user_id': None, 'username': None}",,,,
1292922036260495360,1292922036260495360,2020-08-10 15:33:29 CDT,2020-08-10,15:33:29,-0500,1151067529483173890,inficoreal,infic O real,,"#Aditya first #solar powered ferry in #India under Kerala State Water Transport Department won Guissies #award
#inficoreal
https://t.co/UoF8hXD2eE I https://t.co/1HKgAoFhOa I https://t.co/R3LpB0nJiI I https://t.co/disgRJFvE8 | https://t.co/yTgF3V0Y4C https://t.co/h2IImnvXNK",en,[],"['http://www.facebook.com/infic.real', 'http://www.instagram.com/infic.o.real', 'https://www.twitter.com/inficoreal', 'http://www.youtube.com/inficOreal', 'http://t.me/inficoreal']","['https://pbs.twimg.com/media/EfFhuqXU8AY4mUf.jpg', 'https://pbs.twimg.com/media/EfFhu3WUcAAI1jl.jpg', 'https://pbs.twimg.com/media/EfFhvByU0AAmNCH.jpg', 'https://pbs.twimg.com/media/EfFhvNTUEAAcEfN.jpg']",0,1,2,"['aditya', 'solar', 'india', 'award', 'inficoreal']",[],https://twitter.com/inficoreal/status/1292922036260495360,,,1,https://pbs.twimg.com/media/EfFhuqXU8AY4mUf.jpg,Bangalore,,,,,,"{'user_id': None, 'username': None}",,,,
1292877793978589184,1292877793978589184,2020-08-10 12:37:41 CDT,2020-08-10,12:37:41,-0500,3275451842,amitmnath,Amit Kumar 🇮🇳,,"Learn about @Sitecore #SXA Partial Design https://t.co/5yXiQmDAzT
https://t.co/yD9fkYZXkd
 #sitecorecommunity #LearnSitecore #Sitecore #Multisite https://t.co/4kJ4iVfmFh",en,['sitecore'],"['https://youtu.be/bmiSnT2L2jI', 'http://tiny.cc/SXAPartialDesign']",['https://pbs.twimg.com/media/EfE5gEPU4AAj6c1.jpg'],0,5,5,"['sxa', 'sitecorecommunity', 'learnsitecore', 'sitecore', 'multisite']",[],https://twitter.com/AmitMnath/status/1292877793978589184,,https://twitter.com/AmitMnath/status/1291425115196932096,1,https://pbs.twimg.com/media/EfE5gEPU4AAj6c1.jpg,Bangalore,,,,,,"{'user_id': None, 'username': None}",,,,
1292874881361567744,1292874881361567744,2020-08-10 12:26:06 CDT,2020-08-10,12:26:06,-0500,787257417142644736,prasannaaz1,Prasanna,,Demanding basic services in language understood by people is common sense.,en,[],[],[],0,9,27,[],[],https://twitter.com/prasannaaz1/status/1292874881361567744,,https://twitter.com/TheNameIsArasu/status/1292708960575791104,0,,Bangalore,,,,,,"{'user_id': None, 'username': None}",,,,
1292960062516805632,1292960062516805632,2020-08-10 18:04:35 CDT,2020-08-10,18:04:35,-0500,938860129755136000,buddha2019,Ashok (2047--Acchedin 🤔),,Our fakir will grow his beard but not his brain.,en,[],[],[],1,3,11,[],[],https://twitter.com/buddha2019/status/1292960062516805632,,,0,,Bangalore,,,,,,"{'user_id': None, 'username': None}",,,,
1292748910415421441,1292748910415421441,2020-08-10 04:05:33 CDT,2020-08-10,04:05:33,-0500,52071445,kavearchavali,Kavea,,"Achievement unlocked 💪

You know you have become god’s favourite child when that one passport size pic turns out just right 😁

Life - But the passport aint travelling anywhere in 2020 machaaa😒

#mondaythoughts #photo #finally #PhotoOfTheDay #TRUTH #reality https://t.co/5t5f39oHea",en,[],[],['https://pbs.twimg.com/media/EfDERjXUMAIoToZ.jpg'],2,0,9,"['mondaythoughts', 'photo', 'finally', 'photooftheday', 'truth', 'reality']",[],https://twitter.com/KaveaRChavali/status/1292748910415421441,,,1,https://pbs.twimg.com/media/EfDERjXUMAIoToZ.jpg,Bangalore,,,,,,"{'user_id': None, 'username': None}",,,,
1292901715872636929,1292901715872636929,2020-08-10 14:12:44 CDT,2020-08-10,14:12:44,-0500,1051074201082388480,pavanasoonu,Pavanasoonu,,"Super #jyotish #event this Saturday.  Confirm your seat now for getting you questions to the top. Free FB live. 

Link to join this weekend event is 

https://t.co/Ahqu1L7Stw https://t.co/1xZVbdv7Pb",en,[],['https://facebook.com/events/s/graha-placements-part-2/3157144664374972/?ti=cl'],['https://pbs.twimg.com/media/EfFPQfeU4AEdtmX.jpg'],0,4,8,"['jyotish', 'event']",[],https://twitter.com/Pavanasoonu/status/1292901715872636929,,,1,https://pbs.twimg.com/media/EfFPQfeU4AEdtmX.jpg,Bangalore,,,,,,"{'user_id': None, 'username': None}",,,,
1292873146899472386,1292873146899472386,2020-08-10 12:19:13 CDT,2020-08-10,12:19:13,-0500,1946169680,saraswathi1717,Saraswathi Jagirdar 🇮🇳,,"Guess which movie...
@MeghanaGaonkar @PurohitApeksha https://t.co/txm8Ci90KN",en,"['meghanagaonkar', 'purohitapeksha']",[],[],4,0,25,[],[],https://twitter.com/saraswathi1717/status/1292873146899472386,,,1,https://pbs.twimg.com/ext_tw_video_thumb/1292873117543444483/pu/img/tG-D-V-NtlaE8izh.jpg,Bangalore,,,,,,"{'user_id': None, 'username': None}",,,,
1292861816704385032,1292861816704385032,2020-08-10 11:34:11 CDT,2020-08-10,11:34:11,-0500,2739617364,anandakennamet1,Anand B T,,"Record 7 lakh Covid-19 tests conducted in a day; recovery rate rises to 68.78%: Health ministry
https://t.co/QVm8Z70Llz

via NaMo App https://t.co/EMRQPxOXqK",en,[],['https://timesofindia.indiatimes.com/india/record-7-lakh-covid-19-tests-conducted-in-a-day-recovery-rate-rises-to-68-78-health-ministry/articleshow/77445481.cms'],['https://pbs.twimg.com/media/EfEq9pZUwAEFQzG.jpg'],0,0,1,[],[],https://twitter.com/anandakennamet1/status/1292861816704385032,,,1,https://pbs.twimg.com/media/EfEq9pZUwAEFQzG.jpg,Bangalore,,,,,,"{'user_id': None, 'username': None}",,,,
1292806166813143041,1292806166813143041,2020-08-10 07:53:04 CDT,2020-08-10,07:53:04,-0500,31106116,sudhapillai,Sudha Pillai,,"Life lessons from a girl who lost her limbs. 👇click on the link.
https://t.co/wWGmsWFueA
#breakingbarriers
#mondaythoughts
#life https://t.co/IU26xIE9u5",en,[],['https://fireworktv.com/videos/x2pBNXG.oQxAxO?uid=2731144'],['https://pbs.twimg.com/media/EfD4W0TU4AA74OQ.jpg'],0,0,3,"['breakingbarriers', 'mondaythoughts', 'life']",[],https://twitter.com/sudhapillai/status/1292806166813143041,,,1,https://pbs.twimg.com/media/EfD4W0TU4AA74OQ.jpg,Bangalore,,,,,,"{'user_id': None, 'username': None}",,,,
1292854090930634755,1292854090930634755,2020-08-10 11:03:30 CDT,2020-08-10,11:03:30,-0500,3313108482,getpitstopin,Pitstop 🚗,,"Thank you Ms.Sruthi, for sharing your feedback with us. We are glad that you loved our service. Its customers like you that make our #Jobs wonderful.🤗
Looking forward to serving you again in the future.👨‍🔧🚘

#happycustomer #CustomerExperience #happy #mondaythoughts #getpitstop https://t.co/i8FrsKpSti",en,[],[],['https://pbs.twimg.com/media/EfEj72MUwAMRrEX.jpg'],0,0,2,"['jobs', 'happycustomer', 'customerexperience', 'happy', 'mondaythoughts', 'getpitstop']",[],https://twitter.com/getpitstopin/status/1292854090930634755,,,1,https://pbs.twimg.com/media/EfEj72MUwAMRrEX.jpg,Bangalore,,,,,,"{'user_id': None, 'username': None}",,,,
1292852172061683713,1292852172061683713,2020-08-10 10:55:52 CDT,2020-08-10,10:55:52,-0500,9404762,nikhilnarayanan,Nikhil | നിഖിൽ,,"Back in 1946, Government Oil Factory, #Calicut had a Shark Liver Oil brand, ""Adamin"". https://t.co/XiXcPAB2l4",en,[],[],['https://pbs.twimg.com/media/EfEiMkvUcAEpgIK.jpg'],0,0,2,['calicut'],[],https://twitter.com/nikhilnarayanan/status/1292852172061683713,,,1,https://pbs.twimg.com/media/EfEiMkvUcAEpgIK.jpg,Bangalore,,,,,,"{'user_id': None, 'username': None}",,,,
1292807603743948802,1292807603743948802,2020-08-10 07:58:46 CDT,2020-08-10,07:58:46,-0500,989505198111375361,viggi_19,Viggi Dravid,,"Hey guys check out cool offers on OPPO RENO4 PRO only at @RelianceDigital showroom. Go and check it in Reliance Digital  near you ✨✨
#SenseTheInfinite
#OppoReno4Pro #DigitalIndiaSale
#Reliance #RelianceDigital #Electronics #LatestSmartphones #BestPrices  #BestDeals https://t.co/g30QuS5S67",en,['reliancedigital'],[],"['https://pbs.twimg.com/media/EfD5pOvUMAI8m1k.jpg', 'https://pbs.twimg.com/media/EfD5pe1UEAUoTtI.jpg', 'https://pbs.twimg.com/media/EfD5p6BU0AABQDL.jpg', 'https://pbs.twimg.com/media/EfD5qbKUYAAV_3c.jpg']",0,0,3,"['sensetheinfinite', 'opporeno4pro', 'digitalindiasale', 'reliance', 'reliancedigital', 'electronics', 'latestsmartphones', 'bestprices', 'bestdeals']",[],https://twitter.com/viggi_19/status/1292807603743948802,,,1,https://pbs.twimg.com/media/EfD5pOvUMAI8m1k.jpg,Bangalore,,,,,,"{'user_id': None, 'username': None}",,,,
1292846108859744256,1292846108859744256,2020-08-10 10:31:46 CDT,2020-08-10,10:31:46,-0500,1226368383152603137,yashfansachin,Sachin Since 1998,,"Welcome @KicchaSudeep Sir From All #YashBoss Fans.

#TheWorldOfPhantom 
#VikranthRonaFirstLook",en,['kicchasudeep'],[],[],0,0,2,"['yashboss', 'theworldofphantom', 'vikranthronafirstlook']",[],https://twitter.com/YashFanSachin/status/1292846108859744256,,https://twitter.com/KicchaSudeep/status/1292843265599746049,0,,Bangalore,,,,,,"{'user_id': None, 'username': None}",,,,
1292851975868932098,1292851975868932098,2020-08-10 10:55:05 CDT,2020-08-10,10:55:05,-0500,120756947,vmaanay,Vaishnavee Maanay,,"Better than grandeur, better than gold,
Than rank and titles, a thousand fold! @bengalurufc @kunmajgaonkar #BackOnOurFeet #wearebfc @WestBlockBlues @chetrisunil11 @IndSuperLeague",en,"['bengalurufc', 'kunmajgaonkar', 'westblockblues', 'chetrisunil11', 'indsuperleague']",[],[],0,3,97,"['backonourfeet', 'wearebfc']",[],https://twitter.com/vmaanay/status/1292851975868932098,,https://twitter.com/bengalurufc/status/1292793217188995072,0,,Bangalore,,,,,,"{'user_id': None, 'username': None}",,,,
1292802857180098561,1292802857180098561,2020-08-10 07:39:54 CDT,2020-08-10,07:39:54,-0500,1595696094,jayaprakashts,ಜಯಪ್ರಕಾಶ್,,Sannadhi M Hegade from sirsi who studied in govt high school (Marikambha PU college) secured 1st Rank in karnataka SSLC exams by scoring 625/625 https://t.co/1oFgqkogZ8,en,[],[],['https://pbs.twimg.com/media/EfD1WLOUMAAVYj9.jpg'],0,0,7,[],[],https://twitter.com/JayaprakashTS/status/1292802857180098561,,,1,https://pbs.twimg.com/media/EfD1WLOUMAAVYj9.jpg,Bangalore,,,,,,"{'user_id': None, 'username': None}",,,,
1292826780798132224,1292826780798132224,2020-08-10 09:14:58 CDT,2020-08-10,09:14:58,-0500,1943168384,bajpaideepak88,Deepak Bajpai,,"Although I encourage him to study, the fact of the matter is its class 11th, beta tumse na ho payega https://t.co/78w7hlXipR",en,[],[],['https://pbs.twimg.com/tweet_video_thumb/EfELGMlVAAEDzkC.jpg'],0,0,1,[],[],https://twitter.com/BajpaiDeepak88/status/1292826780798132224,,https://twitter.com/ANI/status/1292820875041964040,1,https://pbs.twimg.com/tweet_video_thumb/EfELGMlVAAEDzkC.jpg,Bangalore,,,,,,"{'user_id': None, 'username': None}",,,,
1292830669324685314,1292830669324685314,2020-08-10 09:30:25 CDT,2020-08-10,09:30:25,-0500,31377139,nanda_aditi,Aditi,,Yay!! Such a nice one!! With @TeeDTweet @shreetheb @muichoice @eashu @_SheetalArora @gunjan471 @ka_ren33 @Rubynaaaa @KiranManral @rosh_das @nowme_datta more power to all of us!! #girlpower #nogenderroles #GirlsWhoCode,en,"['teedtweet', 'shreetheb', 'eashu', '_sheetalarora', 'gunjan471', 'ka_ren33', 'rubynaaaa', 'kiranmanral', 'rosh_das', 'nowme_datta']",[],[],4,1,14,"['girlpower', 'nogenderroles', 'girlswhocode']",[],https://twitter.com/nanda_aditi/status/1292830669324685314,,https://twitter.com/cleaverlab/status/1292637827231031299,0,,Bangalore,,,,,,"{'user_id': None, 'username': None}",,,,
1292871449154215938,1292871449154215938,2020-08-10 12:12:28 CDT,2020-08-10,12:12:28,-0500,803549613940621313,neel_misra_,Neelotpal Mishra,,"Just heard the very first music video on #defensiveoffence 
You donot want to miss this. Rap done right!

Rohm, superb work!!

@vaibhavUP65
https://t.co/pNhUAk0AjF",en,['vaibhavup65'],['https://youtu.be/9n1u9ZJrvic'],[],1,8,64,['defensiveoffence'],[],https://twitter.com/Neel_Misra_/status/1292871449154215938,,,0,,Bangalore,,,,,,"{'user_id': None, 'username': None}",,,,
1292808491766181889,1292808491766181889,2020-08-10 08:02:18 CDT,2020-08-10,08:02:18,-0500,989505198111375361,viggi_19,Viggi Dravid,,"Here is my perfect screenshot of the @McLarenF1 🏎️🏁 

I further nominate the @GulfOilIntl challenge!! to 🏎️
@SURAJGSINGH 
@kmshivaprasad7 
@iamsanj_u 

#GulfXMcLaren https://t.co/dmH4hVoxXX",en,"['mclarenf1', 'gulfoilintl', 'surajgsingh', 'kmshivaprasad7', 'iamsanj_u']",[],['https://pbs.twimg.com/media/EfD6d2QU8AAfBo8.jpg'],0,0,1,['gulfxmclaren'],[],https://twitter.com/viggi_19/status/1292808491766181889,,https://twitter.com/GulfOilIntl/status/1292770193207373827,1,https://pbs.twimg.com/media/EfD6d2QU8AAfBo8.jpg,Bangalore,,,,,,"{'user_id': None, 'username': None}",,,,
1292857465428512768,1292857465428512768,2020-08-10 11:16:54 CDT,2020-08-10,11:16:54,-0500,4399519826,anuradhabhat5,Anuradha Bhat,,"#ನವಿಲುಗರಿ... ಈ ಸುಂದರ ದೃಶ್ಯ ಕಾವ್ಯಕ್ಕೆ ಡಾ|| ಕಿರಣ್ ತೋಟಂಬೈಲ್ ಅವರು ಸಾಹಿತ್ಯ ಹಾಗೂ ಸಂಗೀತ ನೀಡಿದ್ದಾರೆ. 
Here’s the link to the video album NAVILUGARI to which I have lent my voice alongside Rajesh Krishnan ji. Here’s the link 👇🏼
https://t.co/sfp5HMsm14",vi,[],['https://youtu.be/uzCE7DCS5Bo'],[],2,2,30,['ನವಿಲುಗರಿ'],[],https://twitter.com/AnuradhaBhat5/status/1292857465428512768,,,0,,Bangalore,,,,,,"{'user_id': None, 'username': None}",,,,
1292785589138333696,1292785589138333696,2020-08-10 06:31:17 CDT,2020-08-10,06:31:17,-0500,814836648,achieversias,"Achievers IAS Academy, Bangalore",,"Plz fill this form to register for this Event

https://t.co/s5ZZchsMuw https://t.co/uZ5dDAJck2",en,[],['https://forms.gle/zvnpkNRBzyrNRDBu5'],['https://pbs.twimg.com/media/EfDlijtUwAMEwi3.jpg'],0,1,7,[],[],https://twitter.com/AchieversIAS/status/1292785589138333696,,,1,https://pbs.twimg.com/media/EfDlijtUwAMEwi3.jpg,Bangalore,,,,,,"{'user_id': None, 'username': None}",,,,
1292784027548528640,1292784027548528640,2020-08-10 06:25:05 CDT,2020-08-10,06:25:05,-0500,796372758850453505,masalaboxtravel,Chitra M,,Today's 2020 update,en,[],[],[],0,3,2,[],[],https://twitter.com/masalaboxtravel/status/1292784027548528640,,https://twitter.com/UrgentAlertNews/status/1292680132793114627,0,,Bangalore,,,,,,"{'user_id': None, 'username': None}",,,,
1292857743628365824,1292857743628365824,2020-08-10 11:18:00 CDT,2020-08-10,11:18:00,-0500,16865395,ananthaforu,Anantha-Infinity,,"On this day, 3 years ago, cover picture on @MumbaiMirror by @RajuMIRROR https://t.co/sSuLEydE87",en,['mumbaimirror'],[],['https://pbs.twimg.com/media/EfEnNrqVoAAsOn5.jpg'],2,1,8,[],[],https://twitter.com/Ananthaforu/status/1292857743628365824,,,1,https://pbs.twimg.com/media/EfEnNrqVoAAsOn5.jpg,Bangalore,,,,,,"{'user_id': None, 'username': None}",,,,
1292887151055523841,1292887151055523841,2020-08-10 13:14:52 CDT,2020-08-10,13:14:52,-0500,2520767454,sheetirao,Sheetal Rao,,"Now, now, DMK what kind of double standards is this??? You want all ""hindiwalas"" to campaign, strategize for the 2021 polls for your Stalin to uphold the rights of Tamils huh???

Appadaa what brainsuuuu?? https://t.co/e5roL6Bgji",en,[],[],['https://pbs.twimg.com/media/EfFB-nIU4AEXFso.jpg'],0,0,3,[],[],https://twitter.com/sheetirao/status/1292887151055523841,,,1,https://pbs.twimg.com/media/EfFB-nIU4AEXFso.jpg,Bangalore,,,,,,"{'user_id': None, 'username': None}",,,,
1292809664585805824,1292809664585805824,2020-08-10 08:06:57 CDT,2020-08-10,08:06:57,-0500,1037010884093272064,shrirambn,Shrirambn,,"@AamAadmiParty  workers who are not just sanitising wards checking temperature and also checking oxygen level  of people were seen working at pulakeshinagar on Monday in Bengaluru
@NewIndianXpress @XpressBengaluru @santwana99 @shibasahu2012 @vinodkumart5 @AshwiniMS_TNIE https://t.co/ybBiHLnpKc",en,"['aamaadmiparty', 'newindianxpress', 'xpressbengaluru', 'santwana99', 'shibasahu2012', 'vinodkumart5', 'ashwinims_tnie']",[],"['https://pbs.twimg.com/media/EfD7gRtUEAAYXYp.jpg', 'https://pbs.twimg.com/media/EfD7hffU4AIlJpP.jpg']",0,12,11,[],[],https://twitter.com/shrirambn/status/1292809664585805824,,,1,https://pbs.twimg.com/media/EfD7gRtUEAAYXYp.jpg,Bangalore,,,,,,"{'user_id': '711694309', 'username': 'AamAadmiParty'}",,,,
1292804456334020608,1292804456334020608,2020-08-10 07:46:16 CDT,2020-08-10,07:46:16,-0500,2731190534,rogue_it_r,Rohit Rajendran,,"To the movie which gave wings to my teenage dreams!
To switching between being Sid, Sameer &amp; Akash!
To those umpteen Goa plans &amp; few trips!
To the fun ""Koi Kahe"" &amp; real ""Tanhayee""!
To a generation!

A Coming-of-age movie in every sense, #DilChahtaHai is ❤️
#19yearsofDilChahtaHai",en,[],[],[],0,1,2,"['dilchahtahai', '19yearsofdilchahtahai']",[],https://twitter.com/rogue_it_r/status/1292804456334020608,,https://twitter.com/FarOutAkhtar/status/1292693810921656320,0,,Bangalore,,,,,,"{'user_id': None, 'username': None}",,,,
1292901510838251520,1292901510838251520,2020-08-10 14:11:55 CDT,2020-08-10,14:11:55,-0500,763628952,govindk2,Govind Ram K,,Slipper shots!! Heavyyyyy 🤣🤣😂,en,[],[],[],0,1,2,[],[],https://twitter.com/GOVINDK2/status/1292901510838251520,,https://twitter.com/rohini_sgh/status/1292876917062791169,0,,Bangalore,,,,,,"{'user_id': None, 'username': None}",,,,
1292851821027790849,1292851821027790849,2020-08-10 10:54:28 CDT,2020-08-10,10:54:28,-0500,129466722,chowdhuryrahul,Rahul Chowdhury,,Any upcoming updates @heyhey @dhh which will list HEY in this Firefox settings list? https://t.co/2gXRCBx3dv,en,"['heyhey', 'dhh']",[],['https://pbs.twimg.com/media/EfEh4ENU8AIq05Z.jpg'],1,0,4,[],[],https://twitter.com/chowdhuryrahul/status/1292851821027790849,,,1,https://pbs.twimg.com/media/EfEh4ENU8AIq05Z.jpg,Bangalore,,,,,,"{'user_id': None, 'username': None}",,,,
1292915333422931968,1292915333422931968,2020-08-10 15:06:51 CDT,2020-08-10,15:06:51,-0500,938860129755136000,buddha2019,Ashok (2047--Acchedin 🤔),,"Pilot   landed safely after the surgical strike on jumla party.😁😁

#Sachin_pilot👍👍",en,[],[],[],0,1,7,['sachin_pilot'],[],https://twitter.com/buddha2019/status/1292915333422931968,,,0,,Bangalore,,,,,,"{'user_id': None, 'username': None}",,,,
1292855483791884290,1292855483791884290,2020-08-10 11:09:02 CDT,2020-08-10,11:09:02,-0500,3253860308,jtndrprksh,Jiten,,"Listen to the wind , it talks . Listen to the silence, it speaks. Listen to your heart , it knows . 
#positivity #PositiveVibes",en,[],[],[],0,0,2,"['positivity', 'positivevibes']",[],https://twitter.com/jtndrprksh/status/1292855483791884290,,,0,,Bangalore,,,,,,"{'user_id': None, 'username': None}",,,,
1292899721799823360,1292899721799823360,2020-08-10 14:04:49 CDT,2020-08-10,14:04:49,-0500,102132407,priiad,Priyanka Adhikary,,"Watch @bforbaruah &amp; @DONBABAK come together to discuss with Aashna on our basic need - #CrimeFiction
#whodunits ... Well the thrill is indeed in the kill isn't it? Find out now!!
https://t.co/6GvJgR7EDY",en,"['bforbaruah', 'donbabak']",['https://youtu.be/PfEDQCznvzY'],[],0,0,3,"['crimefiction', 'whodunits']",[],https://twitter.com/PriIAd/status/1292899721799823360,,,0,,Bangalore,,,,,,"{'user_id': None, 'username': None}",,,,
1292794592509607937,1292794592509607937,2020-08-10 07:07:04 CDT,2020-08-10,07:07:04,-0500,2353911048,paul_dupuisrstd,Paul Dupuis,,Some of my biggest lessons in leadership were learned in the Karate dojo #Leadership #naturalbrilliance #thee5movement,en,[],[],[],0,0,6,"['leadership', 'naturalbrilliance', 'thee5movement']",[],https://twitter.com/Paul_DupuisRSTD/status/1292794592509607937,,https://twitter.com/lidpublishing/status/1292778209713455104,0,,Bangalore,,,,,,"{'user_id': None, 'username': None}",,,,
1292971865003061248,1292971865003061248,2020-08-10 18:51:29 CDT,2020-08-10,18:51:29,-0500,1065326140905025536,_gbemisolab,Oluwagbemisola,,So I’m not a woman 😥.,en,[],[],[],1,1,3,[],[],https://twitter.com/_GbemisolaB/status/1292971865003061248,,https://twitter.com/the_lopetee/status/1292651132603506688,0,,Bangalore,,,,,,"{'user_id': None, 'username': None}",,,,
1292768045820030976,1292768045820030976,2020-08-10 05:21:35 CDT,2020-08-10,05:21:35,-0500,4581377172,syedtouseefulla,SYED TOUSEEF ULLA,,"Sannidhi Mahabaleshwara Hegde, Government Marikamba PU College, Sirsi, Uttara Kannada, she got 625 out of 625 in SSLC and became first in the state. Congratulations
@nsui @NSUIKarnataka @NsuiBengaluru @NSUILive @INCIndia @srivatsayb @srinivasiyc https://t.co/pkdb0Tag5j",en,"['nsui', 'nsuikarnataka', 'nsuibengaluru', 'nsuilive', 'incindia', 'srivatsayb', 'srinivasiyc']",[],['https://pbs.twimg.com/media/EfDVr4lU4AIZCoa.jpg'],0,0,2,[],[],https://twitter.com/syedtouseefulla/status/1292768045820030976,,,1,https://pbs.twimg.com/media/EfDVr4lU4AIZCoa.jpg,Bangalore,,,,,,"{'user_id': None, 'username': None}",,,,
1292868504777940993,1292868504777940993,2020-08-10 12:00:46 CDT,2020-08-10,12:00:46,-0500,128897992,mamzie1,🇮🇳 Ordinary citizen 🇮🇳,,"Boycott bollywood
#ArrestRheaNow",en,[],[],[],0,2,0,['arrestrheanow'],[],https://twitter.com/mamzie1/status/1292868504777940993,,https://twitter.com/_Hinduvidual_/status/1292865004211847168,0,,Bangalore,,,,,,"{'user_id': None, 'username': None}",,,,
1292944926506758144,1292944926506758144,2020-08-10 17:04:26 CDT,2020-08-10,17:04:26,-0500,142229773,radhika_nataraj,radatat,,You think at some point all our dreams will also be indoors?,en,[],[],[],1,1,4,[],[],https://twitter.com/radhika_nataraj/status/1292944926506758144,,,0,,Bangalore,,,,,,"{'user_id': None, 'username': None}",,,,
1292789714383077376,1292789714383077376,2020-08-10 06:47:41 CDT,2020-08-10,06:47:41,-0500,364657176,saytrees_ind,SayTrees,,"Urban Gardner Kopal Nanda giving us an insight on microgreens, fertilizers, gardening and her passionate ways of viewing and doing things in life, especially on plants !
@Dell @Dell4Impact https://t.co/Eg5hazTc5u",en,"['dell', 'dell4impact']",[],['https://pbs.twimg.com/media/EfDpZJ1VAAAWNdG.jpg'],0,1,10,[],[],https://twitter.com/saytrees_ind/status/1292789714383077376,,,1,https://pbs.twimg.com/media/EfDpZJ1VAAAWNdG.jpg,Bangalore,,,,,,"{'user_id': None, 'username': None}",,,,
1292850079523409921,1292850079523409921,2020-08-10 10:47:33 CDT,2020-08-10,10:47:33,-0500,296792626,shabs81,Shafaat Shahbandari,,"With no domes and minarets, this 700yr old #mosque in #Kozhikode is unlike any mosque in the world. Read the story to know why it is a great symbol of culture harmony.
#mosque #Muslim #culture #harmony",en,[],[],[],0,0,2,"['mosque', 'kozhikode', 'mosque', 'muslim', 'culture', 'harmony']",[],https://twitter.com/shabs81/status/1292850079523409921,,https://twitter.com/tshadesofindia/status/1292849157942607872,0,,Bangalore,,,,,,"{'user_id': None, 'username': None}",,,,
1292860235770507264,1292860235770507264,2020-08-10 11:27:55 CDT,2020-08-10,11:27:55,-0500,71466283,dassujit,ସୁଜିତ ଦାସ | sujit das 🇮🇳,,"Rhea called a  top film director to help her from friendly journalist community. And few days after Rajdeep calling SSR a small actor and all. Now connect the dots 🤔#ArestRheaNow
#CBIMustForShushant",en,[],[],[],0,3,11,"['arestrheanow', 'cbimustforshushant']",[],https://twitter.com/dassujit/status/1292860235770507264,,,0,,Bangalore,,,,,,"{'user_id': None, 'username': None}",,,,
1292873734722789381,1292873734722789381,2020-08-10 12:21:33 CDT,2020-08-10,12:21:33,-0500,787257417142644736,prasannaaz1,Prasanna,,"You have added suffix of ""ji"" to your name tu please the Delhi Sultan. Whatever you may rant Mr. Shadow Boxer, your dream of becoming Chief Minister of karnataka will never be fulfilled.",en,[],[],[],0,0,7,[],[],https://twitter.com/prasannaaz1/status/1292873734722789381,,https://twitter.com/blsanthosh/status/1292697967028142085,0,,Bangalore,,,,,,"{'user_id': None, 'username': None}",,,,
1292898417623015424,1292898417623015424,2020-08-10 13:59:38 CDT,2020-08-10,13:59:38,-0500,617996053,mukherjiratna,Mili(R)🌹🆎️🌹,,You alwz stay happy well safe n in good health. May Kanha bless you n your whole fmly. This is my prayer to Lord Krishna.🙏🏼🙏🏼🌹🌹🌹🌹🌹🌹🌹🌹🌹🌹🆎️🌹🆎️🌹🆎️🌹🆎️🌹🆎️🌺🌸🌺🌸🌺🌸🌺🌸🌺🌸🌺🌸🌺🌸🌺🌸🌺🌸 https://t.co/4B1hLY2CwM,en,[],[],['https://pbs.twimg.com/media/EfFMQjWU0AAnWku.jpg'],0,0,1,[],[],https://twitter.com/MukherjiRatna/status/1292898417623015424,,,1,https://pbs.twimg.com/media/EfFMQjWU0AAnWku.jpg,Bangalore,,,,,,"{'user_id': None, 'username': None}",,,,
1292907177405898752,1292907177405898752,2020-08-10 14:34:26 CDT,2020-08-10,14:34:26,-0500,139048747,awrytro,Awrytro,,"""I gaze into the doorway of temptation’s angry flame
And every time I pass that way I always hear my name
Then onward in my journey I come to understand
That every hair is numbered like every grain of sand""

 - #BobDylan ,1981",en,[],[],[],0,2,7,['bobdylan'],[],https://twitter.com/awrytro/status/1292907177405898752,,,0,,Bangalore,,,,,,"{'user_id': None, 'username': None}",,,,
1292870120075718657,1292870120075718657,2020-08-10 12:07:11 CDT,2020-08-10,12:07:11,-0500,3074604872,bhupeshmohanp,Bhupesh M P,,#arrestrheanow The minute 2 Lutyens journalists planted stories about SSR being bipolar and he is a small star it clearly shows there are some big ppl involved in this double murder case,en,[],[],[],0,4,1,['arrestrheanow'],[],https://twitter.com/BhupeshmohanP/status/1292870120075718657,,,0,,Bangalore,,,,,,"{'user_id': None, 'username': None}",,,,
1292772219920080896,1292772219920080896,2020-08-10 05:38:10 CDT,2020-08-10,05:38:10,-0500,47678623,kris_sg,kris gopalakrishnan,,Thanks @govindethiraj for moderating the session.,en,['govindethiraj'],[],[],0,2,13,[],[],https://twitter.com/kris_sg/status/1292772219920080896,,https://twitter.com/govindethiraj/status/1292660431631261696,0,,Bangalore,,,,,,"{'user_id': None, 'username': None}",,,,
1292865686386044928,1292865686386044928,2020-08-10 11:49:34 CDT,2020-08-10,11:49:34,-0500,943319074456485889,satendermalik22,Satender Malik,,@WrestlerSushil 🙏 @SatenderMalik8 shopping time with world champion nd great man sushil kumar kamal coach nd pardhan ji ❤️🙏 https://t.co/3NbvL5CDdv,en,"['wrestlersushil', 'satendermalik8']",[],['https://pbs.twimg.com/media/EfEuelvUYAAsGUu.jpg'],0,0,2,[],[],https://twitter.com/SatenderMalik22/status/1292865686386044928,,,1,https://pbs.twimg.com/media/EfEuelvUYAAsGUu.jpg,Bangalore,,,,,,"{'user_id': '3304879224', 'username': 'WrestlerSushil'}",,,,
1292834644421877761,1292834644421877761,2020-08-10 09:46:13 CDT,2020-08-10,09:46:13,-0500,2881135615,sweetyrath,Sweety,,"#TechHRIN 2020 @Ester_Matters has alwaysrelatable, genuine and knowledgeable to hear! Highlight of the day @Michelle Badjek from @Skillsoft on how learning is the singular preparatory of disruption! @nntaleb took the audience by his simplicity of concept.. great day 1",en,"['ester_matters', 'michelle', 'skillsoft', 'nntaleb']",[],[],0,0,14,['techhrin'],[],https://twitter.com/sweetyrath/status/1292834644421877761,,,0,,Bangalore,,,,,,"{'user_id': None, 'username': None}",,,,
1292904409739927552,1292904409739927552,2020-08-10 14:23:26 CDT,2020-08-10,14:23:26,-0500,796372758850453505,masalaboxtravel,Chitra M,,"🥺🥺🥺
Also, unbelievable craftsmanship",en,[],[],[],0,0,3,[],[],https://twitter.com/masalaboxtravel/status/1292904409739927552,,https://twitter.com/Amitsen_TNIE/status/1292868264549208065,0,,Bangalore,,,,,,"{'user_id': None, 'username': None}",,,,
1292882434212548608,1292882434212548608,2020-08-10 12:56:07 CDT,2020-08-10,12:56:07,-0500,2520767454,sheetirao,Sheetal Rao,,"I personally know many tamilians who love their language and are like friends for life...

Once u have had a Tamil friend n u have a friend for life, however we have idiots who r defaming the language and land for their petty interests...",en,[],[],[],0,0,8,[],[],https://twitter.com/sheetirao/status/1292882434212548608,,,0,,Bangalore,,,,,,"{'user_id': None, 'username': None}",,,,
1292824830635438080,1292824830635438080,2020-08-10 09:07:13 CDT,2020-08-10,09:07:13,-0500,3308051342,officiallyankit,Ankit Tiwari,,"#vandematra ❤️
Jai hind",en,[],[],[],0,2,22,['vandematra'],[],https://twitter.com/officiallyAnkit/status/1292824830635438080,,https://twitter.com/TOIPlus/status/1292821417591939072,0,,Bangalore,,,,,,"{'user_id': None, 'username': None}",,,,
1292858773984309249,1292858773984309249,2020-08-10 11:22:06 CDT,2020-08-10,11:22:06,-0500,981857739067609088,flightofsand,Anne T. Fa,,The virgin tape trader vs the chad limewire mp3 grabber,en,[],[],[],0,0,3,[],[],https://twitter.com/flightofsand/status/1292858773984309249,,,0,,Bangalore,,,,,,"{'user_id': None, 'username': None}",,,,
1292944009954865152,1292944009954865152,2020-08-10 17:00:48 CDT,2020-08-10,17:00:48,-0500,346533068,ravindrakumar46,ravindra kumar,,The friendliest birds are here with thumbs up,en,[],[],[],0,0,1,[],[],https://twitter.com/ravindrakumar46/status/1292944009954865152,,https://twitter.com/ratchet_99/status/1292525858268225536,0,,Bangalore,,,,,,"{'user_id': None, 'username': None}",,,,
1292826694156341253,1292826694156341253,2020-08-10 09:14:38 CDT,2020-08-10,09:14:38,-0500,220911750,drjavedrasheed,Dr.Javed Rasheed,,"Forgiving someone is easy, it's trusting them again that's hard.",en,[],[],[],0,0,2,[],[],https://twitter.com/drjavedrasheed/status/1292826694156341253,,,0,,Bangalore,,,,,,"{'user_id': None, 'username': None}",,,,
1292825855509446658,1292825855509446658,2020-08-10 09:11:18 CDT,2020-08-10,09:11:18,-0500,220911750,drjavedrasheed,Dr.Javed Rasheed,,"The truth is not always beautiful, nor beautiful words the truth. 
- Lao Tzu",en,[],[],[],0,0,3,[],[],https://twitter.com/drjavedrasheed/status/1292825855509446658,,,0,,Bangalore,,,,,,"{'user_id': None, 'username': None}",,,,
1292865642865946624,1292865642865946624,2020-08-10 11:49:24 CDT,2020-08-10,11:49:24,-0500,622061435,mirji_rh,Raghavendra Mirji,,Arnaub Sir They have power. They will use to malign Republic . Ask MH Govt to provide to you adequate security with copy to Home Ministry .Hope they do provide security to you . #ArrestRheaNow,en,[],[],[],0,4,2,['arrestrheanow'],[],https://twitter.com/mirji_rh/status/1292865642865946624,,,0,,Bangalore,,,,,,"{'user_id': None, 'username': None}",,,,
1292725044125278208,1292725044125278208,2020-08-10 02:30:42 CDT,2020-08-10,02:30:42,-0500,264744541,lifeis_speed,Lifeis Speed,"{'type': 'Point', 'coordinates': [13.00829673, 77.5822655]}","""Individual commitment to a group effort
that is what makes a team work, a company work,
a society work and a civilization work."" --Vince Lombardi.
Congratulations for your achievement
STAR OF THE WEEK.......
1.… https://t.co/6kZGlp1UFj",en,[],['https://www.instagram.com/p/CDs1JeyFEh9/?igshid=4npovrs1xq89'],[],0,1,1,[],[],https://twitter.com/Lifeis_speed/status/1292725044125278208,,,0,,Bangalore,,,,,,"{'user_id': None, 'username': None}",,,,
1292887886015000576,1292887886015000576,2020-08-10 13:17:47 CDT,2020-08-10,13:17:47,-0500,15628784,blraviation,Bangalore Aviation,,https://t.co/2hzv77PQqX just two and it sent a chill down the spine 🤣,en,[],['https://youtu.be/5tMqcARKRSE'],[],0,1,3,[],[],https://twitter.com/BLRAviation/status/1292887886015000576,,https://twitter.com/DFWAirport/status/1292819249501806592,0,,Bangalore,,,,,,"{'user_id': None, 'username': None}",,,,
1292871541126905856,1292871541126905856,2020-08-10 12:12:50 CDT,2020-08-10,12:12:50,-0500,109236226,cjoshi28,CJ,,It was successful because it wasn't a planned trip. They just went!😆,en,[],[],[],0,0,2,[],[],https://twitter.com/CJoshi28/status/1292871541126905856,,https://twitter.com/NetflixIndia/status/1292720980901560320,0,,Bangalore,,,,,,"{'user_id': None, 'username': None}",,,,
1292810204648595458,1292810204648595458,2020-08-10 08:09:06 CDT,2020-08-10,08:09:06,-0500,270712939,sindhuja109,Sindhuja Balaji,,"What the.... 

*Burrows a hole into the ground and disappears* 

2020, please stop.",en,[],[],[],0,0,1,[],[],https://twitter.com/sindhuja109/status/1292810204648595458,,https://twitter.com/PhilippineStar/status/1292735226527940615,0,,Bangalore,,,,,,"{'user_id': None, 'username': None}",,,,
1292912147895218176,1292912147895218176,2020-08-10 14:54:11 CDT,2020-08-10,14:54:11,-0500,1159849131537395712,akul_jaiswal,Akul اکول,,"Welcome back sir.

The doors of Congress is open.

Glad to see that you didn't betray like Jyotoradityaraaj Scindhia and compromised your ideology for the position.

Once again welcome back.

Today Rajasthan has won the battle against horse trading because Amit Shah is infected.",en,[],[],[],0,0,1,[],[],https://twitter.com/akul_jaiswal/status/1292912147895218176,,https://twitter.com/SachinPilot/status/1292906281519345664,0,,Bangalore,,,,,,"{'user_id': None, 'username': None}",,,,
1292886537282056193,1292886537282056193,2020-08-10 13:12:25 CDT,2020-08-10,13:12:25,-0500,93601304,ajayrotti,Ajay Rotti,,"Suddenly, @SachinPilot is more than just an English speaking leader once again. Nice.",en,['sachinpilot'],[],[],1,0,5,[],[],https://twitter.com/ajayrotti/status/1292886537282056193,,,0,,Bangalore,,,,,,"{'user_id': None, 'username': None}",,,,
1292783779216388098,1292783779216388098,2020-08-10 06:24:06 CDT,2020-08-10,06:24:06,-0500,796372758850453505,masalaboxtravel,Chitra M,,Bangalore why you so cold!!,en,[],[],[],2,0,2,[],[],https://twitter.com/masalaboxtravel/status/1292783779216388098,,,0,,Bangalore,,,,,,"{'user_id': None, 'username': None}",,,,
1292859571451510790,1292859571451510790,2020-08-10 11:25:16 CDT,2020-08-10,11:25:16,-0500,226887830,brnaidu1978,B.R.Naidu ಬಿ.ಆರ್.ನಾಯ್ಡು Vasanthnagar,,"Time consuming

Natural disaster management department is set up at the centre and states .

Instead of asking them to take immediate action to redress the grievances 
by sending teams to the areas concerned, 

 how far the video discussion of PM with the states be fruitful ???",en,[],[],[],0,1,9,[],[],https://twitter.com/brnaidu1978/status/1292859571451510790,,,0,,Bangalore,,,,,,"{'user_id': None, 'username': None}",,,,
1292781998298107904,1292781998298107904,2020-08-10 06:17:01 CDT,2020-08-10,06:17:01,-0500,141827193,kranirudha,Kumar Anirudha,,Setting up desk clutter free is definitely a superpower...... which I need.,en,[],[],[],0,0,0,[],[],https://twitter.com/kranirudha/status/1292781998298107904,,,0,,Bangalore,,,,,,"{'user_id': None, 'username': None}",,,,
1292964403701145600,1292964403701145600,2020-08-10 18:21:50 CDT,2020-08-10,18:21:50,-0500,2286417703,blrrocks,ತರ್ಲೆ 𝗧𝗵𝗶𝗺𝗺𝗮,,"Dear @BBMPCOMM ಅವರೇ.. Another money making opportunity for you guys...
Thank me later!",en,['bbmpcomm'],[],[],0,0,1,[],[],https://twitter.com/BLRrocKS/status/1292964403701145600,,https://twitter.com/htTweets/status/1292961423988056064,0,,Bangalore,,,,,,"{'user_id': None, 'username': None}",,,,
1292880333457645574,1292880333457645574,2020-08-10 12:47:46 CDT,2020-08-10,12:47:46,-0500,981857739067609088,flightofsand,Anne T. Fa,,"Good.

https://t.co/GLUQhwyZbm",en,[],['https://apnews.com/598da05d3907aa58399c86ff85a9babc'],[],0,1,5,[],[],https://twitter.com/flightofsand/status/1292880333457645574,,,0,,Bangalore,,,,,,"{'user_id': None, 'username': None}",,,,
1292864728616714246,1292855299976704001,2020-08-10 11:45:46 CDT,2020-08-10,11:45:46,-0500,1268532643026497541,hemanthdixit3,ಹೇಮಂತ್ ದೀಕ್ಷತ್,,@DarkNetflixDE OMG😲😲 ..Haven’t noticed this at all 😃😃..They given hint of parallel world in s02 itself as ulrich was a colleague of Charlotte in parallel world..Guess I need to re-watch this again 😃😃 ..Thanks a lot @DarkNetflixDE 👏👏🙏👌for this post. #DarkNetflix,en,"['darknetflixde', 'darknetflixde']",[],[],1,0,4,['darknetflix'],[],https://twitter.com/HemanthDixit3/status/1292864728616714246,,,0,,Bangalore,,,,,,"{'user_id': '976692186', 'username': 'DarkNetflixDE'}",,,,
1292811114233962498,1292811114233962498,2020-08-10 08:12:43 CDT,2020-08-10,08:12:43,-0500,400230398,deepagandhi1,Kreativemommy,"{'type': 'Point', 'coordinates': [12.971117, 77.597645]}","Pandemic time, time of lockdown, quarantine time, home office time or home school time, we have learnt to inhabit these new presents. 
.
One thing which we all learnt is to stay safe by using and practicing good… https://t.co/si894HvIF6",en,[],['https://www.instagram.com/p/CDtcSQcMYS6/?igshid=fwdixfl40d3q'],[],0,0,2,[],[],https://twitter.com/Deepagandhi1/status/1292811114233962498,,,0,,Bangalore,,,,,,"{'user_id': None, 'username': None}",,,,
1292881301154852864,1292878769061994496,2020-08-10 12:51:37 CDT,2020-08-10,12:51:37,-0500,448764973,raghu_madgula,Raghu Madgula,,"@GauravPandhi Shame on her, calling herself a journalist, not only confirms that there was a operation Kamal which has failed, also confirms that BJP will continue to do that..",en,['gauravpandhi'],[],[],2,1,15,[],[],https://twitter.com/raghu_madgula/status/1292881301154852864,,,0,,Bangalore,,,,,,"{'user_id': '75311070', 'username': 'GauravPandhi'}",,,,
1292902810908950528,1292902810908950528,2020-08-10 14:17:05 CDT,2020-08-10,14:17:05,-0500,2160431276,rajahulideepu11,IYC Deepak ( Raja Huli ) Varthur,,"https://t.co/pwsibAtiGv

Dr Manmohan Singh's 3 Step Strategy to Revive Indian Economy 

1️⃣Ensure people hv  spending power through a significant direct cash assistance

2️⃣Adequate capital available for businesses 

3️⃣Fix financial sector through institutional autonomy &amp; processes",en,[],['https://www.bbc.com/news/amp/world-asia-india-53675858?__twitter_impression=true'],[],0,1,2,[],[],https://twitter.com/rajahulideepu11/status/1292902810908950528,,,0,,Bangalore,,,,,,"{'user_id': None, 'username': None}",,,,
1292898912341131264,1292649083627216897,2020-08-10 14:01:36 CDT,2020-08-10,14:01:36,-0500,178247585,colkt,"Col A K Tiwari, VSM(retd)🇮🇳",,"@desertfox61I @MaliniP @KanimozhiDMK @CISFHQrs Training guns for election.
DMK's favorite:
Oppose
Hindi Hindus Brahmin
Support Liquor
n
Campaign with Cinema Dialogue",en,"['malinip', 'kanimozhidmk', 'cisfhqrs']",[],[],0,3,9,[],[],https://twitter.com/colkt/status/1292898912341131264,,,0,,Bangalore,,,,,,"{'user_id': None, 'username': None}",,,,
1292847481382821888,1292804652183027720,2020-08-10 10:37:14 CDT,2020-08-10,10:37:14,-0500,448764973,raghu_madgula,Raghu Madgula,,@bhupendrachaube @SachinPilot @INCIndia I can imagine your disappointment.,en,"['bhupendrachaube', 'sachinpilot', 'incindia']",[],[],1,0,15,[],[],https://twitter.com/raghu_madgula/status/1292847481382821888,,,0,,Bangalore,,,,,,"{'user_id': '56685329', 'username': 'bhupendrachaube'}",,,,
1292887893254393856,1292887893254393856,2020-08-10 13:17:49 CDT,2020-08-10,13:17:49,-0500,2672705335,mjsrikant,MJ Srikant,,"Is @SachinPilot wise ? Raised the storm and tamed a veteran politician or its a strategic move failed to garner numbers yet a wise return back on time?
#sachinpiolet https://t.co/WS0yuJE4nD
Download the TOI app now:
https://t.co/YjDdUJihzE",en,['sachinpilot'],"['https://timesofindia.indiatimes.com/india/have-raised-important-ideological-governance-issues-sachin-pilot/articleshow/77469287.cms', 'https://timesofindia.onelink.me/mjFd/toisupershare']",[],0,0,1,['sachinpiolet'],[],https://twitter.com/MJSrikant/status/1292887893254393856,,,0,,Bangalore,,,,,,"{'user_id': None, 'username': None}",,,,
1292775078673883136,1292672498589241344,2020-08-10 05:49:32 CDT,2020-08-10,05:49:32,-0500,102881475,makingindiawork,Rajesh Kumar,,"@MaliniP @swapan55 English is never the link language when you step to the other side of the “ Madrasi” world in India. Without Hindi, travelling in the heartland of India is like travelling in France without knowing French.",en,"['malinip', 'swapan55']",[],[],0,1,1,[],[],https://twitter.com/makingindiawork/status/1292775078673883136,,,0,,Bangalore,,,,,,"{'user_id': '16237067', 'username': 'MaliniP'}",,,,
1292826699428540416,1292714760832602112,2020-08-10 09:14:39 CDT,2020-08-10,09:14:39,-0500,14918508,the_kk,Karthik Krishnaswamy,,"@bambaiyya__ I have a presence across all three platforms, what does that make me?",en,['bambaiyya__'],[],[],1,1,5,[],[],https://twitter.com/the_kk/status/1292826699428540416,,,0,,Bangalore,,,,,,"{'user_id': '1219897658162106368', 'username': 'bambaiyya__'}",,,,
1292914459925557249,1292871481613942784,2020-08-10 15:03:23 CDT,2020-08-10,15:03:23,-0500,1159849131537395712,akul_jaiswal,Akul اکول,,"@INCTharoorian Undoubtedly 
We will do it",en,['inctharoorian'],[],[],0,0,2,[],[],https://twitter.com/akul_jaiswal/status/1292914459925557249,,,0,,Bangalore,,,,,,"{'user_id': '49264202', 'username': 'INCTharoorian'}",,,,
1292846424103690242,1292628407423922177,2020-08-10 10:33:02 CDT,2020-08-10,10:33:02,-0500,39728371,saday01,Saday Tiwari,,@RandallKanna Write you own code. Or try to improve when you copy!,en,['randallkanna'],[],[],0,0,1,[],[],https://twitter.com/saday01/status/1292846424103690242,,,0,,Bangalore,,,,,,"{'user_id': '206918128', 'username': 'RandallKanna'}",,,,
1292890504372219909,1292859937983324160,2020-08-10 13:28:11 CDT,2020-08-10,13:28:11,-0500,281370426,sashabeebaba,Naveen Jain,,"@rupagulab @rupagulab , most of them keep a  straight without showing their preferences!!!",en,[],[],[],0,0,1,[],[],https://twitter.com/sashabeebaba/status/1292890504372219909,,,0,,Bangalore,,,,,,"{'user_id': None, 'username': None}",,,,
1292820937503465473,1292417589822488583,2020-08-10 08:51:45 CDT,2020-08-10,08:51:45,-0500,834409994711805953,vhalamani,ವೀಹ,,@shubhamrss01 When you knew English men looted us why did you learn English then. And how come people in UP are failing in hindi exam but are getting good marks in English. You people ok with English but not  with other Indian languages.,en,['shubhamrss01'],[],[],0,0,1,[],[],https://twitter.com/VHalamani/status/1292820937503465473,,,0,,Bangalore,,,,,,"{'user_id': '1098606416259108875', 'username': 'shubhamrss01'}",,,,
1292865887960092672,1292864764230561793,2020-08-10 11:50:22 CDT,2020-08-10,11:50:22,-0500,179467862,malavikabjp,Malavika Avinash,,@jkgche Masters in the Universal language of Corruption,en,['jkgche'],[],[],1,1,1,[],[],https://twitter.com/MalavikaBJP/status/1292865887960092672,,,0,,Bangalore,,,,,,"{'user_id': '1022416380', 'username': 'jkgche'}",,,,
1292896599195054080,1292837416206651392,2020-08-10 13:52:24 CDT,2020-08-10,13:52:24,-0500,281370426,sashabeebaba,Naveen Jain,,"@PawanJiKaFan1 @SupriyaShrinate Both @Pawankhera ji and @SupriyaShrinate ji are precise, to the point being sharp and critical while taking anchors who are seen bidding for the ruling party !",en,"['pawanjikafan1', 'supriyashrinate', 'pawankhera', 'supriyashrinate']",[],[],0,0,1,[],[],https://twitter.com/sashabeebaba/status/1292896599195054080,,,0,,Bangalore,,,,,,"{'user_id': '1287039660816924672', 'username': 'PawanJiKaFan1'}",,,,
1292907121479053312,1292794442680655874,2020-08-10 14:34:13 CDT,2020-08-10,14:34:13,-0500,2855625499,iamakhilkhatri,Akhil Khatri,,"@HSBTechYt If it has a meaning to the one getting it, it's cool. If it's just to look cool, they regret getting it years down the line. 

I got 4 in total. 3 meaningful tattoos and 1 which is just what I find cool. The cool one was my first tattoo.",en,[],[],[],0,0,4,[],[],https://twitter.com/iamakhilkhatri/status/1292907121479053312,,,0,,Bangalore,,,,,,"{'user_id': '1018132366303248384', 'username': 'hrithwik_'}",,,,
1292820098357460992,1292738380430585857,2020-08-10 08:48:25 CDT,2020-08-10,08:48:25,-0500,17839493,nakulshenoy,Nakul Shenoy,,@hvgoenka Thank you. Now the only hope is that The Hindu finds some article or ads in its archives.,en,['hvgoenka'],[],[],0,0,2,[],[],https://twitter.com/NakulShenoy/status/1292820098357460992,,,0,,Bangalore,,,,,,"{'user_id': '39488770', 'username': 'hvgoenka'}",,,,
1292821392946114560,1292220694059782145,2020-08-10 08:53:34 CDT,2020-08-10,08:53:34,-0500,2515045189,walkadm,Adam Walker 🇺🇦,,"@prasanna_says @lissijean Personally I’ve been looking more into progressive capital gains taxes as a way to distribute the massive returns.  For example, the starting threshold could be a flat capital gains tax up to $500M, after which the rate increases. What do you think?",en,"['prasanna_says', 'lissijean']",[],[],1,0,2,[],[],https://twitter.com/walkadm/status/1292821392946114560,,,0,,Bangalore,,,,,,"{'user_id': '2515045189', 'username': 'walkadm'}",,,,
1292870989890506754,1292830349257584640,2020-08-10 12:10:39 CDT,2020-08-10,12:10:39,-0500,15628784,blraviation,Bangalore Aviation,,@Vinamralongani @TheSanjivKapoor @WandrMe I think the travel will be by people travelling one way for now. Essentially returning home for vacations or from work.,en,"['vinamralongani', 'thesanjivkapoor', 'wandrme']",[],[],2,0,3,[],[],https://twitter.com/BLRAviation/status/1292870989890506754,,,0,,Bangalore,,,,,,"{'user_id': '2993339798', 'username': 'Vinamralongani'}",,,,
1292876691128242176,1292834504042676224,2020-08-10 12:33:18 CDT,2020-08-10,12:33:18,-0500,178247585,colkt,"Col A K Tiwari, VSM(retd)🇮🇳",,"@kailashkaushik8 @jyotsnadevi33 @Swamy39 3
ABV withdrew Support to family while Dr Swamy was away

In Janata Party Govt, ABV stopped Morarji from giving Dr Swamy a Cabinet ministry though Morarji wanted it

Dr Swamy refused Junior Ministry
Later, during formation of BJP, ABV kept Dr Swamy away from it

ABV got as good..",en,"['kailashkaushik8', 'jyotsnadevi33', 'swamy39']",[],[],0,2,0,[],[],https://twitter.com/colkt/status/1292876691128242176,,,0,,Bangalore,,,,,,"{'user_id': '178247585', 'username': 'colkt'}",,,,
