id,conversation_id,created_at,date,time,timezone,user_id,username,name,place,tweet,language,mentions,urls,photos,replies_count,retweets_count,likes_count,hashtags,cashtags,link,retweet,quote_url,video,thumbnail,near,geo,source,user_rt_id,user_rt,retweet_id,reply_to,retweet_date,translate,trans_src,trans_dest
1248593566009442306,1248593566009442306,2020-04-10 07:47:58 CDT,2020-04-10,07:47:58,-0500,794794277016457216,prajwalmanipal,Prajwal,,"Kannada channel Public TV spreading false news of a 'seal down' in many Bangalore areas. This is NOT true. Even in time of a pandemic and lockdown, this channel is being trigger happy with their reporting. https://t.co/RzIkuTtNUo",en,[],[],['https://pbs.twimg.com/media/EVPlOblUEAABIYS.jpg'],33,233,622,[],[],https://twitter.com/prajwalmanipal/status/1248593566009442306,,,1,https://pbs.twimg.com/media/EVPlOblUEAABIYS.jpg,Bangalore,,,,,,"{'user_id': None, 'username': None}",,,,
1248668307911102464,1248668307911102464,2020-04-10 12:44:58 CDT,2020-04-10,12:44:58,-0500,58722145,nagarjund,Nagarjun Dwarakanath,,"Turuvekere BJP MLA Masale Jayaram celebrated his birthday during Covid19 lockdown and served cake and biryani to people in Tumkur District. 

Clear violation of lockdown rules! https://t.co/uejCgm90q5",en,[],[],"['https://pbs.twimg.com/media/EVQpMerUwAAti99.jpg', 'https://pbs.twimg.com/media/EVQpNBlUMAEercS.jpg']",19,61,130,[],[],https://twitter.com/nagarjund/status/1248668307911102464,,,1,https://pbs.twimg.com/media/EVQpMerUwAAti99.jpg,Bangalore,,,,,,"{'user_id': None, 'username': None}",,,,
1248641421248057349,1248641421248057349,2020-04-10 10:58:08 CDT,2020-04-10,10:58:08,-0500,4538566158,srk_bangalore,SHAH RUKH KHAN FAN ASSOCIATION,,"#EkShaamShahRukhKeNaam
We are back again to entertain you all on our FB live on 13th April at 7pm in the melodious voice of gorgeous beauty #Samanvitha_Sharma 
#lockdownindia #LockdownCoronavirus https://t.co/5ZJJAAzTeS",en,[],[],['https://pbs.twimg.com/media/EVQQuKeXQAAGrHU.jpg'],10,40,78,"['ekshaamshahrukhkenaam', 'samanvitha_sharma', 'lockdownindia', 'lockdowncoronavirus']",[],https://twitter.com/Srk_bangalore/status/1248641421248057349,,,1,https://pbs.twimg.com/media/EVQQuKeXQAAGrHU.jpg,Bangalore,,,,,,"{'user_id': None, 'username': None}",,,,
1248637113341317126,1248637113341317126,2020-04-10 10:41:01 CDT,2020-04-10,10:41:01,-0500,420221793,mkmahala,"Dr Mahala, PhD",,Today's assignment ... Id the brands... #StayHomeStaySafe #StayHomeIndia https://t.co/Y4LUAC7BIf,en,[],[],['https://pbs.twimg.com/media/EVQM1jhU4AANP1O.jpg'],11,6,14,"['stayhomestaysafe', 'stayhomeindia']",[],https://twitter.com/mkmahala/status/1248637113341317126,,,1,https://pbs.twimg.com/media/EVQM1jhU4AANP1O.jpg,Bangalore,,,,,,"{'user_id': None, 'username': None}",,,,
1248626393769848838,1248626393769848838,2020-04-10 09:58:25 CDT,2020-04-10,09:58:25,-0500,88167404,surejhassan,Surej K. Hassan,,"Kerala Police approached a Street dweller with food. He tells police to go back, makes a circle, points to the ground,covers his nose &amp; then took the food. He displayed more awareness of social distancing than many. Video: Perambra Police Station ,Kozhikode. #SocialDistancing https://t.co/KEvBjNPr4n",en,[],[],[],0,5,9,['socialdistancing'],[],https://twitter.com/SurejHassan/status/1248626393769848838,,,1,https://pbs.twimg.com/ext_tw_video_thumb/1248626345405329412/pu/img/3tMdl6alLBZ5qleg.jpg,Bangalore,,,,,,"{'user_id': None, 'username': None}",,,,
1248611725106008070,1248611725106008070,2020-04-10 09:00:08 CDT,2020-04-10,09:00:08,-0500,74787719,manukumarjain,Manu Kumar Jain,,"#Fun #Friday playing #Jenga 😁

Life is like a game of Jenga. Balance it out well. One wrong tap and everything can fall apart. 🙈🙊

Had great fun together playing a game of Jenga with my family. How did you spend your friday? #21DaysOfPositivity 

#Xiaomi ❤️ #IndiaFightsCorona https://t.co/O5pAo8t0C8",en,[],[],['https://pbs.twimg.com/media/EVP1vEjU4AUaBJU.jpg'],31,34,800,"['fun', 'friday', 'jenga', '21daysofpositivity', 'xiaomi', 'indiafightscorona']",[],https://twitter.com/manukumarjain/status/1248611725106008070,,,1,https://pbs.twimg.com/media/EVP1vEjU4AUaBJU.jpg,Bangalore,,,,,,"{'user_id': None, 'username': None}",,,,
1248683328942702592,1248683328942702592,2020-04-10 13:44:39 CDT,2020-04-10,13:44:39,-0500,714125914271911936,h_narayan_,Himanshu Narayan,,"This mother, who ran away from infestation with the corpse of a 3-year-old child in her hands, is a witness to the health problems in Bihar. Where the life of the innocent was lost due to lack of ambulance. The child was first referred from Arwal to Jehanabad https://t.co/95ve8DOR7z",en,[],[],[],0,3,10,[],[],https://twitter.com/H_narayan_/status/1248683328942702592,,,1,https://pbs.twimg.com/ext_tw_video_thumb/1248683239025201153/pu/img/yyUAHnzkk-cn1sHU.jpg,Bangalore,,,,,,"{'user_id': None, 'username': None}",,,,
1248648392638484480,1248648392638484480,2020-04-10 11:25:50 CDT,2020-04-10,11:25:50,-0500,1570238754,ahmedzaa,Zarar Ahmed 🇵🇸,,"For producing fake news always thoo @sudhirchaudhary thoo

 #ThooSudhirChaudharyThoo https://t.co/qrgczaF9lA",en,['sudhirchaudhary'],[],"['https://pbs.twimg.com/media/EVQXF6lUUAYzJxM.jpg', 'https://pbs.twimg.com/media/EVQXGE7UwAEfWd7.jpg']",2,17,18,['thoosudhirchaudharythoo'],[],https://twitter.com/AhmedZaa/status/1248648392638484480,,,1,https://pbs.twimg.com/media/EVQXF6lUUAYzJxM.jpg,Bangalore,,,,,,"{'user_id': None, 'username': None}",,,,
1248652405698265088,1248652405698265088,2020-04-10 11:41:47 CDT,2020-04-10,11:41:47,-0500,3171723252,brijeshkalappa,Brijesh Kalappa,,"Ambedkar Jayanti being celebrated by Karnataka PCC in a most innovative manner 👏👏👏 on
14 April, Dr. Ambedkar's 130th birth anniversary, every single Congressman will pick up the Constitution and read the preamble at 10 am- wherever he/she is. 
Worth emulating everywhere!!",en,[],[],[],10,17,60,[],[],https://twitter.com/brijeshkalappa/status/1248652405698265088,,,0,,Bangalore,,,,,,"{'user_id': None, 'username': None}",,,,
1248656479525040128,1248656479525040128,2020-04-10 11:57:58 CDT,2020-04-10,11:57:58,-0500,2216231447,csreyanka,Sreyanka Chowdhury,,"Pollution so less, I can see the galaxy from my balcony. 
#AirPollution
#Bangalore #coronavirusinindia https://t.co/Bc64Ietuqh",en,[],[],['https://pbs.twimg.com/media/EVQecx6UYAETeJC.jpg'],1,0,7,"['airpollution', 'bangalore', 'coronavirusinindia']",[],https://twitter.com/csreyanka/status/1248656479525040128,,,1,https://pbs.twimg.com/media/EVQecx6UYAETeJC.jpg,Bangalore,,,,,,"{'user_id': None, 'username': None}",,,,
1248636467380776961,1248636467380776961,2020-04-10 10:38:27 CDT,2020-04-10,10:38:27,-0500,626183495,architbindal,Archit Bindal,,"Fad trends like Working Remotely, VideoConferencing have become a new normal for a growing majority to follow Social Distancing. It’s good to see NGOs like AOL quickly curated its online version of Happiness Program to help people learn meditation &amp; pranayam techniques https://t.co/tFNAYMof0h",en,[],[],['https://pbs.twimg.com/media/EVQMPoVUMAAPZlA.jpg'],0,1,6,[],[],https://twitter.com/architbindal/status/1248636467380776961,,,1,https://pbs.twimg.com/media/EVQMPoVUMAAPZlA.jpg,Bangalore,,,,,,"{'user_id': None, 'username': None}",,,,
1248592706747547649,1248592706747547649,2020-04-10 07:44:33 CDT,2020-04-10,07:44:33,-0500,794794277016457216,prajwalmanipal,Prajwal,,Karnataka CM releases photo feeding a cat. Asks people to feed stray animals. Do your bit ✌🏽,en,[],[],[],3,9,75,[],[],https://twitter.com/prajwalmanipal/status/1248592706747547649,,https://twitter.com/BSYBJP/status/1248500097073041408,0,,Bangalore,,,,,,"{'user_id': None, 'username': None}",,,,
1248656623402274816,1248656623402274816,2020-04-10 11:58:32 CDT,2020-04-10,11:58:32,-0500,625313792,madhunaikbunty,Madhu M,,"#SocialDistancing 
@BJP4India
@BSYBJP
Biryani distribution by @BJP4Karnataka MLA Jayaram @gubbi in his birthday celebration without following #lockdownindia or maintaining social distancing. Who follows rules sir when your own people dont. https://t.co/BxR4rL0C1n",en,"['bjp4india', 'bsybjp', 'bjp4karnataka', 'gubbi']",[],[],6,11,21,"['socialdistancing', 'lockdownindia']",[],https://twitter.com/MadhunaikBunty/status/1248656623402274816,,,1,https://pbs.twimg.com/ext_tw_video_thumb/1248655921300946944/pu/img/pxfDXHZf3BL4RLmw.jpg,Bangalore,,,,,,"{'user_id': None, 'username': None}",,,,
1248613838821326848,1248613838821326848,2020-04-10 09:08:31 CDT,2020-04-10,09:08:31,-0500,806199522632220673,sanjaykrsna,Sanjay Krishna,,My kinda Tiger King. https://t.co/W5feXrvpLz,en,[],[],['https://pbs.twimg.com/media/EVP3qU7UcAEP7k3.jpg'],0,0,7,[],[],https://twitter.com/sanjaykrsna/status/1248613838821326848,,,1,https://pbs.twimg.com/media/EVP3qU7UcAEP7k3.jpg,Bangalore,,,,,,"{'user_id': None, 'username': None}",,,,
1248700795144437761,1248700795144437761,2020-04-10 14:54:03 CDT,2020-04-10,14:54:03,-0500,3171723252,brijeshkalappa,Brijesh Kalappa,,This is in the BJP's model state of Gujarat🤫,en,[],[],[],4,12,26,[],[],https://twitter.com/brijeshkalappa/status/1248700795144437761,,https://twitter.com/LangaMahesh/status/1248658342592917510,0,,Bangalore,,,,,,"{'user_id': None, 'username': None}",,,,
1248693027498889216,1248693027498889216,2020-04-10 14:23:12 CDT,2020-04-10,14:23:12,-0500,4713794868,suryasuresh4005,Suresh Rishi,,"Trend Alert 📣

Get Ready For A Bombastic Trend On #APRIL27 6:00 PM As Our Superstar @urstrulyMahesh’s   South Indian Industry Hit #Pokiri Completes 14 Years 💥 

CDP Details Will Be Revealed Soon !! 👍

Retweet &amp; Spread The Word 💥 https://t.co/lqR70UUg5w",en,['urstrulymahesh'],[],['https://pbs.twimg.com/media/EVQ_rlfU4AEQN4r.jpg'],0,3,3,"['april27', 'pokiri']",[],https://twitter.com/suryasuresh4005/status/1248693027498889216,,,1,https://pbs.twimg.com/media/EVQ_rlfU4AEQN4r.jpg,Bangalore,,,,,,"{'user_id': None, 'username': None}",,,,
1248641081303896065,1248641081303896065,2020-04-10 10:56:47 CDT,2020-04-10,10:56:47,-0500,59175559,geetanjalidhar,Geetanjali Dhar,,"Happy Hornbill , flying over Mangde Chhu River
#bhutan #greathornbill #FromTheArchives https://t.co/YcCT9c3IB4",en,[],[],['https://pbs.twimg.com/media/EVQQbvCUEAUgqED.jpg'],1,0,4,"['bhutan', 'greathornbill', 'fromthearchives']",[],https://twitter.com/geetanjalidhar/status/1248641081303896065,,,1,https://pbs.twimg.com/media/EVQQbvCUEAUgqED.jpg,Bangalore,,,,,,"{'user_id': None, 'username': None}",,,,
1248690257979043840,1248690257979043840,2020-04-10 14:12:11 CDT,2020-04-10,14:12:11,-0500,159537360,ashasuparna,Asha 🌺,,"Happy puppy especially with the lockdown, because it means more treats and cuddles and playing! 🐶

#DogsDuringLockdown #DogsofTwittter #happypuppy #dogs https://t.co/wfEP6uetSZ",en,[],[],['https://pbs.twimg.com/media/EVQ9KjxVAAAXj7u.jpg'],0,0,3,"['dogsduringlockdown', 'dogsoftwittter', 'happypuppy', 'dogs']",[],https://twitter.com/ashasuparna/status/1248690257979043840,,,1,https://pbs.twimg.com/media/EVQ9KjxVAAAXj7u.jpg,Bangalore,,,,,,"{'user_id': None, 'username': None}",,,,
1248668875660488705,1248668875660488705,2020-04-10 12:47:13 CDT,2020-04-10,12:47:13,-0500,52322389,tanaypratap,Tanay Pratap,,"Student groups in India are hyper active right now to get some virtual mentorship.
So, I started this repo where any organizer can create an issue to get a session. 
And just the first day we got a lot of requests.
Now, we need more mentors.

Sign-up here
https://t.co/aDBYsmRDuw",en,[],['https://github.com/tanaypratap/mentorship-karona'],[],2,13,56,[],[],https://twitter.com/tanaypratap/status/1248668875660488705,,,0,,Bangalore,,,,,,"{'user_id': None, 'username': None}",,,,
1248671117230784512,1248671117230784512,2020-04-10 12:56:08 CDT,2020-04-10,12:56:08,-0500,981857739067609088,flightofsand,Anne T. Fa,,If only Ginsberg had this much self awareness.,en,[],[],[],2,3,12,[],[],https://twitter.com/flightofsand/status/1248671117230784512,,https://twitter.com/lindsaylerman/status/1248670334229807104,0,,Bangalore,,,,,,"{'user_id': None, 'username': None}",,,,
1248593304641404929,1248593304641404929,2020-04-10 07:46:56 CDT,2020-04-10,07:46:56,-0500,382549198,patelhiteshb7,Hitesh Patel,,How social distancing effective to win Corona? #BestVideo #Coronafighters @narendramodi @PMOIndia @jayvasavada https://t.co/BYFumashnQ,en,"['narendramodi', 'pmoindia', 'jayvasavada']",[],[],0,0,11,"['bestvideo', 'coronafighters']",[],https://twitter.com/patelhiteshb7/status/1248593304641404929,,,1,https://pbs.twimg.com/ext_tw_video_thumb/1248593217139798016/pu/img/S8p711sXIEOb7W1h.jpg,Bangalore,,,,,,"{'user_id': None, 'username': None}",,,,
1248637744701566976,1248637744701566976,2020-04-10 10:43:31 CDT,2020-04-10,10:43:31,-0500,2719061185,gopal_tony,ᑎNſ∀ꟽ.ɹꟽ ❤️,,"As you all know we're doing ground work to reach out the needy during this crisis. Here we are supporting #GovtOfIndia by contributing Rs.30,303/- to #PMCaresFund

@tarak9999 inspired us in doing all these.. 💞
#NTRCharitableServices 

@narendramodi @PMOIndia 
#JaiHind 🇮🇳 https://t.co/tlPgQLC5LS",en,"['tarak9999', 'narendramodi', 'pmoindia']",[],['https://pbs.twimg.com/media/EVQNZeRUYAAQoAV.jpg'],0,4,9,"['govtofindia', 'pmcaresfund', 'ntrcharitableservices', 'jaihind']",[],https://twitter.com/Gopal_Tony/status/1248637744701566976,,,1,https://pbs.twimg.com/media/EVQNZeRUYAAQoAV.jpg,Bangalore,,,,,,"{'user_id': None, 'username': None}",,,,
1248631376888229888,1248631376888229888,2020-04-10 10:18:13 CDT,2020-04-10,10:18:13,-0500,162287106,modimanju1,Manjunath KL 🇮🇳,,Due 2 the seal down of 2 wards thousands of people rushed 2 #DMart 2 buy daily stuff in #Vijayanagar our @mlshivkummar team ensured people 2 maintain Social distancing &amp; also informed the importance of Wearing Mask #StayHome 🇮🇳 Together we will win @blsanthosh #IndiaFightsCorona https://t.co/3tCcKmzKIV,en,"['mlshivkummar', 'blsanthosh']",[],"['https://pbs.twimg.com/media/EVQHi0bUEAAHUK8.jpg', 'https://pbs.twimg.com/media/EVQHjpMUYAcG_QU.jpg', 'https://pbs.twimg.com/media/EVQHlHQU4AA0_nI.jpg', 'https://pbs.twimg.com/media/EVQHl9BU8AAtcPn.jpg']",0,2,7,"['dmart', 'vijayanagar', 'stayhome', 'indiafightscorona']",[],https://twitter.com/modimanju1/status/1248631376888229888,,,1,https://pbs.twimg.com/media/EVQHi0bUEAAHUK8.jpg,Bangalore,,,,,,"{'user_id': None, 'username': None}",,,,
1248671606882177024,1248671606882177024,2020-04-10 12:58:04 CDT,2020-04-10,12:58:04,-0500,53016121,vikrantshukla,Vikrant Shukla,,"It's raining #Discounts &amp; #Offers from @MagentoU.

More details https://t.co/0kpRhEHPdo

 #magento #magento2 #magentocommerce #adobe  #adobelearning #discounts #offers #digitalexperience #digitallearning #giveaways #supermageman #commercecloud @magentoassoc @magento @AdobePartner https://t.co/Zc79ToPRU8",en,"['magentou', 'magentoassoc', 'magento', 'adobepartner']",['https://magento-u.magento.com/magento-u/Magento_U_Promotions.html'],['https://pbs.twimg.com/media/EVQsNGSU4AE374W.jpg'],1,3,8,"['discounts', 'offers', 'magento', 'magento2', 'magentocommerce', 'adobe', 'adobelearning', 'discounts', 'offers', 'digitalexperience', 'digitallearning', 'giveaways', 'supermageman', 'commercecloud']",[],https://twitter.com/vikrantshukla/status/1248671606882177024,,,1,https://pbs.twimg.com/media/EVQsNGSU4AE374W.jpg,Bangalore,,,,,,"{'user_id': None, 'username': None}",,,,
1248671052441333766,1248671052441333766,2020-04-10 12:55:52 CDT,2020-04-10,12:55:52,-0500,627348743,mercylinjohn,Mercylin,,"Thalaivar @rajinikanth at Nattamai in Telugu....oh god he was like a storm... Loved his part and enjoyed it..😎 I love thalaivar😍😘
#Rajinikanth #RMMforthepeople 
#RajinikanthArmy https://t.co/hnrc6staHu",en,['rajinikanth'],[],['https://pbs.twimg.com/media/EVQrs0lUMAEXPhH.jpg'],0,5,13,"['rajinikanth', 'rmmforthepeople', 'rajinikantharmy']",[],https://twitter.com/MercylinJohn/status/1248671052441333766,,,1,https://pbs.twimg.com/media/EVQrs0lUMAEXPhH.jpg,Bangalore,,,,,,"{'user_id': None, 'username': None}",,,,
1248724777352589317,1248724777352589317,2020-04-10 16:29:21 CDT,2020-04-10,16:29:21,-0500,93844842,gourab_odisha,Gourab ସାମନ୍ତରାଏ 🇮🇳🇮🇳,,"Hey USA, a Boeing 777 full of chloroquine on your way from India with love #COVIDー19 https://t.co/flMVoWsyGC",en,[],[],['https://pbs.twimg.com/media/EVRcjvHU4AAFosJ.jpg'],0,1,2,['covidー19'],[],https://twitter.com/gourab_odisha/status/1248724777352589317,,,1,https://pbs.twimg.com/media/EVRcjvHU4AAFosJ.jpg,Bangalore,,,,,,"{'user_id': None, 'username': None}",,,,
1248635116202512387,1248635116202512387,2020-04-10 10:33:04 CDT,2020-04-10,10:33:04,-0500,1212067979094978561,yashcultsanjeev,𝗬𝗔𝗦𝗛 𝗖𝗨𝗟𝗧 𝗦𝗔𝗡𝗝𝗨,,"Our @TheNameIsYash Boss Told #KGFChapter2 Teaser on Jan 8th, But due to some reasons it got postponed, With huge Respect to our @prashantneel sir's Tweet we waited 4 Months but still no Update from @hombalefilms So Regarding this Get ready for the Trend on Sunday from 6pm-9pm https://t.co/GqfuDhXZ19",en,"['thenameisyash', 'prashantneel', 'hombalefilms']",[],['https://pbs.twimg.com/media/EVQLAyvUMAErCRx.jpg'],2,6,10,['kgfchapter2'],[],https://twitter.com/Yashcultsanjeev/status/1248635116202512387,,,1,https://pbs.twimg.com/media/EVQLAyvUMAErCRx.jpg,Bangalore,,,,,,"{'user_id': None, 'username': None}",,,,
1248761768064647168,1248761768064647168,2020-04-10 18:56:21 CDT,2020-04-10,18:56:21,-0500,86401667,jitin84,Jitin Sharma,,"Naiceeee @jorisvoorn remix on #epicradio 
Yes let's break this lockdown together! Love from #India @ericprydz 🤗🤗🤗 https://t.co/JZnMQIyeGB",en,"['jorisvoorn', 'ericprydz']",[],['https://pbs.twimg.com/media/EVR-KaRUcAAaf0Z.jpg'],0,0,1,"['epicradio', 'india']",[],https://twitter.com/jitin84/status/1248761768064647168,,,1,https://pbs.twimg.com/media/EVR-KaRUcAAaf0Z.jpg,Bangalore,,,,,,"{'user_id': None, 'username': None}",,,,
1248626548313210884,1248626548313210884,2020-04-10 09:59:02 CDT,2020-04-10,09:59:02,-0500,53643780,anirudhraghavg,Anirudh raghav,,"#PMPHOTOASSIGNMENTS : would like to submit my photograph for this challenge. If @petermckinnon see's my photo, I would consider it a win . #contrast challenge. 
The person that you guys see in the photo is my mom . Got her to stand near the window to shoot this photo. https://t.co/cwr6ykl2We",en,['petermckinnon'],[],['https://pbs.twimg.com/media/EVQDN34UcAYoqN1.jpg'],0,3,9,"['pmphotoassignments', 'contrast']",[],https://twitter.com/anirudhraghavg/status/1248626548313210884,,,1,https://pbs.twimg.com/media/EVQDN34UcAYoqN1.jpg,Bangalore,,,,,,"{'user_id': None, 'username': None}",,,,
1248660125616758785,1248660125616758785,2020-04-10 12:12:27 CDT,2020-04-10,12:12:27,-0500,1361243558,venkteshbabu,Venktesh_VK,,"Fabulous to see some #Social #Love shown by airlines brands during the time of #SocialDistance

#nolockdown for #marketers @katranjeet
@CK__Official 
#socialmediamarketing #DigitalMarketing 
#marketingstrategy https://t.co/FmtboPYCiS",en,"['katranjeet', 'ck__official']",[],['https://pbs.twimg.com/media/EVQhwl2VAAAXc7X.jpg'],0,0,8,"['social', 'love', 'socialdistance', 'nolockdown', 'marketers', 'socialmediamarketing', 'digitalmarketing', 'marketingstrategy']",[],https://twitter.com/venkteshbabu/status/1248660125616758785,,,1,https://pbs.twimg.com/media/EVQhwl2VAAAXc7X.jpg,Bangalore,,,,,,"{'user_id': None, 'username': None}",,,,
1248683264551686145,1248683264551686145,2020-04-10 13:44:24 CDT,2020-04-10,13:44:24,-0500,191662672,beingsyedlateef,Being SyedLateef,,"Hi there @SpiritOfCongres  you have really taken a good initiative to make the Congress family strong so this is one of the ID @basekiran he is active and has taken the initiative to make the the Congress family strong please do the needful to get him a follow back 
Thank you 🙏",en,['spiritofcongres'],[],[],4,4,24,[],[],https://twitter.com/BeingsyedLateef/status/1248683264551686145,,,0,,Bangalore,,,,,,"{'user_id': None, 'username': None}",,,,
1248613450097422339,1248613450097422339,2020-04-10 09:06:59 CDT,2020-04-10,09:06:59,-0500,718326200884674560,ghosalkaranuja,Drama Queen,,"This Sunday I’ll be in conversation with these two talented theatre makers about their work, process and where do we go from here?  At 4 p.m. on Zoom. Register here- https://t.co/zC4kwg01Ro @getkul https://t.co/WJWOth7zi3",en,['getkul'],['https://forms.gle/3siWECHAVpa2PEkZ6'],['https://pbs.twimg.com/media/EVP3T3_U0AMfhpm.jpg'],0,2,3,[],[],https://twitter.com/GhosalkarAnuja/status/1248613450097422339,,,1,https://pbs.twimg.com/media/EVP3T3_U0AMfhpm.jpg,Bangalore,,,,,,"{'user_id': None, 'username': None}",,,,
1248687508805890049,1248687508805890049,2020-04-10 14:01:16 CDT,2020-04-10,14:01:16,-0500,2514519232,uttishta_bharat,We are with भारत,,"Pope's Secretary was pregnant.
Her body discovered",en,[],[],[],1,4,3,[],[],https://twitter.com/Uttishta_Bharat/status/1248687508805890049,,https://twitter.com/noconversion/status/1248612196109684736,0,,Bangalore,,,,,,"{'user_id': None, 'username': None}",,,,
1248728955261087744,1248728955261087744,2020-04-10 16:45:57 CDT,2020-04-10,16:45:57,-0500,432702176,mamta_rao12,Mamta Rao,,Haha I love this 😍,en,[],[],[],0,2,2,[],[],https://twitter.com/mamta_rao12/status/1248728955261087744,,https://twitter.com/arunbothra/status/1248627276003995650,0,,Bangalore,,,,,,"{'user_id': None, 'username': None}",,,,
1248643116103421955,1248643116103421955,2020-04-10 11:04:52 CDT,2020-04-10,11:04:52,-0500,1162685605,umang_bedi,umang_bedi,,Thanks a lot @StartupsvsCovid for the really poetic message! #ApnaMask #ApnaDeshApnaMask @ApnaMask,en,"['startupsvscovid', 'apnamask']",[],[],1,1,4,"['apnamask', 'apnadeshapnamask']",[],https://twitter.com/umang_bedi/status/1248643116103421955,,https://twitter.com/StartupsvsCovid/status/1248640268976283648,0,,Bangalore,,,,,,"{'user_id': None, 'username': None}",,,,
1248649694638727168,1248649694638727168,2020-04-10 11:31:00 CDT,2020-04-10,11:31:00,-0500,62709034,ritu205,Rituparna Chakraborty,,Well we are hiring indeed! #hiring #HIRINGNOW,en,[],[],[],0,1,6,"['hiring', 'hiringnow']",[],https://twitter.com/ritu205/status/1248649694638727168,,https://twitter.com/TeamLease/status/1248640202341400576,0,,Bangalore,,,,,,"{'user_id': None, 'username': None}",,,,
1248642800649932802,1248642800649932802,2020-04-10 11:03:36 CDT,2020-04-10,11:03:36,-0500,401936027,nishamanijgd,Dr Nisha Manikantan,,"Join Instagram live with @unni_nilanjan tonight at 10 pm from @BYOGI_Official 
Music satisfies the heart, leading us back to the Self, to the silence within. Singing connect us to the moment. https://t.co/frPHMInfWk",en,"['unni_nilanjan', 'byogi_official']",[],['https://pbs.twimg.com/media/EVQR_mzXgAMUW4a.jpg'],1,9,47,[],[],https://twitter.com/nishamanijgd/status/1248642800649932802,,,1,https://pbs.twimg.com/media/EVQR_mzXgAMUW4a.jpg,Bangalore,,,,,,"{'user_id': None, 'username': None}",,,,
1248655417086885888,1248655417086885888,2020-04-10 11:53:44 CDT,2020-04-10,11:53:44,-0500,3171723252,brijeshkalappa,Brijesh Kalappa,,"During these difficult times, Indians shared vision for yesterday, today and tomorrow merges with Babasaheb's Constitutional values- which are imbued in the preamble. I'm going to read it alongwith members of my family on 14th April at 10 am.
Please join us in this reading🙏",en,[],[],[],2,5,11,[],[],https://twitter.com/brijeshkalappa/status/1248655417086885888,,,0,,Bangalore,,,,,,"{'user_id': None, 'username': None}",,,,
1248670945553690625,1248670945553690625,2020-04-10 12:55:27 CDT,2020-04-10,12:55:27,-0500,48060951,nolanentreeo,Nolan Pinto,,"#Coronavirus Global death toll now over 100,000, says Johns Hopkins University with 1.64 million confirmed cases.

Follow #lockdown and practice #SocialDistancing

#StayHomeStaySafe",en,[],[],[],0,2,3,"['coronavirus', 'lockdown', 'socialdistancing', 'stayhomestaysafe']",[],https://twitter.com/nolanentreeo/status/1248670945553690625,,,0,,Bangalore,,,,,,"{'user_id': None, 'username': None}",,,,
1248636541775294464,1248636541775294464,2020-04-10 10:38:44 CDT,2020-04-10,10:38:44,-0500,758849695,ramya_fc,𝐑𝐚𝐦𝐲𝐚/ 𝐃𝐢𝐯𝐲𝐚 𝐒𝐩𝐚𝐧𝐝𝐚𝐧𝐚 𝐅𝐂,"{'type': 'Point', 'coordinates': [12.971117, 77.597645]}",😎🔥Follow @Ramya_FC 😍#sandalwoodqueenramya #kannada  #kfi #sandalwoodpride  #actress #hot  #hottie  #queenbee #mohakatare #ramya #divyaspandana #love #sandalwoodqueen #luckystar #goldengirl #kannadathi #ramyafc… https://t.co/qrJ2eoocKY,en,['ramya_fc'],['https://www.instagram.com/p/B-zkBK2ARek/?igshid=1gsqeapl0o5y6'],[],1,5,12,"['sandalwoodqueenramya', 'kannada', 'kfi', 'sandalwoodpride', 'actress', 'hot', 'hottie', 'queenbee', 'mohakatare', 'ramya', 'divyaspandana', 'love', 'sandalwoodqueen', 'luckystar', 'goldengirl', 'kannadathi', 'ramyafc']",[],https://twitter.com/Ramya_FC/status/1248636541775294464,,,0,,Bangalore,,,,,,"{'user_id': None, 'username': None}",,,,
1248671122188652546,1248671122188652546,2020-04-10 12:56:09 CDT,2020-04-10,12:56:09,-0500,843151151491104771,srikarsardar,Srikar Thyadi,"{'type': 'Point', 'coordinates': [12.912, 77.593]}","My Resume 
#cv #resume #motiographics #graphicdesign #adobe #aftereffects 
#animation #motiongraphics #insta #behance #instagood #adobeaftereffects #dribble #wiztoonz
@getdesigntalks 
kalypsodesigns… https://t.co/lJAmujKiCR",en,['getdesigntalks'],['https://www.instagram.com/p/B-zzpTOnXEk/?igshid=1ghkyr96q8pg2'],[],0,1,2,"['cv', 'resume', 'motiographics', 'graphicdesign', 'adobe', 'aftereffects', 'animation', 'motiongraphics', 'insta', 'behance', 'instagood', 'adobeaftereffects', 'dribble', 'wiztoonz']",[],https://twitter.com/SrikarSardar/status/1248671122188652546,,,0,,Bangalore,,,,,,"{'user_id': None, 'username': None}",,,,
1248654036972142592,1248654036972142592,2020-04-10 11:48:15 CDT,2020-04-10,11:48:15,-0500,625313792,madhunaikbunty,Madhu M,,"#Social_Distancing

@CMofKarnataka
@BSYBJP @hd_kumaraswamy @siddaramaiah
@SurajMNHegde @brijeshkalappa
 After PM request, @BSYBJP Your appeal your MLA Jayaram turuvekere celebrates birthday and distributes biryani without masks and without following lockdown 
social distance sir https://t.co/fzVM0OscHX",en,"['cmofkarnataka', 'bsybjp', 'hd_kumaraswamy', 'siddaramaiah', 'surajmnhegde', 'brijeshkalappa', 'bsybjp']",[],"['https://pbs.twimg.com/media/EVQcNZOU4AAWRGM.jpg', 'https://pbs.twimg.com/media/EVQcN-iUMAAX7Cd.jpg', 'https://pbs.twimg.com/media/EVQcOXyUwAArJp-.jpg']",1,2,2,['social_distancing'],[],https://twitter.com/MadhunaikBunty/status/1248654036972142592,,,1,https://pbs.twimg.com/media/EVQcNZOU4AAWRGM.jpg,Bangalore,,,,,,"{'user_id': None, 'username': None}",,,,
1248679651083456513,1248679651083456513,2020-04-10 13:30:02 CDT,2020-04-10,13:30:02,-0500,923564471754174465,master_steephen,MASTER STEEPHEN,,"Count your life by smiles, not tears. Count your age by friends, not years. Happy birthday Nithya baby 🎂🎉🎊 @MersalNithya114 @MersalNithya11",en,['mersalnithya114'],[],[],1,1,2,[],[],https://twitter.com/master_steephen/status/1248679651083456513,,,0,,Bangalore,,,,,,"{'user_id': None, 'username': None}",,,,
1248651851509067777,1248651851509067777,2020-04-10 11:39:34 CDT,2020-04-10,11:39:34,-0500,1361243558,venkteshbabu,Venktesh_VK,,"Great #PositiveVibes shared by @Vijaykarnataka to resolve the anxieties shown by #Kannada audience. Info on job creation, exports in healthcare, crude oil pricing etc.",en,['vijaykarnataka'],[],[],0,0,15,"['positivevibes', 'kannada']",[],https://twitter.com/venkteshbabu/status/1248651851509067777,,https://twitter.com/keshavaprasadb/status/1248436774516359175,0,,Bangalore,,,,,,"{'user_id': None, 'username': None}",,,,
1248654750775574529,1248654750775574529,2020-04-10 11:51:06 CDT,2020-04-10,11:51:06,-0500,2288490336,hashankaranaray,H.A.Shankaranarayana,,"Brilliant interaction!

Thanks.

Happy news! 
RRR is willing to come back...!

Are we ready?!",en,[],[],[],1,4,5,[],[],https://twitter.com/HAShankaranaray/status/1248654750775574529,,https://twitter.com/ndtv/status/1248651810182696961,0,,Bangalore,,,,,,"{'user_id': None, 'username': None}",,,,
1248632630234447874,1248632630234447874,2020-04-10 10:23:12 CDT,2020-04-10,10:23:12,-0500,2152407876,pooja_chhabda,Pooja Chhabda,,Loved this conversation 😃,en,[],[],[],0,2,5,[],[],https://twitter.com/pooja_chhabda/status/1248632630234447874,,https://twitter.com/Social_Samosa/status/1248581338749235200,0,,Bangalore,,,,,,"{'user_id': None, 'username': None}",,,,
1248687690247102464,1248687690247102464,2020-04-10 14:01:59 CDT,2020-04-10,14:01:59,-0500,2561211621,abhimani_85,ನಾನು,,"Can some one please share UPI ID of 5 Auto drivers of Bangalore . Would like to transfer ₹1,000 each to them in these difficult time due to loss of earning #coronavirusinindia #COVID2019india #CMReliefFund #CMofkarnataka @ChetanAhimsa @deepikapadukone @pawanfilms",en,"['chetanahimsa', 'deepikapadukone', 'pawanfilms']",[],[],1,0,10,"['coronavirusinindia', 'covid2019india', 'cmrelieffund', 'cmofkarnataka']",[],https://twitter.com/abhimani_85/status/1248687690247102464,,,0,,Bangalore,,,,,,"{'user_id': None, 'username': None}",,,,
1248680655912718336,1248523090738339842,2020-04-10 13:34:02 CDT,2020-04-10,13:34:02,-0500,943779869934026752,idiculajijo,Jijo Idicula,,@BLRrocKS @deepolice12 @myshanks Here is Suvarna news adding fear to the public. https://t.co/0EHJMtQuHh,en,"['blrrocks', 'myshanks']",[],['https://pbs.twimg.com/media/EVQ0aBJU8AAM9lp.jpg'],0,0,1,[],[],https://twitter.com/idiculajijo/status/1248680655912718336,,,1,https://pbs.twimg.com/media/EVQ0aBJU8AAM9lp.jpg,Bangalore,,,,,,"{'user_id': '2286417703', 'username': 'BLRrocKS'}",,,,
1248675957839286272,1248675957839286272,2020-04-10 13:15:22 CDT,2020-04-10,13:15:22,-0500,1162685605,umang_bedi,umang_bedi,,"Such a powerful, hard hitting &amp; beautifully framed message @ayushmannk",en,['ayushmannk'],[],[],2,3,100,[],[],https://twitter.com/umang_bedi/status/1248675957839286272,,https://twitter.com/ayushmannk/status/1248584850459619328,0,,Bangalore,,,,,,"{'user_id': None, 'username': None}",,,,
1248667545957171202,1248667545957171202,2020-04-10 12:41:56 CDT,2020-04-10,12:41:56,-0500,175263118,darshakhathi,Darshak Hathi,,"Current novel situation has change the life style of people.  Along with meditation, breathing &amp; yoga we can use Ayurvedic &amp; Homeopathic medicine to boost immune system &amp; stay heathy.  @moayush @shripadynaik @PMOIndia   @SriSri",en,"['moayush', 'shripadynaik', 'pmoindia', 'srisri']",[],[],1,18,91,[],[],https://twitter.com/DarshakHathi/status/1248667545957171202,,,0,,Bangalore,,,,,,"{'user_id': None, 'username': None}",,,,
1248649191003324417,1248649191003324417,2020-04-10 11:29:00 CDT,2020-04-10,11:29:00,-0500,1455961190,ashokpamidi,ashok pamidi,,"Have to acknowledge the philanthropy of #chennai hotel association.Honoured and truly humbled by their gesture. An absolute pleasure to have partnered with you all. Thank you our rockstar of TN@udsankar to make the impossible possible. You truly inspire us. @NASSCOMfdn
@nasscom",en,"['nasscomfdn', 'nasscom']",[],[],0,1,11,['chennai'],[],https://twitter.com/ashokpamidi/status/1248649191003324417,,https://twitter.com/NASSCOMfdn/status/1248575576161406976,0,,Bangalore,,,,,,"{'user_id': None, 'username': None}",,,,
1248660305141329920,1248660305141329920,2020-04-10 12:13:10 CDT,2020-04-10,12:13:10,-0500,1162685605,umang_bedi,umang_bedi,,Loved it! And I must add that your writing skills are beyond supreme :) @ApnaMask #ApnaMask #ApnaDeshApnaMask,en,['apnamask'],[],[],1,1,1,"['apnamask', 'apnadeshapnamask']",[],https://twitter.com/umang_bedi/status/1248660305141329920,,https://twitter.com/StartupsvsCovid/status/1248657198558797826,0,,Bangalore,,,,,,"{'user_id': None, 'username': None}",,,,
1248594945616670721,1248594945616670721,2020-04-10 07:53:27 CDT,2020-04-10,07:53:27,-0500,1481416945,ourprovident,Provident Housing,,We are honoured to unite under the leadership of @CMofKarnataka as the nation faces this intricate challenge. Today we have taken a small step to curb this pandemic by contributing #COVID19 testing kits. We will continue to extend our support &amp; we urge everyone to do their bit.,en,['cmofkarnataka'],[],[],0,2,6,['covid19'],[],https://twitter.com/ourprovident/status/1248594945616670721,,https://twitter.com/BSYBJP/status/1248564549038440450,0,,Bangalore,,,,,,"{'user_id': None, 'username': None}",,,,
1248655005596307456,1248655005596307456,2020-04-10 11:52:06 CDT,2020-04-10,11:52:06,-0500,2286417703,blrrocks,ತರ್ಲೆ 𝗧𝗵𝗶𝗺𝗺𝗮,,"Getting ready for tomorrow at 8 pm 📺
Task???
Any guesses?
#CoronavirusOutbreak",en,[],[],[],4,0,8,['coronavirusoutbreak'],[],https://twitter.com/BLRrocKS/status/1248655005596307456,,,0,,Bangalore,,,,,,"{'user_id': None, 'username': None}",,,,
1248629426738225154,1248629426738225154,2020-04-10 10:10:28 CDT,2020-04-10,10:10:28,-0500,1246122797128019974,just_saf1989,J_M S•A•F 🇵🇸,,"Thunderstorms in Kodagu | Deccan Herald - https://t.co/CnukptsUCD 
Can’t wait to explore some of the known hill stations.",en,[],['https://www.deccanherald.com/state/mangaluru/thunderstorms-in-kodagu-823088.html'],[],0,0,2,[],[],https://twitter.com/Just_Saf1989/status/1248629426738225154,,,0,,Bangalore,,,,,,"{'user_id': None, 'username': None}",,,,
1248643621437521923,1248643621437521923,2020-04-10 11:06:52 CDT,2020-04-10,11:06:52,-0500,328364705,sanjay_brkfree,Sanjay Tiwari 🇮🇳,,This is seriously funny,en,[],[],[],0,0,2,[],[],https://twitter.com/sanjay_brkfree/status/1248643621437521923,,https://twitter.com/kaul_vivek/status/1248484027566190592,0,,Bangalore,,,,,,"{'user_id': None, 'username': None}",,,,
1248744615437463552,1248744615437463552,2020-04-10 17:48:11 CDT,2020-04-10,17:48:11,-0500,38134365,nand_bo,Nandita Bose,,Nothing to watch here... Just swimmers monkeying around.,en,[],[],[],0,0,2,[],[],https://twitter.com/nand_bo/status/1248744615437463552,,https://twitter.com/arunbothra/status/1248627276003995650,0,,Bangalore,,,,,,"{'user_id': None, 'username': None}",,,,
1248607260319703042,1248607260319703042,2020-04-10 08:42:23 CDT,2020-04-10,08:42:23,-0500,76394424,menonkid,Anup Menon,,Here am I - can't even get a hug from the 'Free hugs' people on MG Road. And here you are complaining. Privilege! Pah!,en,[],[],[],4,0,16,[],[],https://twitter.com/menonkid/status/1248607260319703042,,https://twitter.com/vmuttakose/status/1248606231192723462,0,,Bangalore,,,,,,"{'user_id': None, 'username': None}",,,,
1248664466167754753,1248664466167754753,2020-04-10 12:29:42 CDT,2020-04-10,12:29:42,-0500,2288490336,hashankaranaray,H.A.Shankaranarayana,,Without comment!,en,[],[],[],1,0,2,[],[],https://twitter.com/HAShankaranaray/status/1248664466167754753,,https://twitter.com/BBCHindi/status/1248211310459920384,0,,Bangalore,,,,,,"{'user_id': None, 'username': None}",,,,
1248716875577479168,1248716875577479168,2020-04-10 15:57:57 CDT,2020-04-10,15:57:57,-0500,1224645101831327745,tasawwuf_,Majid Manzoor,,The legend is back 🤷‍♂️🙌🤩 #TaherShah,en,[],[],[],0,0,1,['tahershah'],[],https://twitter.com/tasawwuf_/status/1248716875577479168,,,0,,Bangalore,,,,,,"{'user_id': None, 'username': None}",,,,
1248657761467904001,1248657761467904001,2020-04-10 12:03:03 CDT,2020-04-10,12:03:03,-0500,1927431991,anupama_bhagwat,Anupama Bhagwat,,"Sharing  my thoughts via podcast series done by @LakshmiVAnand with little music, little chat about my experience  during this quarantine.",en,['lakshmivanand'],[],[],0,0,8,[],[],https://twitter.com/anupama_bhagwat/status/1248657761467904001,,https://twitter.com/LakshmiVAnand/status/1248615209180082182,0,,Bangalore,,,,,,"{'user_id': None, 'username': None}",,,,
1248652260399140866,1248652260399140866,2020-04-10 11:41:12 CDT,2020-04-10,11:41:12,-0500,871426878518775808,nct_india_,NCT India 🇮🇳,,"Hello! Please do fill out this feedback form. It’s for us to understand how you feel about our page &amp; what we can do to improve it. It’s very important &amp; will help #NCT. Do answer each question honestly as it is anonymous. It would mean a lot to us 💚 

https://t.co/NTtqGckEOp",en,[],['https://forms.gle/zDwEVnndk5zQ4erJ6'],[],4,7,17,['nct'],[],https://twitter.com/NCT_India_/status/1248652260399140866,,,0,,Bangalore,,,,,,"{'user_id': None, 'username': None}",,,,
1248608528245223425,1248608528245223425,2020-04-10 08:47:25 CDT,2020-04-10,08:47:25,-0500,744025465434873856,sensinglocal,Sensing Local,,Article follows up on our discussion about mandate of #wardcommittees to establish disaster management cells in each ward. We need to strengthen local capacities to address the fallout of #COVID19 @BBMPCOMM @Randeep_Dev @civicbangalore  @citizensforblr. https://t.co/HNuzxCiOlg,en,"['bbmpcomm', 'randeep_dev', 'civicbangalore', 'citizensforblr']",['https://bit.ly/34vg9UX'],[],2,2,6,"['wardcommittees', 'covid19']",[],https://twitter.com/SensingLocal/status/1248608528245223425,,,0,,Bangalore,,,,,,"{'user_id': None, 'username': None}",,,,
1248731667495153664,1248731667495153664,2020-04-10 16:56:44 CDT,2020-04-10,16:56:44,-0500,2272118538,aimanjkhan,Aiman Khan,,"And there are either no Muslims,  or Muslims who wear kajal, Muslims who are almost always domestic abusers,  or of course, muslims who are terrorists. And then there's the usual muslim playing cop sometimes to be 'good muslim.'",en,[],[],[],1,0,2,[],[],https://twitter.com/aimanjkhan/status/1248731667495153664,,https://twitter.com/SrishtyRanjan/status/1248618637675511808,0,,Bangalore,,,,,,"{'user_id': None, 'username': None}",,,,
1248665131543715840,1248665131543715840,2020-04-10 12:32:21 CDT,2020-04-10,12:32:21,-0500,1334265314,pradhyoth1,Pradhyoth,,B S Yeddyurappa: Cancellation of SEM exam 2019-2020. - Sign the Petition! https://t.co/yzTuRWXy3V via @ChangeOrg_India,en,['changeorg_india'],['http://chng.it/sf8rpFS8'],[],1,1,0,[],[],https://twitter.com/Pradhyoth1/status/1248665131543715840,,,0,,Bangalore,,,,,,"{'user_id': None, 'username': None}",,,,
1248587453054644225,1248587453054644225,2020-04-10 07:23:41 CDT,2020-04-10,07:23:41,-0500,113892478,anishapadhee,Anisha Padhee 🇮🇳,,It's like my mouth has a mind of its own. I can't stop eating! 🤦🏽‍♀️,en,[],[],[],1,0,3,[],[],https://twitter.com/anishapadhee/status/1248587453054644225,,,0,,Bangalore,,,,,,"{'user_id': None, 'username': None}",,,,
1248692975716012033,1248692975716012033,2020-04-10 14:22:59 CDT,2020-04-10,14:22:59,-0500,227417059,stacypereira89,Stacy Pereira,,"""We’re probably the last generation of people who understand the pain of “landline love”, much like Shakthi at that Nadar kadai"" 

@Vishal1Menon this is soo nostalgic. Thank you for this.
#alaipayuthey #saathiya 20 years later
 https://t.co/KfNcLIave9 via @FilmCompanion",en,"['vishal1menon', 'filmcompanion']",['https://www.filmcompanion.in/after-the-credits-roll-karthik-and-shakthi-two-decades-after-mani-ratnams-alaipayuthey-madhavan-shalini-ar-rahman-shaad-ali/?utm_source=web&utm_medium=home&utm_campaign=filmcompanion'],[],1,2,9,"['alaipayuthey', 'saathiya']",[],https://twitter.com/StacyPereira89/status/1248692975716012033,,,0,,Bangalore,,,,,,"{'user_id': None, 'username': None}",,,,
1248691996387971073,1248691996387971073,2020-04-10 14:19:06 CDT,2020-04-10,14:19:06,-0500,55608836,ajayacharya,Ajay Acharya 🇮🇳 ಅಜೆಯ್ ಆಚಾರ್ಯ🚩,,Dear @BSYBJP @AmitShah @JPNadda @narendramodi ji... What's this!!!,en,"['bsybjp', 'amitshah', 'jpnadda', 'narendramodi']",[],[],0,0,3,[],[],https://twitter.com/ajayacharya/status/1248691996387971073,,https://twitter.com/ANI/status/1248650330117566465,0,,Bangalore,,,,,,"{'user_id': None, 'username': None}",,,,
1248675857628934145,1248675857628934145,2020-04-10 13:14:58 CDT,2020-04-10,13:14:58,-0500,51156472,soumyaprasad,Soumya,,"Contribute. Donate. As much as you can. These are the times people like you and me can try to make a difference. There are many ways you can do this.

The only thing you shouldn't do is, post it on social media. Your contributions make a difference, your pictures don't.",en,[],[],[],0,0,3,[],[],https://twitter.com/soumyaprasad/status/1248675857628934145,,,0,,Bangalore,,,,,,"{'user_id': None, 'username': None}",,,,
1248641611908575234,1248462086872518656,2020-04-10 10:58:53 CDT,2020-04-10,10:58:53,-0500,84049329,kapuramit,Amit Kapur,,@ShamikaRavi @narendramodi @PMOIndia @drharshvardhan @NITIAayog @muditkapoor We are absolutely indebted to you @ShamikaRavi for keeping a close eye on real time trend. I am sure one Q everyone may have in mind is - ‘are we plateauing yet?’ Does India need more steps besides increasing testing penetration? Your thoughts please,en,"['shamikaravi', 'narendramodi', 'pmoindia', 'drharshvardhan', 'nitiaayog', 'muditkapoor', 'shamikaravi']",[],[],4,3,26,[],[],https://twitter.com/kapuramit/status/1248641611908575234,,,0,,Bangalore,,,,,,"{'user_id': '2294172542', 'username': 'ShamikaRavi'}",,,,
1248587661729615873,1248586932000448512,2020-04-10 07:24:30 CDT,2020-04-10,07:24:30,-0500,295787276,ragslondon,Rags Raghavendra,,@suru27 We have formed a committee to evaluate this .. we are looking for someone to read japanese.,en,['suru27'],[],[],2,2,3,[],[],https://twitter.com/RagsLondon/status/1248587661729615873,,,0,,Bangalore,,,,,,"{'user_id': '56009485', 'username': 'suru27'}",,,,
1248672808948793344,1248667133145473024,2020-04-10 13:02:51 CDT,2020-04-10,13:02:51,-0500,990363781,rexrao52,rexrao52🇮🇳,,"@VikasSaraswat This is happening in many places in Bangalore ... people are well aware of Shaheen Bagh , Tableegi ..and hold these responsible .. wholly understandable",en,['vikassaraswat'],[],[],1,3,9,[],[],https://twitter.com/rexrao52/status/1248672808948793344,,,0,,Bangalore,,,,,,"{'user_id': '131791334', 'username': 'VikasSaraswat'}",,,,
1248674968180625408,1248667133145473024,2020-04-10 13:11:26 CDT,2020-04-10,13:11:26,-0500,990363781,rexrao52,rexrao52🇮🇳,,"@VikasSaraswat Rather think the quiet majority is speaking up ..high time too ! It's hitting close to livelihoods , to health ..and cannot be ignored ..three incidents of the same in just one day !",en,['vikassaraswat'],[],[],1,4,4,[],[],https://twitter.com/rexrao52/status/1248674968180625408,,,0,,Bangalore,,,,,,"{'user_id': '131791334', 'username': 'VikasSaraswat'}",,,,
1248652013077852160,1248644672278261761,2020-04-10 11:40:13 CDT,2020-04-10,11:40:13,-0500,796278588274249728,saurabh18684,*सौरभ *,,"@republic @gauravbh Welcome boss..  work from home..  for nation..  Nation safety. 

Jai hind
#StayHomeStaySafe 
#StayHomeIndia",en,"['republic', 'gauravbh']",[],[],0,0,2,"['stayhomestaysafe', 'stayhomeindia']",[],https://twitter.com/Saurabh18684/status/1248652013077852160,,,0,,Bangalore,,,,,,"{'user_id': '811972460560019456', 'username': 'republic'}",,,,
1248659464799965184,1248600426422755334,2020-04-10 12:09:50 CDT,2020-04-10,12:09:50,-0500,50554477,leofsaldanha,Leo Saldanha,,"@aicctukar @BBMP_MAYOR @BBMPCOMM @ShivaramHebbar @mani1972ias @prajwalmanipal @Kanagalogy @tv9kannada @lekhaadavi @clifroz @avani_chokshi @vinaysreeni @ranjanikanth_ If Pourakarmikas aren’t picked up from home &amp; dropped off from work, &amp; they aren’t protected with PPE when handling waste, BBMP is committing double crimes per EP Act: exposing workers to needless risk of infections &amp; turning them into unwitting carriers. @BBMPSWMSplComm @E_S_G",en,"['aicctukar', 'bbmpcomm', 'shivaramhebbar', 'mani1972ias', 'prajwalmanipal', 'kanagalogy', 'tv9kannada', 'lekhaadavi', 'clifroz', 'avani_chokshi', 'vinaysreeni', 'ranjanikanth_', 'bbmpswmsplcomm', 'e_s_g']",[],[],0,3,8,[],[],https://twitter.com/leofsaldanha/status/1248659464799965184,,,0,,Bangalore,,,,,,"{'user_id': '1123497714770046978', 'username': 'aicctukar'}",,,,
1248630269449388034,1248629386380595200,2020-04-10 10:13:49 CDT,2020-04-10,10:13:49,-0500,1246122797128019974,just_saf1989,J_M S•A•F 🇵🇸,,"@deepolice12 @YouTube Good to see people inside homes and following the rules during this global crisis. kudos to your team efforts, we can do this and we will win.! 🙏🏻",en,['youtube'],[],[],0,0,6,[],[],https://twitter.com/Just_Saf1989/status/1248630269449388034,,,0,,Bangalore,,,,,,"{'user_id': '917060544', 'username': 'Nimmabhaskar22'}",,,,
1248663321932267520,1248640069767856128,2020-04-10 12:25:09 CDT,2020-04-10,12:25:09,-0500,448764973,raghu_madgula,Raghu Madgula,,@kashyapnandan_ @pnpai @LavanyaBallal That is no problem.. They can do all sorts of things but others who use their personal money can't do that. There is no treatment to such mindsets.,en,"['kashyapnandan_', 'pnpai', 'lavanyaballal']",[],[],2,0,12,[],[],https://twitter.com/raghu_madgula/status/1248663321932267520,,,0,,Bangalore,,,,,,"{'user_id': '387029745', 'username': 'kashyapnandan_'}",,,,
1248653718108532738,1248651515318775813,2020-04-10 11:46:59 CDT,2020-04-10,11:46:59,-0500,107095319,xxxdevxxx,Dev,,@covid19indiaorg Your work is selfless. Thank you for all your hard work.,en,['covid19indiaorg'],[],[],1,0,23,[],[],https://twitter.com/xxxDEVxxx/status/1248653718108532738,,,0,,Bangalore,,,,,,"{'user_id': '1240561169296814080', 'username': 'covid19indiaorg'}",,,,
1248632727940841472,1248627604078219270,2020-04-10 10:23:35 CDT,2020-04-10,10:23:35,-0500,808310417663655937,hb2dinesh,Dinesh H B,,@mani1972ias @madhu_nanjappa @deepolice12 @Karnataka_DIPR @publictvnews Yes sir,en,"['mani1972ias', 'madhu_nanjappa', 'karnataka_dipr', 'publictvnews']",[],[],3,1,5,[],[],https://twitter.com/Hb2Dinesh/status/1248632727940841472,,,0,,Bangalore,,,,,,"{'user_id': '2148092742', 'username': 'Captain_Mani72'}",,,,
1248668878101565442,1248668875660488705,2020-04-10 12:47:14 CDT,2020-04-10,12:47:14,-0500,52322389,tanaypratap,Tanay Pratap,,"There's a huge gap between industry and academia and through this we're trying to bridge this gap.

All sessions will be 100% free. 

If you're a student group and you want to conduct some mentorship sessions use the same repo and raise an issue. 

Let's get some mentorship! 😎",en,[],[],[],0,0,18,[],[],https://twitter.com/tanaypratap/status/1248668878101565442,,,0,,Bangalore,,,,,,"{'user_id': '52322389', 'username': 'tanaypratap'}",,,,
1248652767217856513,1248594489381277696,2020-04-10 11:43:13 CDT,2020-04-10,11:43:13,-0500,73650243,sir_gillu,सर गिल्लू™,,@ChernobylAlex @JaduAkhtar @RealSachin95 @spectatorindex That Chinese Virus spreader is the worst ever person. Forget being called a Leader.,en,"['chernobylalex', 'jaduakhtar', 'realsachin95', 'spectatorindex']",[],[],1,0,10,[],[],https://twitter.com/Sir_Gillu/status/1248652767217856513,,,0,,Bangalore,,,,,,"{'user_id': '1208924968689512448', 'username': 'ChernobylAlex'}",,,,
1248668354165895168,1248468570935189506,2020-04-10 12:45:09 CDT,2020-04-10,12:45:09,-0500,50554477,leofsaldanha,Leo Saldanha,,"@prernabindra This is not unexpected considering how low surveillance by villagers would be, esp by Forest Rts Cmts, given the lockdown.  Field foresters would also be severely handicapped without transport and other forms of support.",en,['prernabindra'],[],[],1,1,3,[],[],https://twitter.com/leofsaldanha/status/1248668354165895168,,,0,,Bangalore,,,,,,"{'user_id': '34292568', 'username': 'prernabindra'}",,,,
1248676623815069696,1248673524144693249,2020-04-10 13:18:01 CDT,2020-04-10,13:18:01,-0500,924920222,aninchat,Aninda Chatterjee,,"@HugOfThunder @mrTeigen @runningreengirl @findurincrement Yo, let’s f’ing go!!! Congrats, my friend. This is some awesome news and well deserved!",en,"['hugofthunder', 'mrteigen', 'runningreengirl', 'findurincrement']",[],[],0,0,2,[],[],https://twitter.com/aninchat/status/1248676623815069696,,,0,,Bangalore,,,,,,"{'user_id': '703250662851637248', 'username': 'HugOfThunder'}",,,,
1248606809608163329,1248502376513724416,2020-04-10 08:40:36 CDT,2020-04-10,08:40:36,-0500,1887434412,pratapreddyc,"Pratap Reddy, IPS",,"@IPSHemant @BlrCityPolice @tv9kannada @publictvnews @suvarnanewstv @Vijaykarnataka @kprabhanews @OneindiaKannada @KarnatakaVarthe @CMofKarnataka @HMOKarnataka @DgpKarnataka #KSPCLEARPass valid for specific purpose, specific duration! #StayHomeStaySafe 
Violations and misuse / fraudulent use of pass is a criminal offence. 
Don’t take chance - break the chain, by staying home!! 
@BlrCityPolice @DgpKarnataka",en,"['ipshemant', 'blrcitypolice', 'tv9kannada', 'publictvnews', 'vijaykarnataka', 'kprabhanews', 'oneindiakannada', 'karnatakavarthe', 'cmofkarnataka', 'hmokarnataka', 'dgpkarnataka', 'blrcitypolice', 'dgpkarnataka']",[],[],1,0,3,"['kspclearpass', 'stayhomestaysafe']",[],https://twitter.com/PratapReddyC/status/1248606809608163329,,,0,,Bangalore,,,,,,"{'user_id': '2805676519', 'username': 'IPSHemant'}",,,,
1248653092897189889,1248634842641661952,2020-04-10 11:44:30 CDT,2020-04-10,11:44:30,-0500,728494651401871361,testwithnishi,Nishi,,@bethromanik @techgirl1908 100th day of April sounds about right. 🙄🙄 😔,en,"['bethromanik', 'techgirl1908']",[],[],0,0,3,[],[],https://twitter.com/TestWithNishi/status/1248653092897189889,,,0,,Bangalore,,,,,,"{'user_id': '115232647', 'username': 'bethromanik'}",,,,
1248629548326903816,1248471018156347392,2020-04-10 10:10:57 CDT,2020-04-10,10:10:57,-0500,550183597,angelkkar,kiran Kotumbeerkar,,@Vibhor4tweet @SrBachchan @GangulySunetra @allaukhinaa @sureshjumani @VikasbansalEF @bigb21bigbshiv @Gopalbachchan @KalaYadav3 @RituRaiSharma5 @rb_Prajapati_EF @ashokmistry4545 @king_ajaz786 @EF_MahekShukla @EfvijayKumar @aspalod @AmitAgrawl After long time bhaiya @Vibhor4tweet how are you?,en,"['vibhor4tweet', 'srbachchan', 'gangulysunetra', 'allaukhinaa', 'sureshjumani', 'vikasbansalef', 'bigb21bigbshiv', 'gopalbachchan', 'kalayadav3', 'rituraisharma5', 'rb_prajapati_ef', 'ashokmistry4545', 'king_ajaz786', 'ef_mahekshukla', 'efvijaykumar', 'aspalod', 'amitagrawl', 'vibhor4tweet']",[],[],1,1,4,[],[],https://twitter.com/angelkkar/status/1248629548326903816,,,0,,Bangalore,,,,,,"{'user_id': '967637037351350272', 'username': 'Vibhor4tweet'}",,,,
1248657174546411521,1248633083315851264,2020-04-10 12:00:43 CDT,2020-04-10,12:00:43,-0500,1371533450,malviyaop,omalviya.tez,,@Paradigm_fund @IndiaTezos @tezos @TezosFoundation Features @HardForkTalks @IBCMedia_ talk by @Shaanush and Caleb.,en,"['indiatezos', 'tezos', 'tezosfoundation', 'hardforktalks', 'ibcmedia_', 'shaanush']",[],[],1,0,4,[],[],https://twitter.com/MalviyaOp/status/1248657174546411521,,,0,,Bangalore,,,,,,"{'user_id': '1027127493730492416', 'username': 'Paradigm_hub'}",,,,
1248704573872590848,1248595918535798785,2020-04-10 15:09:04 CDT,2020-04-10,15:09:04,-0500,14267805,arunmeshtru,Arun L,,@ahbunaa Social Distancing ಬೇರೆ!,en,[],[],[],0,0,4,[],[],https://twitter.com/arunmeshtru/status/1248704573872590848,,,0,,Bangalore,,,,,,"{'user_id': '2662399884', 'username': 'artbyahbuna'}",,,,
1248670197285883904,1248659475218575361,2020-04-10 12:52:28 CDT,2020-04-10,12:52:28,-0500,796768917611917312,simhacn,Narasimha Murthy,,"@GorwayGlobal @TheJaggi @RahulGandhi RG s "" prediction "" wasn't Nostradamus - like . Anyone with average intelligence could is what was happening with the pandemic in China &amp; Europe . 

Monday following Sunday isn't prediction ; only natural .",en,"['gorwayglobal', 'thejaggi', 'rahulgandhi']",[],[],2,0,0,[],[],https://twitter.com/simhacn/status/1248670197285883904,,,0,,Bangalore,,,,,,"{'user_id': '326142866', 'username': 'GorwayGlobal'}",,,,
1248638719407435776,1248464550912880643,2020-04-10 10:47:23 CDT,2020-04-10,10:47:23,-0500,11210752,beingshivashiva,shivashivashiva.in,,@jdallcaps @DesignUpConf @Suvenk @rasagy That is quite Spock on. :),en,"['jdallcaps', 'designupconf', 'suvenk', 'rasagy']",[],[],0,0,2,[],[],https://twitter.com/beingshivashiva/status/1248638719407435776,,,0,,Bangalore,,,,,,"{'user_id': '17985597', 'username': 'jdallcaps'}",,,,
1248761553043611649,1248634211545669634,2020-04-10 18:55:29 CDT,2020-04-10,18:55:29,-0500,11210752,beingshivashiva,shivashivashiva.in,,@imakshayverma @rasagy @DesignUpConf @ashwinielephant @anthonyhlopez @seemaseth @gonsalves_r @MadanRao @jdallcaps It will be out soon. @DesignUpConf will share it.,en,"['imakshayverma', 'rasagy', 'designupconf', 'ashwinielephant', 'anthonyhlopez', 'seemaseth', 'gonsalves_r', 'madanrao', 'jdallcaps', 'designupconf']",[],[],0,0,2,[],[],https://twitter.com/beingshivashiva/status/1248761553043611649,,,0,,Bangalore,,,,,,"{'user_id': '576937920', 'username': 'imakshayverma'}",,,,
1248654887312711681,1248574029289619458,2020-04-10 11:51:38 CDT,2020-04-10,11:51:38,-0500,178247585,colkt,"Col A K Tiwari, VSM(retd)🇮🇳",,"@realDonaldTrump Dear Prez, bubble created out of printing greenbacks will burst sooner than you think.
Americans have to cut down their expenses n salaries.
Salaries of hedge fund managers n finance industry are obscene.

Corona will go but debt n currency Bubble will burst in your next tenure",en,['realdonaldtrump'],[],[],0,0,1,[],[],https://twitter.com/colkt/status/1248654887312711681,,,0,,Bangalore,,,,,,"{'user_id': '25073877', 'username': 'realDonaldTrump'}",,,,
1248682822384025600,1248675276675932160,2020-04-10 13:42:38 CDT,2020-04-10,13:42:38,-0500,16363454,pdkamath,P D Kamath,,@arifaajakia @BhushanLalKoul2 @Samreenkhan78 @UshaNirmala @DrFatimaBaloch @FatimaRasoolS @Sabrinaajaiswal @sama @desimojito @AQUIBMIR7 @AtikahQureshi @DeAnna4Congress Sir are you in UK now?  Heard England situation is turning bad to worst. Please take care .,en,"['arifaajakia', 'bhushanlalkoul2', 'samreenkhan78', 'ushanirmala', 'drfatimabaloch', 'sama', 'desimojito', 'aquibmir7', 'atikahqureshi', 'deanna4congress']",[],[],1,0,2,[],[],https://twitter.com/pdkamath/status/1248682822384025600,,,0,,Bangalore,,,,,,"{'user_id': '6528432', 'username': 'arifaajakia'}",,,,
1248669282126319618,1248621454767165444,2020-04-10 12:48:50 CDT,2020-04-10,12:48:50,-0500,50554477,leofsaldanha,Leo Saldanha,,@prajwalmanipal This is one clear demand all the deeply humanistic and wise people of  Karnataka will wholeheartedly support. @DKShivakumar @CMofKarnataka,en,"['prajwalmanipal', 'dkshivakumar', 'cmofkarnataka']",[],[],0,0,2,[],[],https://twitter.com/leofsaldanha/status/1248669282126319618,,,0,,Bangalore,,,,,,"{'user_id': '794794277016457216', 'username': 'prajwalmanipal'}",,,,
1248633738977660929,1248622857384411145,2020-04-10 10:27:36 CDT,2020-04-10,10:27:36,-0500,15628784,blraviation,Bangalore Aviation,,@ShivamVahia @capa_india @MoCA_GoI Oh ji. Babbe Di full kirpa. 🤣🤣 airline promoters and government have always had cozy relationships. The book A Feast Of Vultures by @josyjosephkj highlights a previous relationship in the airline sector. Why should it be any different for @BJP4India https://t.co/tEmH3HUb2G,en,"['shivamvahia', 'capa_india', 'moca_goi', 'josyjosephkj', 'bjp4india']",['https://josyjoseph.in/'],[],0,0,4,[],[],https://twitter.com/BLRAviation/status/1248633738977660929,,,0,,Bangalore,,,,,,"{'user_id': '2354305316', 'username': 'ShivamVahia'}",,,,
1248680477231206406,1248622857384411145,2020-04-10 13:33:19 CDT,2020-04-10,13:33:19,-0500,15628784,blraviation,Bangalore Aviation,,@NaraayanKannan @Tripoclock @capa_india I agree. But for all the talk about taxes. The Indian consumer is taxed over 100% on petrol and diesel. Compare this to 28% on ATF. The price of ATF is about ₹28-₹50 a litre. Petrol is well over ₹70. Similarly cars are taxed as much as 43% compared to 31% on aircraft.,en,"['naraayankannan', 'tripoclock', 'capa_india']",[],[],0,0,2,[],[],https://twitter.com/BLRAviation/status/1248680477231206406,,,0,,Bangalore,,,,,,"{'user_id': None, 'username': None}",,,,
