id,conversation_id,created_at,date,time,timezone,user_id,username,name,place,tweet,language,mentions,urls,photos,replies_count,retweets_count,likes_count,hashtags,cashtags,link,retweet,quote_url,video,thumbnail,near,geo,source,user_rt_id,user_rt,retweet_id,reply_to,retweet_date,translate,trans_src,trans_dest
1309419440497278976,1309419440497278976,2020-09-25 04:08:17 CDT,2020-09-25,04:08:17,-0500,179467862,malavikabjp,Malavika Avinash,,"He played My father in my 1st film in Kannada,Kalyanotsava in 1995!Unforgettable is him Spending 2hrs on the set teaching me a song he composed! 
Humility personified!His voice is an inseparable part of every South Indian’s life in the last 50yrs,more to come #SPBalasubrahmanyam https://t.co/alwtRhrn3R",en,[],[],['https://pbs.twimg.com/media/Eiv-CaXUwAAuxNl.jpg'],24,227,2523,['spbalasubrahmanyam'],[],https://twitter.com/MalavikaBJP/status/1309419440497278976,,,1,https://pbs.twimg.com/media/Eiv-CaXUwAAuxNl.jpg,Bangalore,,,,,,"{'user_id': None, 'username': None}",,,,
1309481941566189568,1309481941566189568,2020-09-25 08:16:38 CDT,2020-09-25,08:16:38,-0500,1194297511940251648,enayetspeaks,Md Enayet Ullah Ansari,,Who is your favourite leader ?,en,[],[],[],2,16,16,[],[],https://twitter.com/EnayetSpeaks/status/1309481941566189568,,,0,,Bangalore,,,,,,"{'user_id': None, 'username': None}",,,,
1309521998444335106,1309521998444335106,2020-09-25 10:55:48 CDT,2020-09-25,10:55:48,-0500,1263097736598970369,sachinsince1998,Sachin,,"Well Batted #AnushkaSharma

#SunilGavaskar 💨 https://t.co/CuTfC83iqA",en,[],[],['https://pbs.twimg.com/tweet_video_thumb/EixbT0dUwAAQeUx.jpg'],0,2,4,"['anushkasharma', 'sunilgavaskar']",[],https://twitter.com/SachinSince1998/status/1309521998444335106,,,1,https://pbs.twimg.com/tweet_video_thumb/EixbT0dUwAAQeUx.jpg,Bangalore,,,,,,"{'user_id': None, 'username': None}",,,,
1309470815952330752,1309470815952330752,2020-09-25 07:32:25 CDT,2020-09-25,07:32:25,-0500,74787719,manukumarjain,Manu Kumar Jain,,"Saddened to hear about the demise of the Legendary playback singer #SPBalasubrahmanyam ji.

As a kid, I had heard so many classics from him. RIP #SPB ji 🙏

#RIPSPB #Music #IndiaFightsCorona https://t.co/QJHL3PmYa0",en,[],[],['https://pbs.twimg.com/media/EiwsxFIVoAEwoIZ.jpg'],12,73,847,"['spbalasubrahmanyam', 'spb', 'ripspb', 'music', 'indiafightscorona']",[],https://twitter.com/manukumarjain/status/1309470815952330752,,,1,https://pbs.twimg.com/media/EiwsxFIVoAEwoIZ.jpg,Bangalore,,,,,,"{'user_id': None, 'username': None}",,,,
1309545506985717761,1309545506985717761,2020-09-25 12:29:13 CDT,2020-09-25,12:29:13,-0500,39728371,saday01,Saday Tiwari,,"I have observed that  a good photo has a better reach of audience in my case. I believe photography can can be good to raise awareness on #wildlife and #birds   It’s a potent tool fir #conservation. Do you agree? 
#proicam #birdphotography #IndiAves https://t.co/ae52s3QJ7w",en,[],[],['https://pbs.twimg.com/media/EixwsU5WkAEGmFW.jpg'],9,2,55,"['wildlife', 'birds', 'conservation', 'proicam', 'birdphotography', 'indiaves']",[],https://twitter.com/saday01/status/1309545506985717761,,,1,https://pbs.twimg.com/media/EixwsU5WkAEGmFW.jpg,Bangalore,,,,,,"{'user_id': None, 'username': None}",,,,
1309478765513175041,1309478765513175041,2020-09-25 08:04:01 CDT,2020-09-25,08:04:01,-0500,1927431991,anupama_bhagwat,Anupama Bhagwat,,"नास्ति तेषां यश:काये जरामरणजं भयम्|
The favorite voice I have grown up listening to; be it the Shlokas from Bhaktisudha or the classical Telugu songs from K Vishwanath Movies or songs from #mainepyarkiya. You will be missed always #spb Sir. 🙏🏼🙏🏼🙏🏼 #RIPSPBSir #SPBalasubrahmanyam https://t.co/yn8YTxCHOV",en,[],[],[],1,2,14,"['mainepyarkiya', 'spb', 'ripspbsir', 'spbalasubrahmanyam']",[],https://twitter.com/anupama_bhagwat/status/1309478765513175041,,,1,https://pbs.twimg.com/ext_tw_video_thumb/1309478726304899072/pu/img/hIYTk1RLMlvLn59b.jpg,Bangalore,,,,,,"{'user_id': None, 'username': None}",,,,
1309555108540157952,1309555108540157952,2020-09-25 13:07:22 CDT,2020-09-25,13:07:22,-0500,1057978826,prasadkarwa,Prasad Karwa,,"Today my maternal grandfather passed away. Within few seconds of hearing that news so many memories of him flashed in front of me. I had tears in my eyes. 

He always used to pamper me. For the first time in 2020 - I felt like this year is actually bad :( 

Om Shanti 🙏🏻",en,[],[],[],61,10,168,[],[],https://twitter.com/PrasadKarwa/status/1309555108540157952,,,0,,Bangalore,,,,,,"{'user_id': None, 'username': None}",,,,
1309498562737184768,1309498562737184768,2020-09-25 09:22:41 CDT,2020-09-25,09:22:41,-0500,2904438187,anxious_muse,Sharon,,"And that's Friday
#FridayFeeling 
#dogsoftwitter https://t.co/9rOuH8me0G",en,[],[],['https://pbs.twimg.com/media/EixGAG6UYAIzflI.jpg'],1,0,2,"['fridayfeeling', 'dogsoftwitter']",[],https://twitter.com/anxious_muse/status/1309498562737184768,,,1,https://pbs.twimg.com/media/EixGAG6UYAIzflI.jpg,Bangalore,,,,,,"{'user_id': None, 'username': None}",,,,
1309579169919983616,1309579169919983616,2020-09-25 14:42:59 CDT,2020-09-25,14:42:59,-0500,744592927553249282,sowmyareddyr,Sowmya | ಸೌಮ್ಯ,,"Never met someone who is as awesome &amp; inspiring! It is an absolute joy, honour &amp; privilege to work with u, boss. Has our back when needed, pushes us to do our best and encourages us. 

Wishing you all joy, happiness and success @sushmitadevinc ma’am! 🤗 #HappyBirthdaySushmitaDev https://t.co/abO2FdMwl5",en,[],[],['https://pbs.twimg.com/media/EiyPT3VVkAAt4IA.jpg'],2,22,180,['happybirthdaysushmitadev'],[],https://twitter.com/Sowmyareddyr/status/1309579169919983616,,,1,https://pbs.twimg.com/media/EiyPT3VVkAAt4IA.jpg,Bangalore,,,,,,"{'user_id': None, 'username': None}",,,,
1309561177249214465,1309561177249214465,2020-09-25 13:31:29 CDT,2020-09-25,13:31:29,-0500,4538566158,srk_bangalore,SHAH RUKH KHAN FAN ASSOCIATION,,"Our Knights are set for their second game tonight against Sunrisers Hyderabad at Abu Dhabi hoping for an impressive Bounce back after the first game @KKriders Wishing all the best to Our Knights, go for a win &amp; let's all know that #KKRHaiTaiyaar https://t.co/D0EBQQwCpW",en,['kkriders'],[],['https://pbs.twimg.com/media/Eix-8YaUYAAlv9g.jpg'],11,32,70,['kkrhaitaiyaar'],[],https://twitter.com/Srk_bangalore/status/1309561177249214465,,,1,https://pbs.twimg.com/media/Eix-8YaUYAAlv9g.jpg,Bangalore,,,,,,"{'user_id': None, 'username': None}",,,,
1309524426065543168,1309524426065543168,2020-09-25 11:05:27 CDT,2020-09-25,11:05:27,-0500,1003423164481728513,sahanarameshrao,Sahana Ramesh,,"Wat Saket also known as Golden mount has a golden Chedi with Buddha’s relic in Bangkok. In 1820 when there was a cholera outbreak, place near Wat Saket became the receiving ground for the dead bodies and vultures used to feed on them. #traveltribe #birds https://t.co/rHdPTitHmN",en,[],[],"['https://pbs.twimg.com/media/EixdhCvUMAAUTg8.jpg', 'https://pbs.twimg.com/media/EixdhEIU8AAq_43.jpg', 'https://pbs.twimg.com/media/EixdhFSUcAAdmbe.jpg']",1,2,21,"['traveltribe', 'birds']",[],https://twitter.com/sahanarameshrao/status/1309524426065543168,,,1,https://pbs.twimg.com/media/EixdhCvUMAAUTg8.jpg,Bangalore,,,,,,"{'user_id': None, 'username': None}",,,,
1309465470689513472,1309465470689513472,2020-09-25 07:11:11 CDT,2020-09-25,07:11:11,-0500,68407725,sibmbengaluru,SIBM Bengaluru,,"Fancy yourself as Cap'n Jack sparrow?
Think you have what it takes to navigate around tricky waters and seek the ultimate treasure? 

Aye aye captains! Find your navigators and quartermasters, and set out on this exciting scavenger hunt!

#LifeAtSIBMB #SIBMBengaluru https://t.co/dzX4xqQGWR",en,[],[],['https://pbs.twimg.com/media/EiwnxnwX0AEIdIi.jpg'],0,6,22,"['lifeatsibmb', 'sibmbengaluru']",[],https://twitter.com/SIBMBengaluru/status/1309465470689513472,,,1,https://pbs.twimg.com/media/EiwnxnwX0AEIdIi.jpg,Bangalore,,,,,,"{'user_id': None, 'username': None}",,,,
1309492820734914561,1309492820734914561,2020-09-25 08:59:52 CDT,2020-09-25,08:59:52,-0500,179467862,malavikabjp,Malavika Avinash,,"What about his addiction to speak meaninglessly, coupled with utmost insensitivity?! 🤔",en,[],[],[],12,18,154,[],[],https://twitter.com/MalavikaBJP/status/1309492820734914561,,https://twitter.com/ANI/status/1309460230938345474,0,,Bangalore,,,,,,"{'user_id': None, 'username': None}",,,,
1309430544946479110,1309430544946479110,2020-09-25 04:52:24 CDT,2020-09-25,04:52:24,-0500,2835155066,rukshardhillon,Rukshaar Dhillon,,"The most soulful voice.
Made you feel the depth of every song.
#SPBalasubrahmanyam 
RIP Sir🙏🏻💔 
You will be missed.",en,[],[],[],8,21,316,['spbalasubrahmanyam'],[],https://twitter.com/RuksharDhillon/status/1309430544946479110,,,0,,Bangalore,,,,,,"{'user_id': None, 'username': None}",,,,
1309542540203368449,1309542540203368449,2020-09-25 12:17:26 CDT,2020-09-25,12:17:26,-0500,158709628,debangakonwar,Debanga Konwar,,Post anything green from your gallery https://t.co/vx4PgbmcZF,en,[],[],['https://pbs.twimg.com/media/Eixt_7oUMAA_CHi.jpg'],0,1,1,[],[],https://twitter.com/DEBANGAKONWAR/status/1309542540203368449,,,1,https://pbs.twimg.com/media/Eixt_7oUMAA_CHi.jpg,Bangalore,,,,,,"{'user_id': None, 'username': None}",,,,
1309638531262722048,1309638531262722048,2020-09-25 18:38:52 CDT,2020-09-25,18:38:52,-0500,51412225,iamchika14,okoli ᐯᗩᒪEᑎTIᑎE ᑕᕼIKᗩ,,"E good. I like am. If u don collect advance now, give me my own 15% and then do the main gig. We go sit down talk again. 
Many congratulations my boy. We no go lack offers. https://t.co/wCPXU5gIH4",en,[],[],['https://pbs.twimg.com/media/EizFTOnVkAAt6-i.jpg'],1,2,8,[],[],https://twitter.com/iamchika14/status/1309638531262722048,,,1,https://pbs.twimg.com/media/EizFTOnVkAAt6-i.jpg,Bangalore,,,,,,"{'user_id': None, 'username': None}",,,,
1309547835562496000,1309547835562496000,2020-09-25 12:38:28 CDT,2020-09-25,12:38:28,-0500,14448143,kartik_kannan,Kartik Kannan,,What a one sided game. CSK had one cricketer in the top 6 performances in the game! Well played Delhi! #IPL #CSKvDC https://t.co/MDceLiYoea,en,[],[],['https://pbs.twimg.com/media/Eixy0NVU8AAQryA.jpg'],0,0,3,"['ipl', 'cskvdc']",[],https://twitter.com/kartik_kannan/status/1309547835562496000,,,1,https://pbs.twimg.com/media/Eixy0NVU8AAQryA.jpg,Bangalore,,,,,,"{'user_id': None, 'username': None}",,,,
1309537890515300358,1309537890515300358,2020-09-25 11:58:57 CDT,2020-09-25,11:58:57,-0500,145587407,kpsingh1966,KP Singh,,Amit Shah's Delhi police! https://t.co/oaI2MJ1GZQ,en,[],[],['https://pbs.twimg.com/media/Eixpv78VgAAobK6.jpg'],0,0,5,[],[],https://twitter.com/kpsingh1966/status/1309537890515300358,,,1,https://pbs.twimg.com/media/Eixpv78VgAAobK6.jpg,Bangalore,,,,,,"{'user_id': None, 'username': None}",,,,
1309477159937794054,1309477159937794054,2020-09-25 07:57:38 CDT,2020-09-25,07:57:38,-0500,126644932,irf22,IRFAN KHAN,,"Post any food picture from your gallery, here is mine. 

Bread omelette with a twist 😋 https://t.co/WzrMiBHyVx",en,[],[],['https://pbs.twimg.com/media/EiwyiR5VkAA6Ko7.jpg'],0,1,1,[],[],https://twitter.com/irf22/status/1309477159937794054,,https://twitter.com/ShahidBadruddin/status/1309466363497332738,1,https://pbs.twimg.com/media/EiwyiR5VkAA6Ko7.jpg,Bangalore,,,,,,"{'user_id': None, 'username': None}",,,,
1309601928179982336,1309601928179982336,2020-09-25 16:13:25 CDT,2020-09-25,16:13:25,-0500,109892153,dammitdamini,Damini,,Bobby♥️ That’s it. That’s the tweet. https://t.co/VtQhYbt7ea,en,[],[],"['https://pbs.twimg.com/media/Eiyj_zgUcAAOk_C.jpg', 'https://pbs.twimg.com/media/Eiyj_zeUMAAaPgp.jpg', 'https://pbs.twimg.com/media/Eiyj_zfUMAA5Dtt.jpg', 'https://pbs.twimg.com/media/Eiyj_zfUYAAzKms.jpg']",2,0,10,[],[],https://twitter.com/DammitDamini/status/1309601928179982336,,,1,https://pbs.twimg.com/media/Eiyj_zgUcAAOk_C.jpg,Bangalore,,,,,,"{'user_id': None, 'username': None}",,,,
1309468124031279104,1309468124031279104,2020-09-25 07:21:44 CDT,2020-09-25,07:21:44,-0500,105208717,chefvikasseth,Vikas Seth,,"Yum Burrito Bowls @madmexblr
And we are live in Central Bangalore on Swiggy &amp; Dunzo, coming soon to whitefield next! #texmexfood on #delivery in #Indiranagar #CentralBangalore #burrito #bowl option of #meats #vegetables #rice #quinoa #millet #LoungeHospitality #EmbassyLeisure https://t.co/l1xpTK1T1F",en,['madmexblr'],[],[],0,3,4,"['texmexfood', 'delivery', 'indiranagar', 'centralbangalore', 'burrito', 'bowl', 'meats', 'vegetables', 'rice', 'quinoa', 'millet', 'loungehospitality', 'embassyleisure']",[],https://twitter.com/ChefVikasSeth/status/1309468124031279104,,,1,https://pbs.twimg.com/ext_tw_video_thumb/1309468034105356289/pu/img/x6lg2azsOv2DRUJd.jpg,Bangalore,,,,,,"{'user_id': None, 'username': None}",,,,
1309633256510218240,1309633256510218240,2020-09-25 18:17:54 CDT,2020-09-25,18:17:54,-0500,1051074201082388480,pavanasoonu,Pavanasoonu,,"Join to know and ask about your LUCK factor.

https://t.co/aS2YlUvCWb

#Luck #navamsa #jyotish #ASTRO #astrology #success #wealth
@mmpandit @gajanansinamdar https://t.co/MejFpUnIYw",en,"['mmpandit', 'gajanansinamdar']",['https://facebook.com/events/s/jyotish-q-a-discussion-about-y/2905048273112252/?ti=cl'],['https://pbs.twimg.com/media/EizAf4jVoAA1N42.jpg'],1,5,6,"['luck', 'navamsa', 'jyotish', 'astro', 'astrology', 'success', 'wealth']",[],https://twitter.com/Pavanasoonu/status/1309633256510218240,,,1,https://pbs.twimg.com/media/EizAf4jVoAA1N42.jpg,Bangalore,,,,,,"{'user_id': None, 'username': None}",,,,
1309595025693573120,1307019860572958720,2020-09-25 15:45:59 CDT,2020-09-25,15:45:59,-0500,69625902,fplskinnypanda,FPL Skinny Panda,,I know it will not last but 🤩 #FantasyBL 🇩🇪 https://t.co/8QQldRDeWN,en,[],[],['https://pbs.twimg.com/media/EiydvCoUwAEyHws.jpg'],1,0,2,['fantasybl'],[],https://twitter.com/FplSkinnyPanda/status/1309595025693573120,,,1,https://pbs.twimg.com/media/EiydvCoUwAEyHws.jpg,Bangalore,,,,,,"{'user_id': '69625902', 'username': 'FplSkinnyPanda'}",,,,
1309560561965826048,1309560561965826048,2020-09-25 13:29:03 CDT,2020-09-25,13:29:03,-0500,183187372,verseeveryday,Shashidhar Sharma,,"#SongsOfTheMist 1/2 :We cherish pain and selfishly hold on to it till it becomes intrinsic part of our soul. Love has that effect in leaving... in emptying, which most us don't realize till we also start to cherish the breaking apart - decaying - the pain..
PIC @ #vienna🇦🇹 @ 2015 https://t.co/ojjVD5V9C6",en,[],[],['https://pbs.twimg.com/media/Eix-ZANU8AMndGB.jpg'],0,0,2,"['songsofthemist', 'vienna']",[],https://twitter.com/VerseEveryDay/status/1309560561965826048,,,1,https://pbs.twimg.com/media/Eix-ZANU8AMndGB.jpg,Bangalore,,,,,,"{'user_id': None, 'username': None}",,,,
1309560788286279680,1309560788286279680,2020-09-25 13:29:57 CDT,2020-09-25,13:29:57,-0500,124208599,narendon,Naren Marol | ನರೇನ್ ಮರೋಳ,,"If you are HOT and looking for a COOL Job and a COOLEST Boss, you must not miss this Opportunity 🤩 https://t.co/SNeJHmOjv6",en,[],[],"['https://pbs.twimg.com/media/Eix-lqlVoAEoWjV.jpg', 'https://pbs.twimg.com/media/Eix-lqlVkAEP0zN.jpg']",0,0,1,[],[],https://twitter.com/NarenDon/status/1309560788286279680,,,1,https://pbs.twimg.com/media/Eix-lqlVoAEoWjV.jpg,Bangalore,,,,,,"{'user_id': None, 'username': None}",,,,
1309522631251558401,1309522631251558401,2020-09-25 10:58:19 CDT,2020-09-25,10:58:19,-0500,346642258,foolzwizdom,Rajath,,"Title tracks  of #DD  serials in 80s -90s were 👌 for e.g., Chunauti' https://t.co/alQTGgKmXQ via @YouTube",en,['youtube'],['https://youtu.be/nxU1ZJEpzqw'],[],2,1,3,['dd'],[],https://twitter.com/FoolzWizdom/status/1309522631251558401,,,0,,Bangalore,,,,,,"{'user_id': None, 'username': None}",,,,
1309414039903023104,1309414039903023104,2020-09-25 03:46:49 CDT,2020-09-25,03:46:49,-0500,324871244,drharimaram,Dr.Hari KrishnaMaram,,"Shocked at the tragic demise of the legendary musician Shri S.P. Balasubrahmanyam. 

His mellifluous voice, passionate love for languages and literature and genial humour has left an indelible impact on millions of admirers
Om Shanti!

#SPBalasubrahmanyam #SPBalu https://t.co/qfijQO55Ps",en,[],[],['https://pbs.twimg.com/media/Eiv5IByUcAAitLt.jpg'],0,0,1,"['spbalasubrahmanyam', 'spbalu']",[],https://twitter.com/Drharimaram/status/1309414039903023104,,,1,https://pbs.twimg.com/media/Eiv5IByUcAAitLt.jpg,Bangalore,,,,,,"{'user_id': None, 'username': None}",,,,
1309534135518593024,1309534135518593024,2020-09-25 11:44:02 CDT,2020-09-25,11:44:02,-0500,83334534,vivekjgd,Vivek Iyer,,Am sure that's why #SPBalasubrahmanyam ji is so much loved across the world. Such a legend. We are so fortunate to have grown up listening to his music.,en,[],[],[],0,2,8,['spbalasubrahmanyam'],[],https://twitter.com/vivekjgd/status/1309534135518593024,,https://twitter.com/surnell/status/1309458781059690496,0,,Bangalore,,,,,,"{'user_id': None, 'username': None}",,,,
1309507359698374656,1309507359698374656,2020-09-25 09:57:38 CDT,2020-09-25,09:57:38,-0500,2794687724,saxsubbalaxmi,SaxophoneSubbalaxmi,,"You will be always remain in our hearts...  My concerts will never be complete without playing your songs... 
So honoured to get prestigious #PadmaBharathiAward from you...
Your contribution to Music Industry is incredible....
RIP Sir🙏🙏🙏 https://t.co/NR4bsdeBj8",en,[],[],['https://pbs.twimg.com/media/EixOAE-U0AI6oWl.jpg'],0,0,4,['padmabharathiaward'],[],https://twitter.com/SaxSubbalaxmi/status/1309507359698374656,,,1,https://pbs.twimg.com/media/EixOAE-U0AI6oWl.jpg,Bangalore,,,,,,"{'user_id': None, 'username': None}",,,,
1309453855847886849,1309453855847886849,2020-09-25 06:25:02 CDT,2020-09-25,06:25:02,-0500,79117291,karthik_1710,Karthik,,Even a fitting tribute like this only makes you think of all the other gems that are missing from the list. Says it all! A journey that the entire world of music will celebrate for decades to come! Rest in peace sir ❤️ #SPBalasubrahmanyam,en,[],[],[],0,3,7,['spbalasubrahmanyam'],[],https://twitter.com/karthik_1710/status/1309453855847886849,,https://twitter.com/abiiihere/status/1309407165694668800,0,,Bangalore,,,,,,"{'user_id': None, 'username': None}",,,,
1309581098859462657,1309581098859462657,2020-09-25 14:50:39 CDT,2020-09-25,14:50:39,-0500,1096814777534504960,sangeetha9782,sangeetha ... ❤❤❤,,"❤Good night yd.. ❤have a lovely night sweet heart.. ❤enjoy your 🌙 moon night dear .Sweet dreams yash 😴. ❤,@Yash_Dasgupta..love you yash.. take care yourself yd.. 😘😘
@YashhD_FC..💜 https://t.co/fz2jZzrBU3",en,"['yash_dasgupta', 'yashhd_fc']",[],"['https://pbs.twimg.com/media/EiyRC95VgAAQrNc.jpg', 'https://pbs.twimg.com/media/EiyRDZAU0AENrFU.jpg', 'https://pbs.twimg.com/media/EiyRDjiU8AA15zf.jpg', 'https://pbs.twimg.com/media/EiyREBRUMAEMUu_.jpg']",0,1,19,[],[],https://twitter.com/sangeetha9782/status/1309581098859462657,,,1,https://pbs.twimg.com/media/EiyRC95VgAAQrNc.jpg,Bangalore,,,,,,"{'user_id': None, 'username': None}",,,,
1309543411737796609,1309543411737796609,2020-09-25 12:20:54 CDT,2020-09-25,12:20:54,-0500,16246329,gauravsangtani,Gaurav Sangtani,,"Another one from 'The Psychology of Money', wonderful book by @morganhousel

(will share my favourite parts as I read and review at the end) https://t.co/4kOLG8Xz8Q",en,['morganhousel'],[],['https://pbs.twimg.com/media/EixuyoWUMAAFgDH.jpg'],0,0,12,[],[],https://twitter.com/gauravsangtani/status/1309543411737796609,,,1,https://pbs.twimg.com/media/EixuyoWUMAAFgDH.jpg,Bangalore,,,,,,"{'user_id': None, 'username': None}",,,,
1309579276702740481,1309579276702740481,2020-09-25 14:43:25 CDT,2020-09-25,14:43:25,-0500,856146671964758016,mshanmugananda,M.Shanmugananda,,"Sad Night Tweeples!

My Iconic Emotions Weaver at time's of despair is no more! 😔

Hard to Digest his departure, so soon!

Rest in Peace 🙏😔, Sir, SPB Gaaru! https://t.co/HsKLkbdKUV",en,[],[],['https://pbs.twimg.com/media/EiyPaVUUwAABsAl.jpg'],0,0,1,[],[],https://twitter.com/MShanmugananda/status/1309579276702740481,,,1,https://pbs.twimg.com/media/EiyPaVUUwAABsAl.jpg,Bangalore,,,,,,"{'user_id': None, 'username': None}",,,,
1309540301573218304,1309540301573218304,2020-09-25 12:08:32 CDT,2020-09-25,12:08:32,-0500,147170805,ramyadlapalli,Ram Yadlapalli,,A very good webinar from industry leaders on future of #LTL. #Transportation #pickup #Delivery #logistics #optimization,en,[],[],[],0,0,2,"['ltl', 'transportation', 'pickup', 'delivery', 'logistics', 'optimization']",[],https://twitter.com/ramyadlapalli/status/1309540301573218304,,https://twitter.com/OptymLE/status/1309500846028328961,0,,Bangalore,,,,,,"{'user_id': None, 'username': None}",,,,
1309517377583808512,1309517377583808512,2020-09-25 10:37:27 CDT,2020-09-25,10:37:27,-0500,35191899,maitreyikv,Maitreyi Koduganti Adivi,,"Check out some amazing contributions to understand #troubling #waterscapes only at #pollen2020 ! 

@PolEcoNet @AUAntiracismCtr @ihedelft @stepscentre",en,"['poleconet', 'auantiracismctr', 'ihedelft', 'stepscentre']",[],[],0,1,7,"['troubling', 'waterscapes', 'pollen2020']",[],https://twitter.com/maitreyikv/status/1309517377583808512,,https://twitter.com/ireleo7/status/1309507907470471168,0,,Bangalore,,,,,,"{'user_id': None, 'username': None}",,,,
1309445397836783617,1309445397836783617,2020-09-25 05:51:25 CDT,2020-09-25,05:51:25,-0500,154439012,madhiceg,Madhivanan,,#RIPSPBSir Our lifetime's Best Singer.,en,[],[],[],0,0,4,['ripspbsir'],[],https://twitter.com/madhiceg/status/1309445397836783617,,https://twitter.com/abiiihere/status/1309410313784053760,0,,Bangalore,,,,,,"{'user_id': None, 'username': None}",,,,
1309642810585350146,1309465099988537346,2020-09-25 18:55:52 CDT,2020-09-25,18:55:52,-0500,2514519232,uttishta_bharat,We are with भारत,,"@Javedakhtarjadu .
Mr. Jadu
You have taken enough Political mileage from Vadra-Maino for a
long time, including Awards.
Why don't shut up for few years.

Seen your meanness in one of
Sadguru's show

.@RealSandeep21 .@Saliltoday
.@vxtandon .@Anju1951Purohit
.@yamini_jyoti https://t.co/0JxgGsqLrQ",en,"['javedakhtarjadu', 'realsandeep21', 'saliltoday', 'vxtandon', 'anju1951purohit', 'yamini_jyoti']",[],"['https://pbs.twimg.com/media/EizJLI-WsAMTQYj.jpg', 'https://pbs.twimg.com/media/EizJL7wXcAAMi5F.jpg']",0,3,7,[],[],https://twitter.com/Uttishta_Bharat/status/1309642810585350146,,,1,https://pbs.twimg.com/media/EizJLI-WsAMTQYj.jpg,Bangalore,,,,,,"{'user_id': '122995784', 'username': 'Javedakhtarjadu'}",,,,
1309560075254595584,1309560075254595584,2020-09-25 13:27:07 CDT,2020-09-25,13:27:07,-0500,16681568,geeksrik,Srik,,that’s it. time stops here.,en,[],[],[],0,1,2,[],[],https://twitter.com/geeksrik/status/1309560075254595584,,https://twitter.com/vinayakkm/status/1309415987217719296,0,,Bangalore,,,,,,"{'user_id': None, 'username': None}",,,,
1309551823045312512,1309551823045312512,2020-09-25 12:54:19 CDT,2020-09-25,12:54:19,-0500,481126134,aakashvinay17,Aakash Vinay,,This is a FACT.,en,[],[],[],2,0,22,[],[],https://twitter.com/aakashvinay17/status/1309551823045312512,,https://twitter.com/MarcusMergulhao/status/1309467481635987456,0,,Bangalore,,,,,,"{'user_id': None, 'username': None}",,,,
1309439061828841474,1309439061828841474,2020-09-25 05:26:15 CDT,2020-09-25,05:26:15,-0500,17771936,mcazmat,mcazmat,,"This is the status of the present media in our country, discussing irrelevant hateful debates.

Will this ever stop? Why is there no regulation on this? 

https://t.co/5AQX2fsBfP",en,[],['https://youtu.be/qsETLXafWIQ'],[],0,2,4,[],[],https://twitter.com/mcazmat/status/1309439061828841474,,,0,,Bangalore,,,,,,"{'user_id': None, 'username': None}",,,,
1309460156611096583,1309460156611096583,2020-09-25 06:50:04 CDT,2020-09-25,06:50:04,-0500,182828806,upendrabhojani,Upendra Bhojani,,"What a moment! As we thank our colleagues on this #ResearchAdministratorDay, Rashmi Ramesh of @iphindia receives an award letter from IRMI @India_Alliance congratulations!",en,"['iphindia', 'india_alliance']",[],[],2,1,20,['researchadministratorday'],[],https://twitter.com/UpendraBhojani/status/1309460156611096583,,https://twitter.com/UpendraBhojani/status/1044532272609689601,0,,Bangalore,,,,,,"{'user_id': None, 'username': None}",,,,
1309495641500917760,1309495641500917760,2020-09-25 09:11:04 CDT,2020-09-25,09:11:04,-0500,744592927553249282,sowmyareddyr,Sowmya | ಸೌಮ್ಯ,,Catch us on @BBCWorld at 10pm &amp; Mon at 7pm discussing the implications of a new draft law on environmental impact assessment introduced recently by PM @narendramodi govt #EIA2020 with @divyaconnects @kanchikohli @CPR_India  @FIMI_India @MedhaviArora #WorklifeIndia,en,"['bbcworld', 'narendramodi', 'divyaconnects', 'kanchikohli', 'cpr_india', 'fimi_india', 'medhaviarora']",[],[],1,11,39,"['eia2020', 'worklifeindia']",[],https://twitter.com/Sowmyareddyr/status/1309495641500917760,,https://twitter.com/BBCBusiness/status/1309479777582153729,0,,Bangalore,,,,,,"{'user_id': None, 'username': None}",,,,
1309577753465892865,1309577753465892865,2020-09-25 14:37:21 CDT,2020-09-25,14:37:21,-0500,928129898887004160,ddsry21,DDSRY,"{'type': 'Point', 'coordinates': [12.971117, 77.597645]}","First Understand the Error then Solve it.

#DDSRY #code #error #Programming #CodeNewbie @ Bangalore, India https://t.co/KhGuLJXzDi",en,[],['https://www.instagram.com/p/CFkk371gv4N/?igshid=1jjq2alkllem3'],[],0,1,1,"['ddsry', 'code', 'error', 'programming', 'codenewbie']",[],https://twitter.com/DDSRY21/status/1309577753465892865,,,0,,Bangalore,,,,,,"{'user_id': None, 'username': None}",,,,
1309565365391773697,1309565365391773697,2020-09-25 13:48:08 CDT,2020-09-25,13:48:08,-0500,57344463,shankar_raman,TheTalentguy,,"Where are all the #CSKFans ? #IPL2020 -with love, an RCB fan!",en,[],[],[],0,0,2,"['cskfans', 'ipl2020']",[],https://twitter.com/shankar_raman/status/1309565365391773697,,,0,,Bangalore,,,,,,"{'user_id': None, 'username': None}",,,,
1309553749883379712,1309553749883379712,2020-09-25 13:01:58 CDT,2020-09-25,13:01:58,-0500,264919092,nishanth_sada,Nishanth Sadashiva (ನಿಶಾಂತ್ ಸದಾಶಿವ),,"Me: Apple TV series doesn’t automatically play next episode.
Wife: May be they will release the update next year with iOS 15😂😂 @AppleTV #ios14 #APPLEHUMOR",en,['appletv'],[],[],0,0,6,"['ios14', 'applehumor']",[],https://twitter.com/nishanth_sada/status/1309553749883379712,,,0,,Bangalore,,,,,,"{'user_id': None, 'username': None}",,,,
1309502258351017984,1309502258351017984,2020-09-25 09:37:22 CDT,2020-09-25,09:37:22,-0500,147148277,sidshishoo,SidShishoo🇮🇳,,Saddened by #SPBalasubramaniam death ! Lot of beautiful songs that made my teenage life romantic !! So many memories !,en,[],[],[],2,1,8,['spbalasubramaniam'],[],https://twitter.com/sidshishoo/status/1309502258351017984,,,0,,Bangalore,,,,,,"{'user_id': None, 'username': None}",,,,
1309512314907840512,1309512314907840512,2020-09-25 10:17:20 CDT,2020-09-25,10:17:20,-0500,795724453,bhaskarg77g,Bhaskar G 🇮🇳,,If you want to watch English commentary watch it on select where you get #selectdugout which also has very little advt. So uninterrupted coverage.,en,[],[],[],1,0,2,['selectdugout'],[],https://twitter.com/Bhaskarg77G/status/1309512314907840512,,https://twitter.com/ragusmg2/status/1309510172369330176,0,,Bangalore,,,,,,"{'user_id': None, 'username': None}",,,,
1309598317169369089,1309598317169369089,2020-09-25 15:59:04 CDT,2020-09-25,15:59:04,-0500,109892153,dammitdamini,Damini,,"On a #MalayalamMovieMarathon since a couple of days, and now I CANNOT WAIT TO GO TO KERALA  ♥️♥️♥️ *somebody please throw me there* I’ll work even harder with that view, I promise",en,[],[],[],3,0,9,['malayalammoviemarathon'],[],https://twitter.com/DammitDamini/status/1309598317169369089,,,0,,Bangalore,,,,,,"{'user_id': None, 'username': None}",,,,
1309453440150503424,1309453440150503424,2020-09-25 06:23:23 CDT,2020-09-25,06:23:23,-0500,796307967029018628,moumitaofficial,Moumita Chakraborty 🇮🇳,,What a terrible news for the country. We lost one of the jewels of the music industry. May his soul rest in peace.  #RIPSPB ॐ शांति 🙏🏼🕊,en,[],[],[],0,0,4,['ripspb'],[],https://twitter.com/MoumitaOfficial/status/1309453440150503424,,,0,,Bangalore,,,,,,"{'user_id': None, 'username': None}",,,,
1309511965438476289,1309511965438476289,2020-09-25 10:15:56 CDT,2020-09-25,10:15:56,-0500,1070384679633719302,oceanbodh,oceanbodh,,"@MorpheBrushes @jamescharles palette 
@ABHcosmetics StickFoundation CoolBeige &amp; Espresso 
@ABHcosmetics BrowGel&amp;PomadeEbony 
@ABHcosmetics Peachy&amp;summerVibesgloss
@SuvaBeauty DanceParty
@tartecosmetics Mistletoe for blush 
@milkmakeup HydroGripPrimer
@tartecosmetics BigEgomascara https://t.co/a9RmC1hWPK",en,"['morphebrushes', 'jamescharles', 'abhcosmetics', 'abhcosmetics', 'abhcosmetics', 'suvabeauty', 'tartecosmetics', 'milkmakeup', 'tartecosmetics']",[],['https://pbs.twimg.com/media/EixSL5GUMAAIbh4.jpg'],0,0,2,[],[],https://twitter.com/oceanbodh/status/1309511965438476289,,,1,https://pbs.twimg.com/media/EixSL5GUMAAIbh4.jpg,Bangalore,,,,,,"{'user_id': '330562657', 'username': 'MorpheBrushes'}",,,,
1309507981826949120,1309507981826949120,2020-09-25 10:00:07 CDT,2020-09-25,10:00:07,-0500,726464306875781120,narayaindi,Indresh🦁#SimbaRajya,,"I’m planning to sell my GoPro Hero 7 Silver camera with all accessories as in kit and a memory card. Hardly used, thanks to corona for making it useless. Kindly DM for details.",en,[],[],[],0,1,3,[],[],https://twitter.com/narayaindi/status/1309507981826949120,,,0,,Bangalore,,,,,,"{'user_id': None, 'username': None}",,,,
1309467266992365569,1309467266992365569,2020-09-25 07:18:19 CDT,2020-09-25,07:18:19,-0500,311928641,iamdurgesh__,Durgesh,,Read the comments and imagine Where's our country heading towards. Very very bad days ahead in next 10 years. We'll reach a point of no return. Our politicians have collectively destroyed the country for their greed. Well done guys! 🔥,en,[],[],[],0,0,2,[],[],https://twitter.com/IamDurgesh__/status/1309467266992365569,,https://twitter.com/ANI/status/1309387256298311680,0,,Bangalore,,,,,,"{'user_id': None, 'username': None}",,,,
1309530470418247681,1309530470418247681,2020-09-25 11:29:28 CDT,2020-09-25,11:29:28,-0500,873794970586562560,jusst_sway,Sway,,Extremely dramatic humans!! Why so 🧐🧐🧐🧐,en,[],[],[],4,0,10,[],[],https://twitter.com/jusst_sway/status/1309530470418247681,,,0,,Bangalore,,,,,,"{'user_id': None, 'username': None}",,,,
1309442637812826112,1309442637812826112,2020-09-25 05:40:27 CDT,2020-09-25,05:40:27,-0500,2765891696,trikkurmahesh,Mahesh B,,"Now @vijayanpinarayi Govt is facing @NIA_India , @dir_ed , @cochin_customs on Gold smuggling. Now CBI on Life Mission(to give homes to poor) corruption. Almost all agencies behind Swapna  Sundari. As usual spineless @cpimspeak will play victim
https://t.co/qw07urBZUx

@RMCpost",en,"['nia_india', 'dir_ed', 'cochin_customs', 'cpimspeak', 'rmcpost']",['https://www.azhimukham.com/Kerala/kerala-govt-life-mission-project-irregularity-cbi-register-case-834737'],[],1,11,8,[],[],https://twitter.com/trikkurmahesh/status/1309442637812826112,,,0,,Bangalore,,,,,,"{'user_id': None, 'username': None}",,,,
1309506062790176772,1309506062790176772,2020-09-25 09:52:29 CDT,2020-09-25,09:52:29,-0500,7156792,prxtl,Pratul is AFK,,“Monisha beta… Connoisseur bolo. Deewana is so middle class!”,en,[],[],[],1,0,10,[],[],https://twitter.com/prxtl/status/1309506062790176772,,,0,,Bangalore,,,,,,"{'user_id': None, 'username': None}",,,,
1309531858829365248,1309531858829365248,2020-09-25 11:34:59 CDT,2020-09-25,11:34:59,-0500,873794970586562560,jusst_sway,Sway,,The karma of playing around with poor farmers and their families will destroy the corrupt leaders and their next generations... May the Divine protect those helpless people.. May dharma prevail ❤🙏,en,[],[],[],3,0,14,[],[],https://twitter.com/jusst_sway/status/1309531858829365248,,,0,,Bangalore,,,,,,"{'user_id': None, 'username': None}",,,,
1309546487374774272,1309155596504051712,2020-09-25 12:33:07 CDT,2020-09-25,12:33:07,-0500,14448143,kartik_kannan,Kartik Kannan,,"@YvLahoti @SnehalPradhan @weRcricket In T20s since 2019, At the Dubai International stadium 64 catches have been dropped. The 2nd most after Sher-e-bangla (131)",en,"['yvlahoti', 'snehalpradhan', 'wercricket']",[],[],2,8,24,[],[],https://twitter.com/kartik_kannan/status/1309546487374774272,,,0,,Bangalore,,,,,,"{'user_id': '14448143', 'username': 'kartik_kannan'}",,,,
1309511930093146122,1309511930093146122,2020-09-25 10:15:48 CDT,2020-09-25,10:15:48,-0500,59643623,ronak_manutd,Ron,,"Man City signing Ruben Diaz too , wake up @ManUtd sign someone anyone pls 🙏🙏🤷‍♂️",en,['manutd'],[],[],0,0,2,[],[],https://twitter.com/ronak_manutd/status/1309511930093146122,,,0,,Bangalore,,,,,,"{'user_id': None, 'username': None}",,,,
1309640120962695168,1309640120962695168,2020-09-25 18:45:11 CDT,2020-09-25,18:45:11,-0500,51412225,iamchika14,okoli ᐯᗩᒪEᑎTIᑎE ᑕᕼIKᗩ,,"My eyes clear well well. Thanks GOD say I no deh take alcohol or smoke... buh their whole juice and goat meat pepper soup feel me. Una deh craze, na me enjoy am pass. I don reach house, While dem there deh argue Nketiah and Werner who go first reach 10 goals for PL.",en,[],[],[],5,2,4,[],[],https://twitter.com/iamchika14/status/1309640120962695168,,,0,,Bangalore,,,,,,"{'user_id': None, 'username': None}",,,,
1309527877541531650,1309527877541531650,2020-09-25 11:19:10 CDT,2020-09-25,11:19:10,-0500,1893821749,sidhant_design,Sidhant Goyal ✨,,"In a world of copycats, being yourself is liberating and powerful. You can copy all you want, but you will be always one step behind. You know who you are. 

 #thoughtleadership #designeducation",en,[],[],[],0,0,2,"['thoughtleadership', 'designeducation']",[],https://twitter.com/sidhant_design/status/1309527877541531650,,,0,,Bangalore,,,,,,"{'user_id': None, 'username': None}",,,,
1309534129042538499,1309534129042538499,2020-09-25 11:44:00 CDT,2020-09-25,11:44:00,-0500,270712939,sindhuja109,Sindhuja Balaji,,"Register today for @RaiseAISummit! 

@sangeetagupta29 @SiddiquiAsna @jibuelias @Anjalipathak08",en,"['raiseaisummit', 'sangeetagupta29', 'siddiquiasna', 'jibuelias', 'anjalipathak08']",[],[],0,0,4,[],[],https://twitter.com/sindhuja109/status/1309534129042538499,,https://twitter.com/YourStoryCo/status/1309521193528111105,0,,Bangalore,,,,,,"{'user_id': None, 'username': None}",,,,
1309426595438891008,1309426595438891008,2020-09-25 04:36:42 CDT,2020-09-25,04:36:42,-0500,796372758850453505,masalaboxtravel,Chitra M,,"We can't pin point to just one song as the favourite song of his, can we? 
One for the road trip, long nights, for break ups, joy, even to welcome new year.. how Versatile he was! 
What's your song of SPB?
My go to is Mandram vandha thendraluku manjam vara nenjam illayo 
#ripspb",en,[],[],[],1,0,3,['ripspb'],[],https://twitter.com/masalaboxtravel/status/1309426595438891008,,,0,,Bangalore,,,,,,"{'user_id': None, 'username': None}",,,,
1309450542972764160,1309450542972764160,2020-09-25 06:11:52 CDT,2020-09-25,06:11:52,-0500,215673714,vinod_paikera,Vinod Paikera,,"Pandit Deendayal Upadhyaya Ji said that there are four components of human existence, body, mind, intellect and soul through which the four fundamental objectives of life, Kama, Artha, Dharma and Moksha are attained. #पंडित_दीनदयाल_जयंती",en,[],[],[],0,0,2,['पंडित_दीनदयाल_जयंती'],[],https://twitter.com/ViNoD_PaIkErA/status/1309450542972764160,,,0,,Bangalore,,,,,,"{'user_id': None, 'username': None}",,,,
1309641098181005312,1309641098181005312,2020-09-25 18:49:04 CDT,2020-09-25,18:49:04,-0500,346533068,ravindrakumar46,ravindra kumar,,"The man who allowed 2g, coal , spectrum, submarine scam etc to happen. He is also known for bathing with a rain coat. Hbd Mauni Baba #HappyBirthdayDrMMSingh",en,[],[],[],1,0,1,['happybirthdaydrmmsingh'],[],https://twitter.com/ravindrakumar46/status/1309641098181005312,,,0,,Bangalore,,,,,,"{'user_id': None, 'username': None}",,,,
1309497445647134720,1309497445647134720,2020-09-25 09:18:14 CDT,2020-09-25,09:18:14,-0500,964874407972831232,sreedhar_manda,శ్రీధర్,,"True, today's children either they are not emotionally attached or do not know about SPBs contributions and greatness.",en,[],[],[],0,0,1,[],[],https://twitter.com/sreedhar_manda/status/1309497445647134720,,https://twitter.com/nag_vasireddy/status/1309406744754311168,0,,Bangalore,,,,,,"{'user_id': None, 'username': None}",,,,
1309549462700736518,1309549462700736518,2020-09-25 12:44:56 CDT,2020-09-25,12:44:56,-0500,1326361128,ajaathashatru,PaದುಮNamaನ Puತ್ರ,,"Dear police dept. instead of searching for ppl with drug links, just find out celebrities without drug link, balancing figures are drug mafia ppl. Its festival time for narcotics and drugs dept. Collect nice penalty. Producers now u need to be more careful. Save cine lovers.",en,[],[],[],1,0,3,[],[],https://twitter.com/ajaathashatru/status/1309549462700736518,,,0,,Bangalore,,,,,,"{'user_id': None, 'username': None}",,,,
1309468813117644802,1309345570163621888,2020-09-25 07:24:28 CDT,2020-09-25,07:24:28,-0500,977364501505953793,irfankh77022517,Irfan Khan,,"@GauravPandhi @Sharedshare1 WHO DO YOU STAND WITH?

𝗙𝗮𝗿𝗺𝗲𝗿𝘀 who feed entire India

Or

Anti-farmer 𝗠𝗼𝗱𝗶 𝗚𝗼𝘃𝘁 who feeds on india?

#ISupportBharatBandh",en,"['gauravpandhi', 'sharedshare1']",[],[],0,1,1,['isupportbharatbandh'],[],https://twitter.com/IrfanKh77022517/status/1309468813117644802,,,0,,Bangalore,,,,,,"{'user_id': '75311070', 'username': 'GauravPandhi'}",,,,
1309467345874632705,1309467345874632705,2020-09-25 07:18:38 CDT,2020-09-25,07:18:38,-0500,93776220,sharmila_rd,Sharmila Ravinder,,Congratulations to @PritishNandy productions!!! This is an outstanding achievement and one that deserves many applauses...I loved the series and waiting for season 3!!!,en,['pritishnandy'],[],[],1,3,10,[],[],https://twitter.com/sharmila_RD/status/1309467345874632705,,https://twitter.com/PritishNandy/status/1309134586849492994,0,,Bangalore,,,,,,"{'user_id': None, 'username': None}",,,,
1309507338546552832,1309507338546552832,2020-09-25 09:57:33 CDT,2020-09-25,09:57:33,-0500,81662868,vikramsampath,"Dr. Vikram Sampath, FRHistS",,"Stumbled upon this old @CNBCTV18Live show Young Turks by @ShereenBhan that featured my @musicarchive_ founded with the generous support of @TVMohandasPai in 2011. Seems vintage in itself ! 😊

https://t.co/aSpCy44VDj",en,"['cnbctv18live', 'shereenbhan', 'musicarchive_', 'tvmohandaspai']",['https://youtu.be/JIwr1y375gg'],[],3,9,54,[],[],https://twitter.com/vikramsampath/status/1309507338546552832,,,0,,Bangalore,,,,,,"{'user_id': None, 'username': None}",,,,
1309583079489507328,1309580911265021952,2020-09-25 14:58:31 CDT,2020-09-25,14:58:31,-0500,166470442,followdcounsel,Ashish Krupakar,,@priyankadeo Who else came to check if Katju's responded?,en,['priyankadeo'],[],[],2,1,25,[],[],https://twitter.com/followdcounsel/status/1309583079489507328,,,0,,Bangalore,,,,,,"{'user_id': '65839963', 'username': 'priyankadeo'}",,,,
1309515091205791744,1309433412768485377,2020-09-25 10:28:22 CDT,2020-09-25,10:28:22,-0500,448764973,raghu_madgula,Raghu Madgula,,@PriaINC Final results would be much better has he added the word Congress to RJD. It could have been RJD-Cong+ . The results would have crossed 75 for just adding one word.,en,['priainc'],[],[],0,0,5,[],[],https://twitter.com/raghu_madgula/status/1309515091205791744,,,0,,Bangalore,,,,,,"{'user_id': '2366047435', 'username': 'PriaINC'}",,,,
1309563750626672641,1309509070039130112,2020-09-25 13:41:43 CDT,2020-09-25,13:41:43,-0500,824954117214728192,jebaskingsly,KJ,,@LiveLawIndia @KanganaTeam @mybmc @rautsanjay61 It a valid question. This is a question that court should ask itself in the mirror. Do the courts show same level of alacrity while dealing with all pending cases?,en,"['livelawindia', 'kanganateam', 'mybmc', 'rautsanjay61']",[],[],0,1,2,[],[],https://twitter.com/JebasKingsly/status/1309563750626672641,,,0,,Bangalore,,,,,,"{'user_id': '1255161552', 'username': 'LiveLawIndia'}",,,,
1309502065287155712,1309468399819423745,2020-09-25 09:36:36 CDT,2020-09-25,09:36:36,-0500,951873001582051328,anuja01035633,"Anuja Lipsa, PhD",,"@challenlab @WUSTLmed @wustlcrm This is the best post doc call I have seen till date, so much positivity. I'm a new phd graduate in cancer genetics and interested in your post doc position",en,"['challenlab', 'wustlmed', 'wustlcrm']",[],[],0,0,6,[],[],https://twitter.com/Anuja01035633/status/1309502065287155712,,,0,,Bangalore,,,,,,"{'user_id': '906961052365197312', 'username': 'challenlab'}",,,,
1309557203347501056,1309544379032285185,2020-09-25 13:15:42 CDT,2020-09-25,13:15:42,-0500,1360899188,siddumurthy26,Siddappa Murthy 🇮🇳,,@Indian89706627 @TajinderBagga @JioCare @reliancejio It's time to port to other better operator. @JioCare  u really worst,en,"['indian89706627', 'tajinderbagga', 'jiocare', 'reliancejio', 'jiocare']",[],[],0,1,3,[],[],https://twitter.com/siddumurthy26/status/1309557203347501056,,,0,,Bangalore,,,,,,"{'user_id': '1206133331898687488', 'username': 'Indian89706627'}",,,,
1309501913474371584,1309501913474371584,2020-09-25 09:36:00 CDT,2020-09-25,09:36:00,-0500,260783336,narayanned,Narayan Ned,,"Is CBI working hard on a cover up since AIMS doctors say it's 200% murder. Arnab @republic pl look in to this and question. Dear @Swamy39 pl keep track of this sir. Only when U entered the scene, CBI enquiry was ordered. @MeenaDasNarayan",en,"['republic', 'swamy39', 'meenadasnarayan']",[],[],1,1,3,[],[],https://twitter.com/NarayanNed/status/1309501913474371584,,,0,,Bangalore,,,,,,"{'user_id': None, 'username': None}",,,,
1309595453986463745,1309408290250473472,2020-09-25 15:47:41 CDT,2020-09-25,15:47:41,-0500,986754510499524608,iamkadaladi,Pa.one 🌴🐘🌎 #JusticeforManishaValmiki,,@kodali_padma @yaifoundations @Nishita30385639 @JharkhandPolice That's the problem with our judicial system padma gaaru. works weakly for strong and strongly for weak.,en,"['kodali_padma', 'yaifoundations', 'nishita30385639', 'jharkhandpolice']",[],[],0,0,1,[],[],https://twitter.com/iamkadaladi/status/1309595453986463745,,,0,,Bangalore,,,,,,"{'user_id': '1276426228296114176', 'username': 'kodali_padma'}",,,,
1309569467836317697,1309568520406011905,2020-09-25 14:04:26 CDT,2020-09-25,14:04:26,-0500,112381766,aus_pisces,Shriyan,,@kiraataka For a while I thougt that kid was calling you ಅಪ್ಪ 🤭,en,['kiraataka'],[],[],1,0,2,[],[],https://twitter.com/aus_pisces/status/1309569467836317697,,,0,,Bangalore,,,,,,"{'user_id': '748835305390768128', 'username': 'Kiraataka'}",,,,
1309489148558864384,1309330231132479489,2020-09-25 08:45:16 CDT,2020-09-25,08:45:16,-0500,3320871565,vjsambamurthi,Vijay Sambamurthi,,@dishahdadpuri @AshLilani Thank you  :-) That would be wonderful!,en,"['dishahdadpuri', 'ashlilani']",[],[],0,1,1,[],[],https://twitter.com/VJSambamurthi/status/1309489148558864384,,,0,,Bangalore,,,,,,"{'user_id': '15612069', 'username': 'dishahdadpuri'}",,,,
1309496650579107842,1309467658815901697,2020-09-25 09:15:05 CDT,2020-09-25,09:15:05,-0500,346533068,ravindrakumar46,ravindra kumar,,@VedicKarthik @Mahesh10816 Adopt an old temple. Save the money. Use this money for ghar wapasi,en,"['vedickarthik', 'mahesh10816']",[],[],0,0,3,[],[],https://twitter.com/ravindrakumar46/status/1309496650579107842,,,0,,Bangalore,,,,,,"{'user_id': '65584383', 'username': 'VedicKarthik'}",,,,
1309543345346080768,1309514062812737536,2020-09-25 12:20:38 CDT,2020-09-25,12:20:38,-0500,4553226374,sohinibiopharma,Sohini (she/her),,"@Shipra1609 @VoicesofIndAcad Kind of:-) Based on my short stay in industry (~3yrs),I feel sometimes it is good for the highly skilled candidates (PhDs) to not get hired for such roles. One can then get a chance to apply for more deserving roles which are intellectually stimulating and probably better paid.",en,"['shipra1609', 'voicesofindacad']",[],[],0,0,2,[],[],https://twitter.com/SohiniBioPharma/status/1309543345346080768,,,0,,Bangalore,,,,,,"{'user_id': '2315000684', 'username': 'Shipra1609'}",,,,
1309537723129102339,1309380983003643904,2020-09-25 11:58:17 CDT,2020-09-25,11:58:17,-0500,4636483692,raksha19d,Raksha Agrawal,,@shraddhanjali_r @now_observe @Jeetobservenow @tikoo_taniya Congratulations @shraddhanjali_r !! Super proud 👏👏,en,"['shraddhanjali_r', 'now_observe', 'jeetobservenow', 'tikoo_taniya', 'shraddhanjali_r']",[],[],0,0,3,[],[],https://twitter.com/raksha19d/status/1309537723129102339,,,0,,Bangalore,,,,,,"{'user_id': '106720373', 'username': 'shraddhanjali_r'}",,,,
1309536971979595779,1308656413808513024,2020-09-25 11:55:18 CDT,2020-09-25,11:55:18,-0500,50554477,leofsaldanha,Leo Saldanha,,"@mopr_goi Gandhi was wrong. He spoke from a time when he was travelling by train, not finding good translators to understand diverse languages, and he don’t have Google translate!  So stop using Gandhi quips to your
convenience, Ministry folks",en,['mopr_goi'],[],[],1,0,14,[],[],https://twitter.com/leofsaldanha/status/1309536971979595779,,,0,,Bangalore,,,,,,"{'user_id': '4808052715', 'username': 'mopr_goi'}",,,,
1309573261819224064,1309559215732568064,2020-09-25 14:19:30 CDT,2020-09-25,14:19:30,-0500,395258621,theborklar,0xdosa.eth,,@BehereBaba Lost at 5 emojis mapped to 10 scores.,en,['beherebaba'],[],[],0,0,2,[],[],https://twitter.com/theborklar/status/1309573261819224064,,,0,,Bangalore,,,,,,"{'user_id': '505679508', 'username': 'BehereBaba'}",,,,
1309457403738423296,1309386792718589953,2020-09-25 06:39:08 CDT,2020-09-25,06:39:08,-0500,395258621,theborklar,0xdosa.eth,,@Neerjargon @obvious_in @jksyam @ChampacaBooks It’s the amazing little things 😍,en,"['neerjargon', 'obvious_in', 'jksyam', 'champacabooks']",[],[],0,0,2,[],[],https://twitter.com/theborklar/status/1309457403738423296,,,0,,Bangalore,,,,,,"{'user_id': '388751370', 'username': 'Neerjargon'}",,,,
1309552724816453632,1309552542448144386,2020-09-25 12:57:54 CDT,2020-09-25,12:57:54,-0500,8805142,prempanicker,Prem Panicker,,@pradeepmagazine Oh I don't fret. Merely amused.,en,['pradeepmagazine'],[],[],0,0,4,[],[],https://twitter.com/prempanicker/status/1309552724816453632,,,0,,Bangalore,,,,,,"{'user_id': '2508806662', 'username': 'pradeepmagazine'}",,,,
1309489884235591680,1309380983003643904,2020-09-25 08:48:12 CDT,2020-09-25,08:48:12,-0500,18867596,gangadharansind,Sindhu Gangadharan,,@shraddhanjali_r @now_observe @Jeetobservenow @tikoo_taniya Congratulations dear @shraddhanjali_r!! You make all of us proud @SAP 👏,en,"['shraddhanjali_r', 'now_observe', 'jeetobservenow', 'tikoo_taniya', 'shraddhanjali_r', 'sap']",[],[],0,0,9,[],[],https://twitter.com/gangadharansind/status/1309489884235591680,,,0,,Bangalore,,,,,,"{'user_id': '106720373', 'username': 'shraddhanjali_r'}",,,,
1309552545237409793,1309548687723380738,2020-09-25 12:57:11 CDT,2020-09-25,12:57:11,-0500,8805142,prempanicker,Prem Panicker,,"@SandipTarkas Yeah, starting with don't leave 50 runs for the last three overs. Those glory days are over.",en,['sandiptarkas'],[],[],1,0,2,[],[],https://twitter.com/prempanicker/status/1309552545237409793,,,0,,Bangalore,,,,,,"{'user_id': '55541465', 'username': 'SandipTarkas'}",,,,
1309554109293322241,1309548687723380738,2020-09-25 13:03:24 CDT,2020-09-25,13:03:24,-0500,8805142,prempanicker,Prem Panicker,,"@SandipTarkas Top flight sports, huge difference between 30 and 40. 🤷‍♂️ Not anyone's fault, just nature. Gotta face it.",en,['sandiptarkas'],[],[],1,0,1,[],[],https://twitter.com/prempanicker/status/1309554109293322241,,,0,,Bangalore,,,,,,"{'user_id': '55541465', 'username': 'SandipTarkas'}",,,,
1309513374787497984,1309488549465649154,2020-09-25 10:21:32 CDT,2020-09-25,10:21:32,-0500,15915099,anupsoans,Anup Soans,,@DrDeepakKrishn1 @KamathGurudutt @serioustaurean @Dharmen46587056 @sandeepvarma15 @ompsychiatrist @HaryaxPathak It's a classic 👌,en,"['drdeepakkrishn1', 'kamathgurudutt', 'serioustaurean', 'dharmen46587056', 'sandeepvarma15', 'ompsychiatrist', 'haryaxpathak']",[],[],0,0,5,[],[],https://twitter.com/anupsoans/status/1309513374787497984,,,0,,Bangalore,,,,,,"{'user_id': '1184085522248949760', 'username': 'DrDeepakKrishn1'}",,,,
