id,conversation_id,created_at,date,time,timezone,user_id,username,name,place,tweet,language,mentions,urls,photos,replies_count,retweets_count,likes_count,hashtags,cashtags,link,retweet,quote_url,video,thumbnail,near,geo,source,user_rt_id,user_rt,retweet_id,reply_to,retweet_date,translate,trans_src,trans_dest
1309883723454636032,1309883723454636032,2020-09-26 10:53:10 CDT,2020-09-26,10:53:10,-0500,1273956943820804102,appuempire,Appu Empire™,,"3.3k contribution from our side 😊❤
Can I know the Count of Tweets now?.. 
#Yuvarathnaa #FeelThePower #PowerStar #AppuEmpire #JackieDecadeTrendOnOct13th https://t.co/0hzu3fm1n0",en,[],[],['https://pbs.twimg.com/media/Ei2kTc-U0AAELnx.jpg'],1,29,17,"['yuvarathnaa', 'feelthepower', 'powerstar', 'appuempire', 'jackiedecadetrendonoct13th']",[],https://twitter.com/AppuEmpire/status/1309883723454636032,,,1,https://pbs.twimg.com/media/Ei2kTc-U0AAELnx.jpg,Bangalore,,,,,,"{'user_id': None, 'username': None}",,,,
1309799227074117635,1309799227074117635,2020-09-26 05:17:25 CDT,2020-09-26,05:17:25,-0500,74787719,manukumarjain,Manu Kumar Jain,,"#Man with a #beard. 🧔 Trying out a new look. Should I continue to grow it or shave it off? 😁

Shot on #Mi10. Love the AI semantic segmentation on our cameras 📸👌

Have a great #weekend everyone. Spend time with your loved ones. #StaySafe #StayHappy 😷

I ❤️ Mi #Xiaomi https://t.co/Q8YMlP34LI",en,[],[],['https://pbs.twimg.com/media/Ei1XdHIUMAAbb9w.jpg'],169,66,1533,"['man', 'beard', 'mi10', 'weekend', 'staysafe', 'stayhappy', 'xiaomi']",[],https://twitter.com/manukumarjain/status/1309799227074117635,,,1,https://pbs.twimg.com/media/Ei1XdHIUMAAbb9w.jpg,Bangalore,,,,,,"{'user_id': None, 'username': None}",,,,
1309915065320001536,1309915065320001536,2020-09-26 12:57:43 CDT,2020-09-26,12:57:43,-0500,744592927553249282,sowmyareddyr,Sowmya | ಸೌಮ್ಯ,,#AkaliDal quits #NDA over the insensitive and anti-farmer #FarmersBill. Downfall of @BJP4India ?,en,['bjp4india'],[],[],46,70,389,"['akalidal', 'nda', 'farmersbill']",[],https://twitter.com/Sowmyareddyr/status/1309915065320001536,,,0,,Bangalore,,,,,,"{'user_id': None, 'username': None}",,,,
1309893859334221829,1309893859334221829,2020-09-26 11:33:27 CDT,2020-09-26,11:33:27,-0500,1273956943820804102,appuempire,Appu Empire™,,"4k contribution done from our side🔥❤!!
#Yuvarathnaa #JackieDecadeTrendOnOct13th #PowerStar #PuneethRajkumar #AppuEmpire https://t.co/MmD4XsQfb5",en,[],[],['https://pbs.twimg.com/media/Ei2thcqUwAU3XVF.jpg'],0,18,13,"['yuvarathnaa', 'jackiedecadetrendonoct13th', 'powerstar', 'puneethrajkumar', 'appuempire']",[],https://twitter.com/AppuEmpire/status/1309893859334221829,,,1,https://pbs.twimg.com/media/Ei2thcqUwAU3XVF.jpg,Bangalore,,,,,,"{'user_id': None, 'username': None}",,,,
1309963337053032448,1309963337053032448,2020-09-26 16:09:32 CDT,2020-09-26,16:09:32,-0500,127826911,anikhore,ANIK HORE,,"Hello #writingcommmunity , Drop any links you would like me to check out! Also introduce yourself and let's keep building this #writers community with love and support! I follow everybody back and reply so be sure to drop a follow and comment :) 

#writerslift #writingcommmunity",en,[],[],[],23,11,35,"['writingcommmunity', 'writers', 'writerslift', 'writingcommmunity']",[],https://twitter.com/anikhore/status/1309963337053032448,,,0,,Bangalore,,,,,,"{'user_id': None, 'username': None}",,,,
1309831894226280448,1309831894226280448,2020-09-26 07:27:13 CDT,2020-09-26,07:27:13,-0500,364657176,saytrees_ind,SayTrees,,"Once in your life you need a doctor, a lawyer, a policeman, and a preacher. But everyday, three times a day, you need a farmer. 
Picture credit : mirsuhail https://t.co/XqW67dFHPR",en,[],[],['https://pbs.twimg.com/media/Ei11KFqVgAEqQFO.jpg'],2,8,37,[],[],https://twitter.com/saytrees_ind/status/1309831894226280448,,,1,https://pbs.twimg.com/media/Ei11KFqVgAEqQFO.jpg,Bangalore,,,,,,"{'user_id': None, 'username': None}",,,,
1309905087632875521,1309905087632875521,2020-09-26 12:18:04 CDT,2020-09-26,12:18:04,-0500,715428289574150145,mohd_azhar286,Mohammed Azhar,,Yeshwanthpur Railway Station redevelopment underway. The station facade shaping up nicely.. https://t.co/WJie8CCiR3,en,[],[],"['https://pbs.twimg.com/media/Ei23OpUU0AAOGf7.jpg', 'https://pbs.twimg.com/media/Ei22NOLUYAAobJi.jpg', 'https://pbs.twimg.com/media/Ei23OpaVgAA65lG.jpg', 'https://pbs.twimg.com/media/Ei23OpfUwAIvPoi.jpg']",3,6,43,[],[],https://twitter.com/Mohd_Azhar286/status/1309905087632875521,,,1,https://pbs.twimg.com/media/Ei23OpUU0AAOGf7.jpg,Bangalore,,,,,,"{'user_id': None, 'username': None}",,,,
1309851634504142848,1309851634504142848,2020-09-26 08:45:40 CDT,2020-09-26,08:45:40,-0500,47678623,kris_sg,kris gopalakrishnan,,Forgetting how to speak in front of live audience. All speeches to a screen and camera!,en,[],[],[],2,9,104,[],[],https://twitter.com/kris_sg/status/1309851634504142848,,,0,,Bangalore,,,,,,"{'user_id': None, 'username': None}",,,,
1309879098479718403,1309879098479718403,2020-09-26 10:34:48 CDT,2020-09-26,10:34:48,-0500,917156348,navkrish55,Navneeth Krishna,,"LIVE on the RCB app! ❤️🖤
Practice session. Tune in NOW 🙌🏾 https://t.co/xNImCgt0d7",en,[],[],['https://pbs.twimg.com/media/Ei2gGOvU0AAtadY.jpg'],0,2,56,[],[],https://twitter.com/navkrish55/status/1309879098479718403,,,1,https://pbs.twimg.com/media/Ei2gGOvU0AAtadY.jpg,Bangalore,,,,,,"{'user_id': None, 'username': None}",,,,
1309905477040447490,1309905477040447490,2020-09-26 12:19:37 CDT,2020-09-26,12:19:37,-0500,707268361000919040,shyamaruna,ARUNA SHYAM ⚖️,,"Congratulations @CTRavi_BJP on your new responsibility as a national leader 
#NationalGeneralSecretary @BJP4India 💐 https://t.co/60XXr6yq8u",en,"['ctravi_bjp', 'bjp4india']",[],['https://pbs.twimg.com/media/Ei24FjUVkAITuz-.jpg'],1,7,81,['nationalgeneralsecretary'],[],https://twitter.com/ShyamAruna/status/1309905477040447490,,,1,https://pbs.twimg.com/media/Ei24FjUVkAITuz-.jpg,Bangalore,,,,,,"{'user_id': None, 'username': None}",,,,
1309853001696256005,1309853001696256005,2020-09-26 08:51:06 CDT,2020-09-26,08:51:06,-0500,1097979618,sn1941sharma,S.N SHARMA,,"#ModiAtUN 
GREAT address..OF MODI SIR...in UN 
Wish all d best to 130 Cr brothers &amp; sisters &amp; appeal 2 support MODIG,but I pray 2 all
pl pray to your GODS that there is no 
war in my INDIA &amp; IN ANY OTHER COUNTRY..at least up to 31.12 .2020 :DANGEROUS RAHU YEAR...
SNS
IMG&amp;A 
APPA https://t.co/obGCnGGKAx",en,[],[],['https://pbs.twimg.com/media/Ei2IXI6UYAAe_zM.jpg'],0,2,3,['modiatun'],[],https://twitter.com/sn1941sharma/status/1309853001696256005,,,1,https://pbs.twimg.com/media/Ei2IXI6UYAAe_zM.jpg,Bangalore,,,,,,"{'user_id': None, 'username': None}",,,,
1309814786801106944,1309814786801106944,2020-09-26 06:19:15 CDT,2020-09-26,06:19:15,-0500,31759530,sshivu,s shiva kumar,,"4yrs ago this day
After a hectic 6 city , 7 concert tour the maestro is mobbed by fans in #WashingtonDC . He stayed briefly at the party for keepsakes because he knew none in his orchestra would touch liquor till he was around! 
#ilayaraja https://t.co/5x4Rd8EqXY",en,[],[],"['https://pbs.twimg.com/media/Ei1lmnyU8AItuJO.jpg', 'https://pbs.twimg.com/media/Ei1lmy9VkAA46aW.jpg']",0,5,12,"['washingtondc', 'ilayaraja']",[],https://twitter.com/sshivu/status/1309814786801106944,,,1,https://pbs.twimg.com/media/Ei1lmnyU8AItuJO.jpg,Bangalore,,,,,,"{'user_id': None, 'username': None}",,,,
1309894696597032962,1309894696597032962,2020-09-26 11:36:46 CDT,2020-09-26,11:36:46,-0500,707268361000919040,shyamaruna,ARUNA SHYAM ⚖️,,Congratulations @Tejasvi_Surya on becoming youth national leader as president of @BJYM and thank you We believe #Youvashakthi as #Rastrashakthi  #YoungIndia and expect more contribution to the nation 💐💐💐 https://t.co/p9Wh0gKuBm,en,"['tejasvi_surya', 'bjym']",[],['https://pbs.twimg.com/media/Ei2uSAfVgAEvi64.jpg'],3,15,100,"['youvashakthi', 'rastrashakthi', 'youngindia']",[],https://twitter.com/ShyamAruna/status/1309894696597032962,,https://twitter.com/Tejasvi_Surya/status/1303618041092030464,1,https://pbs.twimg.com/media/Ei2uSAfVgAEvi64.jpg,Bangalore,,,,,,"{'user_id': None, 'username': None}",,,,
1309867055194152960,1309867055194152960,2020-09-26 09:46:56 CDT,2020-09-26,09:46:56,-0500,275289779,fpl_rebound,FPL Rebound,,Some more pls https://t.co/blqcn44eux,en,[],[],['https://pbs.twimg.com/media/Ei2VJK8VoAA3I4O.jpg'],0,0,6,[],[],https://twitter.com/FPL_Rebound/status/1309867055194152960,,,1,https://pbs.twimg.com/media/Ei2VJK8VoAA3I4O.jpg,Bangalore,,,,,,"{'user_id': None, 'username': None}",,,,
1309954623323516928,1309954623323516928,2020-09-26 15:34:54 CDT,2020-09-26,15:34:54,-0500,1050296076840960000,adii_kris,Adithya Krishna,,When your app finally runs 🎉😌 #ShellhacksTweetUp20 @TwitterU @upefiu #shellhacks #meme https://t.co/9HQxBDYGx3,en,"['twitteru', 'upefiu']",[],['https://pbs.twimg.com/tweet_video_thumb/Ei3kx0mUMAAAgRy.jpg'],1,0,4,"['shellhackstweetup20', 'shellhacks', 'meme']",[],https://twitter.com/adii_kris/status/1309954623323516928,,,1,https://pbs.twimg.com/tweet_video_thumb/Ei3kx0mUMAAAgRy.jpg,Bangalore,,,,,,"{'user_id': None, 'username': None}",,,,
1309800265139154944,1309800265139154944,2020-09-26 05:21:32 CDT,2020-09-26,05:21:32,-0500,53762755,shiladitya,Shiladitya,,Throwback to this day 3 years ago to a @hipcask mixer in Bangalore with some celebrities! @ArborBrewIndia https://t.co/fgI1rLKfvm,en,"['hipcask', 'arborbrewindia']",[],['https://pbs.twimg.com/media/Ei1YZjbU0AEWz54.jpg'],5,4,47,[],[],https://twitter.com/shiladitya/status/1309800265139154944,,,1,https://pbs.twimg.com/media/Ei1YZjbU0AEWz54.jpg,Bangalore,,,,,,"{'user_id': None, 'username': None}",,,,
1309857545452830720,1309857545452830720,2020-09-26 09:09:09 CDT,2020-09-26,09:09:09,-0500,4488474253,theheebee,theheebee,,"Let's be comforting to all who test positive...

#COVID19 https://t.co/FfrHSVyQyb",en,[],[],['https://pbs.twimg.com/media/Ei2MfWWU4AEG2BQ.jpg'],0,0,2,['covid19'],[],https://twitter.com/theheebee/status/1309857545452830720,,,1,https://pbs.twimg.com/media/Ei2MfWWU4AEG2BQ.jpg,Bangalore,,,,,,"{'user_id': None, 'username': None}",,,,
1309761065182347265,1309761065182347265,2020-09-26 02:45:46 CDT,2020-09-26,02:45:46,-0500,1061911046166728706,spruhacounsel,Spruha Educational Counseling Services,,We're so proud of our student Anunya for continuing to lead the struggle to raise awareness about the climate crisis! #FridaysForFuture https://t.co/pQMvfJo2Yg,en,[],[],['https://pbs.twimg.com/media/Ei00vBOVgAArXBg.jpg'],0,1,1,['fridaysforfuture'],[],https://twitter.com/SpruhaCounsel/status/1309761065182347265,,,1,https://pbs.twimg.com/media/Ei00vBOVgAArXBg.jpg,Bangalore,,,,,,"{'user_id': None, 'username': None}",,,,
1309838263633326082,1309838263633326082,2020-09-26 07:52:32 CDT,2020-09-26,07:52:32,-0500,31759530,sshivu,s shiva kumar,,Eternally indebted to #SPBalasubrahmanyam for saving us sleepless nights. From age 2 to 5 only listening to 'Oruvan Oruvan Muudalali' could put my son to sleep. He didn't know #Rajnikanth yet so it was #SPB 's silken voice that unfailingly lulled him to sleep! Thank you sir!! https://t.co/0FGbFhTlNo,en,[],[],['https://pbs.twimg.com/media/Ei169UrVgAAhF62.jpg'],0,1,10,"['spbalasubrahmanyam', 'rajnikanth', 'spb']",[],https://twitter.com/sshivu/status/1309838263633326082,,,1,https://pbs.twimg.com/media/Ei169UrVgAAhF62.jpg,Bangalore,,,,,,"{'user_id': None, 'username': None}",,,,
1309948739205775360,1309948739205775360,2020-09-26 15:11:31 CDT,2020-09-26,15:11:31,-0500,1050296076840960000,adii_kris,Adithya Krishna,,"This guy will never come out of his shell (of sleeping😩)
#shellpwell 
#whattheshell #ShellhacksTweetUp20 @upefiu @TwitterU https://t.co/dltyBJTBkv",en,"['upefiu', 'twitteru']",[],['https://pbs.twimg.com/media/Ei3fbzlU0AA7_zZ.jpg'],1,0,5,"['shellpwell', 'whattheshell', 'shellhackstweetup20']",[],https://twitter.com/adii_kris/status/1309948739205775360,,,1,https://pbs.twimg.com/media/Ei3fbzlU0AA7_zZ.jpg,Bangalore,,,,,,"{'user_id': None, 'username': None}",,,,
1309834963278163969,1309834963278163969,2020-09-26 07:39:25 CDT,2020-09-26,07:39:25,-0500,140648899,sid_shenoy,Siempre Sid,,"“If there is a beginning, must there be an end. We burn like fires in our times only to be extinguished, to surrender to the elements’ eternal reclaim” - Special Agent Dana Scully https://t.co/zoyMmrYA0U",en,[],[],[],0,0,1,[],[],https://twitter.com/sid_shenoy/status/1309834963278163969,,,1,https://pbs.twimg.com/ext_tw_video_thumb/1309834917031804931/pu/img/xEwAdbZquf9L-gy0.jpg,Bangalore,,,,,,"{'user_id': None, 'username': None}",,,,
1309874013435355136,1309874013435355136,2020-09-26 10:14:35 CDT,2020-09-26,10:14:35,-0500,258012996,edbidangi,Vijesh,,Such a creative packaging from @IruveIn. 👍 https://t.co/NJhZyFNWe0,en,['iruvein'],[],['https://pbs.twimg.com/media/Ei2bePDUcAExVWY.jpg'],3,1,45,[],[],https://twitter.com/edbidangi/status/1309874013435355136,,,1,https://pbs.twimg.com/media/Ei2bePDUcAExVWY.jpg,Bangalore,,,,,,"{'user_id': None, 'username': None}",,,,
1309907203415924736,1309907203415924736,2020-09-26 12:26:28 CDT,2020-09-26,12:26:28,-0500,82609107,prateikdas,Prateik Das,,"Your desire to be near to window is your desire to be close to life! More windows,less darkness,more vision, more wisdom!Windows hold a different dream for each one of us! 🙏

Saturday spent to recharge the soul❤️Hope all of you are doing well &amp; staying safe!

#Weekendmusings https://t.co/CfQZpPBlcN",en,[],[],['https://pbs.twimg.com/media/Ei25qHLVgAEGhPq.jpg'],5,1,37,['weekendmusings'],[],https://twitter.com/PrateikDas/status/1309907203415924736,,,1,https://pbs.twimg.com/media/Ei25qHLVgAEGhPq.jpg,Bangalore,,,,,,"{'user_id': None, 'username': None}",,,,
1309967918835220486,1309967918835220486,2020-09-26 16:27:44 CDT,2020-09-26,16:27:44,-0500,109892153,dammitdamini,Damini,,Guess who took a power nap at around 10:30ish pm https://t.co/02ajyiKzjr,en,[],[],['https://pbs.twimg.com/tweet_video_thumb/Ei3w330UMAEMO6p.jpg'],2,0,5,[],[],https://twitter.com/DammitDamini/status/1309967918835220486,,,1,https://pbs.twimg.com/tweet_video_thumb/Ei3w330UMAEMO6p.jpg,Bangalore,,,,,,"{'user_id': None, 'username': None}",,,,
1309847859596984320,1309847859596984320,2020-09-26 08:30:40 CDT,2020-09-26,08:30:40,-0500,1003423164481728513,sahanarameshrao,Sahana Ramesh,,Need help with ID of this bird. #IndiAves Is it a bay backed Shrike? Thanks @ShaliniElassery for the heads up. @pnkjshm https://t.co/tK5mOlQr2z,en,"['shalinielassery', 'pnkjshm']",[],['https://pbs.twimg.com/media/Ei2DrkqVoAEq8W1.jpg'],6,0,29,['indiaves'],[],https://twitter.com/sahanarameshrao/status/1309847859596984320,,,1,https://pbs.twimg.com/media/Ei2DrkqVoAEq8W1.jpg,Bangalore,,,,,,"{'user_id': None, 'username': None}",,,,
1309879029504368641,1309879029504368641,2020-09-26 10:34:31 CDT,2020-09-26,10:34:31,-0500,1079064289,arpanbb,Arpan Bhatt,,"Congratulations to Shri @Tejasvi_Surya ji for appointed as a  President of #BJYM

The youth zest and leadership will help the Yuva Morcha to scale new heights of positivity, growth and success. #TejasviSurya https://t.co/CmYVuoFszU",en,['tejasvi_surya'],[],['https://pbs.twimg.com/media/Ei2gBniXcAYqL4n.jpg'],0,1,9,"['bjym', 'tejasvisurya']",[],https://twitter.com/Arpanbb/status/1309879029504368641,,,1,https://pbs.twimg.com/media/Ei2gBniXcAYqL4n.jpg,Bangalore,,,,,,"{'user_id': None, 'username': None}",,,,
1309937528330313728,1309937528330313728,2020-09-26 14:26:58 CDT,2020-09-26,14:26:58,-0500,14193348,blr_avgeek,Nimish Gupta,,"Märzen is a lager with a medium to full body and may vary in color from pale through amber to dark brown. It was the beer style traditionally served at the Munich Oktoberfest until 1953.

Enjoy an excellent Märzen at Biergarten Bangalore for the next 3 weeks! #oktoberfest https://t.co/Kc4q9Ronn0",en,[],[],"['https://pbs.twimg.com/media/Ei3VN0xUwAAbpzW.jpg', 'https://pbs.twimg.com/media/Ei3VOSIU0AALAwL.jpg', 'https://pbs.twimg.com/media/Ei3VOx0VgAAOszY.jpg', 'https://pbs.twimg.com/media/Ei3VPQ0VkAIbvEK.jpg']",0,0,3,['oktoberfest'],[],https://twitter.com/BLR_Avgeek/status/1309937528330313728,,,1,https://pbs.twimg.com/media/Ei3VN0xUwAAbpzW.jpg,Bangalore,,,,,,"{'user_id': None, 'username': None}",,,,
1309736656505774082,1309736656505774082,2020-09-26 01:08:47 CDT,2020-09-26,01:08:47,-0500,1281960362808446976,honeysuny2,Honey Suny 🇮🇳,,"Define StandWithDeepika,

💢Stand wit SSR Killers
💢Stand wit Drug Mafia 
💢Stand wit Nepotism 
💢Stand wit TukadeTukade Gang
💢Stand with Terrorism Funding 
💢Stand with ChildTrafficking
@narendramodi 
@AmitShah 

#CBIFocusOnMurder",en,"['narendramodi', 'amitshah']",[],[],3,8,7,['cbifocusonmurder'],[],https://twitter.com/HoneySuny2/status/1309736656505774082,,,0,,Bangalore,,,,,,"{'user_id': None, 'username': None}",,,,
1309824970680197121,1309824970680197121,2020-09-26 06:59:43 CDT,2020-09-26,06:59:43,-0500,1593333889,rangamt,Rangam Trivedi,,"Congratulations to #NewIndia's MP @Tejasvi_Surya ji for being appointed as National President of @BJYM.

With the great legacy &amp; under your leadership, BJYM will boost up the #NewIndia mission of PM @narendramodi ji https://t.co/Cg9tMeTTdW",en,"['tejasvi_surya', 'bjym', 'narendramodi']",[],['https://pbs.twimg.com/media/Ei1u3jwUwAADyjR.jpg'],0,0,7,"['newindia', 'newindia']",[],https://twitter.com/RangamT/status/1309824970680197121,,,1,https://pbs.twimg.com/media/Ei1u3jwUwAADyjR.jpg,Bangalore,,,,,,"{'user_id': None, 'username': None}",,,,
1309783417890811904,1309783417890811904,2020-09-26 04:14:36 CDT,2020-09-26,04:14:36,-0500,250495841,nmenonrao,Nirupama Menon Rao 🇮🇳,,"Deeply grieved by the passing of a dear friend of many years, the brilliant #IsherAhluwalia after a brave battle with cancer. Isher, I shall miss your presence so much. Your life story is an inspiration to all women who dare to dream of a better world. RIP, dear friend. @ICRIER",en,['icrier'],[],[],4,10,86,['isherahluwalia'],[],https://twitter.com/NMenonRao/status/1309783417890811904,,,0,,Bangalore,,,,,,"{'user_id': None, 'username': None}",,,,
1309882258434617346,1309882258434617346,2020-09-26 10:47:21 CDT,2020-09-26,10:47:21,-0500,1946169680,saraswathi1717,Saraswathi Jagirdar 🇮🇳,,Middle class image...dress disigned by Manish Malhotra ನಾ... https://t.co/9YfFJHnKPk,en,[],[],['https://pbs.twimg.com/media/Ei2i-JTUYAEyVPI.jpg'],0,0,4,[],[],https://twitter.com/saraswathi1717/status/1309882258434617346,,,1,https://pbs.twimg.com/media/Ei2i-JTUYAEyVPI.jpg,Bangalore,,,,,,"{'user_id': None, 'username': None}",,,,
1309760077180542976,1309760077180542976,2020-09-26 02:41:51 CDT,2020-09-26,02:41:51,-0500,14366712,rajwaghray,Raj Waghray 💙,,"Norman Lewis has left a mark as no other author has in this country. Most would have read his best seller ""Word Power Made Easy"". Today my kid got his hands on this copy which I had bought 32 years ago to prepare for my entrance exam. https://t.co/fFtoga3Dxs",en,[],[],['https://pbs.twimg.com/media/Ei0z2S2VgAQFtE3.jpg'],0,0,10,[],[],https://twitter.com/rajwaghray/status/1309760077180542976,,,1,https://pbs.twimg.com/media/Ei0z2S2VgAQFtE3.jpg,Bangalore,,,,,,"{'user_id': None, 'username': None}",,,,
1309848193316732930,1309848193316732930,2020-09-26 08:31:59 CDT,2020-09-26,08:31:59,-0500,4827075563,rameshc1956,CR🇮🇳,,Their leader need to be advised nicely.,en,[],[],[],0,2,1,[],[],https://twitter.com/RameshC1956/status/1309848193316732930,,https://twitter.com/khaitan48/status/1309684223331037184,0,,Bangalore,,,,,,"{'user_id': None, 'username': None}",,,,
1309871965558042625,1309871965558042625,2020-09-26 10:06:27 CDT,2020-09-26,10:06:27,-0500,871426878518775808,nct_india_,NCT India 🇮🇳,,"ONE day to go! 

Keep your photos ready and participate with us on #HENDERY’s birthday project tomorrow! 💚",en,[],[],[],0,4,11,['hendery'],[],https://twitter.com/NCT_India_/status/1309871965558042625,,https://twitter.com/NCT_India_/status/1308352451926323205,0,,Bangalore,,,,,,"{'user_id': None, 'username': None}",,,,
1309941146924113920,1309941146924113920,2020-09-26 14:41:21 CDT,2020-09-26,14:41:21,-0500,130856736,someshagarwal22,Somesh Agarwal,,"Since they started in 2013, @SunRisers have always been one of the better teams on tactics. As much as I would like to think that they have their reasons for not bleeding in Samad or Virat and going with the old guard, they have been unlike themselves so far. #KKRvSRH",en,['sunrisers'],[],[],0,2,5,['kkrvsrh'],[],https://twitter.com/someshagarwal22/status/1309941146924113920,,,0,,Bangalore,,,,,,"{'user_id': None, 'username': None}",,,,
1309892278194823169,1309892278194823169,2020-09-26 11:27:10 CDT,2020-09-26,11:27:10,-0500,2717007230,its_me_veeresh,Veeresh M B,,"#IPL #SRHvsKKR 
Nitish Rana strokes and body language shows the game resembles of suresh raina #SureshRaina",en,[],[],[],0,0,1,"['ipl', 'srhvskkr', 'sureshraina']",[],https://twitter.com/its_me_veeresh/status/1309892278194823169,,,0,,Bangalore,,,,,,"{'user_id': None, 'username': None}",,,,
1309887500001800193,1309887500001800193,2020-09-26 11:08:11 CDT,2020-09-26,11:08:11,-0500,1437440348,thelazysuzy,avacadolove,,"Haven’t seen my mom cry for anyone in the industry, but #SPB #RIPSPB #SPBalasubramaniam #SPBForever",en,[],[],[],0,0,8,"['spb', 'ripspb', 'spbalasubramaniam', 'spbforever']",[],https://twitter.com/thelazysuzy/status/1309887500001800193,,,0,,Bangalore,,,,,,"{'user_id': None, 'username': None}",,,,
1309818884648697866,1309818884648697866,2020-09-26 06:35:32 CDT,2020-09-26,06:35:32,-0500,16080294,mayureshnirhali,Mayuresh A Nirhali,,"#FarmBills2020 takes away the control of those middlemen who made a fortune! A change is certainly needed but is this the right change or the control is just shifting hands and farmers get nothing, Will MSP be honored in the open market? #Farmersbill2020",en,[],[],[],0,1,2,"['farmbills2020', 'farmersbill2020']",[],https://twitter.com/mayureshnirhali/status/1309818884648697866,,,0,,Bangalore,,,,,,"{'user_id': None, 'username': None}",,,,
1309980727551823875,1309980727551823875,2020-09-26 17:18:38 CDT,2020-09-26,17:18:38,-0500,77147095,originalmiks,maelstrom,,So many people unfollowed me lol like sorry I don't constantly post activist stuff and instead tweeted about the music I love booooo,en,[],[],[],1,0,17,[],[],https://twitter.com/originalmiks/status/1309980727551823875,,,0,,Bangalore,,,,,,"{'user_id': None, 'username': None}",,,,
1309913153875013634,1309913153875013634,2020-09-26 12:50:07 CDT,2020-09-26,12:50:07,-0500,873794970586562560,jusst_sway,Sway,,"My *Dharma* is righteousness..
Your *Dharma* is religion! 
We aren't the same bruh!!!",en,[],[],[],1,0,16,[],[],https://twitter.com/jusst_sway/status/1309913153875013634,,,0,,Bangalore,,,,,,"{'user_id': None, 'username': None}",,,,
1309841467423092738,1309841467423092738,2020-09-26 08:05:16 CDT,2020-09-26,08:05:16,-0500,888318003095506944,gururajmf,Gururaj,,Personal finance is all about preparing a list of 5 things to do and 10 things not to do as shared by @dhirendra_vr in today’s digital Nivesh Mahakumbh organised by ABSLAMC  @abslmf @MFBALA @SRKoti @ilalitsharma @PaytmMoney #iedd #FinancialIndependence,en,"['dhirendra_vr', 'abslmf', 'mfbala', 'srkoti', 'ilalitsharma', 'paytmmoney']",[],[],0,2,7,"['iedd', 'financialindependence']",[],https://twitter.com/Gururajmf/status/1309841467423092738,,,0,,Bangalore,,,,,,"{'user_id': None, 'username': None}",,,,
1309864738046631936,1309864738046631936,2020-09-26 09:37:44 CDT,2020-09-26,09:37:44,-0500,4697195618,pradhyumna_bhat,Pradhyumna Bhat,,"Nobody :

Absolutely nobody :

Commentators in IPL : Best car in the world is Altroz. I want to live in Altroz . Altroz this, Altroz that.

#IPL2020 #AltrozSuperStriker",en,[],[],[],0,0,8,"['ipl2020', 'altrozsuperstriker']",[],https://twitter.com/Pradhyumna_bhat/status/1309864738046631936,,,0,,Bangalore,,,,,,"{'user_id': None, 'username': None}",,,,
1309863730285432832,1309863730285432832,2020-09-26 09:33:44 CDT,2020-09-26,09:33:44,-0500,1057978826,prasadkarwa,Prasad Karwa,,"Never listen to Arijit Singh Somgs post 12:00 midnight. 

As you will be confused about for whom you are crying! 

#TipsForSingles",en,[],[],[],5,0,16,['tipsforsingles'],[],https://twitter.com/PrasadKarwa/status/1309863730285432832,,,0,,Bangalore,,,,,,"{'user_id': None, 'username': None}",,,,
1309906111118454784,1309906111118454784,2020-09-26 12:22:08 CDT,2020-09-26,12:22:08,-0500,803549613940621313,neel_misra_,Neelotpal Mishra,,"It's as if an on-boarding manual has been handed over to each one. 😁 Yahan bhi original script nahi hai 

Step 1 move high court blocking media 
Step 2 give interview to Rajdeep 
Step 3 chapao hedious T shirts 
.
.
.
#DrugsInBollywood 
#NCB",en,[],[],[],0,0,1,"['drugsinbollywood', 'ncb']",[],https://twitter.com/Neel_Misra_/status/1309906111118454784,,https://twitter.com/ANI/status/1309902785882677251,0,,Bangalore,,,,,,"{'user_id': None, 'username': None}",,,,
1309914254301179904,1309914254301179904,2020-09-26 12:54:29 CDT,2020-09-26,12:54:29,-0500,917156348,navkrish55,Navneeth Krishna,,"It's got to be Warner, Bairstow, Rashid &amp; WILLIAMSON! Bring the Kiwi in. 
The sooner the better!
#KKRvsSRH",en,[],[],[],3,1,66,['kkrvssrh'],[],https://twitter.com/navkrish55/status/1309914254301179904,,,0,,Bangalore,,,,,,"{'user_id': None, 'username': None}",,,,
1309844666242576386,1309844666242576386,2020-09-26 08:17:58 CDT,2020-09-26,08:17:58,-0500,168724900,arajesh89,Rajesh,,One more joined to my hate list.. Kumar sai nuvvinka eliminate avvamma.. Abhijeet tho undi.. backstabbing #BiggBossTelugu4,en,[],[],[],0,3,6,['biggbosstelugu4'],[],https://twitter.com/arajesh89/status/1309844666242576386,,,0,,Bangalore,,,,,,"{'user_id': None, 'username': None}",,,,
1309886228565639168,1309886228565639168,2020-09-26 11:03:08 CDT,2020-09-26,11:03:08,-0500,144239448,adityayellanki,Aditya Yellanki,,But #SRH is known for defending below par scores. 🤙 #SRHvsKKR,en,[],[],[],1,1,3,"['srh', 'srhvskkr']",[],https://twitter.com/adityayellanki/status/1309886228565639168,,,0,,Bangalore,,,,,,"{'user_id': None, 'username': None}",,,,
1309787862993235968,1309787862993235968,2020-09-26 04:32:15 CDT,2020-09-26,04:32:15,-0500,763628952,govindk2,Govind Ram K,,"Thts his money,his property,his wish,he will donate it,keep it,burn it, it’s his bloody wish. No one has the rgt to question it or comment on it. 

If you own one or can earn one, do the opposite. Will oblige gladly. Don’t demean your activism,by making such farcical statements.",en,[],[],[],0,0,2,[],[],https://twitter.com/GOVINDK2/status/1309787862993235968,,https://twitter.com/kirubamunusamy/status/1309709594160238592,0,,Bangalore,,,,,,"{'user_id': None, 'username': None}",,,,
1309847045746749443,1309847045746749443,2020-09-26 08:27:26 CDT,2020-09-26,08:27:26,-0500,732123699562700800,varsharaj_14,Varsha Raj,,Next level drama. #MUFC #BHAMUN,en,[],[],[],0,0,6,"['mufc', 'bhamun']",[],https://twitter.com/VarshaRaj_14/status/1309847045746749443,,,0,,Bangalore,,,,,,"{'user_id': None, 'username': None}",,,,
1309999374366244864,1309999374366244864,2020-09-26 18:32:44 CDT,2020-09-26,18:32:44,-0500,77147095,originalmiks,maelstrom,,neeeeeeedd to be loveddddddd,en,[],[],[],0,0,4,[],[],https://twitter.com/originalmiks/status/1309999374366244864,,,0,,Bangalore,,,,,,"{'user_id': None, 'username': None}",,,,
1309921794980102144,1309921794980102144,2020-09-26 13:24:27 CDT,2020-09-26,13:24:27,-0500,871426878518775808,nct_india_,NCT India 🇮🇳,,"This has nothing to do with us. Thank YOU for being a part of it! We are so so happy that we all together have achieved it! This is so big and exciting for us! 

Remember, it’s still going on and we can reach even bigger numbers! 

Let’s do this 💚💚💚",en,[],[],[],0,1,12,[],[],https://twitter.com/NCT_India_/status/1309921794980102144,,https://twitter.com/NCT_India_/status/1309885019289128960,0,,Bangalore,,,,,,"{'user_id': None, 'username': None}",,,,
1309844599809007617,1309844599809007617,2020-09-26 08:17:42 CDT,2020-09-26,08:17:42,-0500,324871244,drharimaram,Dr.Hari KrishnaMaram,,"Congrats to our friend and MP of Bengaluru South @Tejasvi_Surya on being appointed as the BJYM National President. I’m sure under his able leadership youth will be empowered, recognised will be an inspiration to many join politics to be a change maker @visiondigitalin @BJP4India https://t.co/HaZgTr3eYV",en,"['tejasvi_surya', 'visiondigitalin', 'bjp4india']",[],['https://pbs.twimg.com/media/Ei2At1VU4AY-xCl.jpg'],1,0,2,[],[],https://twitter.com/Drharimaram/status/1309844599809007617,,https://twitter.com/Tejasvi_Surya/status/1309729633487650817,1,https://pbs.twimg.com/media/Ei2At1VU4AY-xCl.jpg,Bangalore,,,,,,"{'user_id': None, 'username': None}",,,,
1309849192722870272,1309849192722870272,2020-09-26 08:35:58 CDT,2020-09-26,08:35:58,-0500,17732182,mohitsatyanand,mohitsatyanand,,"A bravura performance, which forces you to relook at the mythology around Ganesha.",en,[],[],[],0,1,6,[],[],https://twitter.com/mohitsatyanand/status/1309849192722870272,,https://twitter.com/TeamworkArts/status/1309837125525762048,0,,Bangalore,,,,,,"{'user_id': None, 'username': None}",,,,
1309916265855639552,1309916265855639552,2020-09-26 13:02:29 CDT,2020-09-26,13:02:29,-0500,796307967029018628,moumitaofficial,Moumita Chakraborty 🇮🇳,,"Heartiest congratulations to you Shri @Tejasvi_Surya ji for becoming the National President of @BJYM . You have inspired millions &amp; I am sure you will continue to do so.. 
All the best for your new venture! We are proud of you! May Thakur bless you. 🙏🏼😃🕊

#DuggaDugga",en,"['tejasvi_surya', 'bjym']",[],[],1,0,8,['duggadugga'],[],https://twitter.com/MoumitaOfficial/status/1309916265855639552,,,0,,Bangalore,,,,,,"{'user_id': None, 'username': None}",,,,
1309858340831334400,1309858340831334400,2020-09-26 09:12:19 CDT,2020-09-26,09:12:19,-0500,2414776794,vrundavs,vrundashankara,,"I ....will show you fear ....

in a handful of dust.!
T.S .Elliot🖤

There are so many! Hard to pick one..",en,[],[],[],0,0,4,[],[],https://twitter.com/vrundavs/status/1309858340831334400,,https://twitter.com/IntlTSEliotSoc/status/1309799524865585152,0,,Bangalore,,,,,,"{'user_id': None, 'username': None}",,,,
1309805560057851905,1309805560057851905,2020-09-26 05:42:35 CDT,2020-09-26,05:42:35,-0500,1593333889,rangamt,Rangam Trivedi,,"World take note of #NewIndia's remark under your leadership PM @narendramodi ji.

India is one of the main driving force of @UN's mission since ancient times to present &amp; future.",en,"['narendramodi', 'un']",[],[],0,0,6,['newindia'],[],https://twitter.com/RangamT/status/1309805560057851905,,https://twitter.com/narendramodi/status/1309790175120171008,0,,Bangalore,,,,,,"{'user_id': None, 'username': None}",,,,
1309997899997089792,1309997899997089792,2020-09-26 18:26:52 CDT,2020-09-26,18:26:52,-0500,1020010364,indifferent_kay,Kaushik Kay,,"I have nothing to do with their music, but they are a sign of power and positivity in the world.
And because they command the biggest fandom the world has ever had, everything they say or do has a massive impact.
Good guys BTS.",en,[],[],[],0,0,3,[],[],https://twitter.com/indifferent_kay/status/1309997899997089792,,https://twitter.com/ajplus/status/1309915642418528258,0,,Bangalore,,,,,,"{'user_id': None, 'username': None}",,,,
1309896446850641922,1309896446850641922,2020-09-26 11:43:44 CDT,2020-09-26,11:43:44,-0500,1884200802,fatemajraja,Fatema Raja,,"Talk about treating your employees as your users. @Apple does it again, they designed their very own mask 😷 

They surely know how to ADAPT ♥️

https://t.co/ISnkGy5oWk",en,['apple'],['https://youtu.be/_AXx2XSI4Kw'],[],1,0,9,[],[],https://twitter.com/fatemajraja/status/1309896446850641922,,,0,,Bangalore,,,,,,"{'user_id': None, 'username': None}",,,,
1309884771502227457,1309884771502227457,2020-09-26 10:57:20 CDT,2020-09-26,10:57:20,-0500,34906212,katranjeet,Ranjeet Kate,,Once again Namma Bengaluru leads India in innovation &amp; collaboration:First-ever joint brew-pub opened at Taj MG Road in partnership with world’s largest brewer @abinbev🍻 #7riversbrewco @VishSathappan @sjalan,en,"['abinbev', 'vishsathappan', 'sjalan']",[],[],0,2,7,['7riversbrewco'],[],https://twitter.com/katranjeet/status/1309884771502227457,,https://twitter.com/ETNOWlive/status/1309730113441812482,0,,Bangalore,,,,,,"{'user_id': None, 'username': None}",,,,
1309916341046976513,1309916341046976513,2020-09-26 13:02:47 CDT,2020-09-26,13:02:47,-0500,990363781,rexrao52,rexrao52🇮🇳,,What's he going to do ?,en,[],[],[],4,0,1,[],[],https://twitter.com/rexrao52/status/1309916341046976513,,https://twitter.com/mgnayak5/status/1309877018419326977,0,,Bangalore,,,,,,"{'user_id': None, 'username': None}",,,,
1309850908742696960,1309850908742696960,2020-09-26 08:42:47 CDT,2020-09-26,08:42:47,-0500,1245920737245847558,shankar79810,Shankar Shetty,,Congratulations to @CTRavi_BJP for becoming national general secretary of BJP,en,['ctravi_bjp'],[],[],1,0,1,[],[],https://twitter.com/Shankar79810/status/1309850908742696960,,,0,,Bangalore,,,,,,"{'user_id': None, 'username': None}",,,,
1309931574511562752,1309931574511562752,2020-09-26 14:03:19 CDT,2020-09-26,14:03:19,-0500,109892153,dammitdamini,Damini,,"i.. I really feel I have seen EVERYTHING now. 

*Alexa play bano re bano meri chali sasural ko*",en,[],[],[],1,0,3,[],[],https://twitter.com/DammitDamini/status/1309931574511562752,,https://twitter.com/panku_/status/1309930170686398466,0,,Bangalore,,,,,,"{'user_id': None, 'username': None}",,,,
1309827362561773570,1309827362561773570,2020-09-26 07:09:13 CDT,2020-09-26,07:09:13,-0500,17732182,mohitsatyanand,mohitsatyanand,,"If the Great Lord Shiva were watching Indian television's Marijuana Masochism, wonder how he'd react.
Bam Bam Bholey!",en,[],[],[],0,0,12,[],[],https://twitter.com/mohitsatyanand/status/1309827362561773570,,,0,,Bangalore,,,,,,"{'user_id': None, 'username': None}",,,,
1309849564191444992,1309849564191444992,2020-09-26 08:37:26 CDT,2020-09-26,08:37:26,-0500,1326361128,ajaathashatru,PaದುಮNamaನ Puತ್ರ,,"Congrats @CTRavi_BJP and @Tejasvi_Surya for your new responsibility in @BJP4India 

Party expects more from both of you. 

ಸ್ವಲ್ಪ ನಮ್ಮ ಕರ್ನಾಟಕದ ಮರ್ಯಾದೆ ಕಾಪಾಡಿ.",en,"['ctravi_bjp', 'tejasvi_surya', 'bjp4india']",[],[],0,0,2,[],[],https://twitter.com/ajaathashatru/status/1309849564191444992,,,0,,Bangalore,,,,,,"{'user_id': None, 'username': None}",,,,
1309897242136936448,1309897242136936448,2020-09-26 11:46:53 CDT,2020-09-26,11:46:53,-0500,758849695,ramya_fc,𝐑𝐚𝐦𝐲𝐚/ 𝐃𝐢𝐯𝐲𝐚 𝐒𝐩𝐚𝐧𝐝𝐚𝐧𝐚 𝐅𝐂,"{'type': 'Point', 'coordinates': [12.971117, 77.597645]}","Just posted a photo @ Bangalore, India https://t.co/qsEBR7X8Q1",en,[],['https://www.instagram.com/p/CFm2KHagLIC/?igshid=qslka0rm2qxy'],[],0,0,5,[],[],https://twitter.com/Ramya_FC/status/1309897242136936448,,,0,,Bangalore,,,,,,"{'user_id': None, 'username': None}",,,,
1309945996458090496,1309945996458090496,2020-09-26 15:00:37 CDT,2020-09-26,15:00:37,-0500,253250394,amit_dreams,Amit Anand,,Mr. Gavaskar didn't deserve a lecture on decency. Neither does Anushka have to answer for @imVkohli having a bad day at office. This matter has been badly confused due to a social media Twitter handle misrepresenting the original words. Let's bury the hatchet.,en,['imvkohli'],[],[],0,0,3,[],[],https://twitter.com/amit_dreams/status/1309945996458090496,,https://twitter.com/PrezzVerde/status/1309532231371599877,0,,Bangalore,,,,,,"{'user_id': None, 'username': None}",,,,
1309881766258204675,1309872825180860416,2020-09-26 10:45:24 CDT,2020-09-26,10:45:24,-0500,1970980015,swamyknarasimha,swamy,,"@dawn_com The best response to rantings is not counter but ignore
IK went preaching to choir or wailin in a well, did earn disregard parroting ""nuclear,,,"" 
Well done #ModiAtUN",en,['dawn_com'],[],[],0,0,3,['modiatun'],[],https://twitter.com/swamyknarasimha/status/1309881766258204675,,,0,,Bangalore,,,,,,"{'user_id': '249022032', 'username': 'dawn_com'}",,,,
1309917252712456193,1309803760986673157,2020-09-26 13:06:24 CDT,2020-09-26,13:06:24,-0500,17781689,maxmelbin,maxmelbin,,"@malhar_pandey @Tejasvi_Surya His uncle is milti time MLA from Bangalore.   Nepotism only , nothing else.",en,"['malhar_pandey', 'tejasvi_surya']",[],[],2,0,9,[],[],https://twitter.com/maxmelbin/status/1309917252712456193,,,0,,Bangalore,,,,,,"{'user_id': '3288657086', 'username': 'malhar_pandey'}",,,,
1309930169650442240,1309926881312026625,2020-09-26 13:57:44 CDT,2020-09-26,13:57:44,-0500,1432732200,cfcajay_frankin,Ajay Franklin,,"@SonOfChelsea @ChelseaYannick I despise any fan who scapegoats Mount. He has his flaws but his pros are well and truly worth it. I have respect for any player who plays with pride, determination, energy and passion.",en,['sonofchelsea'],[],[],0,0,9,[],[],https://twitter.com/CFCAjay_Frankin/status/1309930169650442240,,,0,,Bangalore,,,,,,"{'user_id': '391092102', 'username': 'SonOfChelsea'}",,,,
1309776882640904192,1309776472719024128,2020-09-26 03:48:37 CDT,2020-09-26,03:48:37,-0500,58200876,war_within,Sharmaji,,@TimesNow Karma coming back to hunt the one's who were Hunter's...,en,['timesnow'],[],[],1,0,5,[],[],https://twitter.com/war_within/status/1309776882640904192,,,0,,Bangalore,,,,,,"{'user_id': '240649814', 'username': 'TimesNow'}",,,,
1309887067640356864,1309876062365646848,2020-09-26 11:06:28 CDT,2020-09-26,11:06:28,-0500,575182516,prabhakartumbad,Prabhakar,,"@Sanju_Verma_ @RaghuramanMenon Heartly congratulations for very articulate voice, Best wishes 💐💐💐",en,"['sanju_verma_', 'raghuramanmenon']",[],[],0,1,1,[],[],https://twitter.com/prabhakartumbad/status/1309887067640356864,,,0,,Bangalore,,,,,,"{'user_id': '2441854915', 'username': 'Sanju_Verma_'}",,,,
1309872656473182209,1309872656473182209,2020-09-26 10:09:12 CDT,2020-09-26,10:09:12,-0500,150487044,taranrungta,Taran Rungta,,"@IncomeTaxIndia @FinMinIndia you can provide a
 script wise list of fair market value as on 31.1.2018 for the benefit of assessees to compute long term capital gain. This would avoid litigation. @CAclubindia",en,"['incometaxindia', 'finminindia', 'caclubindia']",[],[],0,0,2,[],[],https://twitter.com/taranrungta/status/1309872656473182209,,https://twitter.com/taranrungta/status/1309870269368922112,0,,Bangalore,,,,,,"{'user_id': '4131677414', 'username': 'IncomeTaxIndia'}",,,,
1309937782119260160,1309931742329929728,2020-09-26 14:27:59 CDT,2020-09-26,14:27:59,-0500,37238520,p_k_srivastava,Pramod Kumar Srivastava,,"@pythoroshan @VidyaKrishnan 2021 Will be extremely bad. 

Obesity, BP, Heart disease, psychological problems... 

Malnutrition also...

2020-24 is washed-out for India.",en,"['pythoroshan', 'vidyakrishnan']",[],[],0,0,2,[],[],https://twitter.com/P_K_Srivastava/status/1309937782119260160,,,0,,Bangalore,,,,,,"{'user_id': '30042256', 'username': 'pythoroshan'}",,,,
1309993281657266177,1309806212196839424,2020-09-26 18:08:31 CDT,2020-09-26,18:08:31,-0500,35451461,saifurmohsin,J. Mohsin,,"@dmokafa * Inability to reproduce a bug on dev device
* Making apps compatible with 100% of phones/tablets (literally impossible)
* Website to be responsive to every possible screen size
* Explaining to a client why 100% testing coverage is not humanly possible.
* Waiting for a build.",en,['dmokafa'],[],[],0,1,3,[],[],https://twitter.com/SaifurMohsin/status/1309993281657266177,,,0,,Bangalore,,,,,,"{'user_id': '753911312468611072', 'username': 'dmokafa'}",,,,
1309895499260989440,1309890927578636288,2020-09-26 11:39:58 CDT,2020-09-26,11:39:58,-0500,960932516566745088,docsancharidas,Dr Sanchari Das,,"@ShehbazBadesha U ppl bring more problms for sana evry day, earlier ur father now u have started so. You giv oppurtunity to haters to target Sana. Family hi esi ho to dushman kinkya zarurat Sana ko ? Ea faltu k attitude khud kuch baanne k baad dikhaoge to jyada achha rahega,",en,['shehbazbadesha'],[],[],0,1,1,[],[],https://twitter.com/docsancharidas/status/1309895499260989440,,,0,,Bangalore,,,,,,"{'user_id': '1247139243408809985', 'username': 'ShehbazBadesha'}",,,,
1309908960023949312,1309864012897611776,2020-09-26 12:33:27 CDT,2020-09-26,12:33:27,-0500,1038015080649175040,narendr85755837,Narendra Babu,,"@unexpected5678 @ncbn BJP+YCP+JSP = TDP's victory &amp; returning to power, Amarvathi &amp; Polavram will become a reality &amp; investors will return to AP, this is possible only if people are intelligent &amp; serious about their future,they shouldn't believe one chance, this time to bJP+JSP.",en,"['unexpected5678', 'ncbn']",[],[],0,4,14,[],[],https://twitter.com/Narendr85755837/status/1309908960023949312,,,0,,Bangalore,,,,,,"{'user_id': '3308460655', 'username': 'unexpected5678'}",,,,
1309912837364490240,1309909503094083584,2020-09-26 12:48:52 CDT,2020-09-26,12:48:52,-0500,17699010,rajeshshenoy63,Rajesh,,"@avarakai Yes old Chinese Kingdom, few iteration back",en,['avarakai'],[],[],0,0,2,[],[],https://twitter.com/rajeshshenoy63/status/1309912837364490240,,,0,,Bangalore,,,,,,"{'user_id': '35442954', 'username': 'avarakai'}",,,,
1309888410706829312,1309816164223131650,2020-09-26 11:11:48 CDT,2020-09-26,11:11:48,-0500,145587407,kpsingh1966,KP Singh,,"@CNBCTV18News @Manisha3005 @_YogendraYadav @Devinder_Sharma @OmnivoreFund @agri_technology Very well said @_YogendraYadav : will the PM Modi listen to the demands of CM Modi, 2011?",en,"['cnbctv18news', 'manisha3005', '_yogendrayadav', 'devinder_sharma', 'omnivorefund', 'agri_technology', '_yogendrayadav']",[],[],0,1,2,[],[],https://twitter.com/kpsingh1966/status/1309888410706829312,,,0,,Bangalore,,,,,,"{'user_id': '631810714', 'username': 'CNBCTV18News'}",,,,
1309933420793921537,1309696504949399552,2020-09-26 14:10:39 CDT,2020-09-26,14:10:39,-0500,63907468,munishbhatia,Munish Bhatia #???,,"@ParaRjs Sir, Malaware is build around deceit and deception!",en,['pararjs'],[],[],0,1,1,[],[],https://twitter.com/munishbhatia/status/1309933420793921537,,,0,,Bangalore,,,,,,"{'user_id': '3843572838', 'username': 'ParaRjs'}",,,,
1309867848051818496,1309866212919095296,2020-09-26 09:50:05 CDT,2020-09-26,09:50:05,-0500,14448143,kartik_kannan,Kartik Kannan,,Not bad #Criclytics :-),en,[],[],[],0,0,3,['criclytics'],[],https://twitter.com/kartik_kannan/status/1309867848051818496,,,0,,Bangalore,,,,,,"{'user_id': '14448143', 'username': 'kartik_kannan'}",,,,
1309831088597078018,1309831088597078018,2020-09-26 07:24:01 CDT,2020-09-26,07:24:01,-0500,119430720,veira_veira,Vijayaraghavan Venugopal,"{'type': 'Point', 'coordinates': [12.971117, 77.597645]}","Just posted a photo @ Bangalore, India https://t.co/6LrzWfXCjM",en,[],['https://www.instagram.com/p/CFmYE5vl8TU/?igshid=122ivkjl9jsvb'],[],0,0,3,[],[],https://twitter.com/veira_veira/status/1309831088597078018,,,0,,Bangalore,,,,,,"{'user_id': None, 'username': None}",,,,
1309826521322803201,1309825932090195969,2020-09-26 07:05:52 CDT,2020-09-26,07:05:52,-0500,4207745233,gunduhuduga,GunduHuduga| ಗುಂಡು ಹುಡುಗ|🕉,,@sreevenugopalhr Absolutely love his spirit,en,[],[],[],1,0,4,[],[],https://twitter.com/GunduHuDuGa/status/1309826521322803201,,,0,,Bangalore,,,,,,"{'user_id': '1248287729290334211', 'username': 'parikramahuman'}",,,,
1309948048710070272,1309947146213310464,2020-09-26 15:08:47 CDT,2020-09-26,15:08:47,-0500,1515486420,sikchi34,Siddharth Sikchi,,@nocontextspurs F*ck it. #FREESKRINIAR 😭,en,['nocontextspurs'],[],[],0,0,2,['freeskriniar'],[],https://twitter.com/Sikchi34/status/1309948048710070272,,,0,,Bangalore,,,,,,"{'user_id': '1025444650289647619', 'username': 'nocontextspurs'}",,,,
1309890282125623296,1309855455456288768,2020-09-26 11:19:14 CDT,2020-09-26,11:19:14,-0500,87171938,the_bongrel,Durga,,"@clayytonbiggsby @BucketheadCase I feel I wished you (was confused)

But happ 2020 burrday again guys, time means nothing",en,[],[],[],0,0,0,[],[],https://twitter.com/the_bongrel/status/1309890282125623296,,,0,,Bangalore,,,,,,"{'user_id': None, 'username': None}",,,,
1309898461752377345,1309755043294322688,2020-09-26 11:51:44 CDT,2020-09-26,11:51:44,-0500,562523471,sbsingh60,www.tablaustad.com,,@NehaT1923 @SSRkaFan @BjpPrajoth @Nainika_Sharma @Nistha3101 @SammSSR @SauravS91139716 @sush_preet @SushiGirl_puja @sushfanseg @ron__45 @naturalphoton @shwetasinghkirt Justice for Sushant Singh,en,"['nehat1923', 'ssrkafan', 'bjpprajoth', 'nainika_sharma', 'sammssr', 'sauravs91139716', 'sush_preet', 'sushigirl_puja', 'sushfanseg', 'ron__45', 'naturalphoton', 'shwetasinghkirt']",[],[],0,0,2,[],[],https://twitter.com/sbsingh60/status/1309898461752377345,,,0,,Bangalore,,,,,,"{'user_id': '1218446199075659776', 'username': 'NehaT1923'}",,,,
1309891984912334848,1309801596990099456,2020-09-26 11:26:00 CDT,2020-09-26,11:26:00,-0500,306824900,deephat60,Pradeep Hattangadi 🇮🇳,,@reviewero It is for Long-term capital gains. Day trading comes under short term / speculative. 112A doesn't apply in such case.,en,['reviewero'],[],[],0,1,3,[],[],https://twitter.com/Deephat60/status/1309891984912334848,,,0,,Bangalore,,,,,,"{'user_id': '973994524115550208', 'username': 'reviewero'}",,,,
1309905197221572608,1309878883206926342,2020-09-26 12:18:30 CDT,2020-09-26,12:18:30,-0500,927821295898595328,ex_mjay,🇮🇳MjayVetaran🇮🇳,,@UnSubtleDesi That was beautiful.  To a question ...If Nupur were to be PM 3 things she would do... 1. Bring back original Constitution(do away with Secularism) 2. Free Temples 3. Teach real History.. badly needed. Frank discussion. Thank you. Boxer got a mention😁,en,['unsubtledesi'],[],[],0,0,1,[],[],https://twitter.com/ex_mjay/status/1309905197221572608,,,0,,Bangalore,,,,,,"{'user_id': '17741799', 'username': 'UnSubtleDesi'}",,,,
1309880206375624709,1309741679486758912,2020-09-26 10:39:12 CDT,2020-09-26,10:39:12,-0500,2437107206,vindytalks,Vindhya C📸,,@SayaniBh @srijancse I agree with this. :p,en,"['sayanibh', 'srijancse']",[],[],1,0,2,[],[],https://twitter.com/vindytalks/status/1309880206375624709,,,0,,Bangalore,,,,,,"{'user_id': '713267753373675520', 'username': 'SayaniBh'}",,,,
1309859581472862209,1309830118768930816,2020-09-26 09:17:14 CDT,2020-09-26,09:17:14,-0500,151848965,amibhat,Ami Bhat,,@asoulwindow @incredibleindia @my_rajasthan @DivsiGupta @manjulika5 @soumna @antarik @anindya0909 @rangan_datta @RoadtripinIndia And this is one of a merchant.. Amazing isn't it,en,"['asoulwindow', 'incredibleindia', 'my_rajasthan', 'divsigupta', 'manjulika5', 'soumna', 'antarik', 'anindya0909', 'rangan_datta', 'roadtripinindia']",[],[],1,0,3,[],[],https://twitter.com/amibhat/status/1309859581472862209,,,0,,Bangalore,,,,,,"{'user_id': '111848844', 'username': 'asoulwindow'}",,,,
1309936938841825280,1309916341046976513,2020-09-26 14:24:38 CDT,2020-09-26,14:24:38,-0500,990363781,rexrao52,rexrao52🇮🇳,,@JMehta65 @bithika11 Oh well said  ! What a fall my countrymen  ...hope he just keeps  quiet ...and  averts further  disasters!,en,"['jmehta65', 'bithika11']",[],[],0,0,2,[],[],https://twitter.com/rexrao52/status/1309936938841825280,,,0,,Bangalore,,,,,,"{'user_id': '3018719294', 'username': 'JMehta65'}",,,,
