id,conversation_id,created_at,date,time,timezone,user_id,username,name,place,tweet,language,mentions,urls,photos,replies_count,retweets_count,likes_count,hashtags,cashtags,link,retweet,quote_url,video,thumbnail,near,geo,source,user_rt_id,user_rt,retweet_id,reply_to,retweet_date,translate,trans_src,trans_dest
1277655806377250823,1277655806377250823,2020-06-29 12:30:56 CDT,2020-06-29,12:30:56,-0500,3171723252,brijeshkalappa,Brijesh Kalappa,,"Modi Ji has delivered his ache din promise: -4% GDP. 
Singh is indeed king!! https://t.co/SXJGnnWTlE",en,[],[],['https://pbs.twimg.com/media/EbslLwNUEAASAjs.jpg'],5,52,154,[],[],https://twitter.com/brijeshkalappa/status/1277655806377250823,,,1,https://pbs.twimg.com/media/EbslLwNUEAASAjs.jpg,Bangalore,,,,,,"{'user_id': None, 'username': None}",,,,
1277679989685510149,1277679989685510149,2020-06-29 14:07:02 CDT,2020-06-29,14:07:02,-0500,359570223,ravishnaresh,ravishnaresh.eth,,Tonight is going to be possibly one of the most exciting nights in the Indian startup ecosystem. Hope Indian VCs have enough firepower ready to enable entrepreneurs to quickly fill all the big white spaces made open today.,en,[],[],[],15,57,468,[],[],https://twitter.com/ravishnaresh/status/1277679989685510149,,,0,,Bangalore,,,,,,"{'user_id': None, 'username': None}",,,,
1277670056902529024,1277670056902529024,2020-06-29 13:27:34 CDT,2020-06-29,13:27:34,-0500,905547186,mundra08,Dr. Divyesh B Mundra 🇮🇳,,"Oxford Univ. RECOVERY Trial, UK:
👉NO CLINICAL BENEFIT from use of Lopinavir+Ritonavir in 1596 hospitalised #COVID19 patients.
👉NO SIGNIFICANT Difference in primary endpoint of 28 day mortality
👉NO EVIDENCE of BENEFICIAL effects on risk of progression to mechanical ventilation https://t.co/tLz1BQOtPF",en,[],[],['https://pbs.twimg.com/media/EbsyIJBUcAAoA0q.jpg'],0,37,46,['covid19'],[],https://twitter.com/Mundra08/status/1277670056902529024,,,1,https://pbs.twimg.com/media/EbsyIJBUcAAoA0q.jpg,Bangalore,,,,,,"{'user_id': None, 'username': None}",,,,
1277642270942965761,1277642270942965761,2020-06-29 11:37:09 CDT,2020-06-29,11:37:09,-0500,46823610,minu_mm,Minu Margeret,,The news of the ban of #59Chineseapps shocks #TikTok users. Here is a famous #Indian tiktok influencer trying to migrate his 5.6MN followers to Instagram on the Tiktok live feed. Thanking each individual follower for following him on IG. #RIPtiktok https://t.co/6w3ff6ATOa,en,[],[],[],6,8,33,"['59chineseapps', 'tiktok', 'indian', 'riptiktok']",[],https://twitter.com/minu_mm/status/1277642270942965761,,,1,https://pbs.twimg.com/ext_tw_video_thumb/1277641637829566475/pu/img/ioB9i29MXrqzf5CG.jpg,Bangalore,,,,,,"{'user_id': None, 'username': None}",,,,
1277637489033801735,1277637489033801735,2020-06-29 11:18:09 CDT,2020-06-29,11:18:09,-0500,162287106,modimanju1,Manjunath KL 🇮🇳,,"From 2019's Balakot Air Surgical Strike to Digital Air Strike to Beijing in 2020, Dragon You have Messed with Wrong Person ur end has Just Started This is just a trail if any misadventures at #LAC Ghar mein Ghus ke Marenge 💪
#TikTok @blsanthosh #ChineseApp https://t.co/W2pOH7ndOb",en,['blsanthosh'],[],['https://pbs.twimg.com/media/EbsUhlaVcAAl-44.jpg'],0,7,36,"['lac', 'tiktok', 'chineseapp']",[],https://twitter.com/modimanju1/status/1277637489033801735,,,1,https://pbs.twimg.com/media/EbsUhlaVcAAl-44.jpg,Bangalore,,,,,,"{'user_id': None, 'username': None}",,,,
1277596282907840517,1277596282907840517,2020-06-29 08:34:25 CDT,2020-06-29,08:34:25,-0500,1151067529483173890,inficoreal,infic O real,,"#History of worst #epidemics and #pandemic ever faced in #world.

#inficoreal
https://t.co/UoF8hXD2eE I https://t.co/1HKgAoFhOa I https://t.co/R3LpB0nJiI I https://t.co/disgRJFvE8 | https://t.co/yTgF3V0Y4C
#plague https://t.co/iM773ovuTK",en,[],"['http://www.facebook.com/infic.real', 'http://www.instagram.com/infic.o.real', 'https://www.twitter.com/inficoreal', 'http://www.youtube.com/inficOreal', 'http://t.me/inficoreal']","['https://pbs.twimg.com/media/EbrvBtTU4AEQPxR.jpg', 'https://pbs.twimg.com/media/EbrvCNmUMAEOKkp.jpg', 'https://pbs.twimg.com/media/EbrvCt5U4AA7U22.jpg']",0,1,1,"['history', 'epidemics', 'pandemic', 'world', 'inficoreal', 'plague']",[],https://twitter.com/inficoreal/status/1277596282907840517,,,1,https://pbs.twimg.com/media/EbrvBtTU4AEQPxR.jpg,Bangalore,,,,,,"{'user_id': None, 'username': None}",,,,
1277597266014949383,1277597266014949383,2020-06-29 08:38:19 CDT,2020-06-29,08:38:19,-0500,1151067529483173890,inficoreal,infic O real,,"#Indian Navy inducted #desi #torpedo  decoy system named #Maareech 

#Inficoreal
https://t.co/UoF8hXD2eE I https://t.co/1HKgAoFhOa I https://t.co/R3LpB0nJiI I https://t.co/disgRJFvE8 | https://t.co/yTgF3V0Y4C
#IndianNavy #Defence #DefenceMatters https://t.co/c7F93sfB3T",en,[],"['http://www.facebook.com/infic.real', 'http://www.instagram.com/infic.o.real', 'https://www.twitter.com/inficoreal', 'http://www.youtube.com/inficOreal', 'http://t.me/inficoreal']","['https://pbs.twimg.com/media/Ebrv7PVUEAMpwab.jpg', 'https://pbs.twimg.com/media/Ebrv7wcUEAII8wy.jpg']",0,1,1,"['indian', 'desi', 'torpedo', 'maareech', 'inficoreal', 'indiannavy', 'defence', 'defencematters']",[],https://twitter.com/inficoreal/status/1277597266014949383,,,1,https://pbs.twimg.com/media/Ebrv7PVUEAMpwab.jpg,Bangalore,,,,,,"{'user_id': None, 'username': None}",,,,
1277680617816113152,1277680617816113152,2020-06-29 14:09:32 CDT,2020-06-29,14:09:32,-0500,1162219604,amritrichi,Amrit Kumar,,"INDIA: Number of reported coronavirus cases has surpassed 5,60,000.(with 18,339 new)

Number of recovered coronavirus cases has surpassed 3,35,000.( with 13,497 new)

#CoronaUpdatesInIndia #IndiaFightsCorona #COVID19India https://t.co/gAj0abPrN7",en,[],[],['https://pbs.twimg.com/media/Ebs7vwPUwAAGJrd.jpg'],1,1,4,"['coronaupdatesinindia', 'indiafightscorona', 'covid19india']",[],https://twitter.com/AmritRichi/status/1277680617816113152,,,1,https://pbs.twimg.com/media/Ebs7vwPUwAAGJrd.jpg,Bangalore,,,,,,"{'user_id': None, 'username': None}",,,,
1277637558780882949,1277637558780882949,2020-06-29 11:18:26 CDT,2020-06-29,11:18:26,-0500,101994739,poojasriram,Pooja Sriram Belur,,"What #MondayMorning looks like when you #WFH 😅

@CleverTap https://t.co/G7OGHsKiws",en,['clevertap'],[],['https://pbs.twimg.com/media/EbsUkV_U8BYubSo.jpg'],1,0,9,"['mondaymorning', 'wfh']",[],https://twitter.com/poojasriram/status/1277637558780882949,,,1,https://pbs.twimg.com/media/EbsUkV_U8BYubSo.jpg,Bangalore,,,,,,"{'user_id': None, 'username': None}",,,,
1277675695414509574,1277675695414509574,2020-06-29 13:49:58 CDT,2020-06-29,13:49:58,-0500,2188862107,cv148,Arun,,"Nothing ia greater than fight for humanity &amp; right cause  &amp; Thank you all brave people who support in justice for #Sushant murder belive 100% CBI will take this case &amp; culprit will caught behind this ... continue strongly it just start long way to go 

 #AmitShahDoJusticeForSSR https://t.co/LNI9Unuach",en,[],[],['https://pbs.twimg.com/media/Ebs3NWNU8AIVLn5.jpg'],2,8,9,"['sushant', 'amitshahdojusticeforssr']",[],https://twitter.com/cv148/status/1277675695414509574,,,1,https://pbs.twimg.com/media/Ebs3NWNU8AIVLn5.jpg,Bangalore,,,,,,"{'user_id': None, 'username': None}",,,,
1277628849744826368,1277628849744826368,2020-06-29 10:43:49 CDT,2020-06-29,10:43:49,-0500,122464277,sourabhsanyal,Sourabh Sanyal,,Breaking- 59 Chinese apps have been banned by GOI! feeling for #TikTok celebrities for sure! Brave call by GOI! https://t.co/WQqhEsGHbu,en,[],[],['https://pbs.twimg.com/media/EbsMqUBVcAEjeg2.jpg'],0,1,3,['tiktok'],[],https://twitter.com/sourabhsanyal/status/1277628849744826368,,,1,https://pbs.twimg.com/media/EbsMqUBVcAEjeg2.jpg,Bangalore,,,,,,"{'user_id': None, 'username': None}",,,,
1277654312672321536,1277654312672321536,2020-06-29 12:25:00 CDT,2020-06-29,12:25:00,-0500,2188862107,cv148,Arun,,"In every century brave &amp; courageous pple are thre fight for justice &amp; r8 here also justice for #Sushant we make it big movements we people is enough aage dheko never forget forgive fight fight fight manthra until culprit cught behnd SSr murder 
@PMOIndia
 #AmitShahDoJusticeForSSR https://t.co/goNHkJ3oSY",en,['pmoindia'],[],['https://pbs.twimg.com/media/Ebsj0PWVAAANOp6.jpg'],0,31,12,"['sushant', 'amitshahdojusticeforssr']",[],https://twitter.com/cv148/status/1277654312672321536,,,1,https://pbs.twimg.com/media/Ebsj0PWVAAANOp6.jpg,Bangalore,,,,,,"{'user_id': None, 'username': None}",,,,
1277629884269903872,1277629884269903872,2020-06-29 10:47:56 CDT,2020-06-29,10:47:56,-0500,3313108482,getpitstopin,Pitstop 🚗,,"Thank you, Mr.Chandramohan Krishnadas for taking the time to leave us such a beautiful review. Its customers like you that make our job wonderful. Looking forward to serving you again in the future.

#happycustomer #CustomerExperience #lockdownextension #carcare #getpitstop https://t.co/ytHE6yK8hE",en,[],[],['https://pbs.twimg.com/media/EbsNlvhWkAEFXOF.jpg'],0,1,9,"['happycustomer', 'customerexperience', 'lockdownextension', 'carcare', 'getpitstop']",[],https://twitter.com/getpitstopin/status/1277629884269903872,,,1,https://pbs.twimg.com/media/EbsNlvhWkAEFXOF.jpg,Bangalore,,,,,,"{'user_id': None, 'username': None}",,,,
1277742416443801601,1277742416443801601,2020-06-29 18:15:06 CDT,2020-06-29,18:15:06,-0500,938860129755136000,buddha2019,Ashok (2047--Acchedin 🤔),,"Two questions :

1)what congress has done in 70 years? 

2)what message does the bjp government convey to all of us? 

One Answer :
 congress should rule india for 700 years.",en,[],[],[],0,2,12,[],[],https://twitter.com/buddha2019/status/1277742416443801601,,,0,,Bangalore,,,,,,"{'user_id': None, 'username': None}",,,,
1277638692337668096,1277638692337668096,2020-06-29 11:22:56 CDT,2020-06-29,11:22:56,-0500,86497645,arundev1,Arun Dev,,"1,105 new COVID-19 cases reported in Karnataka on 29 June. 738 cases in Bengaluru.",en,[],[],[],1,3,19,[],[],https://twitter.com/ArunDev1/status/1277638692337668096,,,0,,Bangalore,,,,,,"{'user_id': None, 'username': None}",,,,
1277705270970343425,1277705270970343425,2020-06-29 15:47:29 CDT,2020-06-29,15:47:29,-0500,725209824,anilkumarkhatu1,Anil Khatua,,"#tiktokbanindia 
#TikTok 
Finally tiktok banned....Our youths were getting completely addicted and wasting their 
Time, many people Lost their life in that craze.. Great initiative, hope govt will not allow it again... https://t.co/PGCBRGOd24",en,[],[],['https://pbs.twimg.com/media/EbtSLABU4AErCaB.jpg'],1,0,1,"['tiktokbanindia', 'tiktok']",[],https://twitter.com/Anilkumarkhatu1/status/1277705270970343425,,,1,https://pbs.twimg.com/media/EbtSLABU4AErCaB.jpg,Bangalore,,,,,,"{'user_id': None, 'username': None}",,,,
1277666257890729984,1277666257890729984,2020-06-29 13:12:28 CDT,2020-06-29,13:12:28,-0500,75864631,muthurangnathan,Muthu Ranganathan #CloudWorld #OCW,,Dedicated to all #Hyperion folks out there. #Kscope19 #KscopeThrowback,en,[],[],[],0,2,6,"['hyperion', 'kscope19', 'kscopethrowback']",[],https://twitter.com/muthurangnathan/status/1277666257890729984,,https://twitter.com/HyperionEPMInfo/status/1142980756735582209,0,,Bangalore,,,,,,"{'user_id': None, 'username': None}",,,,
1277669325327876097,1277669325327876097,2020-06-29 13:24:39 CDT,2020-06-29,13:24:39,-0500,192861310,being__humann,ஆதித்தன்,,@NivinOfficial 😍...  you are a performer man 🔥🔥..  #Moothon ♥️ https://t.co/mlcVvks1t3,en,['nivinofficial'],[],['https://pbs.twimg.com/media/EbsxeUbUwAADJHC.jpg'],2,1,8,['moothon'],[],https://twitter.com/being__humann/status/1277669325327876097,,,1,https://pbs.twimg.com/media/EbsxeUbUwAADJHC.jpg,Bangalore,,,,,,"{'user_id': '897852133', 'username': 'NivinOfficial'}",,,,
1277621206011637760,1277621206011637760,2020-06-29 10:13:27 CDT,2020-06-29,10:13:27,-0500,15335541,nocturnalranter,Suraj Sunny Sumanth,,"Mmmmm chicken liver fry and curd rice.
Somewhere, there’s a Brahmin squirming.",en,[],[],[],1,1,14,[],[],https://twitter.com/NocturnalRanter/status/1277621206011637760,,,0,,Bangalore,,,,,,"{'user_id': None, 'username': None}",,,,
1277618526098845697,1277618526098845697,2020-06-29 10:02:48 CDT,2020-06-29,10:02:48,-0500,33111520,sheshagiri_pk,Shesh Rao Paplikar,,"Very very happening week @ @BlumeVentures 
Feels like we are done with #Covid 😃
Portfolio #news",en,['blumeventures'],[],[],0,4,7,"['covid', 'news']",[],https://twitter.com/sheshagiri_pk/status/1277618526098845697,,https://twitter.com/BlumeVentures/status/1277234486762106884,0,,Bangalore,,,,,,"{'user_id': None, 'username': None}",,,,
1277664853381922816,1277664853381922816,2020-06-29 13:06:53 CDT,2020-06-29,13:06:53,-0500,2188862107,cv148,Arun,,"Belive laws &amp; order
For the pple &amp; if not we the people will have to challenge the law &amp; order which is not useful for people 
Wrong must rewritten for the people 
All law must useful for people whichProvide justice protection for ppl
Want CBI
@PMOIndia 
#AmitShahDoJusticeForSSR https://t.co/dqhga9wNYA",en,['pmoindia'],[],['https://pbs.twimg.com/media/EbstaCJVAAAP69Q.jpg'],0,9,6,['amitshahdojusticeforssr'],[],https://twitter.com/cv148/status/1277664853381922816,,,1,https://pbs.twimg.com/media/EbstaCJVAAAP69Q.jpg,Bangalore,,,,,,"{'user_id': None, 'username': None}",,,,
1277673495661404160,1277673495661404160,2020-06-29 13:41:14 CDT,2020-06-29,13:41:14,-0500,273514294,mayank_tweeted,Mayank,,"This will definitely make you smile. 😊

https://t.co/9xT0mVelAF",en,[],['https://youtu.be/90jK8zAUJMI'],[],0,0,1,[],[],https://twitter.com/mayank_tweeted/status/1277673495661404160,,,0,,Bangalore,,,,,,"{'user_id': None, 'username': None}",,,,
1277616533242474496,1277616533242474496,2020-06-29 09:54:53 CDT,2020-06-29,09:54:53,-0500,135128393,cjtopsy,CJ Memorial Trust,,We shd hv the  #Bengaluru  #DistrictSPCA meeting soon. @BBMP_MAYOR we would greatly appreciate your #support so that #citizen initiative #ACT can work closer with the #DC #BlrUrban who is Blr #SPCA #CEO. Tks much 🙏🏼 🙏🏼https://t.co/VWRwJGHDMJ #KAWB @Captain_Mani72 @gauri_maulekhi https://t.co/0k5Vm9nMVb,en,"['captain_mani72', 'gauri_maulekhi']",['http://www.cjmemorialtrust.org/post/whither-district-spcas-how-then-can-we-prevent-animal-cruelty'],['https://pbs.twimg.com/media/EbsBc5HVAAAkVXB.jpg'],1,0,2,"['bengaluru', 'districtspca', 'support', 'citizen', 'act', 'dc', 'blrurban', 'spca', 'ceo', 'kawb']",[],https://twitter.com/CJTopsy/status/1277616533242474496,,,1,https://pbs.twimg.com/media/EbsBc5HVAAAkVXB.jpg,Bangalore,,,,,,"{'user_id': None, 'username': None}",,,,
1277625023591661568,1277625023591661568,2020-06-29 10:28:37 CDT,2020-06-29,10:28:37,-0500,1084506460938063872,victryvenkatesh,RajavanthiVenkatesh,,"Today we have participated in live #zoom meeting along with our ward president @RangaBanaswadi ,Block presidnts Sri Raghu Devraj, Sri Pulikeshi ,all ward presidents, with abserver Manjunath Sir,as part of rehearsal of @DKShivakumar sir taking charge as @KPCCPresident on 2nd July. https://t.co/yNEtJrdhfF",en,"['rangabanaswadi', 'dkshivakumar', 'kpccpresident']",[],"['https://pbs.twimg.com/media/EbsJG3kUEAAY6V2.jpg', 'https://pbs.twimg.com/media/EbsJIzjU8AQRED1.jpg', 'https://pbs.twimg.com/media/EbsJKWCU4AASa2a.jpg', 'https://pbs.twimg.com/media/EbsJLdEUYAAbLmx.jpg']",0,1,3,['zoom'],[],https://twitter.com/VictryVenkatesh/status/1277625023591661568,,,1,https://pbs.twimg.com/media/EbsJG3kUEAAY6V2.jpg,Bangalore,,,,,,"{'user_id': None, 'username': None}",,,,
1277660388067172357,1277660388067172357,2020-06-29 12:49:08 CDT,2020-06-29,12:49:08,-0500,304353208,gowrav_pk,KalyanFanatic,,Telangana Dy. Speaker Padma Rao Goud and his family members tested positive for #Covid19,en,[],[],[],1,2,5,['covid19'],[],https://twitter.com/gowrav_pk/status/1277660388067172357,,,0,,Bangalore,,,,,,"{'user_id': None, 'username': None}",,,,
1277636784172658688,1277636784172658688,2020-06-29 11:15:21 CDT,2020-06-29,11:15:21,-0500,1053853087352406017,remyasr1,Remya S R,,Congratulations allies @santarshi007 @sandeeptds &amp; Annu!! Proud of you as scholars always!! ☺️,en,"['santarshi007', 'sandeeptds']",[],[],0,1,20,[],[],https://twitter.com/RemyaSR1/status/1277636784172658688,,https://twitter.com/saplabsindia/status/1276508014892199936,0,,Bangalore,,,,,,"{'user_id': None, 'username': None}",,,,
1277620854843531269,1277620854843531269,2020-06-29 10:12:03 CDT,2020-06-29,10:12:03,-0500,17718321,pankazkapoor,Pankaj Kapoor,,First iPhone was released 13 years ago today,en,[],[],[],0,3,3,[],[],https://twitter.com/pankazkapoor/status/1277620854843531269,,,0,,Bangalore,,,,,,"{'user_id': None, 'username': None}",,,,
1277632684630487040,1277632684630487040,2020-06-29 10:59:03 CDT,2020-06-29,10:59:03,-0500,3712233254,barthakuramrita,Amrita Barthakur 💃,,Here's our favourite 'sauce'erer @VirajBahl 😊😊,en,['virajbahl'],[],[],1,1,5,[],[],https://twitter.com/BarthakurAmrita/status/1277632684630487040,,https://twitter.com/SaamaCapital/status/1277631404969308162,0,,Bangalore,,,,,,"{'user_id': None, 'username': None}",,,,
1277691032889511936,1277691032889511936,2020-06-29 14:50:55 CDT,2020-06-29,14:50:55,-0500,250495841,nmenonrao,Nirupama Menon Rao 🇮🇳,,Is he intoning a Shakespearean soliloquy? Just saying.,en,[],[],[],0,3,24,[],[],https://twitter.com/NMenonRao/status/1277691032889511936,,https://twitter.com/narayani_basu/status/1277659081495347200,0,,Bangalore,,,,,,"{'user_id': None, 'username': None}",,,,
1277647645100527616,1277647645100527616,2020-06-29 11:58:30 CDT,2020-06-29,11:58:30,-0500,92550608,yemmay,Anand M S,,Oh god. The speech is going to be useless and the rehearsed outrage after is going to be worse. The same people saying the same things again and again.,en,[],[],[],3,1,3,[],[],https://twitter.com/yemmay/status/1277647645100527616,,https://twitter.com/PMOIndia/status/1277645338963087360,0,,Bangalore,,,,,,"{'user_id': None, 'username': None}",,,,
1277611370104512512,1277611370104512512,2020-06-29 09:34:22 CDT,2020-06-29,09:34:22,-0500,410207788,closedandpaid,‘aint closed til it’s paid brav’,,"Hitting 8 ROAS on my latest ANTI ADS for my pre workout!

What are anti ads you say?

In both my creative and my copy, I deter the reader.

I'm honest with them.

In some cases I tell them to keep scrolling and to not waste their time.

Why am I doing this?

Bcos NO ONE ELSE IS! https://t.co/ssTfJ6jmUS",en,[],[],['https://pbs.twimg.com/media/Ebr8w58VAAA7o3a.jpg'],1,0,0,[],[],https://twitter.com/closedandpaid/status/1277611370104512512,,,1,https://pbs.twimg.com/media/Ebr8w58VAAA7o3a.jpg,Bangalore,,,,,,"{'user_id': None, 'username': None}",,,,
1277568015765319681,1277568015765319681,2020-06-29 06:42:05 CDT,2020-06-29,06:42:05,-0500,816586679750270977,iamdebashis_,DEBASHIS MOHAPATRA(ଦେବାଶିଷ ମହାପାତ୍ର) 🇮🇳,,"Say namaste video conferencing app will emerge as no one 1 app in India,just wait n watch @SayNamasteVideo",en,['saynamastevideo'],[],[],1,1,3,[],[],https://twitter.com/iamdebashis_/status/1277568015765319681,,,0,,Bangalore,,,,,,"{'user_id': None, 'username': None}",,,,
1277692247522177024,1277692247522177024,2020-06-29 14:55:44 CDT,2020-06-29,14:55:44,-0500,76018380,harshilmathur,Harshil Mathur,,This is the demonetisation equivalent for Social Media startups!,en,[],[],[],3,4,72,[],[],https://twitter.com/harshilmathur/status/1277692247522177024,,,0,,Bangalore,,,,,,"{'user_id': None, 'username': None}",,,,
1277645715343204354,1277645715343204354,2020-06-29 11:50:50 CDT,2020-06-29,11:50:50,-0500,59643623,ronak_manutd,Ron,,Yeah 🇮🇳🇮🇳,en,[],[],[],0,0,1,[],[],https://twitter.com/ronak_manutd/status/1277645715343204354,,https://twitter.com/NorbertElekes/status/1277640949380849665,0,,Bangalore,,,,,,"{'user_id': None, 'username': None}",,,,
1277705455779762177,1277705455779762177,2020-06-29 15:48:13 CDT,2020-06-29,15:48:13,-0500,38134365,nand_bo,Nandita Bose,,I may irrevocably be in love!,en,[],[],[],0,0,8,[],[],https://twitter.com/nand_bo/status/1277705455779762177,,https://twitter.com/Rachael_Conrad/status/1277590520873857025,0,,Bangalore,,,,,,"{'user_id': None, 'username': None}",,,,
1277655286388412416,1277655286388412416,2020-06-29 12:28:52 CDT,2020-06-29,12:28:52,-0500,795724453,bhaskarg77g,Bhaskar G 🇮🇳,,Also will the govt stop the purchase of S400 considering it has Chinese electronics??,en,[],[],[],1,2,3,[],[],https://twitter.com/Bhaskarg77G/status/1277655286388412416,,,0,,Bangalore,,,,,,"{'user_id': None, 'username': None}",,,,
1277626986404343813,1277626986404343813,2020-06-29 10:36:25 CDT,2020-06-29,10:36:25,-0500,2881011092,muraligb_9,muraligb,,After demanding @narendramodi to ban Chines Apps !!!?? Today we have got the Bold Answer from Modiji!!!??  We all stand with you sir.#ChineseAppsBlocked,en,['narendramodi'],[],[],0,1,4,['chineseappsblocked'],[],https://twitter.com/muraligb_9/status/1277626986404343813,,,0,,Bangalore,,,,,,"{'user_id': None, 'username': None}",,,,
1277689427184152577,1277689427184152577,2020-06-29 14:44:32 CDT,2020-06-29,14:44:32,-0500,796372758850453505,masalaboxtravel,Chitra M,,"Interesting.. Mumbai is in competition with our silk board!! N no lockdown 🤔

#lockdownextension",en,[],[],[],2,0,4,['lockdownextension'],[],https://twitter.com/masalaboxtravel/status/1277689427184152577,,https://twitter.com/AwaraRish/status/1277528990845038592,0,,Bangalore,,,,,,"{'user_id': None, 'username': None}",,,,
1277671640483065856,1277671640483065856,2020-06-29 13:33:51 CDT,2020-06-29,13:33:51,-0500,828923574,arseneslongcoat,adithya,,"I'll be starting a new company soon so if anyone wants to work with me, hmu 😄😄",en,[],[],[],3,0,5,[],[],https://twitter.com/arseneslongcoat/status/1277671640483065856,,,0,,Bangalore,,,,,,"{'user_id': None, 'username': None}",,,,
1277606533434503170,1277606533434503170,2020-06-29 09:15:09 CDT,2020-06-29,09:15:09,-0500,4427735900,iamdu409,Devendra Upadhyay,,Best tweet you are going to see today 👇😂,en,[],[],[],0,1,7,[],[],https://twitter.com/iamdu409/status/1277606533434503170,,https://twitter.com/sadizid/status/1276623610950672384,0,,Bangalore,,,,,,"{'user_id': None, 'username': None}",,,,
1277625635138007041,1277625635138007041,2020-06-29 10:31:03 CDT,2020-06-29,10:31:03,-0500,90338734,balaakumar,Bala A Kumar,,Crazy,en,[],[],[],0,1,1,[],[],https://twitter.com/balaakumar/status/1277625635138007041,,https://twitter.com/republic/status/1277555256692477956,0,,Bangalore,,,,,,"{'user_id': None, 'username': None}",,,,
1277651583212425217,1277651583212425217,2020-06-29 12:14:09 CDT,2020-06-29,12:14:09,-0500,230622856,dinneratjoes,Jobias Fünke,,Clients changing the brief mid presentation.,en,[],[],[],1,0,3,[],[],https://twitter.com/dinneratjoes/status/1277651583212425217,,https://twitter.com/Dorkstar/status/1277630444175937536,0,,Bangalore,,,,,,"{'user_id': None, 'username': None}",,,,
1277678618974367744,1277678618974367744,2020-06-29 14:01:35 CDT,2020-06-29,14:01:35,-0500,124208599,narendon,Naren Marol | ನರೇನ್ ಮರೋಳ,,"#KrishnaAndHisLeela is Average not worth the hype.. Absolutely nothing to do with Hindu sentiments.. Along with Radha, Krishna had Satya and Rukshar as well. Btw Directed and acted by Hindus btw 😂 @NetflixIndia",en,['netflixindia'],[],[],0,1,1,['krishnaandhisleela'],[],https://twitter.com/NarenDon/status/1277678618974367744,,,0,,Bangalore,,,,,,"{'user_id': None, 'username': None}",,,,
1277662949167919105,1277662949167919105,2020-06-29 12:59:19 CDT,2020-06-29,12:59:19,-0500,3320871565,vjsambamurthi,Vijay Sambamurthi,,Couldn't agree more that it's a very fascinating (and delicious!) story! We at @LexygenIndia are proud to have advised @AshLilani @dishahdadpuri and @Oarsmen on their investments into @veeba_in ! Congratulations @VirajBahl on the story this far :-) @BarthakurAmrita,en,"['lexygenindia', 'ashlilani', 'dishahdadpuri', 'oarsmen', 'veeba_in', 'virajbahl', 'barthakuramrita']",[],[],0,2,4,[],[],https://twitter.com/VJSambamurthi/status/1277662949167919105,,https://twitter.com/AshLilani/status/1277650677984948229,0,,Bangalore,,,,,,"{'user_id': None, 'username': None}",,,,
1277660203777839106,1277660203777839106,2020-06-29 12:48:25 CDT,2020-06-29,12:48:25,-0500,40322057,mcabbas,SYED ASAD ABBAS,,"Cumulative IQ of all Bhakts is EQUAL TO GOBAR.
According to them, Combat China is to uninstall TikTok. Hahaha🤣😂",en,[],[],[],5,1,17,[],[],https://twitter.com/MCABBAS/status/1277660203777839106,,https://twitter.com/republic/status/1277635413314682885,0,,Bangalore,,,,,,"{'user_id': None, 'username': None}",,,,
1277646331947827201,1277646331947827201,2020-06-29 11:53:17 CDT,2020-06-29,11:53:17,-0500,796372758850453505,masalaboxtravel,Chitra M,,"And just like that many influencers got laid off..

#tiktokbaninindia",en,[],[],[],1,0,3,['tiktokbaninindia'],[],https://twitter.com/masalaboxtravel/status/1277646331947827201,,,0,,Bangalore,,,,,,"{'user_id': None, 'username': None}",,,,
1277735643771056128,1277735643771056128,2020-06-29 17:48:11 CDT,2020-06-29,17:48:11,-0500,938860129755136000,buddha2019,Ashok (2047--Acchedin 🤔),,"# TikTok is banned in India. 
No problem, there are many videos of modiji in YouTube.",en,[],[],[],0,0,6,[],[],https://twitter.com/buddha2019/status/1277735643771056128,,,0,,Bangalore,,,,,,"{'user_id': None, 'username': None}",,,,
1277703387782328320,1277703387782328320,2020-06-29 15:40:00 CDT,2020-06-29,15:40:00,-0500,38134365,nand_bo,Nandita Bose,,"By now we all know that gender is not biology. Gender is as much of the mind and emotions. And is an individual choice. How tough is it to not decide someone else’s gender for them? Live your own life, na.",en,[],[],[],0,1,12,[],[],https://twitter.com/nand_bo/status/1277703387782328320,,,0,,Bangalore,,,,,,"{'user_id': None, 'username': None}",,,,
1277649505500958723,1277649505500958723,2020-06-29 12:05:54 CDT,2020-06-29,12:05:54,-0500,230622856,dinneratjoes,Jobias Fünke,,The arrival of the four horsemen of the apocalypse would be less terrifying than these announcements,en,[],[],[],1,0,3,[],[],https://twitter.com/dinneratjoes/status/1277649505500958723,,https://twitter.com/ndtv/status/1277646368505503749,0,,Bangalore,,,,,,"{'user_id': None, 'username': None}",,,,
1277637842127257600,1277637842127257600,2020-06-29 11:19:33 CDT,2020-06-29,11:19:33,-0500,990363781,rexrao52,rexrao52🇮🇳,,Suneet Chopra  says banning  Chinese  apps is muzzling  the people  of India  ...,en,[],[],[],3,0,2,[],[],https://twitter.com/rexrao52/status/1277637842127257600,,,0,,Bangalore,,,,,,"{'user_id': None, 'username': None}",,,,
1277680421468135425,1277680421468135425,2020-06-29 14:08:45 CDT,2020-06-29,14:08:45,-0500,593030012,mansoorkhaninc,Mansoor Khan,,Thalis and Diya over .Now time for banning Apps.I wonder when the time will come to reclaim the lost land?@KavithaReddy16 @TTFMaya @srivatsayb @TabbuRao @rahulkanwal @noorainee @DKShivakumar @siddaramaiah @INCKarnataka @INCIndia @PChidambaram_IN #banchineseapp #ChineseAppBlocked,en,"['kavithareddy16', 'ttfmaya', 'srivatsayb', 'tabburao', 'rahulkanwal', 'noorainee', 'dkshivakumar', 'siddaramaiah', 'inckarnataka', 'incindia', 'pchidambaram_in']",[],[],0,1,9,"['banchineseapp', 'chineseappblocked']",[],https://twitter.com/MansoorKhanINC/status/1277680421468135425,,,0,,Bangalore,,,,,,"{'user_id': None, 'username': None}",,,,
1277630768370483201,1277630768370483201,2020-06-29 10:51:27 CDT,2020-06-29,10:51:27,-0500,291504733,abprasad167,Aravind Prasad,,"You know what is amazing? Publishing a list of 59 apps that are to be banned. But ,not publishing them in alphabetical order and maybe in terms of most downloads.  #WaitingForTheClarification",en,[],[],[],0,0,3,['waitingfortheclarification'],[],https://twitter.com/abprasad167/status/1277630768370483201,,,0,,Bangalore,,,,,,"{'user_id': None, 'username': None}",,,,
1277673303168053249,1277673303168053249,2020-06-29 13:40:28 CDT,2020-06-29,13:40:28,-0500,14193348,blr_avgeek,Nimish Gupta,,Hopefully @tiktok_in will pressurize the policy makers in China instead of doling out ₹300mn to #PMCARES,en,['tiktok_in'],[],[],0,0,1,['pmcares'],[],https://twitter.com/BLR_Avgeek/status/1277673303168053249,,https://twitter.com/saliltripathi/status/1277630651009847297,0,,Bangalore,,,,,,"{'user_id': None, 'username': None}",,,,
1277660943317528577,1277660943317528577,2020-06-29 12:51:21 CDT,2020-06-29,12:51:21,-0500,2855625499,iamakhilkhatri,Akhil Khatri,,"I was planning to create serious content on #tiktok since last 7 months, but YouTube and my usual commercial shoots kept be busy. I am somewhere glad I didn't invest my time on it 🤓

Everything happens for good ✌️",en,[],[],[],0,1,11,['tiktok'],[],https://twitter.com/iamakhilkhatri/status/1277660943317528577,,,0,,Bangalore,,,,,,"{'user_id': None, 'username': None}",,,,
1277679157095235584,1277679157095235584,2020-06-29 14:03:43 CDT,2020-06-29,14:03:43,-0500,2288490336,hashankaranaray,H.A.Shankaranarayana,,"Don't have any illusions!
 
Ideally Modi should hav returned Chinese ""donations"" to #PMCARES on a priority basis!

Could you name at least one Modi's policy which has, either adversely affected him or his cronies?

Tragedy of India:
Chinese have read Modi &amp; his Bhakthas well!",en,[],[],[],0,1,1,['pmcares'],[],https://twitter.com/HAShankaranaray/status/1277679157095235584,,,0,,Bangalore,,,,,,"{'user_id': None, 'username': None}",,,,
1277633210072137728,1277633210072137728,2020-06-29 11:01:09 CDT,2020-06-29,11:01:09,-0500,516456634,kukki1411,Karan Kukreja,,"Early signs of @BBMPCOMM starting to show signs of giving up in the #COVID19India Battle: 
1) CoronaWatch not updated
2) BBMP report not matching Karnataka health bulletin
3) No sealing of building or area as soon as a person is tested +ve
4) Asymptomatic patients not tested.",en,['bbmpcomm'],[],[],0,0,3,['covid19india'],[],https://twitter.com/kukki1411/status/1277633210072137728,,,0,,Bangalore,,,,,,"{'user_id': None, 'username': None}",,,,
1277653081237254145,1277653081237254145,2020-06-29 12:20:06 CDT,2020-06-29,12:20:06,-0500,876003545551486976,orangewayfarer,orangewayfarer 👣👣,,I acknowledge Tiktok has plenty of problematic content but what's with this pleasure-digs at your own people? I thought Corona had taught us to be more compassionate?  #BanTikTokInIndia,en,[],[],[],1,0,2,['bantiktokinindia'],[],https://twitter.com/orangewayfarer/status/1277653081237254145,,,0,,Bangalore,,,,,,"{'user_id': None, 'username': None}",,,,
1277652951117545473,1277652951117545473,2020-06-29 12:19:35 CDT,2020-06-29,12:19:35,-0500,987554891404111872,joelpalpath,Joel P Joseph,,CamScanner. The one app I cared about among the 59.,en,[],[],[],2,0,4,[],[],https://twitter.com/joelpalpath/status/1277652951117545473,,,0,,Bangalore,,,,,,"{'user_id': None, 'username': None}",,,,
1277614805491179521,1277614805491179521,2020-06-29 09:48:01 CDT,2020-06-29,09:48:01,-0500,102931747,dhamijasid,Siddharth Dhamija,,That’s a journey to be proud of for everyone at team @Razorpay . Difficult to think of any other Indian #fintech who have achieved such heights in a span of 5 years. Congrats @harshilmathur @shashank_kr and everyone in the team,en,"['razorpay', 'harshilmathur', 'shashank_kr']",[],[],0,0,6,['fintech'],[],https://twitter.com/DhamijaSid/status/1277614805491179521,,https://twitter.com/Razorpay/status/1277603828712583168,0,,Bangalore,,,,,,"{'user_id': None, 'username': None}",,,,
1277631285800734722,1277631285800734722,2020-06-29 10:53:30 CDT,2020-06-29,10:53:30,-0500,2295392665,lakshmiprashan7,Lakshmi Prashanth,,Camscanner.. so teachers won't be able to easily upload textbooks.. dunno who's the winner.. what to make of these tube-lights sitting in Govt🤦‍♀️,en,[],[],[],2,0,6,[],[],https://twitter.com/lakshmiprashan7/status/1277631285800734722,,https://twitter.com/saahilmenghani/status/1277624257850363907,0,,Bangalore,,,,,,"{'user_id': None, 'username': None}",,,,
1277597141171650560,1277597141171650560,2020-06-29 08:37:49 CDT,2020-06-29,08:37:49,-0500,101752528,jinqiz,Jinqi जिंची,"{'type': 'Point', 'coordinates': [12.971117, 77.597645]}","Today’s lunch was Andhra meals with Fish fry delivered from Bheema’s. No sweets. 😎 @ Bangalore, India https://t.co/CGcU6wCHYK",en,[],['https://www.instagram.com/p/CCBVxq7lKPV/?igshid=60nb9r9r30uf'],[],0,0,1,[],[],https://twitter.com/jinqiz/status/1277597141171650560,,,0,,Bangalore,,,,,,"{'user_id': None, 'username': None}",,,,
1277572252314341384,1277572252314341384,2020-06-29 06:58:55 CDT,2020-06-29,06:58:55,-0500,51156472,soumyaprasad,Soumya,"{'type': 'Point', 'coordinates': [12.971117, 77.597645]}","It is not everyday that you are asked to choose your favorite contemporary author. While there have been many excellent contemporary novels of late, it is hard to choose a favorite author. While it was Gail Honeyman… https://t.co/lUAVJP7HDC",en,[],['https://www.instagram.com/p/CCBKdXPglex/?igshid=nveuiowv5bcw'],[],0,0,1,[],[],https://twitter.com/soumyaprasad/status/1277572252314341384,,,0,,Bangalore,,,,,,"{'user_id': None, 'username': None}",,,,
1277632691953786883,1277632691953786883,2020-06-29 10:59:05 CDT,2020-06-29,10:59:05,-0500,700696183,chadmanryger,🏜 Desert Rat 🐀,,"What Yuval said is coming true - the next wars will be fought digitally, more than anything else. 

What's next? Govt sponsored cyber attacks?",en,[],[],[],0,0,1,[],[],https://twitter.com/ChadManRyger/status/1277632691953786883,,,0,,Bangalore,,,,,,"{'user_id': None, 'username': None}",,,,
1277674126333718528,1277674126333718528,2020-06-29 13:43:44 CDT,2020-06-29,13:43:44,-0500,29727188,rjpallavii,RJ Pallavii,,Did he just ride the opposite way on a one way road??,en,[],[],[],3,0,2,[],[],https://twitter.com/RJPallavii/status/1277674126333718528,,https://twitter.com/rakeshprakash1/status/1277505574310014977,0,,Bangalore,,,,,,"{'user_id': None, 'username': None}",,,,
1277687998834860032,1277687998834860032,2020-06-29 14:38:51 CDT,2020-06-29,14:38:51,-0500,1057978826,prasadkarwa,Prasad Karwa,,"BTW, this ban, when will it be implemented? 

As one of my friends said that it is still working.",en,[],[],[],3,0,9,[],[],https://twitter.com/PrasadKarwa/status/1277687998834860032,,,0,,Bangalore,,,,,,"{'user_id': None, 'username': None}",,,,
1277628900349075462,1277628900349075462,2020-06-29 10:44:01 CDT,2020-06-29,10:44:01,-0500,124970082,guruprasadgudi,Guruprasad B Gudi|ಗುರುಪ್ರಸಾದ ಬಿ ಗುಡಿ,,Someone sent a msg in a WhatsApp group saying GoI has banned Chinese apps including Tiktok and one person went to play store and said it’s still available. The times we live in. 😅😃,en,[],[],[],0,0,2,[],[],https://twitter.com/GuruprasadGudi/status/1277628900349075462,,,0,,Bangalore,,,,,,"{'user_id': None, 'username': None}",,,,
1277631249905905669,1277631249905905669,2020-06-29 10:53:21 CDT,2020-06-29,10:53:21,-0500,15628784,blraviation,Bangalore Aviation,,Now what will so many government agencies who use Cam Scanner do?,en,[],[],[],4,0,4,[],[],https://twitter.com/BLRAviation/status/1277631249905905669,,https://twitter.com/ANI/status/1277621426317647872,0,,Bangalore,,,,,,"{'user_id': None, 'username': None}",,,,
1277618362760130561,1277618362760130561,2020-06-29 10:02:09 CDT,2020-06-29,10:02:09,-0500,516456634,kukki1411,Karan Kukreja,,Looks like 2k cases today in Karnataka. The bulletin isn't released only yet @DHFWKA ? What's happening ? @Karnataka_DIPR where is the transparency gone?,en,"['dhfwka', 'karnataka_dipr']",[],[],0,0,2,[],[],https://twitter.com/kukki1411/status/1277618362760130561,,,0,,Bangalore,,,,,,"{'user_id': None, 'username': None}",,,,
1277674552647053312,1277674552647053312,2020-06-29 13:45:26 CDT,2020-06-29,13:45:26,-0500,19970004,vipin_a,Vipin Aggrawal,,Oh this hurts. I’m a big fan of @Cirque. What an amazing bunch of creators and performers! I wish I could watch mor eod their shows in person.,en,['cirque'],[],[],1,0,1,[],[],https://twitter.com/vipin_a/status/1277674552647053312,,https://twitter.com/WDWNT/status/1277647476812582917,0,,Bangalore,,,,,,"{'user_id': None, 'username': None}",,,,
1277648680732983304,1277648680732983304,2020-06-29 12:02:37 CDT,2020-06-29,12:02:37,-0500,593863650,photographians,Photographians,"{'type': 'Point', 'coordinates': [12.92822257, 77.69862339]}","Featured in this awesome gallery with some of most important names in the wedding photography industry.

@fearless_photo 
fearlessly_authentic_photos 
@photographians 
@EscapesClub 
#weddingphotography ,#achievement,… https://t.co/5HwV2QA8b0",en,"['fearless_photo', 'photographians']",['https://www.instagram.com/p/CCBtNq8HJi3/?igshid=if9jn85hvlfz'],[],0,0,1,"['weddingphotography', 'achievement']",[],https://twitter.com/photographians/status/1277648680732983304,,,0,,Bangalore,,,,,,"{'user_id': None, 'username': None}",,,,
1277744889170518016,1277744889170518016,2020-06-29 18:24:55 CDT,2020-06-29,18:24:55,-0500,2286417703,blrrocks,ತರ್ಲೆ 𝗧𝗵𝗶𝗺𝗺𝗮,,"Dear @Captain_Mani72 ~ is there we can give less pravachanS and ensure the patients are treated with respect and dignity...
I'm sorry to tag you, but none from #bbmp have the courtesy to engage w/ common people... 🙏 🙏 🙏
@smileandshine20",en,"['captain_mani72', 'smileandshine20']",[],[],1,0,2,['bbmp'],[],https://twitter.com/BLRrocKS/status/1277744889170518016,,https://twitter.com/TOIBengaluru/status/1277742410609463296,0,,Bangalore,,,,,,"{'user_id': None, 'username': None}",,,,
1277643985331208195,1277643985331208195,2020-06-29 11:43:58 CDT,2020-06-29,11:43:58,-0500,905547186,mundra08,Dr. Divyesh B Mundra 🇮🇳,,"17 member Task Force headed by UGC VC &amp; having members from WHO, ICMR, AIIMS, CSIR to AYUSH Ministry : 
""Baba Ramdev’s Patanjali shouldn’t sell its #medicines as #COVID19 cure &amp; should 1st complete clinical trials"".
@AnantBhan @d_s_thakur @Neurophysik https://t.co/B4uK6VNDti",en,"['anantbhan', 'd_s_thakur', 'neurophysik']",['https://theprint.in/health/ramdevs-patanjali-shouldnt-sell-its-medicines-as-covid-cure-taskforce-tells-modi-govt/451263/'],[],8,33,60,"['medicines', 'covid19']",[],https://twitter.com/Mundra08/status/1277643985331208195,,,0,,Bangalore,,,,,,"{'user_id': None, 'username': None}",,,,
1277664233686052864,1277664233686052864,2020-06-29 13:04:25 CDT,2020-06-29,13:04:25,-0500,83558469,parasrishi,Paras Rishi,,India’s trade deficit with China is a matter of serious concern...Data snooping &amp; privacy theft by Chinese Government owned apps has always been a worry. The government of India needs to do a lot more to protect nation’s interests!,en,[],[],[],0,0,2,[],[],https://twitter.com/parasrishi/status/1277664233686052864,,,0,,Bangalore,,,,,,"{'user_id': None, 'username': None}",,,,
1277623097521131521,1277623097521131521,2020-06-29 10:20:58 CDT,2020-06-29,10:20:58,-0500,14120618,bkbirla,Bal Krishn Birla,,"In the world of religion and patriotism, symbolism is the best way to hide real issues from masses.",en,[],[],[],0,0,1,[],[],https://twitter.com/bkbirla/status/1277623097521131521,,,0,,Bangalore,,,,,,"{'user_id': None, 'username': None}",,,,
1277630738435682305,1277630738435682305,2020-06-29 10:51:19 CDT,2020-06-29,10:51:19,-0500,516456634,kukki1411,Karan Kukreja,,Few days back we all were praising Karnataka's numbers and everything. Looks like @iaspankajpandey took that too lightly and reduced the testing number in the state. @mla_sudhakar stated they will test 15-20k samples minimum but we are testing 9k-10k 🙄 Well done @sriramulubjp,en,"['iaspankajpandey', 'mla_sudhakar', 'sriramulubjp']",[],[],0,0,1,[],[],https://twitter.com/kukki1411/status/1277630738435682305,,,0,,Bangalore,,,,,,"{'user_id': None, 'username': None}",,,,
1277639944467386369,1277587650308739075,2020-06-29 11:27:54 CDT,2020-06-29,11:27:54,-0500,873099400477671424,akash_debu,AKASH DEBNATH,,"@CarryMinati @Teamnawab7 why did you do this? 
If u wldnt have spoke about youtubers carry wldnt have made a video and coz of you his “video” got deleted now what happend? Tumkhaari toh dukaan he bandh ho gayi #tiktokbanindia #YouTuber banna hai?",en,"['carryminati', 'teamnawab7']",[],[],1,0,5,"['tiktokbanindia', 'youtuber']",[],https://twitter.com/akash_debu/status/1277639944467386369,,,0,,Bangalore,,,,,,"{'user_id': '2887051970', 'username': 'CarryMinati'}",,,,
1277620180831490048,1277618516045094917,2020-06-29 10:09:22 CDT,2020-06-29,10:09:22,-0500,2920230068,asittingbull,Anuroop 🇮🇳,,"@zoomshah Sir, there is a low cost dialysis machine effort by PES institute, Bangalore. It was completed last year. FYI",en,['zoomshah'],[],[],3,1,26,[],[],https://twitter.com/asittingbull/status/1277620180831490048,,,0,,Bangalore,,,,,,"{'user_id': '4671643039', 'username': 'zoomshah'}",,,,
1277593000684556288,1277584716422508544,2020-06-29 08:21:22 CDT,2020-06-29,08:21:22,-0500,2765891696,trikkurmahesh,Mahesh B,,@cruelanu Check @rammadhavbjp TL on this for any further speculations. He read the right to left letter and shared it,en,['cruelanu'],[],[],1,0,1,[],[],https://twitter.com/trikkurmahesh/status/1277593000684556288,,,0,,Bangalore,,,,,,"{'user_id': '1243793507078139904', 'username': 'cruelanu'}",,,,
1277629893602242566,1277628788122120193,2020-06-29 10:47:58 CDT,2020-06-29,10:47:58,-0500,273809666,ritanmoy,Tanmoy Mahapatra,,@prasadvedpathak Tell something more know it’s not enough.. so many stories you are telling know yesterday..,en,['prasadvedpathak'],[],[],0,0,13,[],[],https://twitter.com/ritanmoy/status/1277629893602242566,,,0,,Bangalore,,,,,,"{'user_id': '49415367', 'username': 'prasadvedpathak'}",,,,
1277655549295788032,1277639139429498881,2020-06-29 12:29:55 CDT,2020-06-29,12:29:55,-0500,1038015080649175040,narendr85755837,Narendra Babu,,@Anitha_TDP Madam has proved that she has guts to fight against the govt rather than Surender to the ruling party like her former TDP colleagues who were  bullied to join the party.,en,['anitha_tdp'],[],[],0,1,3,[],[],https://twitter.com/Narendr85755837/status/1277655549295788032,,,0,,Bangalore,,,,,,"{'user_id': '3309457050', 'username': 'Anitha_TDP'}",,,,
1277633554067816449,1277491396018974720,2020-06-29 11:02:31 CDT,2020-06-29,11:02:31,-0500,178247585,colkt,"Col A K Tiwari, VSM(retd)🇮🇳",,@AkalawadiMahesh @Swamy39 He was only 19 then🙌,en,"['akalawadimahesh', 'swamy39']",[],[],1,2,2,[],[],https://twitter.com/colkt/status/1277633554067816449,,,0,,Bangalore,,,,,,"{'user_id': '781509340129701889', 'username': 'AkalawadiMahesh'}",,,,
1277636791059673093,1277635450530926592,2020-06-29 11:15:22 CDT,2020-06-29,11:15:22,-0500,310714064,raajumohan,Mohan Raju,,"@dhruv_rathee Very good! 
If Govt bans 
Jio which is entirely working on Chinese technology, Chinese Sim Cards &amp; also marketing Chinese handsets it will be Fantastic !",en,['dhruv_rathee'],[],[],0,0,3,[],[],https://twitter.com/raajumohan/status/1277636791059673093,,,0,,Bangalore,,,,,,"{'user_id': '730520573701443584', 'username': 'dhruv_rathee'}",,,,
1277676104862429184,1277671640483065856,2020-06-29 13:51:36 CDT,2020-06-29,13:51:36,-0500,828923574,arseneslongcoat,adithya,,@adpk3142 @xairennebula @sahil_ico @georgeouskid Y'all automatically hired lmao chill,en,"['adpk3142', 'sahil_ico']",[],[],0,0,2,[],[],https://twitter.com/arseneslongcoat/status/1277676104862429184,,,0,,Bangalore,,,,,,"{'user_id': '1219189723282857984', 'username': 'adpk3142'}",,,,
1277658298653618176,1277655371205578752,2020-06-29 12:40:50 CDT,2020-06-29,12:40:50,-0500,17781689,maxmelbin,maxmelbin,,@17Shaikhfarha That’s common sense flying out of India after App ban by GoI.,en,[],[],[],0,0,1,[],[],https://twitter.com/maxmelbin/status/1277658298653618176,,,0,,Bangalore,,,,,,"{'user_id': None, 'username': None}",,,,
1277664431413972995,1277664127935102979,2020-06-29 13:05:12 CDT,2020-06-29,13:05:12,-0500,86981078,sandeep_negi,Sandeep Negi,,@centerofright most likely for unlock 2.0 and rising corona cases,en,['centerofright'],[],[],0,0,4,[],[],https://twitter.com/sandeep_negi/status/1277664431413972995,,,0,,Bangalore,,,,,,"{'user_id': '23095992', 'username': 'centerofright'}",,,,
1277656728838922240,1277655066594299904,2020-06-29 12:34:36 CDT,2020-06-29,12:34:36,-0500,376893533,saiamrithadhara,Sai Amrithadhara,,@SSSTShirdi Aum Sairam tera koti pranaam. Thank you so much Sai for everything. We are all indeed blessed to have your Darshan at this moment. Thank you so much Sansthan for sharing divine Darshan.,en,['ssstshirdi'],[],[],0,0,3,[],[],https://twitter.com/SaiAmrithadhara/status/1277656728838922240,,,0,,Bangalore,,,,,,"{'user_id': '842938523640631296', 'username': 'SSSTShirdi'}",,,,
1277584931812597766,1277583234818179072,2020-06-29 07:49:18 CDT,2020-06-29,07:49:18,-0500,755636738274496512,skphadke49,Santhosh Kumar Phadke ìceberg,,"@BBMPCOMM @RAshokaBJP @BBMP_MAYOR @SRVishwanathBJP Sir, this my nth request to your good self. Kindly arrange the spray at KHB Platinum, (808 flats )Kengeri. KHB is not even bother to impose any guidelines let alone taking other important measures. Kindly help Sir. Thanks. @RakeshJingade @GangaS41568377 @HarishNaragund",en,"['bbmpcomm', 'rashokabjp', 'srvishwanathbjp', 'rakeshjingade', 'gangas41568377', 'harishnaragund']",[],[],0,4,3,[],[],https://twitter.com/skphadke49/status/1277584931812597766,,,0,,Bangalore,,,,,,"{'user_id': '4345658112', 'username': 'BBMPCOMM'}",,,,
1277645644153282560,1277644001340874752,2020-06-29 11:50:33 CDT,2020-06-29,11:50:33,-0500,291504733,abprasad167,Aravind Prasad,,"@adadithya Right in the gut. India imports $68 billion from China while exports $16 billion to them. Capital goods, finished goods etc but the intermediate products will affect our ability to export to other nations .",en,['adadithya'],[],[],0,1,1,[],[],https://twitter.com/abprasad167/status/1277645644153282560,,,0,,Bangalore,,,,,,"{'user_id': '131116719', 'username': 'adadithya'}",,,,
1277655059652702213,1277476153586929665,2020-06-29 12:27:58 CDT,2020-06-29,12:27:58,-0500,14918508,the_kk,Karthik Krishnaswamy,,@PaladinContent Has anyone died more times than Goundamani?,en,['paladincontent'],[],[],1,0,1,[],[],https://twitter.com/the_kk/status/1277655059652702213,,,0,,Bangalore,,,,,,"{'user_id': '3313350481', 'username': 'PaladinContent'}",,,,
1277656213652533253,1277550367773847555,2020-06-29 12:32:33 CDT,2020-06-29,12:32:33,-0500,14918508,the_kk,Karthik Krishnaswamy,,@SergioRamdos Maybe made up 1% for Rajini marrying that woman whose husband he killed without the woman saying a thing about it.,en,['sergioramdos'],[],[],1,0,2,[],[],https://twitter.com/the_kk/status/1277656213652533253,,,0,,Bangalore,,,,,,"{'user_id': '1212142402976141312', 'username': 'SergioRamdos'}",,,,
1277644990382960641,1277643985331208195,2020-06-29 11:47:57 CDT,2020-06-29,11:47:57,-0500,905547186,mundra08,Dr. Divyesh B Mundra 🇮🇳,,@d_s_thakur @AnantBhan @Neurophysik The article doesn't mention any punitive measures suggested by the task force or ANY penalty. I am sure @ChandnaHimani can help with more details.,en,"['d_s_thakur', 'anantbhan', 'neurophysik', 'chandnahimani']",[],[],1,0,2,[],[],https://twitter.com/Mundra08/status/1277644990382960641,,,0,,Bangalore,,,,,,"{'user_id': '1173286656', 'username': 'd_s_thakur'}",,,,
1277669052266057728,1277635474979352580,2020-06-29 13:23:34 CDT,2020-06-29,13:23:34,-0500,802793144391634944,majumderdibyo,Dibyo 👨‍🔬,,@voidnen @imthepk @ayushshekhar17 Awesome 🔥,en,"['voidnen', 'imthepk', 'ayushshekhar17']",[],[],0,0,2,[],[],https://twitter.com/MajumderDibyo/status/1277669052266057728,,,0,,Bangalore,,,,,,"{'user_id': '3150214958', 'username': 'voidnen'}",,,,
