id,conversation_id,created_at,date,time,timezone,user_id,username,name,place,tweet,language,mentions,urls,photos,replies_count,retweets_count,likes_count,hashtags,cashtags,link,retweet,quote_url,video,thumbnail,near,geo,source,user_rt_id,user_rt,retweet_id,reply_to,retweet_date,translate,trans_src,trans_dest
1215308612362309632,1215308612362309632,2020-01-09 10:25:27 CST,2020-01-09,10:25:27,-0500,2245895870,karthiksaje,karthik Visva,,Lakhs of people had watched #Darbar today. I trust on those happy face who came out of theaters. Darbar was made for Rajinikanth fans and General audiance and the film will satisfy them to the core.❤❤❤ https://t.co/aJ1HRrrLNa,en,[],[],['https://pbs.twimg.com/media/EN2kvFUUYAA-WFD.jpg'],0,35,84,['darbar'],[],https://twitter.com/karthiksaje/status/1215308612362309632,,,1,https://pbs.twimg.com/media/EN2kvFUUYAA-WFD.jpg,Bangalore,,,,,,"{'user_id': None, 'username': None}",,,,
1215319659588669441,1215319659588669441,2020-01-09 11:09:21 CST,2020-01-09,11:09:21,-0500,2245895870,karthiksaje,karthik Visva,,"Does not matter what day a Rajinikanth movie releases!!!
His fans bring the roof down with Thunderous Celebrations like never before. 💥💥💥
Proved again , again and again.
DOT🔥🔥🔥
#Darbar https://t.co/emfW8FbG1d",en,[],[],['https://pbs.twimg.com/media/EN2uxCGVAAUAx_N.jpg'],1,42,132,['darbar'],[],https://twitter.com/karthiksaje/status/1215319659588669441,,,1,https://pbs.twimg.com/media/EN2uxCGVAAUAx_N.jpg,Bangalore,,,,,,"{'user_id': None, 'username': None}",,,,
1215301979099951104,1215301979099951104,2020-01-09 09:59:05 CST,2020-01-09,09:59:05,-0500,15977787,s_anuj,Anuj Sharma,,"Some numbers are too tough to crack.

The ones who get it, get it ;)

#NewPassword https://t.co/V6lEAfD0hZ",en,[],[],['https://pbs.twimg.com/media/EN2es8JUUAAOcVb.jpg'],167,174,1665,['newpassword'],[],https://twitter.com/s_anuj/status/1215301979099951104,,,1,https://pbs.twimg.com/media/EN2es8JUUAAOcVb.jpg,Bangalore,,,,,,"{'user_id': None, 'username': None}",,,,
1215360320828407810,1215359565015011333,2020-01-09 13:50:55 CST,2020-01-09,13:50:55,-0500,957579771000496128,sunilmath83,Sunil Math,,@amitmalviya Fact.. https://t.co/51sSNEXqm5,en,['amitmalviya'],[],['https://pbs.twimg.com/media/EN3TxG-VUAALpw4.jpg'],2,19,97,[],[],https://twitter.com/SunilMath83/status/1215360320828407810,,,1,https://pbs.twimg.com/media/EN3TxG-VUAALpw4.jpg,Bangalore,,,,,,"{'user_id': '95588504', 'username': 'amitmalviya'}",,,,
1215324822768500736,1215324822768500736,2020-01-09 11:29:52 CST,2020-01-09,11:29:52,-0500,747398968246624257,itskarthikravi,Rolex🔪,,"Some actors teaser won't trend even though it reach 1m likes😂 
Nala vela Trending Ku pay pandra option Ila Ilana adhayum panuvanunga

It's 500k organic like for #SooraraiPottruTeaser 😎 with multi language release simultaneously
@Suriya_offl https://t.co/yUDY7nfBTV",en,['suriya_offl'],[],['https://pbs.twimg.com/media/EN2zestUwAAiX8T.jpg'],0,83,197,['sooraraipottruteaser'],[],https://twitter.com/itsKarthikRavi/status/1215324822768500736,,,1,https://pbs.twimg.com/media/EN2zestUwAAiX8T.jpg,Bangalore,,,,,,"{'user_id': None, 'username': None}",,,,
1215339054754979840,1215339054754979840,2020-01-09 12:26:25 CST,2020-01-09,12:26:25,-0500,1563626983,bengalurufc,Bengaluru FC,,"How good was tonight, Bengaluru! #WeAreBFC #RoomForMore https://t.co/IX7cEXCzfz",en,[],[],['https://pbs.twimg.com/media/EN3AaQeUwAA6RCV.jpg'],6,15,351,"['wearebfc', 'roomformore']",[],https://twitter.com/bengalurufc/status/1215339054754979840,,,1,https://pbs.twimg.com/media/EN3AaQeUwAA6RCV.jpg,Bangalore,,,,,,"{'user_id': None, 'username': None}",,,,
1215287979792531458,1215287979792531458,2020-01-09 09:03:27 CST,2020-01-09,09:03:27,-0500,919469023183671296,filmifever,FilmiFever,,"And guys, here's the SURPRISE! A powerhouse of talent in our Indian Cinema Mr @rakshitshetty the real Srimannarayana.. #ASN #AvaneSrimannarayana

📺https://t.co/6axayO4Xrm https://t.co/Z7QmNeB8xJ",en,['rakshitshetty'],['https://youtu.be/5u1b45I-XQY'],['https://pbs.twimg.com/media/EN2R9m8U8AIV0Db.jpg'],12,75,985,"['asn', 'avanesrimannarayana']",[],https://twitter.com/FilmiFever/status/1215287979792531458,,,1,https://pbs.twimg.com/media/EN2R9m8U8AIV0Db.jpg,Bangalore,,,,,,"{'user_id': None, 'username': None}",,,,
1215282747104624645,1215282747104624645,2020-01-09 08:42:40 CST,2020-01-09,08:42:40,-0500,851299559791874048,rdchahar1,Rahul Chahar,,Leg spin Vs Goggly https://t.co/y0zVjU65v0,en,[],[],[],7,11,391,[],[],https://twitter.com/rdchahar1/status/1215282747104624645,,,1,https://pbs.twimg.com/ext_tw_video_thumb/1215282655316496387/pu/img/6xzYCUbozLaKjYzh.jpg,Bangalore,,,,,,"{'user_id': None, 'username': None}",,,,
1215321329731133446,1215321329731133446,2020-01-09 11:15:59 CST,2020-01-09,11:15:59,-0500,1062287918969114624,raconrevolution,Manasvini,,"Flight

#inktober52 
#jakeparker 
#theraconteursrevolution https://t.co/UYqI8ImGl7",en,[],[],['https://pbs.twimg.com/media/EN2wQD1UcAAeS4M.jpg'],0,1,3,"['inktober52', 'jakeparker', 'theraconteursrevolution']",[],https://twitter.com/RaconRevolution/status/1215321329731133446,,,1,https://pbs.twimg.com/media/EN2wQD1UcAAeS4M.jpg,Bangalore,,,,,,"{'user_id': None, 'username': None}",,,,
1215288580215463937,1215288580215463937,2020-01-09 09:05:51 CST,2020-01-09,09:05:51,-0500,74787719,manukumarjain,Manu Kumar Jain,,"#Day 🌇 and #Night 🌃.. Beauty of #64MP camera on #RedmiNote8Pro! 😍

Mi fans, check out these amazing shots captured in day and night of same location. 😎

Share your pictures with #ShotOnRedmi and stand a chance to get featured on our brand handle.

#Xiaomi ❤️ #Photography https://t.co/l4cmmqBtAG",en,[],[],"['https://pbs.twimg.com/media/EN2SfbJVAAE24z6.jpg', 'https://pbs.twimg.com/media/EN2Sg8DUYAE5JRv.jpg']",86,95,1136,"['day', 'night', '64mp', 'redminote8pro', 'shotonredmi', 'xiaomi', 'photography']",[],https://twitter.com/manukumarjain/status/1215288580215463937,,,1,https://pbs.twimg.com/media/EN2SfbJVAAE24z6.jpg,Bangalore,,,,,,"{'user_id': None, 'username': None}",,,,
1215338528566960128,1215338528566960128,2020-01-09 12:24:19 CST,2020-01-09,12:24:19,-0500,1563626983,bengalurufc,Bengaluru FC,,Only one way to stop that man! #WeAreBFC #RoomForMore https://t.co/ziSUJjQVIV,en,[],[],['https://pbs.twimg.com/media/EN2_70HU4AAtnLg.jpg'],1,8,176,"['wearebfc', 'roomformore']",[],https://twitter.com/bengalurufc/status/1215338528566960128,,,1,https://pbs.twimg.com/media/EN2_70HU4AAtnLg.jpg,Bangalore,,,,,,"{'user_id': None, 'username': None}",,,,
1215341278822457345,1215341278822457345,2020-01-09 12:35:15 CST,2020-01-09,12:35:15,-0500,43066912,sai_ganesh,Sai Ganesh,,"Ten days to go for #PopKiKamai 2020 - the greatest pop culture quiz ever (or so we say, which is what matters). cc @debasishmisra

Coming soon - the greatest poster ever designed for a quiz 👇 https://t.co/Z4vCrXHWDa",en,['debasishmisra'],[],[],8,5,41,['popkikamai'],[],https://twitter.com/sai_ganesh/status/1215341278822457345,,,1,https://pbs.twimg.com/ext_tw_video_thumb/1215341242810130437/pu/img/aoaXm5nqvkEh7jtw.jpg,Bangalore,,,,,,"{'user_id': None, 'username': None}",,,,
1215301768763936768,1215301768763936768,2020-01-09 09:58:15 CST,2020-01-09,09:58:15,-0500,96735343,ritwikjha,Ritwik Jha,,"""Talent wins games, but teamwork and intelligence win championships."" 
- Michael Jordan

#IBM #Team #TeamHR #TalentAcquisition #HR #HumanResources #teamwork #Celebration #IAmGTS https://t.co/ET1rjDtwen",en,[],[],['https://pbs.twimg.com/media/EN2egYxU0AAkP2_.jpg'],1,2,19,"['ibm', 'team', 'teamhr', 'talentacquisition', 'hr', 'humanresources', 'teamwork', 'celebration', 'iamgts']",[],https://twitter.com/ritwikjha/status/1215301768763936768,,,1,https://pbs.twimg.com/media/EN2egYxU0AAkP2_.jpg,Bangalore,,,,,,"{'user_id': None, 'username': None}",,,,
1215371642517381122,1215371642517381122,2020-01-09 14:35:54 CST,2020-01-09,14:35:54,-0500,2698809140,huuiilii,h.,,"#2YearsForAgnyaathavaasi 
2Years Back Eroju Movie ki Velthuna Ane Excitement tho pettina Status
Epic Scene Ki Nen Expect Chesindi Okati Jarigindhi Okati.
But #Anirudh Disappoint Cheyledh🔥👌🏻 https://t.co/PKIA73pDWm",en,[],[],[],0,2,7,"['2yearsforagnyaathavaasi', 'anirudh']",[],https://twitter.com/huuiilii/status/1215371642517381122,,,1,https://pbs.twimg.com/ext_tw_video_thumb/1215370161990930433/pu/img/Vu3dSWLPd5U-pE1S.jpg,Bangalore,,,,,,"{'user_id': None, 'username': None}",,,,
1215361177733058560,1215361177733058560,2020-01-09 13:54:19 CST,2020-01-09,13:54:19,-0500,1383321506,abhilashmohan94,Abhilash Mohan,,Wishing bollywood’s greek god @iHrithik a very happy birthday🎂 #HappyBirthdayHrithikRoshan https://t.co/3ZdSfFqDF7,en,['ihrithik'],[],['https://pbs.twimg.com/media/EN3UitrUwAEumRI.jpg'],1,8,7,['happybirthdayhrithikroshan'],[],https://twitter.com/AbhilashMohan94/status/1215361177733058560,,,1,https://pbs.twimg.com/media/EN3UitrUwAEumRI.jpg,Bangalore,,,,,,"{'user_id': None, 'username': None}",,,,
1215265592199876608,1215265592199876608,2020-01-09 07:34:30 CST,2020-01-09,07:34:30,-0500,327329680,vicky299919,Monk 🇮🇳,,Last year this day I was in Chennai roaming to theatres just see the celebrations and happy that watched #Viswasam FDFS at Rohini Thanks to @iammanoj_77 #1YrOfKWTopGrosserVISWASAM https://t.co/AMac7WUPGL,en,['iammanoj_77'],[],"['https://pbs.twimg.com/media/EN19k8rU8AA2Jh8.jpg', 'https://pbs.twimg.com/media/EN19k_lU4AAxuvN.jpg']",0,4,4,"['viswasam', '1yrofkwtopgrosserviswasam']",[],https://twitter.com/vicky299919/status/1215265592199876608,,,1,https://pbs.twimg.com/media/EN19k8rU8AA2Jh8.jpg,Bangalore,,,,,,"{'user_id': None, 'username': None}",,,,
1215318844597628928,1215318844597628928,2020-01-09 11:06:06 CST,2020-01-09,11:06:06,-0500,4911084924,prabhatisb,Prabha🇮🇳,,"Arnab!Please go on with more details on the inglorious baap dada of this Ghandy family..Expose them thoroughly!They wanted Azad assassinated,they called Lal Baal pal extremists! Nehru was a puppet in the hands of Mountbatten.. #BaapDadaInsult Audacity of the pidis today!",en,[],[],[],3,10,40,['baapdadainsult'],[],https://twitter.com/prabhatisb/status/1215318844597628928,,,0,,Bangalore,,,,,,"{'user_id': None, 'username': None}",,,,
1215332682873180160,1215330886792577025,2020-01-09 12:01:06 CST,2020-01-09,12:01:06,-0500,276348690,vinyasshetty,Vinyas Shetty,,@vivekagnihotri Behind the scenes of NRC-CAA 😀 https://t.co/6baEoaJiVI,en,['vivekagnihotri'],[],[],1,6,15,[],[],https://twitter.com/vinyasshetty/status/1215332682873180160,,,1,https://pbs.twimg.com/ext_tw_video_thumb/1215331773338402816/pu/img/A9a3-_2pqnlwspp3.jpg,Bangalore,,,,,,"{'user_id': '16404141', 'username': 'vivekagnihotri'}",,,,
1215304251900973056,1215304251900973056,2020-01-09 10:08:07 CST,2020-01-09,10:08:07,-0500,179467862,malavikabjp,Malavika Avinash,,Go ahead! Pose your questions...#AskPMR #ISupportCAA https://t.co/Rd1Kvi1qcl,en,[],[],['https://pbs.twimg.com/media/EN2gwfPUYAEq3RK.jpg'],0,3,12,"['askpmr', 'isupportcaa']",[],https://twitter.com/MalavikaBJP/status/1215304251900973056,,,1,https://pbs.twimg.com/media/EN2gwfPUYAEq3RK.jpg,Bangalore,,,,,,"{'user_id': None, 'username': None}",,,,
1215346238926643200,1215346238926643200,2020-01-09 12:54:58 CST,2020-01-09,12:54:58,-0500,1142532812,anaveenchowdary,Pandu 🔔,,"For the first time,He is into Mass crime..🔥🔥🔥🔥🤩
Never before never after🤙🏻🤙🏻🤙🏻
#MassMB🤙🏻
#SarileruNeekevvaru https://t.co/tCN2Q1Qsjo",en,[],[],['https://pbs.twimg.com/media/EN3G82sUEAAxHKb.jpg'],0,3,2,"['massmb', 'sarileruneekevvaru']",[],https://twitter.com/ANaveenChowdary/status/1215346238926643200,,,1,https://pbs.twimg.com/media/EN3G82sUEAAxHKb.jpg,Bangalore,,,,,,"{'user_id': None, 'username': None}",,,,
1215325487112704000,1215325487112704000,2020-01-09 11:32:30 CST,2020-01-09,11:32:30,-0500,3701587879,thedineshk24,Dinesh Katariya.,,"Seen #darbar Tamil version (with English subtitles) , it is an marvelous experience to watch @rajinikanth Garu movie , with Tamil audience 
#DarbarReview https://t.co/2yGw78PNVi",en,['rajinikanth'],[],[],1,2,5,"['darbar', 'darbarreview']",[],https://twitter.com/Thedineshk24/status/1215325487112704000,,,1,https://pbs.twimg.com/ext_tw_video_thumb/1215325160258977792/pu/img/M9TdYe2XcECmB02G.jpg,Bangalore,,,,,,"{'user_id': None, 'username': None}",,,,
1215318312093024257,1215318312093024257,2020-01-09 11:03:59 CST,2020-01-09,11:03:59,-0500,3171723252,brijeshkalappa,Brijesh Kalappa,,The man in black has a really close shave with death!! https://t.co/9P0YoPdDz3,en,[],[],[],2,2,18,[],[],https://twitter.com/brijeshkalappa/status/1215318312093024257,,,1,https://pbs.twimg.com/ext_tw_video_thumb/1215318208082665473/pu/img/SmL-pMnKjMe1MowC.jpg,Bangalore,,,,,,"{'user_id': None, 'username': None}",,,,
1215335771185434625,1215335771185434625,2020-01-09 12:13:22 CST,2020-01-09,12:13:22,-0500,436875197,thejollyfoot,Jal Sonpal,,"Some things are made straight from the heart ♥ and the Blueprint by @bengalurufc Media reflects that.

A takeaway from the Kanteerava tonight (sadly, the only one). Learning from opponents off the field.

#BFCJFC https://t.co/ydjeJquyzF",en,['bengalurufc'],[],['https://pbs.twimg.com/media/EN29b13UwAAfkWH.jpg'],0,1,50,['bfcjfc'],[],https://twitter.com/thejollyfoot/status/1215335771185434625,,,1,https://pbs.twimg.com/media/EN29b13UwAAfkWH.jpg,Bangalore,,,,,,"{'user_id': None, 'username': None}",,,,
1215332812082991104,1215332812082991104,2020-01-09 12:01:36 CST,2020-01-09,12:01:36,-0500,3791300053,nishukumar22,Nishu Kumar,,"We keep aiming for the top. Another clean sheet, two goals to boot and precious three points. This is your @bengalurufc , this is your Kanteerava, you are our @westblockblues 
#WeAreBFC #roomformore 
#omnamahshivaya🙏 #nk22🙏 https://t.co/22JxDfLH2d",en,"['bengalurufc', 'westblockblues']",[],"['https://pbs.twimg.com/media/EN26vlGVUAAz-Jf.jpg', 'https://pbs.twimg.com/media/EN26vk8UUAUAsBp.jpg']",6,19,390,"['wearebfc', 'roomformore', 'omnamahshivaya', 'nk22']",[],https://twitter.com/nishukumar22/status/1215332812082991104,,,1,https://pbs.twimg.com/media/EN26vlGVUAAz-Jf.jpg,Bangalore,,,,,,"{'user_id': None, 'username': None}",,,,
1215272682343694336,1215272682343694336,2020-01-09 08:02:40 CST,2020-01-09,08:02:40,-0500,16241069,asaiatin,Shobhit,,Mom's in town. This is the first thing she did 😂 https://t.co/l7iObxKJtF,en,[],[],['https://pbs.twimg.com/media/EN2EDmwUYAEfb2y.jpg'],2,0,8,[],[],https://twitter.com/asaiatin/status/1215272682343694336,,,1,https://pbs.twimg.com/media/EN2EDmwUYAEfb2y.jpg,Bangalore,,,,,,"{'user_id': None, 'username': None}",,,,
1215255885599014914,1215255885599014914,2020-01-09 06:55:56 CST,2020-01-09,06:55:56,-0500,38134365,nand_bo,Nandita Bose,,When judges refuses to judge because of “violence”... https://t.co/g2Yz6YYr7X,en,[],[],['https://pbs.twimg.com/media/EN10yKgVAAAWovj.jpg'],0,1,4,[],[],https://twitter.com/nand_bo/status/1215255885599014914,,,1,https://pbs.twimg.com/media/EN10yKgVAAAWovj.jpg,Bangalore,,,,,,"{'user_id': None, 'username': None}",,,,
1215308466958393345,1215308466958393345,2020-01-09 10:24:52 CST,2020-01-09,10:24:52,-0500,1112647006705467392,drshreegovinds2,Shree Govind Shah,,Dirty politics in Bollywood. Money matters but not ethics. Reality distorted. https://t.co/Ysfd0slYZx,en,[],[],['https://pbs.twimg.com/media/EN2kXIFUYAAYd-U.jpg'],0,1,3,[],[],https://twitter.com/DrShreeGovindS2/status/1215308466958393345,,,1,https://pbs.twimg.com/media/EN2kXIFUYAAYd-U.jpg,Bangalore,,,,,,"{'user_id': None, 'username': None}",,,,
1215342106270523392,1215342106270523392,2020-01-09 12:38:32 CST,2020-01-09,12:38:32,-0500,75954822,al_lude,Al_lude,,Send Burnol,en,[],[],[],0,1,31,[],[],https://twitter.com/al_lude/status/1215342106270523392,,https://twitter.com/CafeSSC/status/1215278869068091392,0,,Bangalore,,,,,,"{'user_id': None, 'username': None}",,,,
1215314215373701120,1215314215373701120,2020-01-09 10:47:43 CST,2020-01-09,10:47:43,-0500,873794970586562560,jusst_sway,Sway,,Buddhism it is 😍😍😍😍😍😍😍 🙌🙌 🔥 cannot wait to attend this course https://t.co/sIEGyp1k7P,en,[],[],['https://pbs.twimg.com/media/EN2p1GMUUAMCP8p.jpg'],0,0,5,[],[],https://twitter.com/jusst_sway/status/1215314215373701120,,,1,https://pbs.twimg.com/media/EN2p1GMUUAMCP8p.jpg,Bangalore,,,,,,"{'user_id': None, 'username': None}",,,,
1215342174461542401,1215342174461542401,2020-01-09 12:38:49 CST,2020-01-09,12:38:49,-0500,732123699562700800,varsharaj_14,Varsha Raj,,Appreciation post for the one and only @ErikPaartalu . This man is just outstanding. That strong midfield presence with goal and assist is exactly what we need 😎 #WeAreBFC #BFCJFC https://t.co/QI4F3Q93m0,en,['erikpaartalu'],[],['https://pbs.twimg.com/tweet_video_thumb/EN3DQoiU4AA06hv.jpg'],0,0,28,"['wearebfc', 'bfcjfc']",[],https://twitter.com/VarshaRaj_14/status/1215342174461542401,,,1,https://pbs.twimg.com/tweet_video_thumb/EN3DQoiU4AA06hv.jpg,Bangalore,,,,,,"{'user_id': None, 'username': None}",,,,
1215313107150442496,1215313107150442496,2020-01-09 10:43:18 CST,2020-01-09,10:43:18,-0500,8805142,prempanicker,Prem Panicker,,Arre keep the damn internet on first! 🙇‍♂️,en,[],[],[],0,9,20,[],[],https://twitter.com/prempanicker/status/1215313107150442496,,https://twitter.com/amitabhk87/status/1215292180970893319,0,,Bangalore,,,,,,"{'user_id': None, 'username': None}",,,,
1215240244053737478,1215240244053737478,2020-01-09 05:53:46 CST,2020-01-09,05:53:46,-0500,143859064,umamaheshy,U-Mesh 🇮🇳,,My talk at Gayatri Vidya Parishad College of Engineering Vizag on 'Startup as a Career Option' https://t.co/15EoPf5jN5,en,[],[],['https://pbs.twimg.com/media/EN1mjbPU8AAtHtC.jpg'],0,0,3,[],[],https://twitter.com/UmaMaheshY/status/1215240244053737478,,,1,https://pbs.twimg.com/media/EN1mjbPU8AAtHtC.jpg,Bangalore,,,,,,"{'user_id': None, 'username': None}",,,,
1215289503058804736,1215289503058804736,2020-01-09 09:09:31 CST,2020-01-09,09:09:31,-0500,810455754658480128,chingari_171,sachin Chingari,,"BoxOfficeSultan ChallengingStar @dasadarshan Boss Exclusive Pic 
😍😍😍😍😎

#RoberrtTeaserOnFeb16Th

@TharunSudhir @umap30071 @OneindiaKannada @aanandaaudio @StarAshaBhat @IamJagguBhai https://t.co/oXwfLcvya7",en,"['dasadarshan', 'tharunsudhir', 'umap30071', 'oneindiakannada', 'aanandaaudio', 'starashabhat', 'iamjaggubhai']",[],['https://pbs.twimg.com/media/EN2TVu1VUAAEyP6.jpg'],0,1,11,['roberrtteaseronfeb16th'],[],https://twitter.com/Chingari_171/status/1215289503058804736,,,1,https://pbs.twimg.com/media/EN2TVu1VUAAEyP6.jpg,Bangalore,,,,,,"{'user_id': None, 'username': None}",,,,
1215286183921500161,1215286183921500161,2020-01-09 08:56:19 CST,2020-01-09,08:56:19,-0500,1706594738,i_udita,Udita Pal 🧂,,2020 is going to be more about bags and less about baggage. https://t.co/BtMBMi248x,en,[],[],['https://pbs.twimg.com/media/EN2QVL1UcAEXLmA.jpg'],0,0,3,[],[],https://twitter.com/i_Udita/status/1215286183921500161,,,1,https://pbs.twimg.com/media/EN2QVL1UcAEXLmA.jpg,Bangalore,,,,,,"{'user_id': None, 'username': None}",,,,
1215330907202043906,1215330907202043906,2020-01-09 11:54:02 CST,2020-01-09,11:54:02,-0500,3279450828,heblenakul,Nakul,,"Innovate, Patent, Produce and Prosper, but only after paying for it through the nose. https://t.co/GlCJs7FHVk",en,[],[],['https://pbs.twimg.com/media/EN25A4pUcAAzE-f.jpg'],0,1,1,[],[],https://twitter.com/heblenakul/status/1215330907202043906,,https://twitter.com/praddy06/status/1215222593961119746,1,https://pbs.twimg.com/media/EN25A4pUcAAzE-f.jpg,Bangalore,,,,,,"{'user_id': None, 'username': None}",,,,
1215367104288849920,1215169765074882560,2020-01-09 14:17:52 CST,2020-01-09,14:17:52,-0500,1131565027113070592,pun8sharma,Puneet Sharma,,@seriousfunnyguy @ToxicNationlist @HMOIndia They had already blurred it in trailer! https://t.co/ckFvfe8O23,en,"['seriousfunnyguy', 'toxicnationlist', 'hmoindia']",[],['https://pbs.twimg.com/media/EN3Z74VUYAAyUgY.jpg'],0,1,2,[],[],https://twitter.com/pun8sharma/status/1215367104288849920,,,1,https://pbs.twimg.com/media/EN3Z74VUYAAyUgY.jpg,Bangalore,,,,,,"{'user_id': '84800999', 'username': 'seriousfunnyguy'}",,,,
1215345159463788544,1215345159463788544,2020-01-09 12:50:40 CST,2020-01-09,12:50:40,-0500,557708922,aaayesha333,Ayesha Ali,,"This is the best entry scene so far 🤩
#HappyBirthdayHrithikRoshan",en,[],[],[],0,3,1,['happybirthdayhrithikroshan'],[],https://twitter.com/aaayesha333/status/1215345159463788544,,https://twitter.com/piyushizhere14/status/1215319075062194177,0,,Bangalore,,,,,,"{'user_id': None, 'username': None}",,,,
1215286138912399360,1215286138912399360,2020-01-09 08:56:09 CST,2020-01-09,08:56:09,-0500,183762550,guptapranky,Priyanka Gupta 👣✍️,,"Proud to be part of yet another Top Indian blogs list that has been running since 2011. One amongst the 250 😊

Thankful is all I can say ☺️🙏 https://t.co/8BdQMhI5OR",en,[],[],"['https://pbs.twimg.com/media/EN2QRZBVUAAsGIu.jpg', 'https://pbs.twimg.com/media/EN2QSErUcAEYr4O.jpg', 'https://pbs.twimg.com/media/EN2QS6XVUAEMhq3.jpg']",1,0,4,[],[],https://twitter.com/guptapranky/status/1215286138912399360,,,1,https://pbs.twimg.com/media/EN2QRZBVUAAsGIu.jpg,Bangalore,,,,,,"{'user_id': None, 'username': None}",,,,
1215291214498418688,1215291214498418688,2020-01-09 09:16:19 CST,2020-01-09,09:16:19,-0500,109892153,dammitdamini,Damini,,"Post therapy treating myself with Churros and this drink which was called WARM CUDDLE IN A CUP. 
Definitely needed that! ♥️ https://t.co/kRq1w57Uu4",en,[],[],"['https://pbs.twimg.com/media/EN2U3WGVAAU4pqN.jpg', 'https://pbs.twimg.com/media/EN2U3W0U4AAB1bw.jpg', 'https://pbs.twimg.com/media/EN2U3WUVUAA2PEG.jpg', 'https://pbs.twimg.com/media/EN2U3WiUYAAm885.jpg']",0,0,4,[],[],https://twitter.com/DammitDamini/status/1215291214498418688,,,1,https://pbs.twimg.com/media/EN2U3WGVAAU4pqN.jpg,Bangalore,,,,,,"{'user_id': None, 'username': None}",,,,
1215330472403714048,1215330472403714048,2020-01-09 11:52:19 CST,2020-01-09,11:52:19,-0500,2353911048,paul_dupuisrstd,Paul Dupuis,,A very special trip for Team Randstad as we travel to the Himalayas in northern India. #dowelldogood #randstad #climatechange #SECMOL #ladakh,en,[],[],[],0,4,15,"['dowelldogood', 'randstad', 'climatechange', 'secmol', 'ladakh']",[],https://twitter.com/Paul_DupuisRSTD/status/1215330472403714048,,https://twitter.com/RandstadIndia/status/1215259575491760128,0,,Bangalore,,,,,,"{'user_id': None, 'username': None}",,,,
1215344712283869184,1215344712283869184,2020-01-09 12:48:54 CST,2020-01-09,12:48:54,-0500,557708922,aaayesha333,Ayesha Ali,,"Happy birthday to the one and only @iHrithik ♥️ Lots and lots of love 😘 
#forevercrush #themosthumble #HrithikRoshan #HappyBirthdayHrithikRoshan",en,['ihrithik'],[],[],0,1,3,"['forevercrush', 'themosthumble', 'hrithikroshan', 'happybirthdayhrithikroshan']",[],https://twitter.com/aaayesha333/status/1215344712283869184,,https://twitter.com/PlanetHrithik/status/1215298844830900226,0,,Bangalore,,,,,,"{'user_id': None, 'username': None}",,,,
1215281914874974209,1215281914874974209,2020-01-09 08:39:22 CST,2020-01-09,08:39:22,-0500,845528911,zabikhan601,zabiullah khan wasi,,After weeks of stress and protests.. something which pleased the eyes and relaxed the mind.. hope it will come soon..@ArshadRizwan @ndtv @sudhirchaudhary @danishhf @kanhaiyakumar @UmarKhalidJNU @ArvindKejriwal @MamataOfficial @asadowaisi @jigneshmevani80 @ShayarImran https://t.co/sCTstQCI3S,en,"['arshadrizwan', 'ndtv', 'sudhirchaudhary', 'kanhaiyakumar', 'umarkhalidjnu', 'arvindkejriwal', 'mamataofficial', 'asadowaisi', 'jigneshmevani80', 'shayarimran']",[],['https://pbs.twimg.com/media/EN2Mc-rU4AAsOEH.jpg'],0,1,4,[],[],https://twitter.com/zabikhan601/status/1215281914874974209,,,1,https://pbs.twimg.com/media/EN2Mc-rU4AAsOEH.jpg,Bangalore,,,,,,"{'user_id': None, 'username': None}",,,,
1215320849646907392,1215320849646907392,2020-01-09 11:14:04 CST,2020-01-09,11:14:04,-0500,835620276,kaikholiriina,Kaikho Liriina,,Amazing work NCF team,en,[],[],[],0,1,2,[],[],https://twitter.com/kaikholiriina/status/1215320849646907392,,https://twitter.com/AparajitaDatta4/status/1215283741054001153,0,,Bangalore,,,,,,"{'user_id': None, 'username': None}",,,,
1215325237706817536,1215325237706817536,2020-01-09 11:31:30 CST,2020-01-09,11:31:30,-0500,2431546572,amardeepkaushal,amardeep kaushal,,"DIKPALAS: Guardians Of The Directions. 

Madiyan Kulam Temple, Ajanur, Kerala.
• 8 deities ruling over 8 quarters
• Mostly represented on
the central panel of a temple.

Directions:-
Kubera–N
Yama–S
Indra–E
Varuna–W
Agni–SE
Isana–NE
Vayu–NW
Nirrti–SW
Vishnu–Nadir
Brahmā–Zenith https://t.co/HXt8q8yJgR",en,[],[],['https://pbs.twimg.com/media/EN2z23EVUAAhb4x.jpg'],0,4,2,[],[],https://twitter.com/amardeepkaushal/status/1215325237706817536,,,1,https://pbs.twimg.com/media/EN2z23EVUAAhb4x.jpg,Bangalore,,,,,,"{'user_id': None, 'username': None}",,,,
1215343309175980032,1215343309175980032,2020-01-09 12:43:19 CST,2020-01-09,12:43:19,-0500,1165994535421243392,antstack,AntStack,,"#Serverless brings simplicity to infrastructure management says @jeremy_daly #AWS Serverless Hero
https://t.co/3HyB0h7UV8",en,['jeremy_daly'],['https://siliconangle.com/2020/01/08/serverless-its-how-things-get-done-but-what-is-it-cubeconversations/'],[],0,4,14,"['serverless', 'aws']",[],https://twitter.com/AntStack/status/1215343309175980032,,,0,,Bangalore,,,,,,"{'user_id': None, 'username': None}",,,,
1215328003518914560,1215328003518914560,2020-01-09 11:42:30 CST,2020-01-09,11:42:30,-0500,3279450828,heblenakul,Nakul,,More students join in! This is my aloo mutter.,en,[],[],[],1,1,9,[],[],https://twitter.com/heblenakul/status/1215328003518914560,,https://twitter.com/sugataraju/status/1215180317960491009,0,,Bangalore,,,,,,"{'user_id': None, 'username': None}",,,,
1215284199038439424,1215284199038439424,2020-01-09 08:48:26 CST,2020-01-09,08:48:26,-0500,31759530,sshivu,s shiva kumar,,Please show me a picture of #LycaProductions boss #subaskaran doing this!!!,en,[],[],[],5,11,28,"['lycaproductions', 'subaskaran']",[],https://twitter.com/sshivu/status/1215284199038439424,,https://twitter.com/soundaryaarajni/status/1215099103434039297,0,,Bangalore,,,,,,"{'user_id': None, 'username': None}",,,,
1215315103211343872,1215315103211343872,2020-01-09 10:51:14 CST,2020-01-09,10:51:14,-0500,82938806,mr_dnivra,ARVIND 🐘🍿🎻🏍,,"https://t.co/pEuvxozYoj
Proud moment this!!",en,[],['https://mobile.twitter.com/ani/status/1215174233094905856?s=21'],[],0,1,3,[],[],https://twitter.com/mr_dnivra/status/1215315103211343872,,https://twitter.com/MuSigmaInc/status/1215293844587044864,0,,Bangalore,,,,,,"{'user_id': None, 'username': None}",,,,
1215329321574789122,1215329321574789122,2020-01-09 11:47:44 CST,2020-01-09,11:47:44,-0500,50618483,bhargirao,bhargavi/ಭಾರ್ಗವಿ,,A much needed rendition! Thank you Karthik Hebbar! PREAMBLE TO THE COSTITUTION IN KANNADA https://t.co/Lg4UofdgBC via @YouTube @ReallySwara @tmkrishna @MDPallavi @vinaysreeni @DeccanHerald @timesofindia  @CaravanDaily @prajavani @pinkychandran @akkaitg @manoharban @leofsaldanha,en,"['youtube', 'reallyswara', 'tmkrishna', 'mdpallavi', 'vinaysreeni', 'deccanherald', 'timesofindia', 'prajavani', 'pinkychandran', 'akkaitg', 'manoharban', 'leofsaldanha']",['https://youtu.be/svsVw9GyZZ8'],[],4,11,15,[],[],https://twitter.com/bhargirao/status/1215329321574789122,,,0,,Bangalore,,,,,,"{'user_id': None, 'username': None}",,,,
1215238905982701570,1215238521285332992,2020-01-09 05:48:27 CST,2020-01-09,05:48:27,-0500,794794277016457216,prajwalmanipal,Prajwal,,"""Why did they (BJP workers) have to come to a girl’s college? There are many colleges which are co-ed or even boys. Targeting us, thinking we are weak is not right. And they  used certain words which should not be used. They told Muslims to ‘go to Pakistan' "", a student says.",en,[],[],[],1,37,47,[],[],https://twitter.com/prajwalmanipal/status/1215238905982701570,,,0,,Bangalore,,,,,,"{'user_id': '794794277016457216', 'username': 'prajwalmanipal'}",,,,
1215296967959445506,1215296967959445506,2020-01-09 09:39:10 CST,2020-01-09,09:39:10,-0500,2975994775,hebbaltrafficps,HEBBALA TRAFFIC PS,,"@DCPTrNorthBCP
@AddlCPTraffic
@acpnortheasttr
Traced wheeling Case on Airport road , Legal action follows https://t.co/sBxlyNTFXw",en,"['dcptrnorthbcp', 'addlcptraffic', 'acpnortheasttr']",[],['https://pbs.twimg.com/media/EN2aJcJU0AAvOg7.jpg'],3,5,10,[],[],https://twitter.com/hebbaltrafficps/status/1215296967959445506,,,1,https://pbs.twimg.com/media/EN2aJcJU0AAvOg7.jpg,Bangalore,,,,,,"{'user_id': '712153319091806208', 'username': 'DCPTrNorthBCP'}",,,,
1215313339393298432,1215313339393298432,2020-01-09 10:44:14 CST,2020-01-09,10:44:14,-0500,124208599,narendon,Naren Marol | ನರೇನ್ ಮರೋಳ,,I think people n students are losing it. Only Kashmirs know what they want it's ridiculous tat we sitting so far cry for it. There are Tons of issues locally. Unfortunately the same so called students never faught for Jobs for Locals or for Mahadayi. All politically motivated.,en,[],[],[],0,1,3,[],[],https://twitter.com/NarenDon/status/1215313339393298432,,https://twitter.com/rohith_simha/status/1215299763316219904,0,,Bangalore,,,,,,"{'user_id': None, 'username': None}",,,,
1215336146630107137,1215336146630107137,2020-01-09 12:14:51 CST,2020-01-09,12:14:51,-0500,938860129755136000,buddha2019,Ashok (2047--Acchedin 🤔),,"Me :, why our FM was not  present  in pre- budget  meeting? 

Bhakt :actually  she was present. But 
Modi  made  her invisible  to all the   anti nationalists!!!!",en,[],[],[],0,1,14,[],[],https://twitter.com/buddha2019/status/1215336146630107137,,,0,,Bangalore,,,,,,"{'user_id': None, 'username': None}",,,,
1215321527832301568,1215321527832301568,2020-01-09 11:16:46 CST,2020-01-09,11:16:46,-0500,178240117,anujmahendru,anuj mahendru,"{'type': 'Point', 'coordinates': [12.83722507, 77.65747514]}","Each step takes you closer to your goal. ♥
.
.
.
.
.

.
.
.

#anujstory @xiaomiindia #mobilephotography #birds #RedmiNote7Pro #ShotOnRedmi #xiaomi #travelwriter #travel #instatravel #travelgram #instago… https://t.co/2dVgt3p5Kk",en,['xiaomiindia'],['https://www.instagram.com/p/B7G2Gr0Fg4R/?igshid=1991mkvqejzz9'],[],0,1,1,"['anujstory', 'mobilephotography', 'birds', 'redminote7pro', 'shotonredmi', 'xiaomi', 'travelwriter', 'travel', 'instatravel', 'travelgram', 'instago']",[],https://twitter.com/anujmahendru/status/1215321527832301568,,,0,,Bangalore,,,,,,"{'user_id': None, 'username': None}",,,,
1215345618341597184,1215345618341597184,2020-01-09 12:52:30 CST,2020-01-09,12:52:30,-0500,136258686,ambriishp,Ambriish Palam,,"#HappyBirthdayHrithikRoshan 
Best Actor in the world...",en,[],[],[],0,2,1,['happybirthdayhrithikroshan'],[],https://twitter.com/ambriishp/status/1215345618341597184,,,0,,Bangalore,,,,,,"{'user_id': None, 'username': None}",,,,
1215312444748230656,1215312444748230656,2020-01-09 10:40:40 CST,2020-01-09,10:40:40,-0500,4911084924,prabhatisb,Prabha🇮🇳,,"These pidis @OfficeOfKNath freely abuse the relatives of the PM,do these spineless slaves have the guts to ask their boss,the Italian Maino about her glorious forefathers?Did these Italians take part in freedom struggle..@INCIndia #BaapDadaInsult",en,"['officeofknath', 'incindia']",[],[],0,2,6,['baapdadainsult'],[],https://twitter.com/prabhatisb/status/1215312444748230656,,,0,,Bangalore,,,,,,"{'user_id': None, 'username': None}",,,,
1215360573422043136,1215360573422043136,2020-01-09 13:51:55 CST,2020-01-09,13:51:55,-0500,1419972918,here_itsgowtham,🔥Gowtham Karthick🔥,,"#Darbar highlights:
@anirudhofficial s BGM
#TharamMaaraSingle picturisation
Railway station fight with #KannulaThimiru song
Hospital scene in between @rajinikanth and @i_nivethathomas 
Gym workout scene 
Thalaivar s energy level 💪💪🔥🔥",en,"['anirudhofficial', 'rajinikanth', 'i_nivethathomas']",[],[],0,1,7,"['darbar', 'tharammaarasingle', 'kannulathimiru']",[],https://twitter.com/here_itsgowtham/status/1215360573422043136,,,0,,Bangalore,,,,,,"{'user_id': None, 'username': None}",,,,
1215264565564329984,1215264565564329984,2020-01-09 07:30:25 CST,2020-01-09,07:30:25,-0500,466424551,v33riot,Mr-IoT,,"Content uploading for the last workshop and future workshop on IoT security 
Please keep check the link by the end of the next week content will updated completely

@Nullblr

https://t.co/N6PCmVtefB",en,['nullblr'],['https://github.com/V33RU/Null-Bangalore-IoT-Security-101-workshop'],[],0,2,10,[],[],https://twitter.com/v33riot/status/1215264565564329984,,,0,,Bangalore,,,,,,"{'user_id': None, 'username': None}",,,,
1215315762748936192,1215315762748936192,2020-01-09 10:53:51 CST,2020-01-09,10:53:51,-0500,4911084924,prabhatisb,Prabha🇮🇳,,Feroze Jehangir Ghandy's name is conveniently not revealed in any of the History texts!@OfficeOfKNath seems extremely proud of the baap daadas of Pappu! He is blind to their murky life..It's like opening a Pandora's box. #BaapDadaInsult,en,[],[],[],0,2,7,['baapdadainsult'],[],https://twitter.com/prabhatisb/status/1215315762748936192,,,0,,Bangalore,,,,,,"{'user_id': None, 'username': None}",,,,
1215324770083852288,1215324770083852288,2020-01-09 11:29:39 CST,2020-01-09,11:29:39,-0500,67353351,sandy_clicks,SANDY,,I will die laughing....,en,[],[],[],1,0,6,[],[],https://twitter.com/sandy_clicks/status/1215324770083852288,,https://twitter.com/News69India/status/1215244827866038272,0,,Bangalore,,,,,,"{'user_id': None, 'username': None}",,,,
1215258488047226880,1215258488047226880,2020-01-09 07:06:16 CST,2020-01-09,07:06:16,-0500,716460103189200896,azansari88,Abu Zarar Ansari,,"We are not going stop, until you revoke the bill. We will fight for our right peacefully. This is youth India, you haven't seen before @narendramodi @AmitShah @Sadiyas81098818 @AnsariKabiz @ANSARISADIYATA2 @abuinshara",en,"['narendramodi', 'amitshah', 'ansarikabiz', 'ansarisadiyata2', 'abuinshara']",[],[],0,3,5,[],[],https://twitter.com/AzAnsari88/status/1215258488047226880,,https://twitter.com/abuinshara/status/1215250851867967488,0,,Bangalore,,,,,,"{'user_id': None, 'username': None}",,,,
1215361416485490688,1215361416485490688,2020-01-09 13:55:16 CST,2020-01-09,13:55:16,-0500,382178001,desifuriosa_,Alka Bhardwaj,,Nailed it @RanvirShorey,en,['ranvirshorey'],[],[],1,0,1,[],[],https://twitter.com/DesiFuriosa_/status/1215361416485490688,,https://twitter.com/RanvirShorey/status/1215340730652086273,0,,Bangalore,,,,,,"{'user_id': None, 'username': None}",,,,
1215338247141740544,1215338247141740544,2020-01-09 12:23:12 CST,2020-01-09,12:23:12,-0500,140958551,bharath_nation,Gadigi Rakesh,,"When the whole India acknowledge Dr @swamy39's suggestions on economic revival . 

Modi Govt wants to get different solutions so that it should not get tallied with Dr Swamy views ... 

 🤔  @jagdishshetty @niku1630",en,"['swamy39', 'jagdishshetty', 'niku1630']",[],[],0,5,7,[],[],https://twitter.com/Bharath_Nation/status/1215338247141740544,,https://twitter.com/Vijaysubbu1/status/1215236448539930624,0,,Bangalore,,,,,,"{'user_id': None, 'username': None}",,,,
1215336191001686017,1215336191001686017,2020-01-09 12:15:02 CST,2020-01-09,12:15:02,-0500,276348690,vinyasshetty,Vinyas Shetty,,These Male Feminists are more annoying than Female Feminists!,en,[],[],[],0,0,11,[],[],https://twitter.com/vinyasshetty/status/1215336191001686017,,,0,,Bangalore,,,,,,"{'user_id': None, 'username': None}",,,,
1215314012474200064,1215314012474200064,2020-01-09 10:46:54 CST,2020-01-09,10:46:54,-0500,981857739067609088,flightofsand,Anne T. Fa,,"Note to self: I'm too ignorant, too isolated, too skeptical of any kind of nationalism, too physically and mentally compromised and basically too lazy to be a part of this historical moment. So get a grip and find a doom metal album to post about",en,[],[],[],1,0,7,[],[],https://twitter.com/flightofsand/status/1215314012474200064,,,0,,Bangalore,,,,,,"{'user_id': None, 'username': None}",,,,
1215327077865361410,1215327077865361410,2020-01-09 11:38:49 CST,2020-01-09,11:38:49,-0500,3171723252,brijeshkalappa,Brijesh Kalappa,,Is it true that @nsitharaman had gone out for a spin on Ola/Uber to assess millennials reluctance to buy a car when Modi Ji assembled a meeting of top industrialists?! #FindingNirmala,en,['nsitharaman'],[],[],1,3,18,['findingnirmala'],[],https://twitter.com/brijeshkalappa/status/1215327077865361410,,,0,,Bangalore,,,,,,"{'user_id': None, 'username': None}",,,,
1215363917079183360,1215363917079183360,2020-01-09 14:05:12 CST,2020-01-09,14:05:12,-0500,141858649,karthikjannu,Karthik Jannu,,"Epic! 

@vibha_sc @riddhamjain @RamKumar6569 @cvm_reddy @knowthenation",en,"['vibha_sc', 'riddhamjain', 'ramkumar6569', 'cvm_reddy', 'knowthenation']",[],[],0,1,3,[],[],https://twitter.com/KarthikJannu/status/1215363917079183360,,https://twitter.com/chintan20/status/1215299529655775232,0,,Bangalore,,,,,,"{'user_id': None, 'username': None}",,,,
1215266219646844933,1215266219646844933,2020-01-09 07:36:59 CST,2020-01-09,07:36:59,-0500,484383526,vijay_r_kumar,Vijay Kumar,,Thank you @ExynTech and @DockStreetBeer for bringing together two of my favorites- pale ale and drones.    Dock Street Brewery makes world's first drone-assisted beer in Philly | PhillyVoice https://t.co/4ojY48ryqd,en,"['exyntech', 'dockstreetbeer']",['https://www.phillyvoice.com/dock-street-brewery-philadelphia-drone-assisted-beer-exyn-technologies/'],[],2,9,30,[],[],https://twitter.com/vijay_r_kumar/status/1215266219646844933,,,0,,Bangalore,,,,,,"{'user_id': None, 'username': None}",,,,
1215313576727957505,1215313576727957505,2020-01-09 10:45:10 CST,2020-01-09,10:45:10,-0500,8805142,prempanicker,Prem Panicker,,"^sigh* @ShashiTharoor RTs something, that is an hour of my life gone squashing the creepy things that crawl out of the woodwork!",en,['shashitharoor'],[],[],0,1,52,[],[],https://twitter.com/prempanicker/status/1215313576727957505,,,0,,Bangalore,,,,,,"{'user_id': None, 'username': None}",,,,
1215326611618189312,1215326611618189312,2020-01-09 11:36:58 CST,2020-01-09,11:36:58,-0500,69979811,manikkinra,Manik Kinra,,Awesome @Sitashwa @getStockal,en,"['sitashwa', 'getstockal']",[],[],0,0,2,[],[],https://twitter.com/manikkinra/status/1215326611618189312,,https://twitter.com/CNBCTV18News/status/1215165647727947777,0,,Bangalore,,,,,,"{'user_id': None, 'username': None}",,,,
1215329942201716736,1215329942201716736,2020-01-09 11:50:12 CST,2020-01-09,11:50:12,-0500,276348690,vinyasshetty,Vinyas Shetty,,"A seasoned leader driven with indomitable will is serving the Nation and continue to do so ""With you, Without you or In-Spite of you"".
Listen Commies and Congis,
Your destructive agenda can't stop PM @narendramodi .
https://t.co/KBuzT2nS7k",en,['narendramodi'],['https://m.facebook.com/story.php?story_fbid=2942378959148338&id=100001287873457'],[],0,0,7,[],[],https://twitter.com/vinyasshetty/status/1215329942201716736,,,0,,Bangalore,,,,,,"{'user_id': None, 'username': None}",,,,
1215279728648585217,1215151678443286528,2020-01-09 08:30:40 CST,2020-01-09,08:30:40,-0500,485592829,kishore1443,Kishore V,,"@mani1972ias @HubliCityeGroup @Karnataka_DIPR @Hubballi_Infra @Office_of_BSY @CMofKarnataka To be frank n honest, @mani1972ias deserve national award.. and set example for others.. not everyone think like you n act..",en,"['mani1972ias', 'hublicityegroup', 'karnataka_dipr', 'hubballi_infra', 'office_of_bsy', 'cmofkarnataka', 'mani1972ias']",[],[],0,1,4,[],[],https://twitter.com/kishore1443/status/1215279728648585217,,,0,,Bangalore,,,,,,"{'user_id': '2148092742', 'username': 'Captain_Mani72'}",,,,
1215338926887407616,1215009849106407425,2020-01-09 12:25:54 CST,2020-01-09,12:25:54,-0500,101731215,docesha,unabashed consumer,,"@BabaGlocal @SrBachchan @AnupamPKher @RichaChadha @ReallySwara @sonamakapoor @FarOutAkhtar @deepikapadukone @anuragkashyap72 https://t.co/4ZWW4XhL9q
I want my This India back",en,"['babaglocal', 'srbachchan', 'anupampkher', 'richachadha', 'reallyswara', 'sonamakapoor', 'faroutakhtar', 'deepikapadukone', 'anuragkashyap72']",['https://youtu.be/hLbT87wegto'],[],1,0,3,[],[],https://twitter.com/docesha/status/1215338926887407616,,,0,,Bangalore,,,,,,"{'user_id': '348674113', 'username': 'BabaGlocal'}",,,,
1215345248492113920,1215345248492113920,2020-01-09 12:51:01 CST,2020-01-09,12:51:01,-0500,59177377,bharathjoshi,Bharath Joshi,,"But silence is also a balm; even the briefest retreat from the gnawing din of humanity can be spiritually and physiologically curative.

https://t.co/Hou05bvDSe",en,[],['https://www.newyorker.com/culture/cultural-comment/the-restorative-pause-of-silent-record-week?verso=true&mbid=social_twitter&utm_brand=tny&utm_medium=social&utm_source=twitter&utm_social-type=owned'],[],1,0,2,[],[],https://twitter.com/bharathjoshi/status/1215345248492113920,,,0,,Bangalore,,,,,,"{'user_id': None, 'username': None}",,,,
1215421952115924992,1215400008486391811,2020-01-09 17:55:49 CST,2020-01-09,17:55:49,-0500,851079984,startrapped,Aditya,,@nishanks94 I second this! The Shawn and Gus dynamic is lit,en,[],[],[],0,0,0,[],[],https://twitter.com/startrapped/status/1215421952115924992,,,0,,Bangalore,,,,,,"{'user_id': None, 'username': None}",,,,
1215326027301277696,1215326027301277696,2020-01-09 11:34:39 CST,2020-01-09,11:34:39,-0500,3171723252,brijeshkalappa,Brijesh Kalappa,,"One of the tallest BJP Leaders &amp;  importantly, Former HRD Minister M M Joshi calls for sacking of JNU VC 
https://t.co/5bKPpjAemu",en,[],['https://www.thehindu.com/news/national/jnu-violence-bjp-leader-murli-manohar-joshi-seeks-vice-chancellor-jagadesh-kumars-ouster/article30525146.ece'],[],2,0,6,[],[],https://twitter.com/brijeshkalappa/status/1215326027301277696,,,0,,Bangalore,,,,,,"{'user_id': None, 'username': None}",,,,
1215260664425603072,1215238374522589185,2020-01-09 07:14:55 CST,2020-01-09,07:14:55,-0500,330551203,maryamcrews,Maryam Crews,,@JennieH31968241 Amazing at her job and always humble. A role model for me (and many others) from Day 1 on my anaesthetic training at @LivHospitals,en,"['jennieh31968241', 'livhospitals']",[],[],0,1,2,[],[],https://twitter.com/MaryamCrews/status/1215260664425603072,,,0,,Bangalore,,,,,,"{'user_id': '842346407155634176', 'username': 'JennieH31968241'}",,,,
1215286819689918464,1215260362385154049,2020-01-09 08:58:51 CST,2020-01-09,08:58:51,-0500,272503721,macharajarao,M. S. Srinivasa Rao,,@INCIndia In INC women do  it to men,en,['incindia'],[],[],1,0,6,[],[],https://twitter.com/macharajarao/status/1215286819689918464,,,0,,Bangalore,,,,,,"{'user_id': '1153045459', 'username': 'INCIndia'}",,,,
1215370772165746689,1215366788399161344,2020-01-09 14:32:27 CST,2020-01-09,14:32:27,-0500,818751367305105409,wuntakall,Laxman,,@HarrisD63432503 @ParveenKader @ShababRabbani1 @siddiq_mifra Add.   Protecting Rapists &amp; murdering  victims.,en,"['harrisd63432503', 'parveenkader', 'shababrabbani1', 'siddiq_mifra']",[],[],1,1,2,[],[],https://twitter.com/WuntakalL/status/1215370772165746689,,,0,,Bangalore,,,,,,"{'user_id': '1129212526783270915', 'username': 'HarrisD63432503'}",,,,
1215387571787685889,1215253605768261632,2020-01-09 15:39:12 CST,2020-01-09,15:39:12,-0500,938860129755136000,buddha2019,Ashok (2047--Acchedin 🤔),,@salonayyy 😀😀😀😀 when  we can expect next video?,en,['salonayyy'],[],[],1,0,2,[],[],https://twitter.com/buddha2019/status/1215387571787685889,,,0,,Bangalore,,,,,,"{'user_id': '889414427786825728', 'username': 'salonayyy'}",,,,
1215347037580845056,1215347037580845056,2020-01-09 12:58:08 CST,2020-01-09,12:58:08,-0500,1089598801663397888,dm_deadman,TL,,"Aa jao fraaaands...

 The Empire Hotel!!! https://t.co/2bcb6yatde",en,[],[],['https://pbs.twimg.com/media/EN3HrDFVUAELAfO.jpg'],2,0,3,[],[],https://twitter.com/dm_deadman/status/1215347037580845056,,,1,https://pbs.twimg.com/media/EN3HrDFVUAELAfO.jpg,Bangalore,,,,,,"{'user_id': None, 'username': None}",,,,
1215329335080472581,1215328003518914560,2020-01-09 11:47:47 CST,2020-01-09,11:47:47,-0500,3279450828,heblenakul,Nakul,,"@OveeThorat Alma translates to nourishing. Hence, aloo mutter. ;)",en,['oveethorat'],[],[],1,0,2,[],[],https://twitter.com/heblenakul/status/1215329335080472581,,,0,,Bangalore,,,,,,"{'user_id': '1078238209241374720', 'username': 'OveeThorat'}",,,,
1215319513278767104,1215300999293759488,2020-01-09 11:08:46 CST,2020-01-09,11:08:46,-0500,929582875384594433,ajitasp_ajita,Ajita Pradhan,,@OldMonnk @tamashbeen_ Respect Respect Respect for the women of Shaheen bagh,en,"['oldmonnk', 'tamashbeen_']",[],[],0,0,4,[],[],https://twitter.com/ajitasp_ajita/status/1215319513278767104,,,0,,Bangalore,,,,,,"{'user_id': '150728806', 'username': 'OldMonnk'}",,,,
1215302823652413446,1215297788562423809,2020-01-09 10:02:27 CST,2020-01-09,10:02:27,-0500,127501941,iamfarahkhan,Farah Khan,,"@Koreaena @supriyadhaliwal We weren't 'allowed' to wear sleeveless clothes. I think that alone speaks volumes. Come to think of it, calling all the rules that were imposed on us, especially the boarders were regressive, sexist and alarmingly oppressive would be a huge understatement.",en,['supriyadhaliwal'],[],[],1,0,2,[],[],https://twitter.com/IamFarahKhan/status/1215302823652413446,,,0,,Bangalore,,,,,,"{'user_id': '711907661034422275', 'username': 'aenaarchy'}",,,,
1215300987012825088,1215297788562423809,2020-01-09 09:55:09 CST,2020-01-09,09:55:09,-0500,127501941,iamfarahkhan,Farah Khan,,"@Koreaena @supriyadhaliwal I for the life of me can't remember when and why but this one time something did happen and a bunch of us decided to tie a black band on our arms to show our dissent but as you would have it, our principal called it off and threatened to expel us.",en,['supriyadhaliwal'],[],[],2,0,2,[],[],https://twitter.com/IamFarahKhan/status/1215300987012825088,,,0,,Bangalore,,,,,,"{'user_id': '711907661034422275', 'username': 'aenaarchy'}",,,,
1215201539976859648,1214735356035100672,2020-01-09 03:19:59 CST,2020-01-09,03:19:59,-0500,1043877070353256449,suriyaveriyaan,சூர்யா வெறியன்🔥Ꭱꪫꤪꤨᥣᥱꪎ,,"@The_Kingmaker7 @thalapathy_ajk @VijayImmanuel6 @VijayImmanuel6 and u never put a
Word abt vijay fans when they where trolling... Abt this incident

Just sick minded people they just think from their point of view",en,"['the_kingmaker7', 'thalapathy_ajk', 'vijayimmanuel6', 'vijayimmanuel6']",[],[],0,1,4,[],[],https://twitter.com/suriyaveriyaan/status/1215201539976859648,,,0,,Bangalore,,,,,,"{'user_id': '965544861720956929', 'username': 'The_Kingmaker7'}",,,,
1215367476269072384,1215359415114584064,2020-01-09 14:19:21 CST,2020-01-09,14:19:21,-0500,128984274,singh_biswajeet,Biswajeet,,@AtulChicago Someone who have better hold among traders must be given ticket. Baaki lower segment main toh vote hai hi.,en,[],[],[],2,0,1,[],[],https://twitter.com/singh_biswajeet/status/1215367476269072384,,,0,,Bangalore,,,,,,"{'user_id': None, 'username': None}",,,,
1215319190682234880,1215280521892093953,2020-01-09 11:07:29 CST,2020-01-09,11:07:29,-0500,8805142,prempanicker,Prem Panicker,,"@satishkolls Donno about that because running something is s different skill set. Not saying he can't, merely that he likely needs to grow into it. But as an orator he is ace.",en,['satishkolls'],[],[],1,0,5,[],[],https://twitter.com/prempanicker/status/1215319190682234880,,,0,,Bangalore,,,,,,"{'user_id': '17740429', 'username': 'satishkolls'}",,,,
1215301236360003584,1215299652007817216,2020-01-09 09:56:08 CST,2020-01-09,09:56:08,-0500,890445696,_anirudhm,Anirudh,,@srijancse @Clarisights @anmolm_ loved the tiny booth! 😍,en,"['srijancse', 'clarisights', 'anmolm_']",[],[],1,0,3,[],[],https://twitter.com/_anirudhm/status/1215301236360003584,,,0,,Bangalore,,,,,,"{'user_id': '701267041265778688', 'username': 'srijancse'}",,,,
1215347964689838080,1215126252002000896,2020-01-09 13:01:49 CST,2020-01-09,13:01:49,-0500,2286417703,blrrocks,ತರ್ಲೆ 𝗧𝗵𝗶𝗺𝗺𝗮,,"@ips_patil Boss, isn't there verification protocol by banks?
I took 20,000 loan last year... They ripped my life history...
Come on....",en,['ips_patil'],[],[],0,0,2,[],[],https://twitter.com/BLRrocKS/status/1215347964689838080,,,0,,Bangalore,,,,,,"{'user_id': '1157684508704985088', 'username': 'ips_patil'}",,,,
1215355222035288065,1215175427586588674,2020-01-09 13:30:39 CST,2020-01-09,13:30:39,-0500,68230078,jamiehare,Jamie Hare,,@sooziverse @RangersFC @bengalurufc @WestBlockBlues @TheDiemCarper Suzy it’s been truly incredible. The experience of a lifetime,en,"['sooziverse', 'rangersfc', 'bengalurufc', 'westblockblues', 'thediemcarper']",[],[],0,0,4,[],[],https://twitter.com/jamiehare/status/1215355222035288065,,,0,,Bangalore,,,,,,"{'user_id': '883022744702603266', 'username': 'sooziverse'}",,,,
