id,conversation_id,created_at,date,time,timezone,user_id,username,name,place,tweet,language,mentions,urls,photos,replies_count,retweets_count,likes_count,hashtags,cashtags,link,retweet,quote_url,video,thumbnail,near,geo,source,user_rt_id,user_rt,retweet_id,reply_to,retweet_date,translate,trans_src,trans_dest
1228674992591659008,1228674992591659008,2020-02-15 07:38:40 CST,2020-02-15,07:38:40,-0500,3072761120,9962307adf904c5,ASX The Picture Perfect,,"✝️

Photography By : Naveen Asx
#streetphotography #photography #street #bnw #photooftheday #photo #travelphotography #photographer #travel #art #india #streetart #streetphoto #streetstyle #life #picoftheday #city #bw #architecture #urbanphotography #mm #ASX_The_Picture_Perfect https://t.co/morUPfa6q2",en,[],[],['https://pbs.twimg.com/media/EQ0hWuiUwAETigd.jpg'],0,2,2,"['streetphotography', 'photography', 'street', 'bnw', 'photooftheday', 'photo', 'travelphotography', 'photographer', 'travel', 'art', 'india', 'streetart', 'streetphoto', 'streetstyle', 'life', 'picoftheday', 'city', 'bw', 'architecture', 'urbanphotography', 'mm', 'asx_the_picture_perfect']",[],https://twitter.com/9962307adf904c5/status/1228674992591659008,,,1,https://pbs.twimg.com/media/EQ0hWuiUwAETigd.jpg,Bangalore,,,,,,"{'user_id': None, 'username': None}",,,,
1228682908459646982,1228682908459646982,2020-02-15 08:10:07 CST,2020-02-15,08:10:07,-0500,988409727552929793,kgfajithfans,KGF AJITH FANS KARNATAKA,,"Congrats @AjithNetwork 💐

Website Link! 🔗 🔥https://t.co/yQFqy8p27O

#AjithNetworkDotCom |#Valimai #ValimaiDiwali #ValimaiUpdate https://t.co/vQR1bj1ntO",en,['ajithnetwork'],['http://AjithNetwork.com'],['https://pbs.twimg.com/media/EQ0oliHW4AAaDzF.jpg'],1,22,28,"['ajithnetworkdotcom', 'valimai', 'valimaidiwali', 'valimaiupdate']",[],https://twitter.com/KGFAjithFans/status/1228682908459646982,,,1,https://pbs.twimg.com/media/EQ0oliHW4AAaDzF.jpg,Bangalore,,,,,,"{'user_id': None, 'username': None}",,,,
1228609683079876609,1228609683079876609,2020-02-15 03:19:09 CST,2020-02-15,03:19:09,-0500,74787719,manukumarjain,Manu Kumar Jain,,"What a beauty! ~100 years old #vintage #car that was driven by royal family. 👑

Driving a vintage car is like time travel. You get to experience what world looked like decades ago.

Amazed at this engineering marvel. It was a dream in someone's mind 100+ years ago.😍

#Xiaomi ❤️ https://t.co/5Ny8qQtUP3",en,[],[],['https://pbs.twimg.com/media/EQzl-MyVUAIxj6m.jpg'],46,85,1553,"['vintage', 'car', 'xiaomi']",[],https://twitter.com/manukumarjain/status/1228609683079876609,,,1,https://pbs.twimg.com/media/EQzl-MyVUAIxj6m.jpg,Bangalore,,,,,,"{'user_id': None, 'username': None}",,,,
1228780664910049280,1228780664910049280,2020-02-15 14:38:34 CST,2020-02-15,14:38:34,-0500,1208096738403160064,qjwrngytphapohk,raghav upadhyay,,KING IS ALWAYS A KING👑 ❤❤ wher is your john cena 🤣🤣 love you all #SidharthShukIa #SidHeart #SidharthShuklaForTheWin #SidharthKeAsliFan #VinduDaraSingh #KamyaPunjabi #ManveerGurjar #SambhavnaSeth #ManuPunjabi ❤🙏🙏 huge respect to all who supported sidharth shukla 🙏❤❤ https://t.co/lCvtX6L6dA,en,[],[],[],2,3,8,"['sidharthshukia', 'sidheart', 'sidharthshuklaforthewin', 'sidharthkeaslifan', 'vindudarasingh', 'kamyapunjabi', 'manveergurjar', 'sambhavnaseth', 'manupunjabi']",[],https://twitter.com/QjWRNgyTPhAPoHk/status/1228780664910049280,,,1,https://pbs.twimg.com/ext_tw_video_thumb/1228780293567332352/pu/img/Np4w-c9a4CMfq4zW.jpg,Bangalore,,,,,,"{'user_id': None, 'username': None}",,,,
1228766238404251648,1228766238404251648,2020-02-15 13:41:15 CST,2020-02-15,13:41:15,-0500,1166444989791948800,sustainme_in,sustainme.in®️,,"Going green #goinggreen 

shop at https://t.co/6vOzJxxFNX

#sustainme #GoGreen #FrightClub #Believe #go #shopify #Bangalore #tee #tshirts #tshirt #shop #economy #ecommerce #Live #fitnessmotivation #fit #Filmfare2020 #Tree #ClimateEmergency #ClimateStrike #Tamil #TamilNadu https://t.co/b2bgJjjEo1",en,[],['https://sustainme.in/'],[],0,1,3,"['goinggreen', 'sustainme', 'gogreen', 'frightclub', 'believe', 'go', 'shopify', 'bangalore', 'tee', 'tshirts', 'tshirt', 'shop', 'economy', 'ecommerce', 'live', 'fitnessmotivation', 'fit', 'filmfare2020', 'tree', 'climateemergency', 'climatestrike', 'tamil', 'tamilnadu']",[],https://twitter.com/sustainme_in/status/1228766238404251648,,,1,https://pbs.twimg.com/ext_tw_video_thumb/1228766203268583424/pu/img/FZ3-TSHVSHxsq7aw.jpg,Bangalore,,,,,,"{'user_id': None, 'username': None}",,,,
1228668945705492481,1228668945705492481,2020-02-15 07:14:38 CST,2020-02-15,07:14:38,-0500,917769322541535232,kaonlineskfans,Karnataka SKFC,,"#NewProfilePic 

ADVANCE HAPPY BIRTHDAY THALAIVAAA🥳🥳💐🤩
@Siva_Kartikeyan
#PrinceSKBdayTreatin2days https://t.co/FBwRCYE32n",en,['siva_kartikeyan'],[],['https://pbs.twimg.com/media/EQ0b30bUUAAhttr.jpg'],0,6,8,"['newprofilepic', 'princeskbdaytreatin2days']",[],https://twitter.com/KAonlineSKfans/status/1228668945705492481,,,1,https://pbs.twimg.com/media/EQ0b30bUUAAhttr.jpg,Bangalore,,,,,,"{'user_id': None, 'username': None}",,,,
1228752518177423360,1228752518177423360,2020-02-15 12:46:44 CST,2020-02-15,12:46:44,-0500,943593255408607232,apowerism,•𝓐𝓴𝓪𝓼𝓱 𝓟𝓸𝔀𝓮𝓻𝓲𝓼𝓶 •,,"Wish You A Very Happy Birthday @dasadarshan sir 😊💐👍❤️
Awesome teaser @dasadarshan sir
All the best team #Roberrt 😊👍
#HappyBirthdayDBoss
#RoberrtTeaser
@dasadarshan ❤️ https://t.co/7Zd6CzQ0DI",en,"['dasadarshan', 'dasadarshan', 'dasadarshan']",[],['https://pbs.twimg.com/media/EQ1n5aWU8AE3tJy.jpg'],0,9,46,"['roberrt', 'happybirthdaydboss', 'roberrtteaser']",[],https://twitter.com/APowerism/status/1228752518177423360,,,1,https://pbs.twimg.com/media/EQ1n5aWU8AE3tJy.jpg,Bangalore,,,,,,"{'user_id': None, 'username': None}",,,,
1228729835272298496,1228729835272298496,2020-02-15 11:16:36 CST,2020-02-15,11:16:36,-0500,304248501,rcbfanarmy,RCB Fan Army Official,,First match against KKR. Last two matches against CSK and MI.  Can't f**king wait 🔥,en,[],[],[],1,12,150,[],[],https://twitter.com/rcbfanarmy/status/1228729835272298496,,,0,,Bangalore,,,,,,"{'user_id': None, 'username': None}",,,,
1228724358740201472,1228724358740201472,2020-02-15 10:54:50 CST,2020-02-15,10:54:50,-0500,3293205524,satishmass88,Satish Anjaan,,"@tv9kannada soorarai pottru tv9 kannada news today @Sfckarnataka 
#sooraraipottruinkannada title update @rajsekarpandian Anna🙏🙏 #SooraraiPottru https://t.co/MKiaAhX6Pz",en,"['tv9kannada', 'sfckarnataka', 'rajsekarpandian']",[],[],0,32,42,"['sooraraipottruinkannada', 'sooraraipottru']",[],https://twitter.com/satishmass88/status/1228724358740201472,,,1,https://pbs.twimg.com/ext_tw_video_thumb/1228723963297054720/pu/img/LxTNqDubl0cBlG2a.jpg,Bangalore,,,,,,"{'user_id': '145540592', 'username': 'tv9kannada'}",,,,
1228771586359971840,1228771586359971840,2020-02-15 14:02:30 CST,2020-02-15,14:02:30,-0500,1076037642,tusharray77,Tushar ray,,"Winner winner....#SidharthShukIa ❤️❤️
Winner of the Historical season of #bigbosss13
We love @BeingSalmanKhan @RealVinduSingh @imanveergurjar ❤️❤️ https://t.co/kChdIv2RBr",en,"['beingsalmankhan', 'realvindusingh', 'imanveergurjar']",[],[],0,12,18,"['sidharthshukia', 'bigbosss13']",[],https://twitter.com/tusharray77/status/1228771586359971840,,,1,https://pbs.twimg.com/ext_tw_video_thumb/1228771358043074560/pu/img/T5ssNEoaDSM5udam.jpg,Bangalore,,,,,,"{'user_id': None, 'username': None}",,,,
1228758753874309120,1228758753874309120,2020-02-15 13:11:30 CST,2020-02-15,13:11:30,-0500,821392499885412354,mdshahu461,Mohammed Shahid,,"Both are winners ❤️
Asim _ HE MAKED HIS OWN KING EMPEROR
#AsimForTheWin 
Siddarth_ KING HIMSELF 🔥💯
#SidharthShuklaForTheWin ❤️💯 https://t.co/bPL2rLUQg1",en,[],[],['https://pbs.twimg.com/media/EQ1tkeXU4AAQz-d.jpg'],0,1,2,"['asimforthewin', 'sidharthshuklaforthewin']",[],https://twitter.com/Mdshahu461/status/1228758753874309120,,,1,https://pbs.twimg.com/media/EQ1tkeXU4AAQz-d.jpg,Bangalore,,,,,,"{'user_id': None, 'username': None}",,,,
1228586392059404288,1228586392059404288,2020-02-15 01:46:36 CST,2020-02-15,01:46:36,-0500,2755542607,suniltrishak,குந்தவை நாச்சியார் படை,,"#Trisha’s complete Action venture #ParamapadhamVilaiyattu Worldwide releasing on Feb 28..

@trishtrashers @nandaaactor @24HRSProductio3
@AmrishRocks1 @johnsoncinepro https://t.co/tRdml5QuIR",en,"['trishtrashers', '24hrsproductio3', 'amrishrocks1', 'johnsoncinepro']",[],['https://pbs.twimg.com/media/EQzQtPSU0AAV5fb.jpg'],0,6,24,"['trisha', 'paramapadhamvilaiyattu']",[],https://twitter.com/Suniltrishak/status/1228586392059404288,,,1,https://pbs.twimg.com/media/EQzQtPSU0AAV5fb.jpg,Bangalore,,,,,,"{'user_id': None, 'username': None}",,,,
1228600543376859136,1228600543376859136,2020-02-15 02:42:50 CST,2020-02-15,02:42:50,-0500,304248501,rcbfanarmy,RCB Fan Army Official,,"#RcbFanArmy - BE THERE!! 
https://t.co/6vzOiO7xY8",en,[],['https://m.crictracker.com/rcb-fan-army-to-organize-blood-donation-drive-on-sunday-for-kids-suffering-from-thalassemia/'],[],0,5,65,['rcbfanarmy'],[],https://twitter.com/rcbfanarmy/status/1228600543376859136,,,0,,Bangalore,,,,,,"{'user_id': None, 'username': None}",,,,
1228642154915844096,1228642154915844096,2020-02-15 05:28:11 CST,2020-02-15,05:28:11,-0500,1058901496077512704,bclipalumni,B.CLIP Alumni Association,,"#Bengaluru2.0
Walk for the future of Bengaluru!
2000+ footfall from all walks of life.
@BCLIPAlumni thanks the BCLIPians, College students, NSS participants, @citizensforblr @drashwathcn @ravichandar @srinualavilli @tarauk @BPACofficial @kiranshaw @TVMohandasPai @RevathyAshok https://t.co/4Ejb6BKyxb",en,"['bclipalumni', 'citizensforblr', 'drashwathcn', 'ravichandar', 'srinualavilli', 'tarauk', 'bpacofficial', 'kiranshaw', 'tvmohandaspai', 'revathyashok']",[],"['https://pbs.twimg.com/media/EQ0BejCUYAETtYT.jpg', 'https://pbs.twimg.com/media/EQ0CtxCUcAEDytg.jpg', 'https://pbs.twimg.com/media/EQ0DZ__U0AAnCPB.jpg', 'https://pbs.twimg.com/media/EQ0DhP6UEAAEqGZ.jpg']",2,10,29,['bengaluru2'],[],https://twitter.com/BCLIPAlumni/status/1228642154915844096,,,1,https://pbs.twimg.com/media/EQ0BejCUYAETtYT.jpg,Bangalore,,,,,,"{'user_id': None, 'username': None}",,,,
1228729607408381952,1228729607408381952,2020-02-15 11:15:41 CST,2020-02-15,11:15:41,-0500,304248501,rcbfanarmy,RCB Fan Army Official,,"ಹಬ್ಬ ಶುರು ಗುರು ♥️
Royal Challengers Bangalore Schedule of IPL 2020 🔥
@RCBTweets
.
.
.
#RcbFanArmy #RCB #IPL #IPL2020 #Bengaluru #Bengaluru https://t.co/FqRqBgOlt4",en,['rcbtweets'],[],['https://pbs.twimg.com/media/EQ1TDs4UEAAVVuE.jpg'],4,13,163,"['rcbfanarmy', 'rcb', 'ipl', 'ipl2020', 'bengaluru', 'bengaluru']",[],https://twitter.com/rcbfanarmy/status/1228729607408381952,,,1,https://pbs.twimg.com/media/EQ1TDs4UEAAVVuE.jpg,Bangalore,,,,,,"{'user_id': None, 'username': None}",,,,
1228669222336647168,1228669222336647168,2020-02-15 07:15:44 CST,2020-02-15,07:15:44,-0500,981857739067609088,flightofsand,Anne T. Fa,,WAS SHE ASKING FOR IT https://t.co/so9xi3UWS8,en,[],[],['https://pbs.twimg.com/media/EQ0b8NsUEAArOry.jpg'],0,0,2,[],[],https://twitter.com/flightofsand/status/1228669222336647168,,,1,https://pbs.twimg.com/media/EQ0b8NsUEAArOry.jpg,Bangalore,,,,,,"{'user_id': None, 'username': None}",,,,
1228766022653530112,1228766022653530112,2020-02-15 13:40:23 CST,2020-02-15,13:40:23,-0500,870619291611054080,zeeshan47383756,ذيشان𓃬,,"#BiasedBiggBoss Salman Khan has been hosting Bigg Boss for past 10 years. And he has been tagged as the biased host many times. This season was no different. Take a look at the times, when Salman Khan was accused of being biased due to his unfair judgement in all these years https://t.co/sE9QPFYqzq",en,[],[],"['https://pbs.twimg.com/media/EQ10Eu2UUAANpZ1.jpg', 'https://pbs.twimg.com/media/EQ10LzBU0AAQpjz.jpg']",1,46,31,['biasedbiggboss'],[],https://twitter.com/Zeeshan47383756/status/1228766022653530112,,,1,https://pbs.twimg.com/media/EQ10Eu2UUAANpZ1.jpg,Bangalore,,,,,,"{'user_id': None, 'username': None}",,,,
1228700768892403712,1228700768892403712,2020-02-15 09:21:06 CST,2020-02-15,09:21:06,-0500,929571371071422464,nammateamrcb,Namma Team RCB Official,,"Big Mo created mayhem at the Kingsmead Park, Durban yesterday against a potent Proteas bowling attack. 

The English all-rounder's brisk knock which included four sixes and three boundaries helped @englandcricket beat the Proteas in the 2nd T20I game.

#SAvENG #MoeenAli #PlayBold https://t.co/xFqMxggql7",en,['englandcricket'],[],['https://pbs.twimg.com/media/EQ04zlQVAAANwM1.jpg'],0,5,100,"['saveng', 'moeenali', 'playbold']",[],https://twitter.com/nammateamrcb/status/1228700768892403712,,,1,https://pbs.twimg.com/media/EQ04zlQVAAANwM1.jpg,Bangalore,,,,,,"{'user_id': None, 'username': None}",,,,
1228701966475255809,1228701966475255809,2020-02-15 09:25:51 CST,2020-02-15,09:25:51,-0500,418611179,gururajamk,Gururaja M ಗುರುರಾಜ ಎಂ,,"Gujarat Model broadcasting media, watch how it's Developed. 10 feet wall constructing to hide ...🤦🏻‍♂🤦🏻‍♂🤦🏻‍♂
#trumpvisit @Arjun_kannadiga @Kanagalogy",en,['kanagalogy'],[],[],0,2,12,['trumpvisit'],[],https://twitter.com/gururajamk/status/1228701966475255809,,,0,,Bangalore,,,,,,"{'user_id': None, 'username': None}",,,,
1228699606386532353,1228699606386532353,2020-02-15 09:16:28 CST,2020-02-15,09:16:28,-0500,938860129755136000,buddha2019,Ashok (2047--Acchedin 🤔),,One day sadguru will explain 5 million ton economy.,en,[],[],[],0,1,16,[],[],https://twitter.com/buddha2019/status/1228699606386532353,,,0,,Bangalore,,,,,,"{'user_id': None, 'username': None}",,,,
1228756209651437568,1228756209651437568,2020-02-15 13:01:24 CST,2020-02-15,13:01:24,-0500,738297455431712770,chandrakeerthim,Chandra Keerthi,,"This is what everybody was waiting for!! 
#Roberrt is a bomb 💥💥💥💣 
Mind blowing visuals and #DBoss @dasadarshan is a masterpiece. 
ಇವರು CLASSಗು MASSಗು #BOSS. 

https://t.co/c5Yblo6XNL https://t.co/jpQm6eOhXM",en,['dasadarshan'],['https://youtu.be/AqQ6bL7GOf0'],['https://pbs.twimg.com/media/EQ1rQpsVAAAtlkV.jpg'],0,8,27,"['roberrt', 'dboss', 'boss']",[],https://twitter.com/ChandraKeerthiM/status/1228756209651437568,,,1,https://pbs.twimg.com/media/EQ1rQpsVAAAtlkV.jpg,Bangalore,,,,,,"{'user_id': None, 'username': None}",,,,
1228684061507407872,1228684061507407872,2020-02-15 08:14:42 CST,2020-02-15,08:14:42,-0500,99985550,vinitagsingh,Vinita Singh Shetty,,"The inimitable @ShashiTharoor,  a wealth of knowledge and an unrivalled vocabulary - a full house as usual at the #CatholicClub discussing his book #TheNewWorldDisorder #niretalva #sameera https://t.co/vbzHNUPd3s",en,['shashitharoor'],[],['https://pbs.twimg.com/media/EQ0potKUUAE7mcG.jpg'],0,0,2,"['catholicclub', 'thenewworlddisorder', 'niretalva', 'sameera']",[],https://twitter.com/vinitagsingh/status/1228684061507407872,,,1,https://pbs.twimg.com/media/EQ0potKUUAE7mcG.jpg,Bangalore,,,,,,"{'user_id': None, 'username': None}",,,,
1228611313070329856,1228611313070329856,2020-02-15 03:25:38 CST,2020-02-15,03:25:38,-0500,59085158,neependra,Neependra Khare,,Akshay Mathur from @Xebia talking about how they used #Kubernetes to modernize an Indian Bank at pre #K8sForum meetup at @VMware office https://t.co/1W0ukE5gfa,en,"['xebia', 'vmware']",[],['https://pbs.twimg.com/media/EQznd3NUwAAVzHC.jpg'],0,3,15,"['kubernetes', 'k8sforum']",[],https://twitter.com/neependra/status/1228611313070329856,,,1,https://pbs.twimg.com/media/EQznd3NUwAAVzHC.jpg,Bangalore,,,,,,"{'user_id': None, 'username': None}",,,,
1228658970098683905,1228658970098683905,2020-02-15 06:35:00 CST,2020-02-15,06:35:00,-0500,51017723,nsunilv1168,sunil varma,,"I truly believe that #Cricket is a #game that definitely increases the bond bw d team. After some twists&amp;turns, Shots&amp;Wickets, #josh, and finally a Sin wave performance, CI team qualified for next round. 
@SAPAriba #makeSAPAribaIDCAwesome @sap4good
@SAP @LifeatSAP #corporatelife https://t.co/vZ8NY9YKVK",en,"['sapariba', 'sap4good', 'sap', 'lifeatsap']",[],"['https://pbs.twimg.com/media/EQ0SwL-UUAA9owg.jpg', 'https://pbs.twimg.com/media/EQ0SxUWU4AUP-Yp.jpg', 'https://pbs.twimg.com/media/EQ0Sx2AU0AAi-uZ.jpg', 'https://pbs.twimg.com/media/EQ0SzNCUUAA11px.jpg']",1,3,11,"['cricket', 'game', 'josh', 'makesaparibaidcawesome', 'corporatelife']",[],https://twitter.com/nsunilv1168/status/1228658970098683905,,,1,https://pbs.twimg.com/media/EQ0SwL-UUAA9owg.jpg,Bangalore,,,,,,"{'user_id': None, 'username': None}",,,,
1228580849508962304,1228580849508962304,2020-02-15 01:24:35 CST,2020-02-15,01:24:35,-0500,457293024,hemanth_idiot,Hemanth Kumar,,"Thank you so much 😊

All India Dhanush Fan's Club President Thiru. Subramanian Siva sir &amp; Secretary Thiru. Raja sir. 

By Hosur Town #Dhanush Fans Club, Krishnagiri Dist. 

@DirectorS_Shiva @B_RAJA_ @dhanush_chow3 @V4umedia_ @KanchiDistDFC @Madurai_TNDFC @DhanushismKK https://t.co/Soltneslsb",en,"['directors_shiva', 'b_raja_', 'dhanush_chow3', 'v4umedia_', 'kanchidistdfc', 'madurai_tndfc', 'dhanushismkk']",[],['https://pbs.twimg.com/media/EQzLwrEVUAAc2Qg.jpg'],0,5,27,['dhanush'],[],https://twitter.com/Hemanth_Idiot/status/1228580849508962304,,,1,https://pbs.twimg.com/media/EQzLwrEVUAAc2Qg.jpg,Bangalore,,,,,,"{'user_id': None, 'username': None}",,,,
1228766913255243776,1228766913255243776,2020-02-15 13:43:56 CST,2020-02-15,13:43:56,-0500,870619291611054080,zeeshan47383756,ذيشان𓃬,,"We all know Asim u r the best aur hum sabke liye tm hi #BiggBoss13winner ho #AsimDeservesTrophy 
Aur well done @imrealasim jaha apni value naa ho waha se self-respect leke hat jana chaiye ..
U r my hero ever ...
Nd don't worry #BiasedBiggBoss 
#BiasedBiggBoss #BiasedBiggBoss13 🤬 https://t.co/WvvWtvkV7i",en,['imrealasim'],[],['https://pbs.twimg.com/media/EQ10-sYVAAAy6TO.jpg'],0,6,5,"['biggboss13winner', 'asimdeservestrophy', 'biasedbiggboss', 'biasedbiggboss', 'biasedbiggboss13']",[],https://twitter.com/Zeeshan47383756/status/1228766913255243776,,,1,https://pbs.twimg.com/media/EQ10-sYVAAAy6TO.jpg,Bangalore,,,,,,"{'user_id': None, 'username': None}",,,,
1228697573818454017,1228697573818454017,2020-02-15 09:08:24 CST,2020-02-15,09:08:24,-0500,111025541,vivekkodira,Vivek kodira,,My number one reason for preferring ebooks over physical ones: covers like these. https://t.co/D0GJJ2Y2HD,en,[],[],['https://pbs.twimg.com/media/EQ017KLUcAEjJ31.jpg'],0,0,3,[],[],https://twitter.com/Vivekkodira/status/1228697573818454017,,,1,https://pbs.twimg.com/media/EQ017KLUcAEjJ31.jpg,Bangalore,,,,,,"{'user_id': None, 'username': None}",,,,
1228790024444862464,1228790024444862464,2020-02-15 15:15:46 CST,2020-02-15,15:15:46,-0500,744592927553249282,sowmyareddyr,Sowmya | ಸೌಮ್ಯ,,"Oh c’mon, @ArvindKejriwal ji,I thought I read an article somewhere that 60% of the women voted for you &amp; not a single woman in your cabinet!!!!?? Not cool, man..not cool. You have so many women MLAs, atleast 1? We are 50% of the population, sirji. @AtishiAAP didn’t do a good job?",en,"['arvindkejriwal', 'atishiaap']",[],[],10,33,125,[],[],https://twitter.com/Sowmyareddyr/status/1228790024444862464,,https://twitter.com/ArvindKejriwal/status/1228706573586853888,0,,Bangalore,,,,,,"{'user_id': None, 'username': None}",,,,
1228711768018391040,1228711768018391040,2020-02-15 10:04:48 CST,2020-02-15,10:04:48,-0500,3044107648,uptickr,Vashistha Iyer,,That “mother of all bull markets” took off 11 years ago and is still going strong... $NDX https://t.co/lO21NSgQXs,en,[],[],['https://pbs.twimg.com/media/EQ1C1b2U0AA5zuX.jpg'],3,2,10,[],['NDX'],https://twitter.com/uptickr/status/1228711768018391040,,https://twitter.com/Amit_Jeswani1/status/1228665600269881345,1,https://pbs.twimg.com/media/EQ1C1b2U0AA5zuX.jpg,Bangalore,,,,,,"{'user_id': None, 'username': None}",,,,
1228821921728323586,1228821921728323586,2020-02-15 17:22:31 CST,2020-02-15,17:22:31,-0500,751336560,suriya50movie,Rolex 🔥,,"#OhMyKadavule 
A worthy Riot Genre for @AshokSelvan &amp; @ritika_offl 😍😍😍
Cute Relationship Portrayal b/w Friends into Relationship. 
3.75/5
Music &amp; Visual Superb. 

@SakthiFilmFctry Yet Another Victory https://t.co/wuU80QPqM3",en,"['ashokselvan', 'ritika_offl', 'sakthifilmfctry']",[],['https://pbs.twimg.com/media/EQ2nBTjUwAAVDto.jpg'],0,2,3,['ohmykadavule'],[],https://twitter.com/Suriya50Movie/status/1228821921728323586,,,1,https://pbs.twimg.com/media/EQ2nBTjUwAAVDto.jpg,Bangalore,,,,,,"{'user_id': None, 'username': None}",,,,
1228679902565548032,1228679902565548032,2020-02-15 07:58:11 CST,2020-02-15,07:58:11,-0500,214674363,udayan_w,Udayan,,"All endurance sports like running, cycling, swimming etc. 

Where it's only you, with your thoughts, body and emotions make me experience something that I can never feel with any other form of workout. 

So much clarity, feels like meditation. ✨ https://t.co/Co18iw8GVg",en,[],[],['https://pbs.twimg.com/media/EQ0l1pEVUAAMq-y.jpg'],0,0,7,[],[],https://twitter.com/udayan_w/status/1228679902565548032,,,1,https://pbs.twimg.com/media/EQ0l1pEVUAAMq-y.jpg,Bangalore,,,,,,"{'user_id': None, 'username': None}",,,,
1228707922705674242,1228707922705674242,2020-02-15 09:49:31 CST,2020-02-15,09:49:31,-0500,68407725,sibmbengaluru,SIBM Bengaluru,,"The Alumnus Sibm Bengaluru, extended its reach to a new city via Delhi Chapter Meet.
With an objective to bring together all the alumni staying in Delhi-NCR region and work towards the mutual benefit of alumni,our institute &amp; students of SIBM Bengaluru.
#AlumnusofSibmB https://t.co/3vyQLnhOMI",en,[],[],"['https://pbs.twimg.com/media/EQ0_Tn3U0AEQnwR.jpg', 'https://pbs.twimg.com/media/EQ0_UdVU8AAglux.jpg', 'https://pbs.twimg.com/media/EQ0_VSoU0AAFhqV.jpg', 'https://pbs.twimg.com/media/EQ0_VegUwAA1tKW.jpg']",0,3,15,['alumnusofsibmb'],[],https://twitter.com/SIBMBengaluru/status/1228707922705674242,,,1,https://pbs.twimg.com/media/EQ0_Tn3U0AEQnwR.jpg,Bangalore,,,,,,"{'user_id': None, 'username': None}",,,,
1228791149009092608,1228791149009092608,2020-02-15 15:20:14 CST,2020-02-15,15:20:14,-0500,744592927553249282,sowmyareddyr,Sowmya | ಸೌಮ್ಯ,,I hope a certain someone is listening,en,[],[],[],0,3,18,[],[],https://twitter.com/Sowmyareddyr/status/1228791149009092608,,https://twitter.com/UNGeneva/status/1228788572834033664,0,,Bangalore,,,,,,"{'user_id': None, 'username': None}",,,,
1228598134651027456,1228598134651027456,2020-02-15 02:33:16 CST,2020-02-15,02:33:16,-0500,148652542,thekausarneyaz,Stupidous Maximus,,Every muslim in Modi's India is a potential PSA victim.,en,[],[],[],0,4,7,[],[],https://twitter.com/TheKausarNeyaz/status/1228598134651027456,,https://twitter.com/srivatsayb/status/1228597738599669760,0,,Bangalore,,,,,,"{'user_id': None, 'username': None}",,,,
1228752306591518720,1228752306591518720,2020-02-15 12:45:53 CST,2020-02-15,12:45:53,-0500,771778000949907456,thoogudeepa_tm,Thoogudeepa Group's - R,,"#RoberrtTeaser
Out Now: https://t.co/CkC4viQ9Co

Watch and share it as max as possible.. Wishing our beloved box office Sulthan @dasadarshan A wonderful happy birthday... May goddess chamundeshwari shower loads of happiness upon you boss.. 

Boss parva started https://t.co/V7dUfDtrPo",en,['dasadarshan'],['https://youtu.be/AqQ6bL7GOf0'],['https://pbs.twimg.com/media/EQ1ntABUYAAfYSs.jpg'],2,39,214,['roberrtteaser'],[],https://twitter.com/Thoogudeepa_TM/status/1228752306591518720,,,1,https://pbs.twimg.com/media/EQ1ntABUYAAfYSs.jpg,Bangalore,,,,,,"{'user_id': None, 'username': None}",,,,
1228706551155679233,1228706551155679233,2020-02-15 09:44:04 CST,2020-02-15,09:44:04,-0500,1209696164984942593,ushadev84350414,Usha Devi,,"#HiddenTruth_Of_Bible 
📖🙏Every person eating meat is a monster (devil) whether it is of any religion
Therefore Allah  did not order the meat to be eaten whether it be of any religion that eat meat and kill the creatures 👉🏻Allah is far away from them👇🏻",en,[],[],[],0,2,3,['hiddentruth_of_bible'],[],https://twitter.com/UshaDev84350414/status/1228706551155679233,,,0,,Bangalore,,,,,,"{'user_id': None, 'username': None}",,,,
1228703111679635456,1228703111679635456,2020-02-15 09:30:24 CST,2020-02-15,09:30:24,-0500,2794687724,saxsubbalaxmi,SaxophoneSubbalaxmi,,"2nd show in a day...  Performing now in @TajWestEnd, Bengaluru... Special thanks to @Tajhotels...  
Saree sponsor: @trivenisarees @SaxSubbalaxmi @LBR_KO @INDIASGOT @IndiasGotTalent https://t.co/SOO9oNNAMz",en,"['tajwestend', 'tajhotels', 'trivenisarees', 'saxsubbalaxmi', 'lbr_ko', 'indiasgot', 'indiasgottalent']",[],['https://pbs.twimg.com/media/EQ069Q4U8AA350K.jpg'],0,0,7,[],[],https://twitter.com/SaxSubbalaxmi/status/1228703111679635456,,,1,https://pbs.twimg.com/media/EQ069Q4U8AA350K.jpg,Bangalore,,,,,,"{'user_id': None, 'username': None}",,,,
1228629354927681538,1228629354927681538,2020-02-15 04:37:19 CST,2020-02-15,04:37:19,-0500,140782883,drvenkatrs,Dr Venkat Ramana Sudigali,,Fantastic food  @TajYeshwantpur. Thanks to Chef Selvaraj and chef Sudhakar for the personal care and attention to detail @TajHotels https://t.co/gdSjjsThTI,en,"['tajyeshwantpur', 'tajhotels']",[],['https://pbs.twimg.com/media/EQz33PYUcAE92P-.jpg'],1,0,10,[],[],https://twitter.com/DrVenkatRS/status/1228629354927681538,,,1,https://pbs.twimg.com/media/EQz33PYUcAE92P-.jpg,Bangalore,,,,,,"{'user_id': None, 'username': None}",,,,
1228746704477802496,1228746704477802496,2020-02-15 12:23:38 CST,2020-02-15,12:23:38,-0500,101984239,rajamass,Raja,,Currency notes are the biggest culprits in spreading diseases and microbial antibiotic resistance genes,en,[],[],[],1,1,4,[],[],https://twitter.com/Rajamass/status/1228746704477802496,,https://twitter.com/Trendulkar/status/1228728066341392386,0,,Bangalore,,,,,,"{'user_id': None, 'username': None}",,,,
1228760972061335552,1228760972061335552,2020-02-15 13:20:19 CST,2020-02-15,13:20:19,-0500,608492403,prav_mishra,Praveen Mishra,,#boycottcolorstv Bigg Boss is waste @BeingSalmanKhan you should stop this Colors #BiasedBiggBoss,en,['beingsalmankhan'],[],[],0,25,7,"['boycottcolorstv', 'biasedbiggboss']",[],https://twitter.com/prav_mishra/status/1228760972061335552,,,0,,Bangalore,,,,,,"{'user_id': None, 'username': None}",,,,
1228592556855836672,1228592556855836672,2020-02-15 02:11:06 CST,2020-02-15,02:11:06,-0500,59177377,bharathjoshi,Bharath Joshi,,"In a significant, politically-loaded move, Karnataka CM @BSYBJP wants to create a separate secretariat for Scheduled Tribes. @DeccanHerald https://t.co/uklhKJN6nK",en,"['bsybjp', 'deccanherald']",[],['https://pbs.twimg.com/media/EQzWaEeWkAMZZK3.jpg'],0,5,7,[],[],https://twitter.com/bharathjoshi/status/1228592556855836672,,,1,https://pbs.twimg.com/media/EQzWaEeWkAMZZK3.jpg,Bangalore,,,,,,"{'user_id': None, 'username': None}",,,,
1228768312592519168,1228768312592519168,2020-02-15 13:49:29 CST,2020-02-15,13:49:29,-0500,344276754,xennygrimmato_,Vaibhav Tulsyan,,Someone beat me to drawing and sharing this! :'(,en,[],[],[],0,0,15,[],[],https://twitter.com/xennygrimmato_/status/1228768312592519168,,https://twitter.com/BeingPractical/status/1228518661083844608,0,,Bangalore,,,,,,"{'user_id': None, 'username': None}",,,,
1228722358606688256,1228722358606688256,2020-02-15 10:46:53 CST,2020-02-15,10:46:53,-0500,732123699562700800,varsharaj_14,Varsha Raj,,"But we didn’t win, did we? Or do I not get the meaning of ‘Winning Pass of the Match Award’? 👀 Honestly asking. #KBFCBFC",en,[],[],[],1,2,11,['kbfcbfc'],[],https://twitter.com/VarshaRaj_14/status/1228722358606688256,,https://twitter.com/IndSuperLeague/status/1228717153257345024,0,,Bangalore,,,,,,"{'user_id': None, 'username': None}",,,,
1228632992160960512,1228632992160960512,2020-02-15 04:51:46 CST,2020-02-15,04:51:46,-0500,280139542,oberoid,Disha Oberoi,,Thrilled at the turn around time by the ministry on this story! #SrinivasaGowda,en,[],[],[],0,2,11,['srinivasagowda'],[],https://twitter.com/OberoiD/status/1228632992160960512,,https://twitter.com/KirenRijiju/status/1228598558506409984,0,,Bangalore,,,,,,"{'user_id': None, 'username': None}",,,,
1228722514018226176,1228722514018226176,2020-02-15 10:47:30 CST,2020-02-15,10:47:30,-0500,732123699562700800,varsharaj_14,Varsha Raj,,"Also, this had to happen soon. Sureshaaaa♥️ #KBFCBFC @SureshWangjam",en,['sureshwangjam'],[],[],1,0,17,['kbfcbfc'],[],https://twitter.com/VarshaRaj_14/status/1228722514018226176,,https://twitter.com/IndSuperLeague/status/1228717153257345024,0,,Bangalore,,,,,,"{'user_id': None, 'username': None}",,,,
1228713728352239616,1228713728352239616,2020-02-15 10:12:35 CST,2020-02-15,10:12:35,-0500,2607633386,gaadikey,GaadiKey,,"Post Supreme Court's rejection on extension of BS6 deadline, FADA humbly urges OEMs to stop billing BS4 vehicles to dealers helping faster liquidation. Shift to BS6 dispatches with Immediate effect - @FADA_India https://t.co/TXRK6YGwa1",en,['fada_india'],[],['https://pbs.twimg.com/media/EQ1EmD5UcAAGtty.jpg'],0,0,2,[],[],https://twitter.com/GaadiKey/status/1228713728352239616,,,1,https://pbs.twimg.com/media/EQ1EmD5UcAAGtty.jpg,Bangalore,,,,,,"{'user_id': None, 'username': None}",,,,
1228706269445312512,1228706269445312512,2020-02-15 09:42:57 CST,2020-02-15,09:42:57,-0500,1209696164984942593,ushadev84350414,Usha Devi,,"Eating meat is not God's order!
 👉🏻👉🏻Holy Bible (Genesis 1:29)
 The Lord has not provided meat for eating as much as the small tree with seeds for the food of the people and the trees which contain the seeds with fruits👇🏻 #HiddenTruth_Of_Bible",en,[],[],[],0,1,1,['hiddentruth_of_bible'],[],https://twitter.com/UshaDev84350414/status/1228706269445312512,,,0,,Bangalore,,,,,,"{'user_id': None, 'username': None}",,,,
1228760566048514048,1228760566048514048,2020-02-15 13:18:42 CST,2020-02-15,13:18:42,-0500,608492403,prav_mishra,Praveen Mishra,,One off the best biased show ever and best biased host award goes to @BeingSalmanKhan  bigg boss cheater #BiasedBiggBoss @ColorsTV,en,"['beingsalmankhan', 'colorstv']",[],[],1,19,14,['biasedbiggboss'],[],https://twitter.com/prav_mishra/status/1228760566048514048,,,0,,Bangalore,,,,,,"{'user_id': None, 'username': None}",,,,
1228722217602576385,1228722217602576385,2020-02-15 10:46:19 CST,2020-02-15,10:46:19,-0500,34906212,katranjeet,Ranjeet Kate,,#GullyBoy wins Best Music Album at #AmazonFilmfareAwards2020 @EditorLvk @venkteshbabu @vk_yatish,en,"['editorlvk', 'venkteshbabu', 'vk_yatish']",[],[],0,0,6,"['gullyboy', 'amazonfilmfareawards2020']",[],https://twitter.com/katranjeet/status/1228722217602576385,,https://twitter.com/filmfare/status/1228713965359755264,0,,Bangalore,,,,,,"{'user_id': None, 'username': None}",,,,
1228738717960921088,1228738717960921088,2020-02-15 11:51:53 CST,2020-02-15,11:51:53,-0500,53016121,vikrantshukla,Vikrant Shukla,,"#supermageman invites all the #magento enthusiasts in #Hyderabad to be part of the biggest #magentocommunity #magentomeetup event in the city on 29th Feb 2020. Excellent line of speakers with @josephmaxs @arunbansal @vikrantshukla Soniya Adhi and more. 

 https://t.co/Q6WOhxkHZS",en,"['arunbansal', 'vikrantshukla']",['https://lnkd.in/fdBfVHK'],[],2,5,15,"['supermageman', 'magento', 'hyderabad', 'magentocommunity', 'magentomeetup']",[],https://twitter.com/vikrantshukla/status/1228738717960921088,,,0,,Bangalore,,,,,,"{'user_id': None, 'username': None}",,,,
1228719181136199680,1228719181136199680,2020-02-15 10:34:15 CST,2020-02-15,10:34:15,-0500,16865395,ananthaforu,Anantha-Infinity,,"Why the #wall?
Because, just few months ago in Amrika, he said All Eez Well in India..
In 20+ Indian languages...
So..",en,[],[],[],0,3,2,['wall'],[],https://twitter.com/Ananthaforu/status/1228719181136199680,,,0,,Bangalore,,,,,,"{'user_id': None, 'username': None}",,,,
1228581029348200448,1228581029348200448,2020-02-15 01:25:17 CST,2020-02-15,01:25:17,-0500,280139542,oberoid,Disha Oberoi,,No dearth of good energies in the world. Let nobody convince us otherwise! ✨ #BajaateRaho @Redfmbengaluru @RedFMIndia,en,"['redfmbengaluru', 'redfmindia']",[],[],2,2,12,['bajaateraho'],[],https://twitter.com/OberoiD/status/1228581029348200448,,https://twitter.com/GangulyAmrita/status/1228555329656410112,0,,Bangalore,,,,,,"{'user_id': None, 'username': None}",,,,
1228757434396598273,1228757434396598273,2020-02-15 13:06:16 CST,2020-02-15,13:06:16,-0500,1561238683,nsherpuri,नीतीश शेरपुरी 🔥फायर ब्रांड बिहारी🔥,,"My dear friends and fellow champions!

We always WIN &amp; are on the winning side!

When I saw @sidharth_shukla in #BB13 within a week I knew he was the WINNER- for he was REAL!
Ive said frm my 1st interview til d end-SIDHARTH SHUKLA is the Man!👍

WE ARE THE CHAMPIONS MY FRIENDS!",en,['sidharth_shukla'],[],[],0,3,3,['bb13'],[],https://twitter.com/nsherpuri/status/1228757434396598273,,,0,,Bangalore,,,,,,"{'user_id': None, 'username': None}",,,,
1228642466200350720,1228642466200350720,2020-02-15 05:29:25 CST,2020-02-15,05:29:25,-0500,981857739067609088,flightofsand,Anne T. Fa,,"7th poem of the year

https://t.co/U3leytqssD",en,[],['https://jpsatmur.tumblr.com/post/190838292399/of-memory-feral-was-religion-before-its-gods'],[],0,0,2,[],[],https://twitter.com/flightofsand/status/1228642466200350720,,,0,,Bangalore,,,,,,"{'user_id': None, 'username': None}",,,,
1228636448493985792,1228607566093176832,2020-02-15 05:05:30 CST,2020-02-15,05:05:30,-0500,550183597,angelkkar,kiran Kotumbeerkar,,@king_ajaz786 @Ashabachchan @allaukhinaa @GangulySunetra @AneetaRadoja Wish her many many happy returns of the day 🎂🎂🎂🎂🎂🎂🎂🎂🎂🎂🎂🎂🎂🎂🎂🎂🎂🎂🍬🍬🍬🍬🍬🍬🍬🍬🍬🍬🍬🍬🍬🍫🍫🍫🍫🍫🍫🍫🍫🍫🍫🍫🍫🍫🍫🍫 https://t.co/DGX6SVw14d,en,"['king_ajaz786', 'ashabachchan', 'allaukhinaa', 'gangulysunetra', 'aneetaradoja']",[],['https://pbs.twimg.com/tweet_video_thumb/EQz-VBuUYAAp05n.jpg'],1,1,3,[],[],https://twitter.com/angelkkar/status/1228636448493985792,,,1,https://pbs.twimg.com/tweet_video_thumb/EQz-VBuUYAAp05n.jpg,Bangalore,,,,,,"{'user_id': '2871519094', 'username': 'king_ajaz786'}",,,,
1228671157521354754,1228671157521354754,2020-02-15 07:23:26 CST,2020-02-15,07:23:26,-0500,36637256,elizabeth_chen,Elizabeth Chen 陳 結 霞,,"I have this lingering deep sense of gratitude for the friends and colleagues at work. #engineers who build network architecture or deploy 5G or IoT solutions for Biggest Banks, Retailers, SPs &amp; their response to my #SOS for  #EmployeeExperience related queries. #LoveWhereYouWork",en,[],[],[],0,0,5,"['engineers', 'sos', 'employeeexperience', 'lovewhereyouwork']",[],https://twitter.com/Elizabeth_Chen/status/1228671157521354754,,,0,,Bangalore,,,,,,"{'user_id': None, 'username': None}",,,,
1228677061973168128,1228677061973168128,2020-02-15 07:46:53 CST,2020-02-15,07:46:53,-0500,153751247,monamidg,Monami,,Indiranagar 100 ft. road is basically a mall. 💁,en,[],[],[],1,0,14,[],[],https://twitter.com/MonamiDG/status/1228677061973168128,,,0,,Bangalore,,,,,,"{'user_id': None, 'username': None}",,,,
1228599692331642882,1228599692331642882,2020-02-15 02:39:27 CST,2020-02-15,02:39:27,-0500,716460103189200896,azansari88,Abu Zarar Ansari,,"Hello @sudhirchaudhary, u plz concentrate on ur journalism, &amp; try to rectify it before conveying wrong msg to people. Coz I don't want thz child to be spoiled by ur psycho mentality. He can b better thn u. u please find ur kinda goons &amp; andhbhakts. @abuinshara @Sadiyas81098818",en,"['sudhirchaudhary', 'abuinshara']",[],[],0,2,3,[],[],https://twitter.com/AzAnsari88/status/1228599692331642882,,https://twitter.com/sudhirchaudhary/status/1228569893663985664,0,,Bangalore,,,,,,"{'user_id': None, 'username': None}",,,,
1228709792400560130,1228709792400560130,2020-02-15 09:56:57 CST,2020-02-15,09:56:57,-0500,1134416164640022528,bopzies,ಶಿಶಿರ,,you know summer's around the corner when you switch from the warm winter blanket to the cool cotton razai mhmm,en,[],[],[],1,0,8,[],[],https://twitter.com/bopzies/status/1228709792400560130,,,0,,Bangalore,,,,,,"{'user_id': None, 'username': None}",,,,
1228796408574050309,1228796408574050309,2020-02-15 15:41:08 CST,2020-02-15,15:41:08,-0500,2343849914,rubonbanerjee,Parineeta Banerjee,,"Let everyone have this printed at their cubicles to least begin with 
https://t.co/SCJlgry2SA

#biases #cognitivediversity #WorkinProgress",en,[],['https://snip.ly/c2aee9?utm_content=116753182&utm_medium=social&utm_source=linkedin&hss_channel=lcp-969087#https://www.visualcapitalist.com/50-cognitive-biases-in-the-modern-world/'],[],1,0,3,"['biases', 'cognitivediversity', 'workinprogress']",[],https://twitter.com/rubonbanerjee/status/1228796408574050309,,,0,,Bangalore,,,,,,"{'user_id': None, 'username': None}",,,,
1228679450348290049,1228679450348290049,2020-02-15 07:56:23 CST,2020-02-15,07:56:23,-0500,1086628469285343232,shaafzubairi,Shaaf Ahmad Zubairi,,"If everything is not right then go left

@KarimiAmna",en,['karimiamna'],[],[],1,0,1,[],[],https://twitter.com/ShaafZubairi/status/1228679450348290049,,,0,,Bangalore,,,,,,"{'user_id': None, 'username': None}",,,,
1228710844013273090,1228710844013273090,2020-02-15 10:01:08 CST,2020-02-15,10:01:08,-0500,1134416164640022528,bopzies,ಶಿಶಿರ,,"how can nothing on Netflix pique my interest, am I THAT bored",en,[],[],[],0,0,7,[],[],https://twitter.com/bopzies/status/1228710844013273090,,,0,,Bangalore,,,,,,"{'user_id': None, 'username': None}",,,,
1228730469711335424,1228727410394202112,2020-02-15 11:19:07 CST,2020-02-15,11:19:07,-0500,73158756,ravi_sanath,Ravisanath,,@ShyamSPrasad #rrr admale #sss alwa so😉,en,['shyamsprasad'],[],[],1,1,7,"['rrr', 'sss']",[],https://twitter.com/ravi_sanath/status/1228730469711335424,,,0,,Bangalore,,,,,,"{'user_id': '337037054', 'username': 'ShyamSPrasad'}",,,,
1228764710679433218,1228764710679433218,2020-02-15 13:35:11 CST,2020-02-15,13:35:11,-0500,920190619942817793,gdgblr,GDG Bangalore,,REGISTER SOON : Flutter Bash | Hands-on 💙💙💙https://t.co/QUtcJmKcDS @voidnen @gdg @FlutterDev @GoogleDevsIN,en,"['voidnen', 'flutterdev', 'googledevsin']",['https://www.meetup.com/GDGBangalore/events/268517933/'],[],1,3,23,[],[],https://twitter.com/GDGBLR/status/1228764710679433218,,,0,,Bangalore,,,,,,"{'user_id': None, 'username': None}",,,,
1228781028761751552,1228781028761751552,2020-02-15 14:40:01 CST,2020-02-15,14:40:01,-0500,421395491,darshanbathija,Darshan Bathija,,I’m glad to be on the panel of @getnuo’s meetup on CeFi Meets DeFi. Come by if you’re in Bangalore tomorrow,en,['getnuo'],[],[],0,0,3,[],[],https://twitter.com/darshanbathija/status/1228781028761751552,,https://twitter.com/getnuo/status/1228246732024111104,0,,Bangalore,,,,,,"{'user_id': None, 'username': None}",,,,
1228747300681371648,1228747300681371648,2020-02-15 12:26:00 CST,2020-02-15,12:26:00,-0500,1057452466411728897,wings_blackswan,KT⁷ 💜 JIMIN DAY🥳,,"Congratulations @BTS_twt  for 24 Million followers on Twitter. Hope our family grows and we be there for each other.
💜💜💜💜",en,['bts_twt'],[],[],0,1,2,[],[],https://twitter.com/Wings_BlackSwan/status/1228747300681371648,,,0,,Bangalore,,,,,,"{'user_id': None, 'username': None}",,,,
1228643155655815168,1228643155655815168,2020-02-15 05:32:10 CST,2020-02-15,05:32:10,-0500,43335057,5hradha,Curl Fawkes,,The only dates I get are updates and that is very real,en,[],[],[],0,0,2,[],[],https://twitter.com/5hradha/status/1228643155655815168,,,0,,Bangalore,,,,,,"{'user_id': None, 'username': None}",,,,
1228715578833035265,1228715578833035265,2020-02-15 10:19:57 CST,2020-02-15,10:19:57,-0500,109892153,dammitdamini,Damini,,"If I see one more cheesy prewedding video on my FB timeline, I’m reporting abuse. 🚫",en,[],[],[],1,0,3,[],[],https://twitter.com/DammitDamini/status/1228715578833035265,,,0,,Bangalore,,,,,,"{'user_id': None, 'username': None}",,,,
1228738302166962176,1228738302166962176,2020-02-15 11:50:14 CST,2020-02-15,11:50:14,-0500,61758209,iim_bangalore,IIM Bangalore,,IIM Bangalore completes Final Placements. 518 offers to 428 students.,en,[],[],[],0,3,36,[],[],https://twitter.com/IIM_Bangalore/status/1228738302166962176,,,0,,Bangalore,,,,,,"{'user_id': None, 'username': None}",,,,
1228722357620985856,1228722357620985856,2020-02-15 10:46:53 CST,2020-02-15,10:46:53,-0500,440851947,sathishaks,Sathisha K S,,"Who benefitted the mist from the assassination of Gandhi?

Who benefitted the most from the death of Lal Bahadur Shastry?

Who benefitted the most from the killings of Indira Gandhi and Rajiv Gandhi?

The simple answer is Nehru Gandhi pariwar alone
@RahulGandhi  @INCIndia",en,"['rahulgandhi', 'incindia']",[],[],0,0,3,[],[],https://twitter.com/Sathishaks/status/1228722357620985856,,https://twitter.com/RahulGandhi/status/1228168595282071555,0,,Bangalore,,,,,,"{'user_id': None, 'username': None}",,,,
1228734669895557120,1228734669895557120,2020-02-15 11:35:48 CST,2020-02-15,11:35:48,-0500,319756290,random_wandom,Randomtraveller,,"@Farjigulzar From the TVF's Munna jazbati to Jitu bhaiya of Kota factory and now watching you giggling, smiling at @TheKapilSShow.. somehow i feel very proud. Keep growing mr. civil engineer.
Best regards
From a Mechanical engineer
#TheKapilSharmaShow #ShubhMangalZyadaSaavdhan",en,"['farjigulzar', 'thekapilsshow']",[],[],0,0,4,"['thekapilsharmashow', 'shubhmangalzyadasaavdhan']",[],https://twitter.com/random_wandom/status/1228734669895557120,,,0,,Bangalore,,,,,,"{'user_id': '135186449', 'username': 'jitendrajk06'}",,,,
1228683794305019904,1228683794305019904,2020-02-15 08:13:39 CST,2020-02-15,08:13:39,-0500,2501028364,nandu9177,Spidey boy,,"Help to My father suffering kidney and Stomach Cancer it's an Emergency please support us 🙏🙏
@khushsundar
@offl_Lawrence
@AndhraPradeshCM
@YSRCParty
@ysjagan
Upi Number 9177504493
https://t.co/WmmxT0YJ1j",en,"['khushsundar', 'offl_lawrence', 'andhrapradeshcm', 'ysrcparty', 'ysjagan']",['https://www.ketto.org/fundraiser/i-need-your-urgent-support-for-my-acute-kidney-rejection-post-transplant-treatment-160854?utm_source=internal&utm_medium=nativeShare&utm_campaign=i-need-your-urgent-support-for-my-acute-kidney-rejection-post-transplant-treatment-160854&utm_content=1318178&shby=1'],[],1,31,6,[],[],https://twitter.com/Nandu9177/status/1228683794305019904,,,0,,Bangalore,,,,,,"{'user_id': None, 'username': None}",,,,
1228742466448134144,1228666245152571392,2020-02-15 12:06:47 CST,2020-02-15,12:06:47,-0500,2887565550,krmanja123,K.R.MANJUNATH,,@vittal_vn @Ram_Guha We bangaloreans support CAA. It's a part of the civilizational struggle for Hindus.,en,"['vittal_vn', 'ram_guha']",[],[],2,1,29,[],[],https://twitter.com/krmanja123/status/1228742466448134144,,,0,,Bangalore,,,,,,"{'user_id': '3194986998', 'username': 'vittal_vn'}",,,,
1228589812694732802,1228589812694732802,2020-02-15 02:00:12 CST,2020-02-15,02:00:12,-0500,864646964,snnitya,Nityasri,,"I can relate to some of @sandipr's description of the past in https://t.co/W2kX5jvlda The 'sheltered' existence within relatively homogeneous communities, front porches aiding in relationship-building - all true. I know my parents' neighbours but none of mine.",en,['sandipr'],['https://www.livemint.com/mint-lounge/features/memories-of-what-a-jolly-street-11581661455481.html'],[],0,0,5,[],[],https://twitter.com/snnitya/status/1228589812694732802,,,0,,Bangalore,,,,,,"{'user_id': None, 'username': None}",,,,
1228764372257796096,1227633850626371584,2020-02-15 13:33:50 CST,2020-02-15,13:33:50,-0500,920190619942817793,gdgblr,GDG Bangalore,,@nlycskn Check out this Meetup: Flutter Bash | Hands-on https://t.co/QUtcJmKcDS,en,['nlycskn'],['https://www.meetup.com/GDGBangalore/events/268517933/'],[],0,1,5,[],[],https://twitter.com/GDGBLR/status/1228764372257796096,,,0,,Bangalore,,,,,,"{'user_id': '567162844', 'username': 'nlycskn'}",,,,
1228738520497307648,1228717706867826696,2020-02-15 11:51:06 CST,2020-02-15,11:51:06,-0500,21053150,raisesmoney,Generosity,,@OFemmeFataleZ Bloomberg/Harris wins. Hillary is toxic.,en,['ofemmefatalez'],[],[],0,0,3,[],[],https://twitter.com/RaisesMoney/status/1228738520497307648,,,0,,Bangalore,,,,,,"{'user_id': '1003644268756512769', 'username': 'OFemmeFataleZ'}",,,,
1228694491579609088,1228590422705885184,2020-02-15 08:56:09 CST,2020-02-15,08:56:09,-0500,2245326128,krishna55093931,Syntax Error,,"@Dr_Abhishek__ They are so cute, once see her innocent look",en,[],[],[],0,0,0,[],[],https://twitter.com/krishna55093931/status/1228694491579609088,,,0,,Bangalore,,,,,,"{'user_id': '990169391655354368', 'username': 'abhi_22_'}",,,,
1228767743769399296,1228761644127252480,2020-02-15 13:47:14 CST,2020-02-15,13:47:14,-0500,909684217,bornhyper__,SSS 🔆 ☀️✨,,"@_Rani_Dixit @Rush2220 @sidharth_shukla Congrats to the winner... infact final episode and all acts were also Sid - Sidra, Sidnaaz and Sid-Asim. He was in all acts",en,"['_rani_dixit', 'rush2220', 'sidharth_shukla']",[],[],1,2,2,[],[],https://twitter.com/BornHyper__/status/1228767743769399296,,,0,,Bangalore,,,,,,"{'user_id': '568614882', 'username': '_Rani_Dixit'}",,,,
1228760237600997376,1228699627840389120,2020-02-15 13:17:24 CST,2020-02-15,13:17:24,-0500,30337904,fantinetho,Fantine Tho,,@SriSri Gurudev 🌸✨ it is such an honor to be attending this Conference in a place I today call home. My heart is profoundly touched by the stories being shared and the lives of service being lived here.,en,['srisri'],[],[],0,2,13,[],[],https://twitter.com/fantinetho/status/1228760237600997376,,,0,,Bangalore,,,,,,"{'user_id': '61126132', 'username': 'SriSri'}",,,,
1228625553730572288,1228609459385028608,2020-02-15 04:22:13 CST,2020-02-15,04:22:13,-0500,712119920,athreyabn03,Athreya B N | ಆತ್ರೇಯ ಬಿ ಎನ್,,@drmsbc @IRSDC_Bangalore Sir for your kind information TNO. 66531 arrival and departure has been transferred to platform number 3 nearly from past a month or so. So people were confused watching on TV display that arrival is on pf7 n departure is on pf3. Today also train departed from pf3,en,"['drmsbc', 'irsdc_bangalore']",[],[],1,1,4,[],[],https://twitter.com/athreyabn03/status/1228625553730572288,,,0,,Bangalore,,,,,,"{'user_id': '3279388878', 'username': 'drmsbc'}",,,,
1228746420573749248,1228743453225312261,2020-02-15 12:22:30 CST,2020-02-15,12:22:30,-0500,2534389963,kalya1970,Shivakumar,,"@Vijayasingh351 @AskAnshul They should be thrown out of college forever, let them be sent to Pak, where they feel better, We will contribute for it, Please take to borders and drop them. Let them enjoy Pakistan",en,"['vijayasingh351', 'askanshul']",[],[],1,0,13,[],[],https://twitter.com/kalya1970/status/1228746420573749248,,,0,,Bangalore,,,,,,"{'user_id': '1206794630265597952', 'username': 'Vijayasingh351'}",,,,
1228675435912781824,1228669741784395776,2020-02-15 07:40:26 CST,2020-02-15,07:40:26,-0500,981857739067609088,flightofsand,Anne T. Fa,,@Shruti13409766 I am Jayaprakash destroyer of the most sublime and most important things,en,['shruti13409766'],[],[],1,0,3,[],[],https://twitter.com/flightofsand/status/1228675435912781824,,,0,,Bangalore,,,,,,"{'user_id': '1159386330373091330', 'username': 'Shruti13409766'}",,,,
1228736341287960577,1228705191492349952,2020-02-15 11:42:27 CST,2020-02-15,11:42:27,-0500,16363454,pdkamath,P D Kamath,,@LillyMaryPinto @ImSudhakarRao Now in Kashmir they cannot do such activities so they tested the water here but ended up with  police,en,"['lillymarypinto', 'imsudhakarrao']",[],[],0,1,4,[],[],https://twitter.com/pdkamath/status/1228736341287960577,,,0,,Bangalore,,,,,,"{'user_id': '2801729758', 'username': 'LillyMaryPinto'}",,,,
1228691209033408512,1228690188395638784,2020-02-15 08:43:06 CST,2020-02-15,08:43:06,-0500,2164751684,gunnervivs,Vivian Varun,,"@ltarsenal I know you hated to see Ramsey leave, but don't you think that bringing him back will disrupt the rebuilding process?
What's your thoughts on how we can still progress with Ramsey in the squad with high wage demands.",en,['ltarsenal'],[],[],0,0,1,[],[],https://twitter.com/GunnerVivs/status/1228691209033408512,,,0,,Bangalore,,,,,,"{'user_id': '850747214909423616', 'username': 'ltarsenal'}",,,,
1228737465038430209,1228694478095036416,2020-02-15 11:46:55 CST,2020-02-15,11:46:55,-0500,15464830,akshayalladi,Akshay Alladi,,@IndiaSpeaksPR Eating animals,en,['indiaspeakspr'],[],[],0,0,6,[],[],https://twitter.com/akshayalladi/status/1228737465038430209,,,0,,Bangalore,,,,,,"{'user_id': '429864309', 'username': 'IndiaSpeaksPR'}",,,,
1228611796564467712,1228355220687601664,2020-02-15 03:27:33 CST,2020-02-15,03:27:33,-0500,53687449,yudocaa,সায়ন চৌধুরী (Sayan Chowdhury),,@BishtPradhvan @_palnabarun Crash at my place,en,"['bishtpradhvan', '_palnabarun']",[],[],1,0,4,[],[],https://twitter.com/yudocaa/status/1228611796564467712,,,0,,Bangalore,,,,,,"{'user_id': '3234009343', 'username': 'BishtPradhvan'}",,,,
1228683415685173249,1228652103964545025,2020-02-15 08:12:08 CST,2020-02-15,08:12:08,-0500,306824900,deephat60,Pradeep Hattangadi 🇮🇳,,@SRKoti @Dr_RLBhatia @abcabslmf @MFBALA Congratulations Sir.,en,"['srkoti', 'dr_rlbhatia', 'abcabslmf', 'mfbala']",[],[],1,0,2,[],[],https://twitter.com/Deephat60/status/1228683415685173249,,,0,,Bangalore,,,,,,"{'user_id': '63405060', 'username': 'SRKoti'}",,,,
1228732393588019201,1228673194912968712,2020-02-15 11:26:46 CST,2020-02-15,11:26:46,-0500,6465802,pacificleo,Prashant Singh,,"@cnha Blendel , Basic Attention Token from Brave Browser",en,['cnha'],[],[],0,0,2,[],[],https://twitter.com/pacificleo/status/1228732393588019201,,,0,,Bangalore,,,,,,"{'user_id': '51717952', 'username': 'cnha'}",,,,
1228629447118655488,1227878539552120837,2020-02-15 04:37:41 CST,2020-02-15,04:37:41,-0500,156956895,rnivruti,Nivruti,,@MyWay88797299 @TwitterIndia @HarlinaSodhi @SwatiKJain @AdaniPriti @drsangitareddy Thank you so much dear Farhan @MyWay88797299 🙏🏼🙏🏼🙏🏼,en,"['twitterindia', 'harlinasodhi', 'swatikjain', 'adanipriti', 'drsangitareddy']",[],[],1,0,1,[],[],https://twitter.com/rnivruti/status/1228629447118655488,,,0,,Bangalore,,,,,,"{'user_id': '1038120161939738625', 'username': 'farhaan_tweets'}",,,,
1228672716510781441,1228162783205715968,2020-02-15 07:29:37 CST,2020-02-15,07:29:37,-0500,938860129755136000,buddha2019,Ashok (2047--Acchedin 🤔),,@archansr @NehaKoppula @arjundsage @shivangi21095 @The_veenaD Hell is a better place now because all sanghis are in cow belt.,en,"['archansr', 'nehakoppula', 'arjundsage', 'the_veenad']",[],[],0,0,2,[],[],https://twitter.com/buddha2019/status/1228672716510781441,,,0,,Bangalore,,,,,,"{'user_id': '135098069', 'username': 'archansr'}",,,,
1228697713715212288,1228298790345424899,2020-02-15 09:08:57 CST,2020-02-15,09:08:57,-0500,50554477,leofsaldanha,Leo Saldanha,,"@lasaniayunus @Asifyarrkhan This is when the captains of Indian IT sector whose companies populate the area must step out &amp; speak up.  It’s such vandals who become more brazen with police complicity&amp; attack vulnerable even more, particularly women.  Shame on u @hydcitypolice @cyberabadpolice.",en,"['lasaniayunus', 'asifyarrkhan', 'hydcitypolice', 'cyberabadpolice']",[],[],0,0,1,[],[],https://twitter.com/leofsaldanha/status/1228697713715212288,,,0,,Bangalore,,,,,,"{'user_id': '2353178454', 'username': 'YunusLasania'}",,,,
1228716893701201921,1227878539552120837,2020-02-15 10:25:10 CST,2020-02-15,10:25:10,-0500,156956895,rnivruti,Nivruti,,@MyWay88797299 @TwitterIndia @HarlinaSodhi @SwatiKJain @AdaniPriti @drsangitareddy Farhan!!!! Bless you,en,"['twitterindia', 'harlinasodhi', 'swatikjain', 'adanipriti', 'drsangitareddy']",[],[],1,0,2,[],[],https://twitter.com/rnivruti/status/1228716893701201921,,,0,,Bangalore,,,,,,"{'user_id': '1038120161939738625', 'username': 'farhaan_tweets'}",,,,
