id,conversation_id,created_at,date,time,timezone,user_id,username,name,place,tweet,language,mentions,urls,photos,replies_count,retweets_count,likes_count,hashtags,cashtags,link,retweet,quote_url,video,thumbnail,near,geo,source,user_rt_id,user_rt,retweet_id,reply_to,retweet_date,translate,trans_src,trans_dest
1287812351039664129,1287812351039664129,2020-07-27 13:09:25 CDT,2020-07-27,13:09:25,-0500,4538566158,srk_bangalore,SHAH RUKH KHAN FAN ASSOCIATION,,"Shah Rukh Khan ji !
I believe women are the most gentle, intelligent and sweet creatures ever created. Remember, there’s no life without woman 💃💃💃💃🙏 https://t.co/eLm2CwhTs6",en,[],[],['https://pbs.twimg.com/media/Ed86gf8UcAELxWq.jpg'],11,40,96,[],[],https://twitter.com/Srk_bangalore/status/1287812351039664129,,,1,https://pbs.twimg.com/media/Ed86gf8UcAELxWq.jpg,Bangalore,,,,,,"{'user_id': None, 'username': None}",,,,
1287701035734073344,1287701035734073344,2020-07-27 05:47:05 CDT,2020-07-27,05:47:05,-0500,74787719,manukumarjain,Manu Kumar Jain,,"3️⃣rd #NoteWorthy announcement of the day!

📢 MAX just got a whole lot BIGGER! 🤩

👉 8GB + 128GB variant of #RedmiNote9ProMax will go on sale for the 1️⃣st time this Wednesday!

📸 #64MP Quad Camera
🎮 SD 720G
🔋 5020mAh battery &amp; more

🔄 RT if you'll be getting one! ♥️ https://t.co/GqYLSITJOe",en,[],[],['https://pbs.twimg.com/media/Ed7VRFAUYAId5VF.jpg'],174,371,1212,"['noteworthy', 'redminote9promax', '64mp']",[],https://twitter.com/manukumarjain/status/1287701035734073344,,,1,https://pbs.twimg.com/media/Ed7VRFAUYAId5VF.jpg,Bangalore,,,,,,"{'user_id': None, 'username': None}",,,,
1287806993831350272,1287806993831350272,2020-07-27 12:48:08 CDT,2020-07-27,12:48:08,-0500,4538566158,srk_bangalore,SHAH RUKH KHAN FAN ASSOCIATION,,"You were born to be real, not to be perfect. You are here to be you, not to be what someone else wants you to be https://t.co/cfR2uHSByC",en,[],[],['https://pbs.twimg.com/media/Ed81or_U0AEyRSH.jpg'],8,36,62,[],[],https://twitter.com/Srk_bangalore/status/1287806993831350272,,,1,https://pbs.twimg.com/media/Ed81or_U0AEyRSH.jpg,Bangalore,,,,,,"{'user_id': None, 'username': None}",,,,
1287815682675990528,1287815682675990528,2020-07-27 13:22:39 CDT,2020-07-27,13:22:39,-0500,835620276,kaikholiriina,Kaikho Liriina,,"In another news, the paddy's are green and doing well, thanks to beautiful monsoon. Mom and best friend inspected the field today. #Manini #paddycultivation #nature #Maoculture #MaoGate #Manipur. https://t.co/4m1C1xLpEX",en,[],[],"['https://pbs.twimg.com/media/Ed89hRHUMAA-2lF.jpg', 'https://pbs.twimg.com/media/Ed89h8oUYAE0k_n.jpg']",3,4,39,"['manini', 'paddycultivation', 'nature', 'maoculture', 'maogate', 'manipur']",[],https://twitter.com/kaikholiriina/status/1287815682675990528,,,1,https://pbs.twimg.com/media/Ed89hRHUMAA-2lF.jpg,Bangalore,,,,,,"{'user_id': None, 'username': None}",,,,
1287749683876466689,1287749683876466689,2020-07-27 09:00:24 CDT,2020-07-27,09:00:24,-0500,981857739067609088,flightofsand,Anne T. Fa,,Dipping into this again https://t.co/CTm6clFGFL,en,[],[],['https://pbs.twimg.com/media/Ed8BgtaU0AA3cql.jpg'],1,1,12,[],[],https://twitter.com/flightofsand/status/1287749683876466689,,,1,https://pbs.twimg.com/media/Ed8BgtaU0AA3cql.jpg,Bangalore,,,,,,"{'user_id': None, 'username': None}",,,,
1287778693507461125,1287778693507461125,2020-07-27 10:55:40 CDT,2020-07-27,10:55:40,-0500,4713794868,suryasuresh4005,Suresh Rishi,,"Happy Birthday @dulQuer sir on behalf of Telugu superstar @urstrulyMahesh
 &amp; Fans 

#HappyBirthdayDULQUER https://t.co/zBBheNxtHr",en,"['dulquer', 'urstrulymahesh']",[],['https://pbs.twimg.com/media/Ed8b3YgU8AEIbag.jpg'],1,132,20,['happybirthdaydulquer'],[],https://twitter.com/suryasuresh4005/status/1287778693507461125,,,1,https://pbs.twimg.com/media/Ed8b3YgU8AEIbag.jpg,Bangalore,,,,,,"{'user_id': None, 'username': None}",,,,
1287817537363689472,1287817537363689472,2020-07-27 13:30:02 CDT,2020-07-27,13:30:02,-0500,1276932571255803904,its_ssr09,Sourav Singh Rajput,,"#SushantSingRajput ,#SanjanaSanghi ,great thanks to movie director #mukeshchhabra making this movie https://t.co/grZytBqeCS",en,[],[],['https://pbs.twimg.com/media/Ed8_ORqXgAIHQSr.jpg'],0,1,35,"['sushantsingrajput', 'sanjanasanghi', 'mukeshchhabra']",[],https://twitter.com/its_ssr09/status/1287817537363689472,,,1,https://pbs.twimg.com/media/Ed8_ORqXgAIHQSr.jpg,Bangalore,,,,,,"{'user_id': None, 'username': None}",,,,
1287828822742589440,1287828822742589440,2020-07-27 14:14:52 CDT,2020-07-27,14:14:52,-0500,1038073857041735681,bangalorerajadf,Raja Bangalore East Dhanush fans club,,"Happy Birthday dear 😘😘😘@dhanushkraja Anna  Love you ❤️😍 #SpreadLove 

#HappyBirthdayDhanush https://t.co/2ANWzB4fVz",en,['dhanushkraja'],[],['https://pbs.twimg.com/media/Ed9Je0rVoAAtRg2.jpg'],0,7,7,"['spreadlove', 'happybirthdaydhanush']",[],https://twitter.com/Bangalorerajadf/status/1287828822742589440,,,1,https://pbs.twimg.com/media/Ed9Je0rVoAAtRg2.jpg,Bangalore,,,,,,"{'user_id': None, 'username': None}",,,,
1287839842622046208,1287839842622046208,2020-07-27 14:58:40 CDT,2020-07-27,14:58:40,-0500,204456077,soyenthung,Soyenthung Khuvung,,"“Above all else, guard your heart, for everything you do flows from it.”
Proverbs 4:23",en,[],[],[],0,2,16,[],[],https://twitter.com/Soyenthung/status/1287839842622046208,,,0,,Bangalore,,,,,,"{'user_id': None, 'username': None}",,,,
1287748889911599105,1287748889911599105,2020-07-27 08:57:15 CDT,2020-07-27,08:57:15,-0500,74787719,manukumarjain,Manu Kumar Jain,,"📢 5️⃣th &amp; final #NoteWorthy announcement of the day! 🤩

Introducing #MiProtectiveGlass certified by @corninggorilla 🦍 for #RedmiNote9Pro &amp; #RedmiNote9ProMax. 🥳

#HighestQuality screen protectors, on sale from 3️⃣0️⃣th, exclusively on https://t.co/pMj1r7lwp8! 😎

#Xiaomi️ ❤️ https://t.co/TYUXekJHrb",en,['corninggorilla'],['http://mi.com'],['https://pbs.twimg.com/media/Ed8AykbUwAAM8gB.jpg'],87,278,1145,"['noteworthy', 'miprotectiveglass', 'redminote9pro', 'redminote9promax', 'highestquality', 'xiaomi️']",[],https://twitter.com/manukumarjain/status/1287748889911599105,,,1,https://pbs.twimg.com/media/Ed8AykbUwAAM8gB.jpg,Bangalore,,,,,,"{'user_id': None, 'username': None}",,,,
1287736673355218944,1287736673355218944,2020-07-27 08:08:42 CDT,2020-07-27,08:08:42,-0500,74787719,manukumarjain,Manu Kumar Jain,,"📢 4️⃣th #NoteWorthy announcement: Mi Fans, introducing an all-new 4GB +128GB variant for #RedmiNote9Pro - the #PerformanceBeast! 😎

Going on sale for the very 1️⃣st time tomorrow at 1️⃣2️⃣ noon on https://t.co/pMj1r7lwp8 &amp; @amazonIN! 🤩

👉 Get notified now: https://t.co/YDh4Fva7OM https://t.co/NcMbnDZdGo",en,['amazonin'],"['http://mi.com', 'http://bit.ly/note9provariant']",['https://pbs.twimg.com/media/Ed71rbhU8AIrNQY.jpg'],73,313,1040,"['noteworthy', 'redminote9pro', 'performancebeast']",[],https://twitter.com/manukumarjain/status/1287736673355218944,,,1,https://pbs.twimg.com/media/Ed71rbhU8AIrNQY.jpg,Bangalore,,,,,,"{'user_id': None, 'username': None}",,,,
1287783231148810240,1287783231148810240,2020-07-27 11:13:42 CDT,2020-07-27,11:13:42,-0500,3313108482,getpitstopin,Pitstop 🚗,,"The thought of all our happy customers is what keeps us motivated to keep going. 🙌
Our team is more than pleased to learn of your high praise. Thank you Mr.Ganesh, we hope to serve you again soon.👨‍🔧🚙

#happycustomers #carcare #happy #CustomerExperience #MondayMood #getpitstop https://t.co/3kZLQ4Fubq",en,[],[],['https://pbs.twimg.com/media/Ed8gBLMUEAEBLAg.jpg'],0,1,6,"['happycustomers', 'carcare', 'happy', 'customerexperience', 'mondaymood', 'getpitstop']",[],https://twitter.com/getpitstopin/status/1287783231148810240,,,1,https://pbs.twimg.com/media/Ed8gBLMUEAEBLAg.jpg,Bangalore,,,,,,"{'user_id': None, 'username': None}",,,,
1287803828469825536,1287803828469825536,2020-07-27 12:35:33 CDT,2020-07-27,12:35:33,-0500,3275451842,amitmnath,Amit Kumar 🇮🇳,,"How to utilise #Sitecore #SXA #OOTB components,Analyze #Content / #Page  structure to build websites from Mark van Aalst (@markvanaalst) and Sebastian Winter (@lovesitecore)  https://t.co/Uc5F1P3O5W
#sitecorecommunity  #LearnSitecore https://t.co/ookZhpHgAG",en,"['markvanaalst', 'lovesitecore']",['https://youtu.be/4SxLVw7eD8w'],['https://pbs.twimg.com/media/Ed8ywbpUMAAOjjP.jpg'],0,3,11,"['sitecore', 'sxa', 'ootb', 'content', 'page', 'sitecorecommunity', 'learnsitecore']",[],https://twitter.com/AmitMnath/status/1287803828469825536,,,1,https://pbs.twimg.com/media/Ed8ywbpUMAAOjjP.jpg,Bangalore,,,,,,"{'user_id': None, 'username': None}",,,,
1287817734114275328,1287817734114275328,2020-07-27 13:30:48 CDT,2020-07-27,13:30:48,-0500,717764460715192320,iamshrey26,Shreyas,,"Happiest bday @dulQuer you are the only best thing happened in quarantine life.. started watching your movies and day by day I completely turned into diehard fan of yours..💛
Lots of love from Bangalore ❤️
#HappybirthdayDulquerSalmaan ♥️♥️♥️♥️ https://t.co/2uUpc4ERg3",en,['dulquer'],[],['https://pbs.twimg.com/media/Ed8_XYDUcAEaPfs.jpg'],0,97,38,['happybirthdaydulquersalmaan'],[],https://twitter.com/iamshrey26/status/1287817734114275328,,,1,https://pbs.twimg.com/media/Ed8_XYDUcAEaPfs.jpg,Bangalore,,,,,,"{'user_id': None, 'username': None}",,,,
1287801320712224769,1287801320712224769,2020-07-27 12:25:35 CDT,2020-07-27,12:25:35,-0500,990363781,rexrao52,rexrao52🇮🇳,,How utterly revolting ! How can you peddle this ?,en,[],[],[],1,5,9,[],[],https://twitter.com/rexrao52/status/1287801320712224769,,https://twitter.com/_pallavighosh/status/1287779867640180736,0,,Bangalore,,,,,,"{'user_id': None, 'username': None}",,,,
1287814979354103809,1287814979354103809,2020-07-27 13:19:52 CDT,2020-07-27,13:19:52,-0500,1283742329979801604,yasyas__s,• YasYas •,,"Finally the 2 PIL’s have filed 5th &amp; 6th , the court is about to hear this Matter @ 11:40AM Before , Till now we struggled a lot to postpone KCET , finally we depends on the court verdict tomorrow . So hope for the best . 🙏
#postponekcet2020
#postponekarnatakacet
@drashwathcn https://t.co/5JoEbSIr9K",en,['drashwathcn'],[],['https://pbs.twimg.com/media/Ed885EkUwAAL3mT.jpg'],0,14,20,"['postponekcet2020', 'postponekarnatakacet']",[],https://twitter.com/yasyas__s/status/1287814979354103809,,,1,https://pbs.twimg.com/media/Ed885EkUwAAL3mT.jpg,Bangalore,,,,,,"{'user_id': None, 'username': None}",,,,
1287780861522219022,1287780861522219022,2020-07-27 11:04:17 CDT,2020-07-27,11:04:17,-0500,1095609418564087809,nebsportsepl,NEB Sports Entertainment Pvt. Ltd.,,"Congratulations to the winners of the Daily Lucky Draw on Day 02.

Thank you for participating!

Team TrySquad Team 2 
Team Mile Missionaries
Team Bhatia's 

#FutureFearless #NEBSports #FourtnightRun #InItTogether https://t.co/RIsvZZXDTV",en,[],[],['https://pbs.twimg.com/media/Ed8d3ZQU0AAD3bp.jpg'],0,1,4,"['futurefearless', 'nebsports', 'fourtnightrun', 'inittogether']",[],https://twitter.com/NEBSportsEPL/status/1287780861522219022,,,1,https://pbs.twimg.com/media/Ed8d3ZQU0AAD3bp.jpg,Bangalore,,,,,,"{'user_id': None, 'username': None}",,,,
1287754606185873408,1287754606185873408,2020-07-27 09:19:58 CDT,2020-07-27,09:19:58,-0500,348515066,raginidwivedi24,👑 Ragini Dwivedi 👑,,"His actions have inspired lakhs of Kannadigas to dream more, learn more, do more and become more. While others complained about the wind, He helped Karnataka adjusts the sails. Congrats Sir for indispensable leadership @BSYBJP @BJP4Karnataka https://t.co/xtn9E0zY1g",en,"['bsybjp', 'bjp4karnataka']",[],"['https://pbs.twimg.com/media/Ed8F-nUU0AAtQ7b.jpg', 'https://pbs.twimg.com/media/Ed8F-nUUYAAXMXk.jpg', 'https://pbs.twimg.com/media/Ed8F-nXU8AU3PfV.jpg']",1,13,254,[],[],https://twitter.com/raginidwivedi24/status/1287754606185873408,,,1,https://pbs.twimg.com/media/Ed8F-nUU0AAtQ7b.jpg,Bangalore,,,,,,"{'user_id': None, 'username': None}",,,,
1287829795359752194,1287829795359752194,2020-07-27 14:18:44 CDT,2020-07-27,14:18:44,-0500,250495841,nmenonrao,Nirupama Menon Rao 🇮🇳,,#ChallengeAccepted what a lovely trend for #sisterhood and #WomenSupportingWomen @BDUTT @MenakaGuruswamy @aparnaswarup @kiranshaw @srajagopalan https://t.co/wcEWWmnvfL,en,"['bdutt', 'menakaguruswamy', 'aparnaswarup', 'kiranshaw', 'srajagopalan']",[],['https://pbs.twimg.com/media/Ed9KXoCUcAEM17a.jpg'],2,4,72,"['challengeaccepted', 'sisterhood', 'womensupportingwomen']",[],https://twitter.com/NMenonRao/status/1287829795359752194,,https://twitter.com/BDUTT/status/1287817705718820865,1,https://pbs.twimg.com/media/Ed9KXoCUcAEM17a.jpg,Bangalore,,,,,,"{'user_id': None, 'username': None}",,,,
1287787201095274502,1287787201095274502,2020-07-27 11:29:29 CDT,2020-07-27,11:29:29,-0500,176300188,damsicles_,Dâmÿ,,one of the many many perks of being at home during the lockdown https://t.co/0mt5yn7t8N,en,[],[],['https://pbs.twimg.com/media/Ed8jojUVoAE_pQo.jpg'],1,0,9,[],[],https://twitter.com/damsicles_/status/1287787201095274502,,,1,https://pbs.twimg.com/media/Ed8jojUVoAE_pQo.jpg,Bangalore,,,,,,"{'user_id': None, 'username': None}",,,,
1287724578785996801,1287724578785996801,2020-07-27 07:20:39 CDT,2020-07-27,07:20:39,-0500,1266727572957618176,gpksss_pavagada,ಗಡಿನಾಡು ಪಾವಗಡ ಕಿಚ್ಚ ಸುದೀಪ್ ಅಭಿಮಾನಿ ಬಳಗ (ರಿ)®™,,"Biggest trend of the year awaits you all !!
Mark the dates🔥
August 29th 6pm to August 30th 6pm 
@KicchaSudeep #Phantom @KSSS_Official_ @anupsbhandari @JackManjunath @BOSPavagada https://t.co/49V1mecS7C",en,"['kicchasudeep', 'ksss_official_', 'anupsbhandari', 'jackmanjunath']",[],[],1,6,8,['phantom'],[],https://twitter.com/GPKSSS_Pavagada/status/1287724578785996801,,,1,https://pbs.twimg.com/ext_tw_video_thumb/1287724465145536512/pu/img/emg3ALSbkheXQt_9.jpg,Bangalore,,,,,,"{'user_id': None, 'username': None}",,,,
1287790045206728704,1287790045206728704,2020-07-27 11:40:47 CDT,2020-07-27,11:40:47,-0500,258012996,edbidangi,Vijesh,,"StoryBoxes is such an interesting concept.. 🙌

The face itself serves as a QR code btw, to learn more about the person being featured. https://t.co/Cpkvss2xMf",en,[],[],['https://pbs.twimg.com/media/Ed8mOE3VoAErB5L.jpg'],1,1,5,[],[],https://twitter.com/edbidangi/status/1287790045206728704,,,1,https://pbs.twimg.com/media/Ed8mOE3VoAErB5L.jpg,Bangalore,,,,,,"{'user_id': None, 'username': None}",,,,
1287827333626249216,1287827333626249216,2020-07-27 14:08:57 CDT,2020-07-27,14:08:57,-0500,199557564,jagchin,JAGDISH CHINNAPPA,,How many storage devices in this picture ? https://t.co/AToyKMqvzT,en,[],[],['https://pbs.twimg.com/media/Ed9IIU3UwAAm19S.jpg'],6,0,6,[],[],https://twitter.com/jagchin/status/1287827333626249216,,,1,https://pbs.twimg.com/media/Ed9IIU3UwAAm19S.jpg,Bangalore,,,,,,"{'user_id': None, 'username': None}",,,,
1287789663302778881,1287789663302778881,2020-07-27 11:39:16 CDT,2020-07-27,11:39:16,-0500,258012996,edbidangi,Vijesh,,"Amazon has started using paper-like sticky tape, instead of plastic ones.
Kudos to Amazon! 🙌 https://t.co/AhwfGObz7c",en,[],[],['https://pbs.twimg.com/media/Ed8l32OUcAAPwOd.jpg'],0,0,7,[],[],https://twitter.com/edbidangi/status/1287789663302778881,,,1,https://pbs.twimg.com/media/Ed8l32OUcAAPwOd.jpg,Bangalore,,,,,,"{'user_id': None, 'username': None}",,,,
1287781506446811136,1287781506446811136,2020-07-27 11:06:51 CDT,2020-07-27,11:06:51,-0500,3813257775,oliviap_b,Olivia PB 🦧🕷️,,"To make matters worse/funnier, she was a *rescue dog*",en,[],[],[],2,2,12,[],[],https://twitter.com/oliviap_b/status/1287781506446811136,,https://twitter.com/ohchrissavidge/status/1287374659642691585,0,,Bangalore,,,,,,"{'user_id': None, 'username': None}",,,,
1287753807309361152,1287753807309361152,2020-07-27 09:16:47 CDT,2020-07-27,09:16:47,-0500,228420453,vishweshwarbhat,Vishweshwar Bhat,,Vishwavani sunset edition today https://t.co/OmdyKBxSaU,en,[],[],['https://pbs.twimg.com/media/Ed8FPZfVAAA0XJI.jpg'],3,2,56,[],[],https://twitter.com/VishweshwarBhat/status/1287753807309361152,,,1,https://pbs.twimg.com/media/Ed8FPZfVAAA0XJI.jpg,Bangalore,,,,,,"{'user_id': None, 'username': None}",,,,
1287788571441520641,1287788571441520641,2020-07-27 11:34:56 CDT,2020-07-27,11:34:56,-0500,56329134,chiranandani,Chicco Hiranandani,,"Whether it’s listening to your colleagues on the other end of a call or listening to your favorite music, make sure that is all you hear. 

The @shure Aonic 50 is now available in #India. Head over to @Headphone_Zone, they are moving fast!

#ShureIndia #SoundExtraordinary https://t.co/BCOF2HMGfN",en,"['shure', 'headphone_zone']",[],['https://pbs.twimg.com/media/Ed8k4GQUYAk-x6F.jpg'],0,0,4,"['india', 'shureindia', 'soundextraordinary']",[],https://twitter.com/chiranandani/status/1287788571441520641,,,1,https://pbs.twimg.com/media/Ed8k4GQUYAk-x6F.jpg,Bangalore,,,,,,"{'user_id': None, 'username': None}",,,,
1287706273241133056,1287706273241133056,2020-07-27 06:07:54 CDT,2020-07-27,06:07:54,-0500,52071445,kavearchavali,Kavea,,"I am not big on challenges but this is special as I got tagged by 2 amazingly strong women . 

 #ChallengeAccepted @rubeenas @tanyachopra08 ❤️❤️ 

#blackandwhite #mondaythoughts https://t.co/MzX3loBdwz",en,"['rubeenas', 'tanyachopra08']",[],['https://pbs.twimg.com/media/Ed7aBZwUEAALrN8.jpg'],2,0,13,"['challengeaccepted', 'blackandwhite', 'mondaythoughts']",[],https://twitter.com/KaveaRChavali/status/1287706273241133056,,,1,https://pbs.twimg.com/media/Ed7aBZwUEAALrN8.jpg,Bangalore,,,,,,"{'user_id': None, 'username': None}",,,,
1287871552705290240,1287871552705290240,2020-07-27 17:04:40 CDT,2020-07-27,17:04:40,-0500,422609038,kavisa9,Dr.Kavisa Ghosh (카비샤)(PhD) (DK9) 🇮🇳👩‍🏫👩‍🔬,,"This is too cute! 
#MTVHottest BTS @BTS_twt",en,['bts_twt'],[],[],0,2,3,['mtvhottest'],[],https://twitter.com/Kavisa9/status/1287871552705290240,,https://twitter.com/pjmsmiley/status/1287223057078075393,0,,Bangalore,,,,,,"{'user_id': None, 'username': None}",,,,
1287737845835128832,1287737845835128832,2020-07-27 08:13:22 CDT,2020-07-27,08:13:22,-0500,387029745,kashyapnandan_,kashyap Nandan,,whooping  800 odd case in Balllari as far as i know 50% contributed from JSW,en,[],[],[],0,4,7,[],[],https://twitter.com/kashyapnandan_/status/1287737845835128832,,https://twitter.com/anusharavi10/status/1287737047264817152,0,,Bangalore,,,,,,"{'user_id': None, 'username': None}",,,,
1287760525363826689,1287760525363826689,2020-07-27 09:43:29 CDT,2020-07-27,09:43:29,-0500,2376586644,juiceandchats,Kiran R V Gowda,,"All new episodes coming soon! 
#Heng_pung_lee",en,[],[],[],0,0,1,['heng_pung_lee'],[],https://twitter.com/juiceandchats/status/1287760525363826689,,https://twitter.com/astitvam/status/1287644513473724417,0,,Bangalore,,,,,,"{'user_id': None, 'username': None}",,,,
1287805114124705792,1287805114124705792,2020-07-27 12:40:40 CDT,2020-07-27,12:40:40,-0500,2160835274,abhishek_r_h,Abhishek🚩🇮🇳,,"A proud moment for all Hindus and once in a millenium event 👌👌🙏🙏 
#RamBhumiPujanBlockade",en,[],[],[],0,0,4,['rambhumipujanblockade'],[],https://twitter.com/abhishek_r_h/status/1287805114124705792,,https://twitter.com/ARanganathan72/status/1287760630439481344,0,,Bangalore,,,,,,"{'user_id': None, 'username': None}",,,,
1287791805841281024,1287791805841281024,2020-07-27 11:47:47 CDT,2020-07-27,11:47:47,-0500,51412225,iamchika14,okoli ᐯᗩᒪEᑎTIᑎE ᑕᕼIKᗩ,,Misfortune seldom intrudes upon the wise man; his greatest and highest interests are directed by reason throughout the course of life.,en,[],[],[],1,3,6,[],[],https://twitter.com/iamchika14/status/1287791805841281024,,,0,,Bangalore,,,,,,"{'user_id': None, 'username': None}",,,,
1287844222842712064,1287844222842712064,2020-07-27 15:16:04 CDT,2020-07-27,15:16:04,-0500,3253860308,jtndrprksh,Jiten,,Be ready to watch one more high voltage drama from our secular politicians and liberals in july 29. When Rafale Jets will arive at Ambala Station and when airforce will do the induction ceremony using coconut and a tilak on aircraft.  #Rafales #RafaleJets,en,[],[],[],0,0,4,"['rafales', 'rafalejets']",[],https://twitter.com/jtndrprksh/status/1287844222842712064,,,0,,Bangalore,,,,,,"{'user_id': None, 'username': None}",,,,
1287777964818444294,1287777964818444294,2020-07-27 10:52:47 CDT,2020-07-27,10:52:47,-0500,1057978826,prasadkarwa,Prasad Karwa,,I have a nice joke but your joke is the best! 👏🏻👏🏻,en,[],[],[],0,1,17,[],[],https://twitter.com/PrasadKarwa/status/1287777964818444294,,https://twitter.com/anulekhaboosa/status/1287654712217501696,0,,Bangalore,,,,,,"{'user_id': None, 'username': None}",,,,
1287806036271697921,1287806036271697921,2020-07-27 12:44:19 CDT,2020-07-27,12:44:19,-0500,4713794868,suryasuresh4005,Suresh Rishi,,"Team #SarkaruVaariPaata is gearing up for Superstar @urstrulyMahesh birthday on August 9th. Reportedly, the team is planning to release an audio byte with a dialogue from the Superstar. Cast and crew details also to be revealed!

#MaheshBabu @ParasuramPetla @MusicThaman",en,"['urstrulymahesh', 'parasurampetla', 'musicthaman']",[],[],0,4,3,"['sarkaruvaaripaata', 'maheshbabu']",[],https://twitter.com/suryasuresh4005/status/1287806036271697921,,,0,,Bangalore,,,,,,"{'user_id': None, 'username': None}",,,,
1287765861499977733,1287765861499977733,2020-07-27 10:04:41 CDT,2020-07-27,10:04:41,-0500,34906212,katranjeet,Ranjeet Kate,,"VK, in partnership with P&amp;G’s Pampers, educated young Karnataka moms on BabyCare 👶!Well articulated success story @venkteshbabu",en,['venkteshbabu'],[],[],0,3,17,[],[],https://twitter.com/katranjeet/status/1287765861499977733,,https://twitter.com/INMAorg/status/1287690474204139521,0,,Bangalore,,,,,,"{'user_id': None, 'username': None}",,,,
1287803614354788359,1287802969337917441,2020-07-27 12:34:42 CDT,2020-07-27,12:34:42,-0500,795724453,bhaskarg77g,Bhaskar G 🇮🇳,,@chitrapadhi @RajeshTamret @ranganaathan @MrRao_RB @Shawshanko Lovely!! Happy birthday Rajesh bhaiya have a wonderful and blessed year ahead https://t.co/9wbKxzxVAY,en,"['chitrapadhi', 'rajeshtamret', 'ranganaathan', 'mrrao_rb', 'shawshanko']",[],['https://pbs.twimg.com/tweet_video_thumb/Ed8yjjsUcAANHU3.jpg'],1,3,1,[],[],https://twitter.com/Bhaskarg77G/status/1287803614354788359,,,1,https://pbs.twimg.com/tweet_video_thumb/Ed8yjjsUcAANHU3.jpg,Bangalore,,,,,,"{'user_id': '4168598846', 'username': 'chitrapadhi'}",,,,
1287788982827233294,1287788982827233294,2020-07-27 11:36:34 CDT,2020-07-27,11:36:34,-0500,965619136238776320,vasudha__k,Vasudha Kaukuntla,,"To enjoy rains is a privilege. Sitting at home, sipping tea, getting all nostalgic. It’s a privilege.",en,[],[],[],0,1,12,[],[],https://twitter.com/Vasudha__K/status/1287788982827233294,,,0,,Bangalore,,,,,,"{'user_id': None, 'username': None}",,,,
1287685056585035778,1287685056585035778,2020-07-27 04:43:36 CDT,2020-07-27,04:43:36,-0500,176300188,damsicles_,Dâmÿ,,"I am bawling, I'd give anything for an oth reboot
I'm not joking",en,[],[],[],0,0,2,[],[],https://twitter.com/damsicles_/status/1287685056585035778,,https://twitter.com/japrilinstead/status/1287482543638343681,0,,Bangalore,,,,,,"{'user_id': None, 'username': None}",,,,
1287817956991176705,1287817956991176705,2020-07-27 13:31:42 CDT,2020-07-27,13:31:42,-0500,92047203,raksha_bhat,Raksha K Bhat MD CIC 🔬(She/her),,"What's that one hard hitting lesson this CoVID pandemic taught you professionally?

For me:

Not many doctors are doctors because they found their calling!

#sadbuttrue #COVID19Pandemic
#IDTwitter #AcademicChatter #MedTwitter",en,[],[],[],2,0,5,"['sadbuttrue', 'covid19pandemic', 'idtwitter', 'academicchatter', 'medtwitter']",[],https://twitter.com/Raksha_Bhat/status/1287817956991176705,,,0,,Bangalore,,,,,,"{'user_id': None, 'username': None}",,,,
1287744503755862016,1287744503755862016,2020-07-27 08:39:49 CDT,2020-07-27,08:39:49,-0500,2765891696,trikkurmahesh,Mahesh B,,Many important points in few words. Schools are now factory lines than centre of excellence. Great blog by @RMCpost as usual. https://t.co/BrEWaTman8,en,['rmcpost'],['http://www.mediacrooks.com/2020/07/covid-online-classroom-farce.html?m=1'],[],0,3,1,[],[],https://twitter.com/trikkurmahesh/status/1287744503755862016,,,0,,Bangalore,,,,,,"{'user_id': None, 'username': None}",,,,
1287747915545325568,1287747915545325568,2020-07-27 08:53:22 CDT,2020-07-27,08:53:22,-0500,129773863,mahitwietshere,MahiTwiets,,You and the best version of you should be good enough!,en,[],[],[],0,0,4,[],[],https://twitter.com/mahitwietshere/status/1287747915545325568,,https://twitter.com/alexpaulmenon/status/1287680161450582018,0,,Bangalore,,,,,,"{'user_id': None, 'username': None}",,,,
1287774883200397315,1287774883200397315,2020-07-27 10:40:32 CDT,2020-07-27,10:40:32,-0500,1057978826,prasadkarwa,Prasad Karwa,,"It’s been a tough journey. But very interesting. 

:)",en,[],[],[],0,1,10,[],[],https://twitter.com/PrasadKarwa/status/1287774883200397315,,https://twitter.com/RashminPulekar/status/1287774063771791360,0,,Bangalore,,,,,,"{'user_id': None, 'username': None}",,,,
1287753836250030081,1287753836250030081,2020-07-27 09:16:54 CDT,2020-07-27,09:16:54,-0500,981857739067609088,flightofsand,Anne T. Fa,,"If this is a thousand years hence...
A new poem

https://t.co/0690nAH6kO",en,[],['https://jpsatmur.tumblr.com/post/624803701268283393/others-can-if-they-want-write-to-long-dead'],[],0,0,2,[],[],https://twitter.com/flightofsand/status/1287753836250030081,,,0,,Bangalore,,,,,,"{'user_id': None, 'username': None}",,,,
1287820440166162433,1287820440166162433,2020-07-27 13:41:34 CDT,2020-07-27,13:41:34,-0500,269405565,shashanksinger,Shashank Sheshagiri Official,,God/Boss/Anna/Life  @dasadarshan anna😍😍😍,en,['dasadarshan'],[],[],0,2,40,[],[],https://twitter.com/ShashankSinger/status/1287820440166162433,,https://twitter.com/dasadarshan/status/1287606178952798208,0,,Bangalore,,,,,,"{'user_id': None, 'username': None}",,,,
1287801484701130753,1287801484701130753,2020-07-27 12:26:14 CDT,2020-07-27,12:26:14,-0500,122464277,sourabhsanyal,Sourabh Sanyal,,The modern era great! Name is @JontyRhodes8 ! He used to be the shaktiman of world cricket. Can reach anywhere with blink of eye &amp; can do anything on field. The ball cant escape him ;),en,['jontyrhodes8'],[],[],0,1,6,[],[],https://twitter.com/sourabhsanyal/status/1287801484701130753,,https://twitter.com/ESPNcricinfo/status/1287598587312996357,0,,Bangalore,,,,,,"{'user_id': None, 'username': None}",,,,
1287711265238814720,1287711265238814720,2020-07-27 06:27:44 CDT,2020-07-27,06:27:44,-0500,2288490336,hashankaranaray,H.A.Shankaranarayana,,"She is an insult to Ambedkar, Daliths &amp; Bahujans...!!!",en,[],[],[],0,0,4,[],[],https://twitter.com/HAShankaranaray/status/1287711265238814720,,https://twitter.com/Bharatashree/status/1287660296580943872,0,,Bangalore,,,,,,"{'user_id': None, 'username': None}",,,,
1287730895005159427,1287730895005159427,2020-07-27 07:45:44 CDT,2020-07-27,07:45:44,-0500,220911750,drjavedrasheed,Dr.Javed Rasheed,,"“Contentment is natural wealth, luxury is artificial poverty.”
- Socrates",en,[],[],[],0,0,4,[],[],https://twitter.com/drjavedrasheed/status/1287730895005159427,,,0,,Bangalore,,,,,,"{'user_id': None, 'username': None}",,,,
1287836030674931712,1287836030674931712,2020-07-27 14:43:31 CDT,2020-07-27,14:43:31,-0500,1065326140905025536,_gbemisolab,Oluwagbemisola,,"- Bf needed.
- 6 months contract .
- Minimum of 2 years experience.
- Entanglement not allowed .",en,[],[],[],7,0,7,[],[],https://twitter.com/_GbemisolaB/status/1287836030674931712,,,0,,Bangalore,,,,,,"{'user_id': None, 'username': None}",,,,
1287666438837166080,1287665977308508162,2020-07-27 03:29:37 CDT,2020-07-27,03:29:37,-0500,4207745233,gunduhuduga,GunduHuduga| ಗುಂಡು ಹುಡುಗ|🕉,,@donotreply2384 @rajadri4u Wooow so fast 👌🏼👌🏼👌🏼awesome .... happy reading ... consumption of my order has just started .. https://t.co/xcze7sp9XX,en,['rajadri4u'],[],['https://pbs.twimg.com/media/Ed61yPFVAAEY7mx.jpg'],1,0,2,[],[],https://twitter.com/GunduHuDuGa/status/1287666438837166080,,,1,https://pbs.twimg.com/media/Ed61yPFVAAEY7mx.jpg,Bangalore,,,,,,"{'user_id': None, 'username': None}",,,,
1287890876467822593,1287890876467822593,2020-07-27 18:21:27 CDT,2020-07-27,18:21:27,-0500,2286417703,blrrocks,ತರ್ಲೆ 𝗧𝗵𝗶𝗺𝗺𝗮,,"Now we know, why indian politicians want us to wear mask, which they themselves follow....
😂😂",en,[],[],[],1,0,2,[],[],https://twitter.com/BLRrocKS/status/1287890876467822593,,https://twitter.com/TrutherUfo/status/1287866770582192130,0,,Bangalore,,,,,,"{'user_id': None, 'username': None}",,,,
1287784795007643648,1287784795007643648,2020-07-27 11:19:55 CDT,2020-07-27,11:19:55,-0500,113892478,anishapadhee,Anisha Padhee 🇮🇳,,Can't find a single bookmark and seriously missing travelling and all those boarding passes.,en,[],[],[],0,0,4,[],[],https://twitter.com/anishapadhee/status/1287784795007643648,,,0,,Bangalore,,,,,,"{'user_id': None, 'username': None}",,,,
1287824402172620800,1287824402172620800,2020-07-27 13:57:18 CDT,2020-07-27,13:57:18,-0500,176300188,damsicles_,Dâmÿ,,"I think I should rewatch the office
no wait 
I think everyone should rewatch the office and if u have never watched it u should revaluate your life choices",en,[],[],[],0,0,5,[],[],https://twitter.com/damsicles_/status/1287824402172620800,,,0,,Bangalore,,,,,,"{'user_id': None, 'username': None}",,,,
1287690644584927232,1287690644584927232,2020-07-27 05:05:48 CDT,2020-07-27,05:05:48,-0500,424535793,jaydharmie,Oluwadamilola,,"I don’t understand how I will wear Hazmat suit, N95 mask and face shield and AC won’t work. 

Arun from maintenance department, may you not die of suffocation ooo.",en,[],[],[],3,0,4,[],[],https://twitter.com/JayDharmie/status/1287690644584927232,,,0,,Bangalore,,,,,,"{'user_id': None, 'username': None}",,,,
1287730545598767110,1287730545598767110,2020-07-27 07:44:21 CDT,2020-07-27,07:44:21,-0500,220911750,drjavedrasheed,Dr.Javed Rasheed,,"Don't use a lot where a little will do. 
- Proverb",en,[],[],[],0,0,2,[],[],https://twitter.com/drjavedrasheed/status/1287730545598767110,,,0,,Bangalore,,,,,,"{'user_id': None, 'username': None}",,,,
1287744580025163776,1287744580025163776,2020-07-27 08:40:07 CDT,2020-07-27,08:40:07,-0500,16339134,pavanpodila,Pavan Podila,,Brilliant,en,[],[],[],1,0,5,[],[],https://twitter.com/pavanpodila/status/1287744580025163776,,https://twitter.com/towernter/status/1287267307799171073,0,,Bangalore,,,,,,"{'user_id': None, 'username': None}",,,,
1287831424146366465,1287831424146366465,2020-07-27 14:25:12 CDT,2020-07-27,14:25:12,-0500,15838610,rajatgururaj,Provolone Malone,,Do you also cut the underside of your tongue by an un-popped kernel everytime when you eat popcorn or are you normal?,en,[],[],[],1,0,2,[],[],https://twitter.com/RajatGururaj/status/1287831424146366465,,,0,,Bangalore,,,,,,"{'user_id': None, 'username': None}",,,,
1287761813971415040,1287761813971415040,2020-07-27 09:48:36 CDT,2020-07-27,09:48:36,-0500,31749688,vsuvin,Suvin Mullaseril,,"I feel sorry for SSR. Too young and such a good talent. But the way the media and people around him are milking his death. Man, let him be! Everyone wants their share of the spotlight.",en,[],[],[],2,0,2,[],[],https://twitter.com/vsuvin/status/1287761813971415040,,,0,,Bangalore,,,,,,"{'user_id': None, 'username': None}",,,,
1287720258766176257,1287720258766176257,2020-07-27 07:03:29 CDT,2020-07-27,07:03:29,-0500,35750961,ramjeechandran,Ramjee Chandran,,Delighted that the art of the review is not lost.  A Suitable Boy review: Mira Nair crafts an unsubtle and tedious adaptation https://t.co/q9iM4Mj5bs,en,[],['https://www.livemint.com/mint-lounge/features/-a-suitable-boy-review-mira-nair-crafts-an-unsubtle-and-tedious-adaptation-11595836609194.html'],[],1,2,2,[],[],https://twitter.com/ramjeechandran/status/1287720258766176257,,,0,,Bangalore,,,,,,"{'user_id': None, 'username': None}",,,,
1287645469645000704,1287645469645000704,2020-07-27 02:06:17 CDT,2020-07-27,02:06:17,-0500,2765891696,trikkurmahesh,Mahesh B,,"Now a days @narendramodi is in a hurry to coin new new themes. Take the fresh one....Global Value Chain. Ji, why kanfoos us with jargon every other week?

@RMCpost @cruelanu",en,"['narendramodi', 'rmcpost', 'cruelanu']",[],[],1,0,4,[],[],https://twitter.com/trikkurmahesh/status/1287645469645000704,,https://twitter.com/ANI/status/1287630489872826370,0,,Bangalore,,,,,,"{'user_id': None, 'username': None}",,,,
1287741837680103430,1287741837680103430,2020-07-27 08:29:13 CDT,2020-07-27,08:29:13,-0500,796372758850453505,masalaboxtravel,Chitra M,,Every product we were using has now a label termed as an immunity booster or a disinfectant based on edible or not.. 🤷🏻‍♀️🤷🏻‍♀️,en,[],[],[],0,0,2,[],[],https://twitter.com/masalaboxtravel/status/1287741837680103430,,,0,,Bangalore,,,,,,"{'user_id': None, 'username': None}",,,,
1287739689567281154,1287739689567281154,2020-07-27 08:20:41 CDT,2020-07-27,08:20:41,-0500,2316761377,tre_320,Biggles 320,,"When you’ve take a few knocks in life you can take one on the chin and still stand rock steady &amp; upright. 

If you haven’t then you keep crying to every Tom, Dick and Harry.....dekho dekho usne mujhe maaraa 😭",en,[],[],[],0,0,4,[],[],https://twitter.com/TRE_320/status/1287739689567281154,,,0,,Bangalore,,,,,,"{'user_id': None, 'username': None}",,,,
1287787759940145153,1287787759940145153,2020-07-27 11:31:42 CDT,2020-07-27,11:31:42,-0500,348515066,raginidwivedi24,👑 Ragini Dwivedi 👑,,That is such an awesome initative proud of all the donors and let’s all make a change come out help others do ur but spread the word,en,[],[],[],1,1,39,[],[],https://twitter.com/raginidwivedi24/status/1287787759940145153,,https://twitter.com/drvishalrao/status/1287349945419173888,0,,Bangalore,,,,,,"{'user_id': None, 'username': None}",,,,
1287793152540041216,1287793152540041216,2020-07-27 11:53:08 CDT,2020-07-27,11:53:08,-0500,50554477,leofsaldanha,Leo Saldanha,,"Can these Judges answer these q frm Dr Shabdita Dr. #KafeelKhan’s wife: “If his AMU speech is a threat to the country’s peace, why is Delhi’s Kapil Mishra still free? Why can’t he be booked under the NSA?” Gather courage &amp;  answer @amitshah @narendramodi @myogiadityanth @dgpup",en,"['amitshah', 'narendramodi', 'myogiadityanth', 'dgpup']",[],[],1,2,5,['kafeelkhan'],[],https://twitter.com/leofsaldanha/status/1287793152540041216,,https://twitter.com/pbhushan1/status/1287775168731865093,0,,Bangalore,,,,,,"{'user_id': None, 'username': None}",,,,
1287887849086316544,1287887849086316544,2020-07-27 18:09:25 CDT,2020-07-27,18:09:25,-0500,33586137,thanatosarchive,The Thanatos Archive 🎃,"{'type': 'Point', 'coordinates': [13.13634, 78.13254]}",▪️Big snake 🐍 Snakes... love em or hate em? #snakesornot @ SNAKE WORLD https://t.co/NdHC6ZuNYQ,en,[],['https://www.instagram.com/p/CDKEZq9D19R/?igshid=hywl4vqmtkrz'],[],0,0,4,['snakesornot'],[],https://twitter.com/ThanatosArchive/status/1287887849086316544,,,0,,Bangalore,,,,,,"{'user_id': None, 'username': None}",,,,
1287757110420201473,1287757110420201473,2020-07-27 09:29:55 CDT,2020-07-27,09:29:55,-0500,132950616,shyam_settikere,Shyam Settikere,,"@iamkash_kr @crpfindia  Best wishes on #CRPFRaisingDay 🇮🇳 Thanks for the protection you provide and the multitude of relief work you undertake 24/7, 365 days. 🙏🏽🙏🏽",en,"['iamkash_kr', 'crpfindia']",[],[],0,1,5,['crpfraisingday'],[],https://twitter.com/shyam_settikere/status/1287757110420201473,,,0,,Bangalore,,,,,,"{'user_id': '2197900465', 'username': 'iamkash_kr'}",,,,
1287824277660553216,1287766177893163008,2020-07-27 13:56:49 CDT,2020-07-27,13:56:49,-0500,1166826672101806080,iqbalj33504075,Iqbal J,,"@PrashantTandy Aab Ki bar bar trump Ki sarkar

Disaster to our nation
no govt, pm or president will do campaigning to any political party of other country openly

which our pm has done a blunder for his personal gain.

Country will suffer not our pm",en,['prashanttandy'],[],[],0,2,2,[],[],https://twitter.com/IqbalJ33504075/status/1287824277660553216,,,0,,Bangalore,,,,,,"{'user_id': '165390488', 'username': 'PrashantTandy'}",,,,
1287792676620734464,1287778657197412352,2020-07-27 11:51:14 CDT,2020-07-27,11:51:14,-0500,770038383456489472,docmounika,Mounika Reddy MD DM 🇮🇳,,"@WFPICCS @LRSorce @ICheifetz @sgdambrauskas Much appreciated insights into the problems in #PedsICU #research across the world during current pandemic, some solutions and framework for future preparedness. #WFPICCS20",en,"['wfpiccs', 'lrsorce', 'icheifetz', 'sgdambrauskas']",[],[],0,0,3,"['pedsicu', 'research', 'wfpiccs20']",[],https://twitter.com/DocMounika/status/1287792676620734464,,,0,,Bangalore,,,,,,"{'user_id': '4000028127', 'username': 'WFPICCS'}",,,,
1287804504738369536,1287804504738369536,2020-07-27 12:38:14 CDT,2020-07-27,12:38:14,-0500,64401312,preethamdnl,Preetham Daniel,,"T Just when we thought #tenet was going to be delayed to later in the year, @wbpictures  has announced the new date will be Aug 26th for the release. This Christopher Nolan’s film will also open in select US cities on labour day weekend.  https://t.co/kPKg8Wo6u6",en,['wbpictures'],['https://www.cnbc.com/2020/07/27/tenet-gets-international-release-in-august-us-to-follow-in-september.html'],[],0,1,3,['tenet'],[],https://twitter.com/preethamdnl/status/1287804504738369536,,,0,,Bangalore,,,,,,"{'user_id': None, 'username': None}",,,,
1287744526145056768,1287744526145056768,2020-07-27 08:39:54 CDT,2020-07-27,08:39:54,-0500,387029745,kashyapnandan_,kashyap Nandan,,@BSYBJP announced  5000 rs as package to auto drivers and barbers in April till today most of them have not received  5000..,en,['bsybjp'],[],[],0,2,4,[],[],https://twitter.com/kashyapnandan_/status/1287744526145056768,,,0,,Bangalore,,,,,,"{'user_id': '54936590', 'username': 'BSYBJP'}",,,,
1287700122818641920,1287692760623886337,2020-07-27 05:43:28 CDT,2020-07-27,05:43:28,-0500,842965092,vinit_shahdeo,Vinit Shahdeo,,"@vaneshmali Truly blessed to see this Tweet! 🙏

PS: Thanks @vaneshmali for this opportunity to share my journey on your platform(@helloTechnoVans). 🤝",en,"['vaneshmali', 'vaneshmali', 'hellotechnovans']",[],[],1,2,8,[],[],https://twitter.com/Vinit_Shahdeo/status/1287700122818641920,,,0,,Bangalore,,,,,,"{'user_id': '187460776', 'username': 'vaneshmali'}",,,,
1287810829904011264,1287799212306919424,2020-07-27 13:03:22 CDT,2020-07-27,13:03:22,-0500,2552976362,lefthogideadend,©BijapurBoy,,"@KiranKS It's a shame that people are giving false address and phone numbers. Not only are they risking their family, they are risking those who are following govt orders and now them make them look like jokers. An entire life time of money is lost because of these mischief",en,['kiranks'],[],[],0,1,19,[],[],https://twitter.com/LeftHogiDeadEnd/status/1287810829904011264,,,0,,Bangalore,,,,,,"{'user_id': '75610842', 'username': 'KiranKS'}",,,,
1287736025670750209,1287716522249478144,2020-07-27 08:06:08 CDT,2020-07-27,08:06:08,-0500,981857739067609088,flightofsand,Anne T. Fa,,"The two stories at the end redeem the slump in between. There's something lax, lacking, lagging in those in-between ones, like Atwood is making a record for herself more than telling a story. Or maybe the middle part of life just is shapeless? No, I don't think so.",en,[],[],[],0,0,4,[],[],https://twitter.com/flightofsand/status/1287736025670750209,,,0,,Bangalore,,,,,,"{'user_id': '981857739067609088', 'username': 'flightofsand'}",,,,
1287792836994244609,1287754964178055169,2020-07-27 11:51:53 CDT,2020-07-27,11:51:53,-0500,178247585,colkt,"Col A K Tiwari, VSM(retd)🇮🇳",,"@kailashkaushik8 @Swamy39 Yes
He was police commissioner Thane then.",en,"['kailashkaushik8', 'swamy39']",[],[],1,2,4,[],[],https://twitter.com/colkt/status/1287792836994244609,,,0,,Bangalore,,,,,,"{'user_id': '2206428378', 'username': 'kailashkaushik8'}",,,,
1287739970677948416,1287667527368101888,2020-07-27 08:21:48 CDT,2020-07-27,08:21:48,-0500,142199443,nnnidhish,Nidhish 🇮🇳,,"@ChiranjitOjha Whatever be the name, I just want them to survive long. That city deserves a good club.",en,['chiranjitojha'],[],[],0,0,2,[],[],https://twitter.com/NNNidhish/status/1287739970677948416,,,0,,Bangalore,,,,,,"{'user_id': '308976384', 'username': 'ChiranjitOjha'}",,,,
1287819633970405376,1287786040854548481,2020-07-27 13:38:21 CDT,2020-07-27,13:38:21,-0500,2288490336,hashankaranaray,H.A.Shankaranarayana,,@kaushikcbasu Thank you sir. It was very timely  lecture!,en,['kaushikcbasu'],[],[],0,1,2,[],[],https://twitter.com/HAShankaranaray/status/1287819633970405376,,,0,,Bangalore,,,,,,"{'user_id': '17797666', 'username': 'kaushikcbasu'}",,,,
1287793848471584768,1287769201038565376,2020-07-27 11:55:54 CDT,2020-07-27,11:55:54,-0500,514630601,majumderanimesh,animesh majumder,,@ConMomPhoto @Poisonneus I have been following your work for past few months . And this picture truly captured the keen eye you have for framing a perfect shot with such perfect background.,en,"['conmomphoto', 'poisonneus']",[],[],1,0,2,[],[],https://twitter.com/MajumderAnimesh/status/1287793848471584768,,,0,,Bangalore,,,,,,"{'user_id': '2997318136', 'username': 'LXE_photo'}",,,,
1287791049612488704,1287649279918702592,2020-07-27 11:44:46 CDT,2020-07-27,11:44:46,-0500,3836819300,shreeraamaa,#SaveDesiCows Ramakrishna Hegde Kallabbe,,"@twittydoodle I also like this
But has become only a dream
Most of us are caught in materialistic life with lot of debt &amp; commitments which will not allow us to come out from this

This is d situation of most of d people living in cities",en,['twittydoodle'],[],[],0,1,3,[],[],https://twitter.com/ShreeRaamaa/status/1287791049612488704,,,0,,Bangalore,,,,,,"{'user_id': '100792448', 'username': 'twittydoodle'}",,,,
1287770303796400130,1287672764170633216,2020-07-27 10:22:20 CDT,2020-07-27,10:22:20,-0500,1203682214417817601,urvashi18532463,urvashi sharma,,"@sharmaG30 @InduKhatri_1 @gurmeetkaur86 @TjrNarwani @Graj_Acharya @CSIR_IND Icon of humanity, a great scientist and superior soul. Dr Kalam will be remembered and followed forever.",en,"['sharmag30', 'indukhatri_1', 'gurmeetkaur86', 'tjrnarwani', 'graj_acharya', 'csir_ind']",[],[],1,0,2,[],[],https://twitter.com/urvashi18532463/status/1287770303796400130,,,0,,Bangalore,,,,,,"{'user_id': '98833529', 'username': 'sharmaG30'}",,,,
1287783434077605889,1287779725163630602,2020-07-27 11:14:31 CDT,2020-07-27,11:14:31,-0500,84399789,badmashfrq,Farooq,,"@iTannu @dibyabttb Hahaha yes! I do remember that day. I was a student back then and this was my first tweetup (probably first Bhubaneswar tweetup for anyone on twitter) 😀

I end up meeting @dibyabttb annually in the @BlrLitFest though! :D",en,"['itannu', 'dibyabttb', 'dibyabttb', 'blrlitfest']",[],[],0,1,1,[],[],https://twitter.com/BadmashFRQ/status/1287783434077605889,,,0,,Bangalore,,,,,,"{'user_id': '36713466', 'username': 'iTannu'}",,,,
1287738007265542144,1287585849136123904,2020-07-27 08:14:00 CDT,2020-07-27,08:14:00,-0500,1183386207574577154,jagadesh1956,Jagadesh,,@Amitku707 @harsha_444 @gj_abhishek @jusst_sway @GoogleIndia Kannadiga's are little bit obsession due to lost their 90% of  their mother land of south asia after Aryans migrated to Sindhu river(now this is in pakistan) Before Aryans migrate to  south asia Entire south asia civics language is  kannada. Now replaced by Hindi/Urdu.,en,"['harsha_444', 'gj_abhishek', 'jusst_sway', 'googleindia']",[],[],0,0,3,[],[],https://twitter.com/Jagadesh1956/status/1287738007265542144,,,0,,Bangalore,,,,,,"{'user_id': '1246778044796157953', 'username': 'Aaaaaaaaaa722'}",,,,
1287815043237548033,1287683244020781060,2020-07-27 13:20:07 CDT,2020-07-27,13:20:07,-0500,275650883,shrinivasgowdru,ಭಾರತ ಐಕ್ಯತಾ ಯಾತ್ರೆ,,"@mla_sudhakar Truth is your not went with rite party sir, think and switch back or you gonna lose long built respect",en,['mla_sudhakar'],[],[],0,0,2,[],[],https://twitter.com/Shrinivasgowdru/status/1287815043237548033,,,0,,Bangalore,,,,,,"{'user_id': '742801860914864128', 'username': 'mla_sudhakar'}",,,,
1287774603075436549,1287749244607016962,2020-07-27 10:39:25 CDT,2020-07-27,10:39:25,-0500,76889442,sumeshreddiar,Sumesh Reddiar,,@humanprojector @NammaBengaluroo @WeAreBangalore Can understand Jayanagar outlet got lots of memories since 90s for many. Now they have HiFi Brewery + Kitchen in Sarjapur road but for sure cannot replace the memories many have here 😟,en,"['humanprojector', 'nammabengaluroo', 'wearebangalore']",[],[],0,0,2,[],[],https://twitter.com/Sumeshreddiar/status/1287774603075436549,,,0,,Bangalore,,,,,,"{'user_id': '3567122306', 'username': 'humanprojector'}",,,,
1287733391702372352,1287715663516250112,2020-07-27 07:55:40 CDT,2020-07-27,07:55:40,-0500,3094018865,vivekmudera,Vivek Mudera 💙,,@3dmodelsucl @dbakkalci @UCLDivofSurgery @UmberCheema Excellent. Please stay safe,en,"['3dmodelsucl', 'dbakkalci', 'ucldivofsurgery', 'umbercheema']",[],[],0,0,5,[],[],https://twitter.com/VivekMudera/status/1287733391702372352,,,0,,Bangalore,,,,,,"{'user_id': '1162402595337637888', 'username': '3dmodelsucl'}",,,,
1287795563765747713,1287675114021171200,2020-07-27 12:02:43 CDT,2020-07-27,12:02:43,-0500,265564870,rmeshswami,Ramesh Srinivasan,,"@lahri_chandra @InbarCohen13 @VishnuP89267401 Don't mess with them. They are tough as nails. A year or so back saw a lady officer in charge of a bunch of new recruits boarding a train. She ensured everything was in place. 
Boy! Did she command respect! Jai Hind!",en,"['lahri_chandra', 'inbarcohen13', 'vishnup89267401']",[],[],0,0,18,[],[],https://twitter.com/rmeshswami/status/1287795563765747713,,,0,,Bangalore,,,,,,"{'user_id': '1224657450759938049', 'username': 'lahri_chandra'}",,,,
1287666889179594752,1287638249947541505,2020-07-27 03:31:24 CDT,2020-07-27,03:31:24,-0500,4207745233,gunduhuduga,GunduHuduga| ಗುಂಡು ಹುಡುಗ|🕉,,"@xbludger In Australia what’s the most famous one?

Here Mansion House is pretty famous ... whytehall is a new entrant...",en,['xbludger'],[],[],1,0,2,[],[],https://twitter.com/GunduHuDuGa/status/1287666889179594752,,,0,,Bangalore,,,,,,"{'user_id': '549865890', 'username': 'xbludger'}",,,,
1287804632723533824,1287658956282908672,2020-07-27 12:38:45 CDT,2020-07-27,12:38:45,-0500,986754510499524608,iamkadaladi,Pa.one 🌴🐘🌎 #JusticeforManishaValmiki,,@RebeccaH2030 @GretaThunberg @ErikSolheim @ECOWARRIORSS @Greenpeace @GreenpeaceUK @GreenpeaceGlas Because I don't want to see multiple ecosystems fall infront of me. I want to speak for multiple plant and animal species and their natural habitats that are effected by climate change.,en,"['rebeccah2030', 'gretathunberg', 'eriksolheim', 'ecowarriorss', 'greenpeace', 'greenpeaceuk', 'greenpeaceglas']",[],[],0,0,3,[],[],https://twitter.com/iamkadaladi/status/1287804632723533824,,,0,,Bangalore,,,,,,"{'user_id': '1264067029440647168', 'username': 'RebeccaH2030'}",,,,
1287850216834523136,1287838747824857089,2020-07-27 15:39:53 CDT,2020-07-27,15:39:53,-0500,14918508,the_kk,Karthik Krishnaswamy,,"@al_lude Damn, I really wish I'd known it in its, um, prime. Cafes with real character never seem to survive.",en,['al_lude'],[],[],0,0,1,[],[],https://twitter.com/the_kk/status/1287850216834523136,,,0,,Bangalore,,,,,,"{'user_id': '75954822', 'username': 'al_lude'}",,,,
1287716956649357313,1287699297664819200,2020-07-27 06:50:21 CDT,2020-07-27,06:50:21,-0500,113892478,anishapadhee,Anisha Padhee 🇮🇳,,@nowme_datta @LazyEpicurean @ushadamerla @arundatir @haritaus No? @das_smruti and I were just telling her that she's looking so hot ki sar pe anda phodo to aamlet ban jaayega! 😄😄,en,"['nowme_datta', 'lazyepicurean', 'ushadamerla', 'arundatir', 'haritaus', 'das_smruti']",[],[],2,0,3,[],[],https://twitter.com/anishapadhee/status/1287716956649357313,,,0,,Bangalore,,,,,,"{'user_id': '60015540', 'username': 'nowme_datta'}",,,,
1287772199810564099,1287759701967425537,2020-07-27 10:29:52 CDT,2020-07-27,10:29:52,-0500,1057978826,prasadkarwa,Prasad Karwa,,@Malini_Canada @Dattapatil43 @KreatelyMedia @CharchaIndia Please email me your articles on prasad@happyfying.com,en,"['malini_canada', 'kreatelymedia']",[],[],1,0,1,[],[],https://twitter.com/PrasadKarwa/status/1287772199810564099,,,0,,Bangalore,,,,,,"{'user_id': '1240819739854692354', 'username': 'Malini_Canada'}",,,,
