id,conversation_id,created_at,date,time,timezone,user_id,username,name,place,tweet,language,mentions,urls,photos,replies_count,retweets_count,likes_count,hashtags,cashtags,link,retweet,quote_url,video,thumbnail,near,geo,source,user_rt_id,user_rt,retweet_id,reply_to,retweet_date,translate,trans_src,trans_dest
1425504854101827588,1425504854101827588,2021-08-11 12:10:16 CDT,2021-08-11,12:10:16,-0500,3025144590,cariappa14,K C Cariappa,,Boss🔥 @KicchaSudeep https://t.co/ShOI9TtdRA,en,['kicchasudeep'],[],['https://pbs.twimg.com/media/E8hpHBmUUAMLgKu.jpg'],90,693,3439,[],[],https://twitter.com/cariappa14/status/1425504854101827588,,,1,https://pbs.twimg.com/media/E8hpHBmUUAMLgKu.jpg,Bangalore,,,,,,"{'user_id': None, 'username': None}",,,,
1425510061409927172,1425510061409927172,2021-08-11 12:30:57 CDT,2021-08-11,12:30:57,-0500,109892153,dammitdamini,Damini,,They wait for me every single day :’) https://t.co/oAIvLWZc7D,en,[],[],['https://pbs.twimg.com/media/E8htvfAVcAIXnFO.jpg'],3,17,212,[],[],https://twitter.com/DammitDamini/status/1425510061409927172,,,1,https://pbs.twimg.com/media/E8htvfAVcAIXnFO.jpg,Bangalore,,,,,,"{'user_id': None, 'username': None}",,,,
1425493367790530560,1425493367790530560,2021-08-11 11:24:37 CDT,2021-08-11,11:24:37,-0500,1300721292069363714,d96772532,ಅಖಿಲ ಕರ್ನಾಟಕ ದರ್ಶನ್ ತೂಗುದೀಪ ಸೈನಾ ಸಮಿತಿ(ರೀ) ಚಿಂಚೋಳಿ,,"Today exclusive pic❤️
#DBoss https://t.co/uBGberRoj9",en,[],[],"['https://pbs.twimg.com/media/E8heoojUcAA2mA9.jpg', 'https://pbs.twimg.com/media/E8hepNhVUAsoqus.jpg', 'https://pbs.twimg.com/media/E8hep0pVIAAOOSx.jpg', 'https://pbs.twimg.com/media/E8heqMfVEAknuHT.jpg']",0,20,27,['dboss'],[],https://twitter.com/D96772532/status/1425493367790530560,,,1,https://pbs.twimg.com/media/E8heoojUcAA2mA9.jpg,Bangalore,,,,,,"{'user_id': None, 'username': None}",,,,
1425456035595046921,1425456035595046921,2021-08-11 08:56:17 CDT,2021-08-11,08:56:17,-0500,1003423164481728513,sahanarameshrao,Sahana Ramesh,,"Do I look pretty? 

Rose ringed parakeet 
Melagiri
 @ParrotOfTheDay
#WorldOfParrots #IndiAves #ParrotOTD #TwitterNatureCommunity https://t.co/P2OOXuJ2ri",en,['parrotoftheday'],[],['https://pbs.twimg.com/media/E8g8tMmUcAUSJgM.jpg'],23,24,217,"['worldofparrots', 'indiaves', 'parrototd', 'twitternaturecommunity']",[],https://twitter.com/sahanarameshrao/status/1425456035595046921,,,1,https://pbs.twimg.com/media/E8g8tMmUcAUSJgM.jpg,Bangalore,,,,,,"{'user_id': None, 'username': None}",,,,
1425355106929704966,1425355106929704966,2021-08-11 02:15:13 CDT,2021-08-11,02:15:13,-0500,871426878518775808,nct_india_,NCT India 🇮🇳,,"YOU GUYS!! 

#Paint_Me_Naked is NUMBER 2 ON ITUNES INDIA 💪🏼✨

#TEN #NCT #WAYV @NCTsmtown @WayV_official https://t.co/e7upkSsrsn",en,"['nctsmtown', 'wayv_official']",[],['https://pbs.twimg.com/media/E8fg6NYVIAEuN97.jpg'],4,127,93,"['paint_me_naked', 'ten', 'nct', 'wayv']",[],https://twitter.com/NCT_India_/status/1425355106929704966,,,1,https://pbs.twimg.com/media/E8fg6NYVIAEuN97.jpg,Bangalore,,,,,,"{'user_id': None, 'username': None}",,,,
1425417997536034818,1425417997536034818,2021-08-11 06:25:08 CDT,2021-08-11,06:25:08,-0500,1102277743134294016,lakshmikanthvs,Lakshmikanth Sagar,,"Happy Birthday @Asli_Jacqueline😍🎂
#VikrantRona #KicchaSudeep https://t.co/CJLrzJEIMa",en,['asli_jacqueline'],[],['https://pbs.twimg.com/media/E8gaFbNUYAwONnW.jpg'],1,22,21,"['vikrantrona', 'kicchasudeep']",[],https://twitter.com/LakshmikanthVS/status/1425417997536034818,,,1,https://pbs.twimg.com/media/E8gaFbNUYAwONnW.jpg,Bangalore,,,,,,"{'user_id': None, 'username': None}",,,,
1425485964546220034,1425485964546220034,2021-08-11 10:55:12 CDT,2021-08-11,10:55:12,-0500,1388458076651491328,veerappavenkap1,the guy from kudla,,India’s Taliban in saffron . the country has gone to the Hindutva dogs,en,[],[],[],1,8,13,[],[],https://twitter.com/veerappavenkap1/status/1425485964546220034,,https://twitter.com/Benarasiyaa/status/1425406999026491392,0,,Bangalore,,,,,,"{'user_id': None, 'username': None}",,,,
1425496223549595651,1425496223549595651,2021-08-11 11:35:58 CDT,2021-08-11,11:35:58,-0500,2852130344,kishorkumarb534,Kishor Kumar,,Finally it is .....🤥 https://t.co/BuxsmNck4J,en,[],[],['https://pbs.twimg.com/media/E8hg8xOWYAA_xtV.jpg'],0,2,1,[],[],https://twitter.com/kishorkumarb534/status/1425496223549595651,,,1,https://pbs.twimg.com/media/E8hg8xOWYAA_xtV.jpg,Bangalore,,,,,,"{'user_id': None, 'username': None}",,,,
1425360151616229377,1425360151616229377,2021-08-11 02:35:16 CDT,2021-08-11,02:35:16,-0500,1300721292069363714,d96772532,ಅಖಿಲ ಕರ್ನಾಟಕ ದರ್ಶನ್ ತೂಗುದೀಪ ಸೈನಾ ಸಮಿತಿ(ರೀ) ಚಿಂಚೋಳಿ,,"Today exclusive 
#darshanthoogudeepasrinivas 💞🙏
#ಜೈ_ತೂಗುದೀಪ 🙏🙏 https://t.co/5ZclTpsz8D",en,[],[],"['https://pbs.twimg.com/media/E8flc5pVIAAi6j3.jpg', 'https://pbs.twimg.com/media/E8fle0kVcAIl0Oj.jpg', 'https://pbs.twimg.com/media/E8flfViVoAMRIdu.jpg', 'https://pbs.twimg.com/media/E8flf14VkAUzNCt.jpg']",0,2,2,"['darshanthoogudeepasrinivas', 'ಜೈ_ತೂಗುದೀಪ']",[],https://twitter.com/D96772532/status/1425360151616229377,,,1,https://pbs.twimg.com/media/E8flc5pVIAAi6j3.jpg,Bangalore,,,,,,"{'user_id': None, 'username': None}",,,,
1425464960402935808,1425464960402935808,2021-08-11 09:31:45 CDT,2021-08-11,09:31:45,-0500,84519781,namma_bengaluru,NBF,,Let's stay away from crowds. Prevent the third wave. #Thirdwavebeda #BengaluruFightsCorona #Preventthirdwave #MaskUp #vaccination #COVID19 #Corona #vaccinated #Bengaluru #KarnatakaFightsCorona #finance #testing #CovidIsNotOver #COVISHIELD #Covaxin #SputnikV https://t.co/NisDd4jYZj,en,[],[],['https://pbs.twimg.com/media/E8hE0zeUcAUonXx.jpg'],2,6,21,"['thirdwavebeda', 'bengalurufightscorona', 'preventthirdwave', 'maskup', 'vaccination', 'covid19', 'corona', 'vaccinated', 'bengaluru', 'karnatakafightscorona', 'finance', 'testing', 'covidisnotover', 'covishield', 'covaxin', 'sputnikv']",[],https://twitter.com/Namma_Bengaluru/status/1425464960402935808,,,1,https://pbs.twimg.com/media/E8hE0zeUcAUonXx.jpg,Bangalore,,,,,,"{'user_id': None, 'username': None}",,,,
1425475701323354112,1425475701323354112,2021-08-11 10:14:25 CDT,2021-08-11,10:14:25,-0500,1227983528257703937,ssrikrishna19,Srikrishna Sarvepalli,,"Today's moon 🌛 (shot on the phone)
.
.
.
.
.
#nightsky #moon #teampixel #google #googlepixel @madebygoogle https://t.co/bAs9wVMmzy",en,['madebygoogle'],[],['https://pbs.twimg.com/media/E8hOmGtVIAUHjAR.jpg'],0,2,3,"['nightsky', 'moon', 'teampixel', 'google', 'googlepixel']",[],https://twitter.com/ssrikrishna19/status/1425475701323354112,,,1,https://pbs.twimg.com/media/E8hOmGtVIAUHjAR.jpg,Bangalore,,,,,,"{'user_id': None, 'username': None}",,,,
1425334192653553665,1425334192653553665,2021-08-11 00:52:07 CDT,2021-08-11,00:52:07,-0500,96344511,bholanathdutta,"Prof. Bholanath Dutta, IAF Veteran",,"#TrueWords 
How to succeed in life . https://t.co/jCm20dhYbG",en,[],[],['https://pbs.twimg.com/media/E8fN5McUUAYNMKh.jpg'],0,1,3,['truewords'],[],https://twitter.com/BholanathDutta/status/1425334192653553665,,,1,https://pbs.twimg.com/media/E8fN5McUUAYNMKh.jpg,Bangalore,,,,,,"{'user_id': None, 'username': None}",,,,
1425335957306421250,1425335957306421250,2021-08-11 00:59:08 CDT,2021-08-11,00:59:08,-0500,96344511,bholanathdutta,"Prof. Bholanath Dutta, IAF Veteran",,"Ravi Shastri will step down as head coach after #T20WorldCup . Fans are expecting #RahulDravid  will take over!!!

#RaviShastri you have done fantastic 👏 It’s soon time to take the legacy forward 🇮🇳 

#TheWALL https://t.co/lUhs2bOgns",en,[],[],['https://pbs.twimg.com/media/E8fPf7qWQAIlXKk.jpg'],2,2,25,"['t20worldcup', 'rahuldravid', 'ravishastri', 'thewall']",[],https://twitter.com/BholanathDutta/status/1425335957306421250,,,1,https://pbs.twimg.com/media/E8fPf7qWQAIlXKk.jpg,Bangalore,,,,,,"{'user_id': None, 'username': None}",,,,
1425338254786633729,1425338254786633729,2021-08-11 01:08:16 CDT,2021-08-11,01:08:16,-0500,1070907478169182208,racing_india,INRacing,,"Up shift from your controller/table setup to the RWS and experience sim racing at a whole new level 

Due to popular demand the RWS is available in limited stock. Get yours now!

#inracing #makeinindia #inracingcommunity #inracingesports #racing #simracing #simracingsetup https://t.co/Npm1MU2pB6",en,[],[],['https://pbs.twimg.com/media/E8fRlowUcAMF8XQ.jpg'],0,2,3,"['inracing', 'makeinindia', 'inracingcommunity', 'inracingesports', 'racing', 'simracing', 'simracingsetup']",[],https://twitter.com/racing_india/status/1425338254786633729,,,1,https://pbs.twimg.com/media/E8fRlowUcAMF8XQ.jpg,Bangalore,,,,,,"{'user_id': None, 'username': None}",,,,
1425463029148184587,1425463029148184587,2021-08-11 09:24:04 CDT,2021-08-11,09:24:04,-0500,1001504644340768768,chandra26438460,Chandrashekar,,The Nature has beauty in every bits that it has in it. #beauty #nature #stream #monsoon #WesternGhats #NaturePhotography # https://t.co/s0YztQ8K7h,en,[],[],['https://pbs.twimg.com/media/E8hDEMwVUAQCes5.jpg'],0,0,3,"['beauty', 'nature', 'stream', 'monsoon', 'westernghats', 'naturephotography']",[],https://twitter.com/Chandra26438460/status/1425463029148184587,,,1,https://pbs.twimg.com/media/E8hDEMwVUAQCes5.jpg,Bangalore,,,,,,"{'user_id': None, 'username': None}",,,,
1425445061467152384,1425445061467152384,2021-08-11 08:12:40 CDT,2021-08-11,08:12:40,-0500,16865395,ananthaforu,Anantha-Infinity,,"Most majestic and monumental Landmark of #Bengaluru

#VidhanaSoudha basking in evening sunlight and how?..

#Wednesdayvibe 

#NOFILTER https://t.co/IklbWjCUD4",en,[],[],[],0,0,2,"['bengaluru', 'vidhanasoudha', 'wednesdayvibe', 'nofilter']",[],https://twitter.com/Ananthaforu/status/1425445061467152384,,,1,https://pbs.twimg.com/ext_tw_video_thumb/1425444709271437312/pu/img/dm0O1KY6TWDS4P8s.jpg,Bangalore,,,,,,"{'user_id': None, 'username': None}",,,,
1425459341017055240,1425459341017055240,2021-08-11 09:09:25 CDT,2021-08-11,09:09:25,-0500,1416540682051674113,nitinsr_393,Nitin S.R,,"#62YearsOfKamalism #kamalhassan
Can't wait for this fan directed movie for kalam sir🙌🔥 #vikram 
@ikamalhaasan Congratulations sir",en,['ikamalhaasan'],[],[],1,11,21,"['62yearsofkamalism', 'kamalhassan', 'vikram']",[],https://twitter.com/NitinSR_393/status/1425459341017055240,,https://twitter.com/Dir_Lokesh/status/1425436381380182016,0,,Bangalore,,,,,,"{'user_id': None, 'username': None}",,,,
1425520613674737668,1425520613674737668,2021-08-11 13:12:53 CDT,2021-08-11,13:12:53,-0500,1879122650,manju_0501,Manju,,"#Akhanda shooting completed...
Eagerly waiting for movie updates https://t.co/sv4IK5KKVV",en,[],[],['https://pbs.twimg.com/media/E8h3cWTVoAczHH9.jpg'],0,0,5,['akhanda'],[],https://twitter.com/Manju_0501/status/1425520613674737668,,,1,https://pbs.twimg.com/media/E8h3cWTVoAczHH9.jpg,Bangalore,,,,,,"{'user_id': None, 'username': None}",,,,
1425436003922178052,1425436003922178052,2021-08-11 07:36:41 CDT,2021-08-11,07:36:41,-0500,897650770358575105,shaludasi,Sђⱥlͥinͣiͫ,,"#HowToBeHappy
Only in the shade of true God Kabir.
A person become happy 
Sant Rampal Ji Maharaj https://t.co/x9FM5G3aTk",en,[],[],['https://pbs.twimg.com/media/E8gqe2PVIAAugWL.jpg'],0,2,2,['howtobehappy'],[],https://twitter.com/ShaluDasi/status/1425436003922178052,,,1,https://pbs.twimg.com/media/E8gqe2PVIAAugWL.jpg,Bangalore,,,,,,"{'user_id': None, 'username': None}",,,,
1425452229067034637,1425452229067034637,2021-08-11 08:41:09 CDT,2021-08-11,08:41:09,-0500,91704356,beluranand,Anand,,"#Zomato stock price going up post a stellar loss is either a slap on economics that define a company  or handiwork of those who wish to trap gullible investors.
This game of valuation is a bubble. https://t.co/TDaCxebDds",en,[],[],['https://pbs.twimg.com/tweet_video_thumb/E8g5PREUcAoCEmd.jpg'],0,0,4,['zomato'],[],https://twitter.com/beluranand/status/1425452229067034637,,,1,https://pbs.twimg.com/tweet_video_thumb/E8g5PREUcAoCEmd.jpg,Bangalore,,,,,,"{'user_id': None, 'username': None}",,,,
1425412998730948608,1425412998730948608,2021-08-11 06:05:16 CDT,2021-08-11,06:05:16,-0500,73341971,ravi4354,Ravi Srivastava 🇮🇳 रविश्रीवास्तव,,The real killer virus ......... https://t.co/wdXswL5rvq,en,[],[],['https://pbs.twimg.com/media/E8gVkWSVIAQclS-.jpg'],0,0,1,[],[],https://twitter.com/ravi4354/status/1425412998730948608,,,1,https://pbs.twimg.com/media/E8gVkWSVIAQclS-.jpg,Bangalore,,,,,,"{'user_id': None, 'username': None}",,,,
1425490458264756229,1425490458264756229,2021-08-11 11:13:04 CDT,2021-08-11,11:13:04,-0500,128510718,yogitaaggarwalg,Yogita Aggarwal Gupta,,"It's always more than just cars at @MgMotorIn. Changing the way we drive and imagine, all set to see what's coming our way! Are you ready?",en,['mgmotorin'],[],[],1,6,8,[],[],https://twitter.com/YogitaAggarwalG/status/1425490458264756229,,https://twitter.com/rajeev_chaba/status/1425428160498126851,0,,Bangalore,,,,,,"{'user_id': None, 'username': None}",,,,
1425460468919922695,1425460468919922695,2021-08-11 09:13:54 CDT,2021-08-11,09:13:54,-0500,1324585938010271746,ushrit2020,G S SHRIDHAR,,"Has it occurred to you that Neech and Cheen are anagrams of each other and both words are taboo?

🤫",en,[],[],[],2,1,17,[],[],https://twitter.com/ushrit2020/status/1425460468919922695,,,0,,Bangalore,,,,,,"{'user_id': None, 'username': None}",,,,
1425366176914239495,1425366176914239495,2021-08-11 02:59:13 CDT,2021-08-11,02:59:13,-0500,361098550,girrisha,ಗಿರೀಶ್,,All Wildlife Safaris are closed on Weekends and RTPCR Negative Certificate mandotory for all JLR guests in Chamarajnagar District properties https://t.co/SAHdn0Ftin,en,[],[],['https://pbs.twimg.com/media/E8fq-00UUAE1Tkt.jpg'],0,0,4,[],[],https://twitter.com/girrisha/status/1425366176914239495,,,1,https://pbs.twimg.com/media/E8fq-00UUAE1Tkt.jpg,Bangalore,,,,,,"{'user_id': None, 'username': None}",,,,
1425510034612518913,1425510034612518913,2021-08-11 12:30:51 CDT,2021-08-11,12:30:51,-0500,108549569,sundar_s1955,Sankaran Sundar,,Third COVID-19 Vaccine Dose May Prompt Response in Transplant Recipients https://t.co/fKzfklNQIi,en,[],['https://www.renalandurologynews.com/home/news/nephrology/transplantation/third-covid-19-vaccine-dose-may-prompt-response-in-transplant-recipients/'],[],0,1,2,[],[],https://twitter.com/sundar_s1955/status/1425510034612518913,,,0,,Bangalore,,,,,,"{'user_id': None, 'username': None}",,,,
1425354328802435073,1425354328802435073,2021-08-11 02:12:08 CDT,2021-08-11,02:12:08,-0500,1357520517184385025,gleronq,Gleron Quadros,,@BigBazaar received damaged products from you guys . Rang up your customer care service several times but no response.. no responses to my queries.. please solve my issue https://t.co/Fy8MMxL8fv,en,['bigbazaar'],[],"['https://pbs.twimg.com/media/E8fgL78VcAA5A0B.jpg', 'https://pbs.twimg.com/media/E8fgMpEVkAMD0mb.jpg', 'https://pbs.twimg.com/media/E8fgNRDVEAIa2li.jpg']",1,1,1,[],[],https://twitter.com/GleronQ/status/1425354328802435073,,,1,https://pbs.twimg.com/media/E8fgL78VcAA5A0B.jpg,Bangalore,,,,,,"{'user_id': '1200570763', 'username': 'BigBazaar'}",,,,
1425470476051124231,1425470476051124231,2021-08-11 09:53:40 CDT,2021-08-11,09:53:40,-0500,2713011511,channy192103,Chandan,,"Time have changed … welcome ! Good Morning ….Hello , Hi ,",en,[],[],[],0,0,1,[],[],https://twitter.com/channy192103/status/1425470476051124231,,https://twitter.com/bhairavigoswami/status/1425453399533703169,0,,Bangalore,,,,,,"{'user_id': None, 'username': None}",,,,
1425500889012334593,1425500889012334593,2021-08-11 11:54:31 CDT,2021-08-11,11:54:31,-0500,1205186978326732800,potato_wedge08,Veronica,,As an Aries I have this unhealthy habit of finding Taurus guys attractive 😩,en,[],[],[],1,0,8,[],[],https://twitter.com/potato_wedge08/status/1425500889012334593,,,0,,Bangalore,,,,,,"{'user_id': None, 'username': None}",,,,
1425450544437424134,1425450544437424134,2021-08-11 08:34:28 CDT,2021-08-11,08:34:28,-0500,1131565027113070592,pun8sharma,Puneet Sharma,,Dear @airtelindia @Airtel_Presence even after registering for #DND service I am still getting unwanted messages and calls. For god sake please solve atleast one of the issues I am having with your network. My network issue from last two years have not been solved yet.,en,"['airtelindia', 'airtel_presence']",[],[],1,0,3,['dnd'],[],https://twitter.com/pun8sharma/status/1425450544437424134,,,0,,Bangalore,,,,,,"{'user_id': None, 'username': None}",,,,
1425393164437786624,1425393164437786624,2021-08-11 04:46:27 CDT,2021-08-11,04:46:27,-0500,1410136988,rockbottomro,Rosh 🌻,,No one ever told me becoming a research biologist would be this hard 😭😭😭😭😭😭😭,en,[],[],[],1,0,7,[],[],https://twitter.com/RockbottomRo/status/1425393164437786624,,,0,,Bangalore,,,,,,"{'user_id': None, 'username': None}",,,,
1425438439021981697,1425438439021981697,2021-08-11 07:46:21 CDT,2021-08-11,07:46:21,-0500,387029745,kashyapnandan_,kashyap Nandan,,It's like give and take policy,en,[],[],[],0,2,5,[],[],https://twitter.com/kashyapnandan_/status/1425438439021981697,,https://twitter.com/ANI/status/1425437353875677186,0,,Bangalore,,,,,,"{'user_id': None, 'username': None}",,,,
1425446484258951191,1425446484258951191,2021-08-11 08:18:20 CDT,2021-08-11,08:18:20,-0500,2797681211,zeishahamlani,ThatsWhatSheSaid,,"#Bangalore PSA do NOT use Rentickle for renting furniture. 
Just been ruining my days following up with them. Absolutely horrid experience. 
But stuff was out of stock on Rentomojo and Furlenco can get pricy. And now I'm regretting landing on their site 😑",en,[],[],[],1,3,6,['bangalore'],[],https://twitter.com/zeishahamlani/status/1425446484258951191,,,0,,Bangalore,,,,,,"{'user_id': None, 'username': None}",,,,
1425495172406784002,1425495172406784002,2021-08-11 11:31:48 CDT,2021-08-11,11:31:48,-0500,270777924,vijaydarshan171,VIJAY K K DARSHAN,"{'type': 'Point', 'coordinates': [12.91894751, 77.51713618]}","Exclusive pics #DBoss #24YearsOfBOSSism @darshanthoogudeepashrinivas @snehith_jagadeesh @soundarya_jagadeesh 👏👏👏👏💐💐💐 @ Raja Rajeshwari Nagar, Bangalore South https://t.co/2v81IAplgG",en,[],['https://www.instagram.com/p/CScOAzzlDox/?utm_medium=twitter'],[],0,11,15,"['dboss', '24yearsofbossism']",[],https://twitter.com/VIJAYDARSHAN171/status/1425495172406784002,,,0,,Bangalore,,,,,,"{'user_id': None, 'username': None}",,,,
1425455541107625987,1425455541107625987,2021-08-11 08:54:19 CDT,2021-08-11,08:54:19,-0500,15577665,vikramadhiman,Vikrama Dhiman,,Has 12th Main TW officially displaced Starbucks 100 feet as the startup hangout place?,en,[],[],[],1,0,14,[],[],https://twitter.com/vikramadhiman/status/1425455541107625987,,,0,,Bangalore,,,,,,"{'user_id': None, 'username': None}",,,,
1425569858092077061,1425569858092077061,2021-08-11 16:28:34 CDT,2021-08-11,16:28:34,-0500,1051074201082388480,pavanasoonu,Pavanasoonu,,"Rw, as a jyotish student I lose a few hundred followers. The Rw people who ask questions on @TwitterSpaces and @Clubhouse are happy to get answers.

Sri Raama",en,"['twitterspaces', 'clubhouse']",[],[],0,5,33,[],[],https://twitter.com/Pavanasoonu/status/1425569858092077061,,,0,,Bangalore,,,,,,"{'user_id': None, 'username': None}",,,,
1425404005165928451,1425404005165928451,2021-08-11 05:29:32 CDT,2021-08-11,05:29:32,-0500,317672061,iamrudramurthy,CA.Rudramurthy BV,,"The market sell off &amp; Operators play has been so smart, they are keeping Nifty &amp; Bank nifty index high without showing the blood bath in mid &amp; small caps. 
How many of you remember my saying SELL WHEN U CAN &amp; NOT WHEN U WANT
Also move from Low quality to high, momentum to Value..",en,[],[],[],17,10,169,[],[],https://twitter.com/iamrudramurthy/status/1425404005165928451,,,0,,Bangalore,,,,,,"{'user_id': None, 'username': None}",,,,
1425484280856125440,1425484280856125440,2021-08-11 10:48:31 CDT,2021-08-11,10:48:31,-0500,1268482442748325888,artsliveon,Rani Banerjee,,"Hey guys ❣ Folk Punk 004 is up for grabs now @WazirXNFT marketplace.
https://t.co/TlpvtBxDdo 
@Nameet @warijit @PKudiwal @kunalkamble @vspace @allanoscar @navzarte @Winbcblog1 @Karankalra_art @StoreVinci @chintam_ @sartoshi_nft @NftSheikh @boltminor @UltraMythStuff",en,"['wazirxnft', 'nameet', 'warijit', 'pkudiwal', 'kunalkamble', 'vspace', 'allanoscar', 'navzarte', 'winbcblog1', 'karankalra_art', 'chintam_', 'sartoshi_nft', 'nftsheikh', 'boltminor']",['https://nft.wazirx.org/ranibanerjee/2914'],[],0,2,8,[],[],https://twitter.com/ArtsLiveon/status/1425484280856125440,,,0,,Bangalore,,,,,,"{'user_id': None, 'username': None}",,,,
1425425179480518657,1425425179480518657,2021-08-11 06:53:40 CDT,2021-08-11,06:53:40,-0500,34906212,katranjeet,Ranjeet Kate,,A Break-from-Digital is a great thought Anupama. Loved your art🖼…It’s really good👍🏼,en,[],[],[],1,0,7,[],[],https://twitter.com/katranjeet/status/1425425179480518657,,https://twitter.com/anupamabijur/status/1425347726166794246,0,,Bangalore,,,,,,"{'user_id': None, 'username': None}",,,,
1425426777900412933,1425426777900412933,2021-08-11 07:00:01 CDT,2021-08-11,07:00:01,-0500,126560006,abhiramchandra,Abhi Chandrasekar,,Always cheering @FreshworksInc no matter what. This is absolutely fantastic 🔥😍,en,['freshworksinc'],[],[],0,0,2,[],[],https://twitter.com/AbhiramChandra/status/1425426777900412933,,https://twitter.com/FreshworksInc/status/1425098181155635203,0,,Bangalore,,,,,,"{'user_id': None, 'username': None}",,,,
1425363391468564481,1425363391468564481,2021-08-11 02:48:09 CDT,2021-08-11,02:48:09,-0500,1157583754350587904,bangalorembfc,Bangalore SSMB Fans,,"Please help this mother 
https://t.co/IBe8Wom6i2 click this link donate it.
@MaheshFanTrends
@urstrulyMahesh
@KarnatakaMBFC_ @MHMaheshFC @MBofficialTeam @MusicThaman @AndhraPradeshCM @SVPTheFilm @SSMBSpace @harish2you",en,"['maheshfantrends', 'urstrulymahesh', 'karnatakambfc_', 'mhmaheshfc', 'mbofficialteam', 'musicthaman', 'andhrapradeshcm', 'svpthefilm', 'ssmbspace', 'harish2you']",['http://www.ketto.org/fundraiser/my-mother-is-fighting-for-her-life-and-we-need-your-support-to-save-her-485359?utm_medium=whatsapp_share&utm_content=8c19c340868af844faf6f607be60b383&shby=1&utm_source=internal&utm_campaign=my-mother-is-fighting-for-her-life-and-we-need-your-support-to-save-her-485359'],[],0,6,6,[],[],https://twitter.com/BangaloreMBFC/status/1425363391468564481,,,0,,Bangalore,,,,,,"{'user_id': None, 'username': None}",,,,
1425465210865819656,1425450708338307077,2021-08-11 09:32:44 CDT,2021-08-11,09:32:44,-0500,988021659591368705,lawrencelawru,🇮🇳 J.LAWRENCE,,"@Kaalateetham @abdulelite1 @Suriyamanoher_S @prayaghs @DrVaishnavi14 @grovervj @jakareem26 @SahanaA09 @smileandshine20 @surnell @MisbahFathaheen @BLRrocKS @Kevapat @SainjeloJ @sandeeprrao1991 @Nithya_Mandyam @prayag @SanjanaBM_KAS @DrBhaskarRaj Nearly 242 Children in Bengaluru Tested Positive for Covid in 5 days, Officials Fear Number May Rise",en,"['kaalateetham', 'abdulelite1', 'suriyamanoher_s', 'prayaghs', 'drvaishnavi14', 'grovervj', 'jakareem26', 'sahanaa09', 'smileandshine20', 'surnell', 'misbahfathaheen', 'blrrocks', 'kevapat', 'sainjeloj', 'sandeeprrao1991', 'nithya_mandyam', 'prayag', 'sanjanabm_kas', 'drbhaskarraj']",[],[],0,2,6,[],[],https://twitter.com/LawrenceLawru/status/1425465210865819656,,,0,,Bangalore,,,,,,"{'user_id': '68636682', 'username': 'Kaalateetham'}",,,,
1425327105953439745,1425327105953439745,2021-08-11 00:23:58 CDT,2021-08-11,00:23:58,-0500,1512435270,gitakrishnankut,Gita Krishnankutty,,"British envoy, commerce chamber discuss trade with Andhra  https://t.co/8AgoAEEaxG via @NewIndianXpress",en,['newindianxpress'],['https://www.newindianexpress.com/states/andhra-pradesh/2021/aug/11/british-envoy-commerce-chamber-discuss-trade-with-andhra-2343199.html'],[],1,0,5,[],[],https://twitter.com/GitaKrishnankut/status/1425327105953439745,,,0,,Bangalore,,,,,,"{'user_id': None, 'username': None}",,,,
1425488235799580674,1425460145354690563,2021-08-11 11:04:14 CDT,2021-08-11,11:04:14,-0500,121148587,anuroopsai,కోన అనురూప్ శర్మ,,"@manukumarjain @narendramodi @makeinindia @XiaomiIndia @RedmiIndia @investindia #EMO moment for #PaytmDogs 🤩😆 
Thank you for your concern @manukumarjain ji 🙏 #ThankYouCBNSir @ncbn 🙏🙏🙏",en,"['manukumarjain', 'narendramodi', 'makeinindia', 'xiaomiindia', 'redmiindia', 'investindia', 'manukumarjain', 'ncbn']",[],[],0,1,11,"['emo', 'paytmdogs', 'thankyoucbnsir']",[],https://twitter.com/anuroopsai/status/1425488235799580674,,,0,,Bangalore,,,,,,"{'user_id': '74787719', 'username': 'manukumarjain'}",,,,
1425358216570019840,1425308961574555655,2021-08-11 02:27:35 CDT,2021-08-11,02:27:35,-0500,1338552564338446338,ctfblr1,Community Task Force,,@MeeraRotti @SwachSurvekshan @swachhbharat @KHHSPRWA @BBMPSWMSplComm @karnatakaspcb Yes.. we are braving it and will keep doing it till our last blood n we team doing ONLY for fellow #Citizens and Community Service. We appeal all our well wishers join us at Sundata Vana and er go there daily at 730am to realize our dream of an Urban Forest in HSR. Do join us!!,en,"['meerarotti', 'swachsurvekshan', 'swachhbharat', 'khhsprwa', 'bbmpswmsplcomm']",[],[],0,2,2,['citizens'],[],https://twitter.com/ctfblr1/status/1425358216570019840,,,0,,Bangalore,,,,,,"{'user_id': '362403708', 'username': 'MeeraRotti'}",,,,
1425489269691338761,1425394044398673922,2021-08-11 11:08:20 CDT,2021-08-11,11:08:20,-0500,1304492506805985280,lidomeow1,Flora SSR's soul sister!❤,,"@kkkumari8 @AllenAlmeyda @FaktTruth @SsrDream43 @withoutthemind @nilotpalm6 Karma will inflict such chronic injuries upon them for their unforgivable deeds ,that no remedial measures can ever restore their sanity. Divine justice will soon be pronounced. Hence,  let's stay united in this pursuit of the truth! #JusticeForSushantSinghRajput",en,"['kkkumari8', 'allenalmeyda', 'fakttruth', 'withoutthemind', 'nilotpalm6']",[],[],0,1,1,['justiceforsushantsinghrajput'],[],https://twitter.com/Lidomeow1/status/1425489269691338761,,,0,,Bangalore,,,,,,"{'user_id': '932914121099448320', 'username': 'kkkumari8'}",,,,
1425421296112861192,1425400640553897986,2021-08-11 06:38:14 CDT,2021-08-11,06:38:14,-0500,1388458076651491328,veerappavenkap1,the guy from kudla,,@Malz59408224 look at those hand movements 😂🤣,en,['malz59408224'],[],[],1,0,3,[],[],https://twitter.com/veerappavenkap1/status/1425421296112861192,,,0,,Bangalore,,,,,,"{'user_id': '1266354181008437250', 'username': 'Malz59408224'}",,,,
1425378070819602440,1425060758551818244,2021-08-11 03:46:28 CDT,2021-08-11,03:46:28,-0500,781074565501886464,sujan5b7,SUJAN SWAROOP VIPPARTHI,,@miryalasrikanth Wow … This is very helpful!! I think I should reduce my salt intake too,en,['miryalasrikanth'],[],[],0,0,2,[],[],https://twitter.com/sujan5b7/status/1425378070819602440,,,0,,Bangalore,,,,,,"{'user_id': '160446402', 'username': 'miryalasrikanth'}",,,,
1425446863440777224,1425425391364149254,2021-08-11 08:19:50 CDT,2021-08-11,08:19:50,-0500,439912356,sureshsakarayap,SURESH SAKARAYAPATNA,,@nitin_gadkari Please also get Blore-Kanakpura NH 209 4 lane work expedited.The contractor seems to hv stopped the work &amp;.the hiway is in pitiable condition. 4 laning can also be extended from Kanakpura to Mys via Malavalli. It will be an alternate route to Mys from Blore.,en,['nitin_gadkari'],[],[],0,4,20,[],[],https://twitter.com/SURESHSAKARAYAP/status/1425446863440777224,,,0,,Bangalore,,,,,,"{'user_id': '97217966', 'username': 'nitin_gadkari'}",,,,
1425504204496330753,1425494191015043072,2021-08-11 12:07:41 CDT,2021-08-11,12:07:41,-0500,108549569,sundar_s1955,Sankaran Sundar,,"@doc_sund Please see your local Nephrologist and get a clinical assessment including ultrasound done 
Not prudent to advise treatment on social media",en,['doc_sund'],[],[],1,0,6,[],[],https://twitter.com/sundar_s1955/status/1425504204496330753,,,0,,Bangalore,,,,,,"{'user_id': '189627097', 'username': 'doc_sund'}",,,,
1425430946199658496,1424607864979484674,2021-08-11 07:16:35 CDT,2021-08-11,07:16:35,-0500,142974989,tripsiegypsie,Priya,,It's blurred because it was very windy and cold and I had no tripod bcz I didn't even know that me or my phone were capable of this but I am super happy with my very first astrophoto.,en,[],[],[],1,1,3,[],[],https://twitter.com/tripsiegypsie/status/1425430946199658496,,,0,,Bangalore,,,,,,"{'user_id': '142974989', 'username': 'tripsiegypsie'}",,,,
1425445311363784704,1425422476008321036,2021-08-11 08:13:40 CDT,2021-08-11,08:13:40,-0500,507522272,muthuko91,Muthukumar,,@DCPTrWestBCP @CPBlr @jointcptraffic @blrcitytraffic @BlrCityPolice @chickpetetrfps Really mass Anna,en,"['dcptrwestbcp', 'cpblr', 'jointcptraffic', 'blrcitytraffic', 'blrcitypolice', 'chickpetetrfps']",[],[],0,2,6,[],[],https://twitter.com/Muthuko91/status/1425445311363784704,,,0,,Bangalore,,,,,,"{'user_id': '2808997472', 'username': 'DCPTrWestBCP'}",,,,
1425412266371936258,1425363613460598787,2021-08-11 06:02:21 CDT,2021-08-11,06:02:21,-0500,429726324,rkeerthinarayan,Keerthi Narayan R,,"@swamy64 Hmmm... I was aiming for the rule and an exception hit me in the face... 🤦🏻‍♂️

LOL... 😁",en,['swamy64'],[],[],0,0,2,[],[],https://twitter.com/RKeerthiNarayan/status/1425412266371936258,,,0,,Bangalore,,,,,,"{'user_id': '130248355', 'username': 'swamy64'}",,,,
1425466957189369866,1425437322271596544,2021-08-11 09:39:41 CDT,2021-08-11,09:39:41,-0500,52322389,tanaypratap,Tanay Pratap,,@pragdua Should be done soon and then we’ll go for more!,en,['pragdua'],[],[],1,1,6,[],[],https://twitter.com/tanaypratap/status/1425466957189369866,,,0,,Bangalore,,,,,,"{'user_id': '1379008209638154245', 'username': 'pragdua'}",,,,
1425508009166348291,1425506648114667523,2021-08-11 12:22:48 CDT,2021-08-11,12:22:48,-0500,376893533,saiamrithadhara,Sai Amrithadhara,,@SSSTShirdi Aum Sairam tera koti pranaam. Thank you so much Sai for everything. We are all indeed blessed to have your Darshan at this moment. Thank you so much Sansthan for sharing divine Darshan.,en,['ssstshirdi'],[],[],1,0,7,[],[],https://twitter.com/SaiAmrithadhara/status/1425508009166348291,,,0,,Bangalore,,,,,,"{'user_id': '842938523640631296', 'username': 'SSSTShirdi'}",,,,
1425410334525775873,1425363613460598787,2021-08-11 05:54:41 CDT,2021-08-11,05:54:41,-0500,429726324,rkeerthinarayan,Keerthi Narayan R,,"@swamy64 If the child's Father was around, Mother would have looked at him and said 'This all because of your pampering' or 'See... You daughter is becoming adamant like you' or something on those lines...

Glad to know the Father was not in the vicinity and spared... 😁😜",en,['swamy64'],[],[],1,0,7,[],[],https://twitter.com/RKeerthiNarayan/status/1425410334525775873,,,0,,Bangalore,,,,,,"{'user_id': '130248355', 'username': 'swamy64'}",,,,
1425519598103797760,1425518750720086019,2021-08-11 13:08:51 CDT,2021-08-11,13:08:51,-0500,52322389,tanaypratap,Tanay Pratap,,"@RupamDas832 @SwapAgarwal @tanviprya @neogcamp @roc8HQ Congratulations 🎉🎈 

Thank you for proving once again that branch doesn’t matter if you have determination. 

Love and blessings for the future. Do well. 🙂",en,"['rupamdas832', 'swapagarwal', 'tanviprya', 'neogcamp', 'roc8hq']",[],[],0,1,26,[],[],https://twitter.com/tanaypratap/status/1425519598103797760,,,0,,Bangalore,,,,,,"{'user_id': '4055533152', 'username': 'RupamDas832'}",,,,
1425500119416262659,1425500119416262659,2021-08-11 11:51:27 CDT,2021-08-11,11:51:27,-0500,92031307,shriharap,Shrihara,,@namma_vjy It rained rather heavily for few minutes at Rajajinagara now.,en,['namma_vjy'],[],[],0,0,3,[],[],https://twitter.com/shriharap/status/1425500119416262659,,,0,,Bangalore,,,,,,"{'user_id': '1307351233', 'username': 'namma_vjy'}",,,,
1425518067988058116,1425505127167758338,2021-08-11 13:02:46 CDT,2021-08-11,13:02:46,-0500,17281303,miten,miten sampat,,@helloanand @harish_io @kunalb11 the teetotaler set the stage on 🔥,en,"['helloanand', 'harish_io', 'kunalb11']",[],[],2,0,16,[],[],https://twitter.com/miten/status/1425518067988058116,,,0,,Bangalore,,,,,,"{'user_id': '17674377', 'username': 'helloanand'}",,,,
1425460722792759300,1425455013481041922,2021-08-11 09:14:54 CDT,2021-08-11,09:14:54,-0500,796768917611917312,simhacn,Narasimha Murthy,,"@ks_198 @anuragteddy These Aapians &amp; their Ninja ways ! 

Get rid of RG any which way &amp; can then divide India between 2 rss political parties on Tango now .",en,"['ks_198', 'anuragteddy']",[],[],0,1,1,[],[],https://twitter.com/simhacn/status/1425460722792759300,,,0,,Bangalore,,,,,,"{'user_id': '1674091388', 'username': 'ks_198'}",,,,
1425517767843663873,1425513847285190659,2021-08-11 13:01:35 CDT,2021-08-11,13:01:35,-0500,2494241784,ksharma23,kaushal sharma,,@TimesNow @RakeshSinha01 @thenewshour TMC's women MPs are quiet on what's happening with women in Bengal. Public is watching their behaviour in parliament.,en,"['timesnow', 'rakeshsinha01', 'thenewshour']",[],[],0,0,0,[],[],https://twitter.com/Ksharma23/status/1425517767843663873,,,0,,Bangalore,,,,,,"{'user_id': '240649814', 'username': 'TimesNow'}",,,,
1425438412073410569,1425437322271596544,2021-08-11 07:46:15 CDT,2021-08-11,07:46:15,-0500,52322389,tanaypratap,Tanay Pratap,,@QuoraBhakt Amen to that!,en,[],[],[],0,1,6,[],[],https://twitter.com/tanaypratap/status/1425438412073410569,,,0,,Bangalore,,,,,,"{'user_id': '851575064311074817', 'username': 'BhaktOfAltcoins'}",,,,
1425391381292355589,1425387841069076483,2021-08-11 04:39:22 CDT,2021-08-11,04:39:22,-0500,796768917611917312,simhacn,Narasimha Murthy,,"@shubhshaurya1 @RagaTimes Some eternal truths -

RG irrelevant . .
No community COVID spread so far
Soldier Ladak pe . .
Mandir wahi . .
Black money layenge.  .
Hindu khatre me.  .

All of the above , as eternal as E =MC2",en,"['shubhshaurya1', 'ragatimes']",[],[],0,0,3,[],[],https://twitter.com/simhacn/status/1425391381292355589,,,0,,Bangalore,,,,,,"{'user_id': '961495547357089792', 'username': 'shubhshaurya1'}",,,,
1425448781898649601,1425434382488285187,2021-08-11 08:27:27 CDT,2021-08-11,08:27:27,-0500,142974989,tripsiegypsie,Priya,,@guffawer @Icarus_Reloaded Arey just move to Blr..it's always LIIT weather here.,en,"['guffawer', 'icarus_reloaded']",[],[],1,0,2,[],[],https://twitter.com/tripsiegypsie/status/1425448781898649601,,,0,,Bangalore,,,,,,"{'user_id': '61521212', 'username': 'guffawer'}",,,,
1425370748357513218,1425370201390927875,2021-08-11 03:17:23 CDT,2021-08-11,03:17:23,-0500,457293024,hemanth_idiot,Hemanth Kumar,,@manobalam Happy Birthday 🥳 @soundar4uall,en,"['manobalam', 'soundar4uall']",[],[],1,0,4,[],[],https://twitter.com/Hemanth_Idiot/status/1425370748357513218,,,0,,Bangalore,,,,,,"{'user_id': '186054339', 'username': 'manobalam'}",,,,
1425519142686187522,1425305040898592771,2021-08-11 13:07:03 CDT,2021-08-11,13:07:03,-0500,17281303,miten,miten sampat,,"@Stellaris_VP @banglani congrats @banglani @alokgoyal1971 @rchowdhri 🔥

good to see you guys build a new institution and settle in for the long game. 

wish you a great vintage!",en,"['stellaris_vp', 'banglani', 'banglani', 'alokgoyal1971', 'rchowdhri']",[],[],1,0,7,[],[],https://twitter.com/miten/status/1425519142686187522,,,0,,Bangalore,,,,,,"{'user_id': '825282817877684225', 'username': 'Stellaris_VP'}",,,,
1425517592219840520,1425367136428457988,2021-08-11 13:00:53 CDT,2021-08-11,13:00:53,-0500,3118417408,gag_aggarwal,Garima Aggarwal,,"@fearingforties @CrestaniFilho @NephroP Complements, COVID, basic serology is all negative. The TAT for Autoimmune work up is a lot longer than getting the biopsy report for us. I’d feel more comfortable immunosuppressing when I know what I am dealing with/how bad it is. The management of this pt is a whole other chat.",en,"['fearingforties', 'crestanifilho', 'nephrop']",[],[],0,0,4,[],[],https://twitter.com/gag_aggarwal/status/1425517592219840520,,,0,,Bangalore,,,,,,"{'user_id': '204368407', 'username': 'fearingforties'}",,,,
1425518611456659456,1425367136428457988,2021-08-11 13:04:56 CDT,2021-08-11,13:04:56,-0500,3118417408,gag_aggarwal,Garima Aggarwal,,"@NephroP @CrestaniFilho @fearingforties DAH+AKI/anuric (Creat was normal 2 days ago)+ Microscopic Hematuria+ all serology negative so far. We have done all the SOS care. 
I’d prefer having some kinda diagnosis to proceed further/prognosticate.",en,"['nephrop', 'crestanifilho', 'fearingforties']",[],[],1,0,2,[],[],https://twitter.com/gag_aggarwal/status/1425518611456659456,,,0,,Bangalore,,,,,,"{'user_id': '1058907761642270721', 'username': 'NephroP'}",,,,
1425529898177687557,1425423689663791106,2021-08-11 13:49:47 CDT,2021-08-11,13:49:47,-0500,16339134,pavanpodila,Pavan Podila,,@akrsh24 @hetu0919 @anniebombanie_ You have been unleashed to the world!,en,"['akrsh24', 'hetu0919', 'anniebombanie_']",[],[],1,0,2,[],[],https://twitter.com/pavanpodila/status/1425529898177687557,,,0,,Bangalore,,,,,,"{'user_id': '4713916662', 'username': 'akrsh24'}",,,,
1425519126932463617,1425367136428457988,2021-08-11 13:06:59 CDT,2021-08-11,13:06:59,-0500,3118417408,gag_aggarwal,Garima Aggarwal,,@NephroP @CrestaniFilho @fearingforties Also all other autoimmune work up will take 4-5 days to come. We may get the biopsy report by tmw. 🙏🏽,en,"['nephrop', 'crestanifilho', 'fearingforties']",[],[],2,0,3,[],[],https://twitter.com/gag_aggarwal/status/1425519126932463617,,,0,,Bangalore,,,,,,"{'user_id': '3118417408', 'username': 'gag_aggarwal'}",,,,
1425490494105133056,1425276993650585611,2021-08-11 11:13:12 CDT,2021-08-11,11:13:12,-0500,145587407,kpsingh1966,KP Singh,,"@anujkapoor13 @dlambahry @swaraj_abhiyan @_YogendraYadav @_SwarajIndia @swarajchristina @rajeevdhyani @bachneshpalPal @cartoonistnaqvi @_NavnitTiwari @kavitakowshik @col_jaivir Tata, Birla, Premji, Narayan Murthy, Munjal are not venturing into corporate farming! Modi's cronies are! 
Why do you think it is Adani whose wealth has increased by 10 times and not that of Tata's?",en,"['anujkapoor13', 'dlambahry', 'swaraj_abhiyan', '_yogendrayadav', '_swarajindia', 'swarajchristina', 'rajeevdhyani', 'bachneshpalpal', 'cartoonistnaqvi', '_navnittiwari', 'kavitakowshik', 'col_jaivir']",[],[],1,1,1,[],[],https://twitter.com/kpsingh1966/status/1425490494105133056,,,0,,Bangalore,,,,,,"{'user_id': '57273133', 'username': 'anujkapoor13'}",,,,
1425481257140457472,1425184519066251264,2021-08-11 10:36:30 CDT,2021-08-11,10:36:30,-0500,1173415699043110912,kumarbalananda,🇮🇳Balananda Kumarasiva,,"@Jainismrevival @AnshPihu0007 @prithvi525 The Saivas and Vaishnavas united as late as 750ad else they were separate religions, just as the vedics and agamics were. They all came under one umbrella post shankara",en,"['jainismrevival', 'prithvi525']",[],[],1,0,2,[],[],https://twitter.com/KumarBalananda/status/1425481257140457472,,,0,,Bangalore,,,,,,"{'user_id': '30526183', 'username': 'Jainismrevival'}",,,,
1425480860971667458,1425184519066251264,2021-08-11 10:34:56 CDT,2021-08-11,10:34:56,-0500,1173415699043110912,kumarbalananda,🇮🇳Balananda Kumarasiva,,@Jainismrevival @AnshPihu0007 @prithvi525 All sects implies digambars and yapaniya etc etc. The downfall and defeat of Jainism happened gradually over several hundreds of years. The Sambandar event was a flashpoint though. Just like Rome wasn't built in a day to be destroyed in a day.,en,"['jainismrevival', 'prithvi525']",[],[],1,0,2,[],[],https://twitter.com/KumarBalananda/status/1425480860971667458,,,0,,Bangalore,,,,,,"{'user_id': '30526183', 'username': 'Jainismrevival'}",,,,
1425506762061352962,1425489882193879048,2021-08-11 12:17:51 CDT,2021-08-11,12:17:51,-0500,2286417703,blrrocks,ತರ್ಲೆ 𝗧𝗵𝗶𝗺𝗺𝗮,,"@unknownmanushya @pmbjppmbi If you have any specific validated or evidence based information, I would try to talk to the big guys and get to the root cause.",en,"['unknownmanushya', 'pmbjppmbi']",[],[],1,0,4,[],[],https://twitter.com/BLRrocKS/status/1425506762061352962,,,0,,Bangalore,,,,,,"{'user_id': '64733871', 'username': 'unknownmanushya'}",,,,
1425489383784796162,1425447069825781771,2021-08-11 11:08:48 CDT,2021-08-11,11:08:48,-0500,28969415,agnimax,Agni🦉,,@SREERANJ @The_Kid_Icarus Thank you so much 🙏🙏❤️😊,en,"['sreeranj', 'the_kid_icarus']",[],[],0,0,2,[],[],https://twitter.com/agnimax/status/1425489383784796162,,,0,,Bangalore,,,,,,"{'user_id': '65606687', 'username': 'SREERANJ'}",,,,
1425506311949602820,1425489882193879048,2021-08-11 12:16:04 CDT,2021-08-11,12:16:04,-0500,2286417703,blrrocks,ತರ್ಲೆ 𝗧𝗵𝗶𝗺𝗺𝗮,,"@DrBhaskarRaj @pmbjppmbi Thank you, Doc! 😊",en,"['drbhaskarraj', 'pmbjppmbi']",[],[],0,0,2,[],[],https://twitter.com/BLRrocKS/status/1425506311949602820,,,0,,Bangalore,,,,,,"{'user_id': '167750538', 'username': 'DrBhaskarRaj'}",,,,
1425530077874327554,1425395191880372231,2021-08-11 13:50:30 CDT,2021-08-11,13:50:30,-0500,1262001622651002882,advocateshubha,Shubha.B. Naik (Shubhavathi Bhaskar Naik ),,@Shobha_Music Super ♥♥♥,en,['shobha_music'],[],[],1,0,2,[],[],https://twitter.com/AdvocateShubha/status/1425530077874327554,,,0,,Bangalore,,,,,,"{'user_id': '1247163899419324416', 'username': 'Shobha_Music'}",,,,
