id,conversation_id,created_at,date,time,timezone,user_id,username,name,place,tweet,language,mentions,urls,photos,replies_count,retweets_count,likes_count,hashtags,cashtags,link,retweet,quote_url,video,thumbnail,near,geo,source,user_rt_id,user_rt,retweet_id,reply_to,retweet_date,translate,trans_src,trans_dest
1378399397168381955,1378399397168381955,2021-04-03 12:30:00 CDT,2021-04-03,12:30:00,-0500,304248501,rcbfanarmy,RCB Fan Army Official,,Or who? https://t.co/OsIu3rZCdo,en,[],[],['https://pbs.twimg.com/media/EyEO8YhUYAAW5p8.jpg'],41,24,287,[],[],https://twitter.com/rcbfanarmy/status/1378399397168381955,,,1,https://pbs.twimg.com/media/EyEO8YhUYAAW5p8.jpg,Bangalore,,,,,,"{'user_id': None, 'username': None}",,,,
1378372259232948234,1378372259232948234,2021-04-03 10:42:10 CDT,2021-04-03,10:42:10,-0500,81662868,vikramsampath,"Dr. Vikram Sampath, FRHistS",,"The juvenile vileness of this man is unimaginable. It is this same ""commission"" that enabled elections that installed your party's govts in Punjab, C'garh, Rajasthan etc not too long ago. Did u pay them then ? Grapes are always sour for a sore &amp; incompetent loser!",en,[],[],[],82,1136,4531,[],[],https://twitter.com/vikramsampath/status/1378372259232948234,,https://twitter.com/RahulGandhi/status/1378348851208232962,0,,Bangalore,,,,,,"{'user_id': None, 'username': None}",,,,
1378390251018747904,1378390251018747904,2021-04-03 11:53:39 CDT,2021-04-03,11:53:39,-0500,838790305553891329,mohan5953,Pailwaan_Mohan,,"Last night watched #Sulthan movie with #kgf team, nice entertainment and action,@Karthi_Offl sir 👌🙌how good be a leader for people that single line is the main of the film, people giving grand welcome for #JaiSulthan 💐 in Karnataka @GarudaRaam acting is 👌 https://t.co/q04ugo7vFl",en,"['karthi_offl', 'garudaraam']",[],"['https://pbs.twimg.com/media/EyEGfMkU8AA-_7Z.jpg', 'https://pbs.twimg.com/media/EyEGk19UYAcx1xx.jpg', 'https://pbs.twimg.com/media/EyEGmQDU4AM1rPr.jpg', 'https://pbs.twimg.com/media/EyEGnNrVcAIPbuO.jpg']",4,72,521,"['sulthan', 'kgf', 'jaisulthan']",[],https://twitter.com/Mohan5953/status/1378390251018747904,,,1,https://pbs.twimg.com/media/EyEGfMkU8AA-_7Z.jpg,Bangalore,,,,,,"{'user_id': None, 'username': None}",,,,
1378407292287152130,1378407292287152130,2021-04-03 13:01:22 CDT,2021-04-03,13:01:22,-0500,1185638118256304129,1polymancer,POLYMANCER ⬢,,"new song out on 4/4, everywhere
#reality #indiemusic #doge $doge https://t.co/UELWuodCn8",en,[],[],[],0,0,5,"['reality', 'indiemusic', 'doge']",['doge'],https://twitter.com/1polymancer/status/1378407292287152130,,,1,https://pbs.twimg.com/ext_tw_video_thumb/1378407238474244099/pu/img/2E6r1nDqNUGMm381.jpg,Bangalore,,,,,,"{'user_id': None, 'username': None}",,,,
1378342397076066306,1378342397076066306,2021-04-03 08:43:30 CDT,2021-04-03,08:43:30,-0500,1262001622651002882,advocateshubha,Shubha.B. Naik (Shubhavathi Bhaskar Naik ),,WHO-World Husband's Organization https://t.co/6rEZDezeme,en,[],[],['https://pbs.twimg.com/media/EyDbGW_VoAUEe-s.jpg'],1,2,11,[],[],https://twitter.com/AdvocateShubha/status/1378342397076066306,,,1,https://pbs.twimg.com/media/EyDbGW_VoAUEe-s.jpg,Bangalore,,,,,,"{'user_id': None, 'username': None}",,,,
1378369427876368386,1378369427876368386,2021-04-03 10:30:55 CDT,2021-04-03,10:30:55,-0500,333913268,archanakra,Archana K R / ಅರ್ಚನಾ ಕೆ ಆರ್,,"Rain, Rain Rain... I love this Mud smell. 

#Bangalore https://t.co/dCrYj9sfq7",en,[],[],[],1,0,6,['bangalore'],[],https://twitter.com/archanakra/status/1378369427876368386,,,1,https://pbs.twimg.com/ext_tw_video_thumb/1378369219134332933/pu/img/pZ7C12mFSa4BRRhO.jpg,Bangalore,,,,,,"{'user_id': None, 'username': None}",,,,
1378387465036177409,1378387465036177409,2021-04-03 11:42:35 CDT,2021-04-03,11:42:35,-0500,1320228829013528576,ksmb77,🎭 .#BRB._....🏇,,"This 😍😍

#Kotigobba3 #VikrantRona 
@KicchaSudeep https://t.co/dR8IPNgzcs",en,['kicchasudeep'],[],['https://pbs.twimg.com/media/EyEEFq2VgAMQvt_.jpg'],0,9,21,"['kotigobba3', 'vikrantrona']",[],https://twitter.com/KSMB77/status/1378387465036177409,,https://twitter.com/Trends_Samantha/status/1378343598886821894,1,https://pbs.twimg.com/media/EyEEFq2VgAMQvt_.jpg,Bangalore,,,,,,"{'user_id': None, 'username': None}",,,,
1378448444306518017,1378448444306518017,2021-04-03 15:44:54 CDT,2021-04-03,15:44:54,-0500,1289044395510108165,saifi2_saifi,Mo Zeeshan Saifi,,"Leave 😁
#memesdaily #MEMES #MEMEKBASAH @GaurangBhardwa1 @mr_memewala_ @RVCJ_FB @I_Am_Muskan_ @TheYoungMonk_ https://t.co/Yv6WZoZC8h",en,"['gaurangbhardwa1', 'mr_memewala_', 'rvcj_fb', 'i_am_muskan_']",[],['https://pbs.twimg.com/media/EyE7jTYVcAEmzcx.jpg'],0,2,3,"['memesdaily', 'memes', 'memekbasah']",[],https://twitter.com/saifi2_saifi/status/1378448444306518017,,,1,https://pbs.twimg.com/media/EyE7jTYVcAEmzcx.jpg,Bangalore,,,,,,"{'user_id': None, 'username': None}",,,,
1378471578170580994,1378471578170580994,2021-04-03 17:16:49 CDT,2021-04-03,17:16:49,-0500,1166444989791948800,sustainme_in,sustainme.in®️,,"https://t.co/iCyrPurZXL ®️ - ""100% ORGANIC &amp; SUSTAINABLE APPAREL BRAND""
🌿🌿
Follow our Instagram page :
https://t.co/MX4mAUDdqr
.
#smallbusiness
#Instagram #BlackOwned #fashion #follow #sustainme #BlackOwnedBusiness #Tamil #plasticfree #climate #brand #India #UAE #Dubai #Eco https://t.co/FoSYAXO6dk",en,[],"['http://sustainme.in', 'https://www.instagram.com/sustainme.in/']",['https://pbs.twimg.com/media/EyFQlxHUcAAsRqb.jpg'],0,2,0,"['smallbusiness', 'instagram', 'blackowned', 'fashion', 'follow', 'sustainme', 'blackownedbusiness', 'tamil', 'plasticfree', 'climate', 'brand', 'india', 'uae', 'dubai', 'eco']",[],https://twitter.com/sustainme_in/status/1378471578170580994,,,1,https://pbs.twimg.com/media/EyFQlxHUcAAsRqb.jpg,Bangalore,,,,,,"{'user_id': None, 'username': None}",,,,
1378354882525032454,1378354882525032454,2021-04-03 09:33:07 CDT,2021-04-03,09:33:07,-0500,47143963,traderscarnival,Espresso Traders Carnival,,#Weekend Humor https://t.co/TYxvSUYFp2,en,[],[],['https://pbs.twimg.com/media/EyDmciAUUAMzI4w.jpg'],4,0,9,['weekend'],[],https://twitter.com/Traderscarnival/status/1378354882525032454,,,1,https://pbs.twimg.com/media/EyDmciAUUAMzI4w.jpg,Bangalore,,,,,,"{'user_id': None, 'username': None}",,,,
1378395923185737736,1378395923185737736,2021-04-03 12:16:12 CDT,2021-04-03,12:16:12,-0500,1252628658029658113,chethu_07,Chethu,,Anna @ivd_RadheShyam 😍🥰 https://t.co/bQsRmwwY9d,en,['ivd_radheshyam'],[],['https://pbs.twimg.com/media/EyELyVRUUAArIMp.jpg'],1,2,12,[],[],https://twitter.com/chethu_07/status/1378395923185737736,,,1,https://pbs.twimg.com/media/EyELyVRUUAArIMp.jpg,Bangalore,,,,,,"{'user_id': None, 'username': None}",,,,
1378367913103556609,1378367913103556609,2021-04-03 10:24:53 CDT,2021-04-03,10:24:53,-0500,1946169680,saraswathi1717,Saraswathi Jagirdar 🇮🇳,,"Prince..
@YaduveerWodiyar  #Mysore  #PhotoOfTheDay https://t.co/0upB8a1yUB",en,[],[],['https://pbs.twimg.com/media/EyDyT6-VgAEhUi2.jpg'],0,2,31,"['mysore', 'photooftheday']",[],https://twitter.com/saraswathi1717/status/1378367913103556609,,,1,https://pbs.twimg.com/media/EyDyT6-VgAEhUi2.jpg,Bangalore,,,,,,"{'user_id': None, 'username': None}",,,,
1378335567054692352,1378335567054692352,2021-04-03 08:16:22 CDT,2021-04-03,08:16:22,-0500,583757795,ulhasdr,Dr Ulhas Pandurangi,,Lower the rate larger is the T wave! Exciting! (Dr Ranjan) #ECG #EPeeps https://t.co/pmL2PAc87B,en,[],[],"['https://pbs.twimg.com/media/EyDU4WvUYAAO1xG.jpg', 'https://pbs.twimg.com/media/EyDU4WuVIAIfj5R.jpg', 'https://pbs.twimg.com/media/EyDU4WuUUAEzK_U.jpg']",3,4,7,"['ecg', 'epeeps']",[],https://twitter.com/UlhasDr/status/1378335567054692352,,,1,https://pbs.twimg.com/media/EyDU4WvUYAAO1xG.jpg,Bangalore,,,,,,"{'user_id': None, 'username': None}",,,,
1378391501583970304,1378391501583970304,2021-04-03 11:58:37 CDT,2021-04-03,11:58:37,-0500,1027923500290387970,vivegamvignesh2,Vivegam Vignesh,,"Exclusive....🎊

Felicitation to Music Director #imman By #SathyaJyothi And #TGThyagarajan on Receiving The Prestigious National Award for #Viswasam 

#AjithKumar Directorsiva and Team ❤️

#Valimai #AdvanceHBDTHALAAjith https://t.co/ePmxPfsbA7",en,[],[],['https://pbs.twimg.com/media/EyEHwHaUYAAS8iZ.jpg'],0,9,2,"['imman', 'sathyajyothi', 'tgthyagarajan', 'viswasam', 'ajithkumar', 'valimai', 'advancehbdthalaajith']",[],https://twitter.com/VivegamVignesh2/status/1378391501583970304,,,1,https://pbs.twimg.com/media/EyEHwHaUYAAS8iZ.jpg,Bangalore,,,,,,"{'user_id': None, 'username': None}",,,,
1378348830144393216,1378348830144393216,2021-04-03 09:09:04 CDT,2021-04-03,09:09:04,-0500,1001310473046835200,natrajcinemas,Natrajcinegroup,,"Loved by audience, Cherished by families 🙏 #Yuvarathnaa #RunningPowerfully ⚡

#PowerFulBlockbuster 
 
Now playing in #GangaTheatre and #ShivaTheatre 

Book your tickets now on @bookmyshow 

@PuneethRajkumar @sayyeshaa @hombalefilms @SanthoshAnand15 @Karthik1423 @RFFCBallari https://t.co/2SbDkPNQPm",en,"['bookmyshow', 'puneethrajkumar', 'sayyeshaa', 'hombalefilms', 'santhoshanand15', 'karthik1423', 'rffcballari']",[],['https://pbs.twimg.com/media/EyDg80-U8AAGDW9.jpg'],1,23,45,"['yuvarathnaa', 'runningpowerfully', 'powerfulblockbuster', 'gangatheatre', 'shivatheatre']",[],https://twitter.com/natrajcinemas/status/1378348830144393216,,,1,https://pbs.twimg.com/media/EyDg80-U8AAGDW9.jpg,Bangalore,,,,,,"{'user_id': None, 'username': None}",,,,
1378346128328912897,1378346128328912897,2021-04-03 08:58:20 CDT,2021-04-03,08:58:20,-0500,1320228829013528576,ksmb77,🎭 .#BRB._....🏇,,"Advance Happy Birthday #ThalaAjith Sir 🎂🎉 
Best Wishes From All Stylish Star @KicchaSudeep Fans ❤️ !

All The Very Best For #Valimai &amp; Future Projects 🤗

#AdvanceHBDTHALAAjith #Kotigobba3 https://t.co/QA8k3IjmK8",en,['kicchasudeep'],[],"['https://pbs.twimg.com/media/EyDeec1U8AExuxE.jpg', 'https://pbs.twimg.com/media/EyDefb9UYAAMebY.jpg']",0,17,9,"['thalaajith', 'valimai', 'advancehbdthalaajith', 'kotigobba3']",[],https://twitter.com/KSMB77/status/1378346128328912897,,,1,https://pbs.twimg.com/media/EyDeec1U8AExuxE.jpg,Bangalore,,,,,,"{'user_id': None, 'username': None}",,,,
1378439357980282881,1378439357980282881,2021-04-03 15:08:47 CDT,2021-04-03,15:08:47,-0500,1399575258,syedgufran21,Apex17Predator😈,,Clicked using 18x 4k HD Optical Zoom Mobile telephoto lens #phoneclick #1Earth1Hour1Concentrix #concentrix @Concentrix @ConcentrixIND @CNXPresident #saveEarth #MOONSHOT https://t.co/UPTPlEUfFJ,en,"['concentrix', 'concentrixind', 'cnxpresident']",[],['https://pbs.twimg.com/media/EyEzSmOVgAAH82x.jpg'],0,2,9,"['phoneclick', '1earth1hour1concentrix', 'concentrix', 'saveearth', 'moonshot']",[],https://twitter.com/syedgufran21/status/1378439357980282881,,,1,https://pbs.twimg.com/media/EyEzSmOVgAAH82x.jpg,Bangalore,,,,,,"{'user_id': None, 'username': None}",,,,
1378379740101242883,1378379740101242883,2021-04-03 11:11:53 CDT,2021-04-03,11:11:53,-0500,95404086,reallgupta,I C Gupta,,"Sanjiv Bhatt's Daughter Says, Her Father Is The Only Man Who Can Link  Modi To The 2002 Gujarat Riots.

https://t.co/PJeREB0Kbk",en,[],['https://www.facebook.com/thehindustangazette/videos/218104433048773/'],[],0,3,5,[],[],https://twitter.com/ReallGupta/status/1378379740101242883,,,0,,Bangalore,,,,,,"{'user_id': None, 'username': None}",,,,
1378421281704452096,1378421281704452096,2021-04-03 13:56:58 CDT,2021-04-03,13:56:58,-0500,1068325800951201792,urstrulysubbu99,@urstrulysubbu,,"BLOCKBUSTER SULTHAN 💥

@Karthi_Offl @iamRashmika @Bakkiyaraj_k @DreamWarriorpic

#SulthanBlockBuster #Sulthan https://t.co/JrQnN7kggm",en,"['karthi_offl', 'iamrashmika', 'bakkiyaraj_k', 'dreamwarriorpic']",[],['https://pbs.twimg.com/media/EyEi2W9VcAEvS6A.jpg'],0,1,2,"['sulthanblockbuster', 'sulthan']",[],https://twitter.com/urstrulysubbu99/status/1378421281704452096,,https://twitter.com/OTTPlatform/status/1378410263821443073,1,https://pbs.twimg.com/media/EyEi2W9VcAEvS6A.jpg,Bangalore,,,,,,"{'user_id': None, 'username': None}",,,,
1378271530438696960,1378271530438696960,2021-04-03 04:01:54 CDT,2021-04-03,04:01:54,-0500,118615072,srinath_tl,Thiruneelakantan Leela SRINATH,,Had a wonderful discussion. Deep insights from panelists regarding career transitions and deciding what they DON'T want shaped their journey well. #NPDS2021. https://t.co/L005lAn0nZ,en,[],[],['https://pbs.twimg.com/media/EyCaoOiVEAUvnsM.jpg'],0,1,14,['npds2021'],[],https://twitter.com/srinath_tl/status/1378271530438696960,,https://twitter.com/NpdsPost/status/1377833202434252801,1,https://pbs.twimg.com/media/EyCaoOiVEAUvnsM.jpg,Bangalore,,,,,,"{'user_id': None, 'username': None}",,,,
1378366298967568387,1378366298967568387,2021-04-03 10:18:29 CDT,2021-04-03,10:18:29,-0500,1068325800951201792,urstrulysubbu99,@urstrulysubbu,,"Advance HAPPY Birthday To #ThalaAjith Best Wishes From All @urstrulyMahesh annaya Fans ♥️

#AdvanceHBDTHALAAjith #SarkaruVaariPaata #Valimai https://t.co/NjHl1RDKGF",en,['urstrulymahesh'],[],['https://pbs.twimg.com/media/EyDw1fIVEAAB1EA.jpg'],0,4,0,"['thalaajith', 'advancehbdthalaajith', 'sarkaruvaaripaata', 'valimai']",[],https://twitter.com/urstrulysubbu99/status/1378366298967568387,,,1,https://pbs.twimg.com/media/EyDw1fIVEAAB1EA.jpg,Bangalore,,,,,,"{'user_id': None, 'username': None}",,,,
1378378502458679298,1378378502458679298,2021-04-03 11:06:58 CDT,2021-04-03,11:06:58,-0500,125278609,venuak,venkat,,"Is it just me or what? Why am I feeling like I'm in Manglore/Udupi region when in Banglore! What's happening? Guys start growing trees, use bicycles and just start walking to go to nearby stores! And wind is  just not helping #bengaluru #summer https://t.co/cJcuSyZMIF",en,[],[],['https://pbs.twimg.com/media/EyD78VDVgAAFUfh.jpg'],0,0,2,"['bengaluru', 'summer']",[],https://twitter.com/venuak/status/1378378502458679298,,,1,https://pbs.twimg.com/media/EyD78VDVgAAFUfh.jpg,Bangalore,,,,,,"{'user_id': None, 'username': None}",,,,
1378416551938953220,1378416551938953220,2021-04-03 13:38:10 CDT,2021-04-03,13:38:10,-0500,134358126,parorocks,Paromita Banerjee,,"If you ever wonder why Bangalore goes on a complete lockdown, here's why! A complete mess at #sanchez. At the end common man ends up paying the price for someone's mindless fun!! @ubcitybangalore 
@BSYBJP @Tejasvi_Surya @TVMohandasPai @CMofKarnataka @DgpKarnataka https://t.co/loThM0o6Jn",en,"['ubcitybangalore', 'bsybjp', 'tejasvi_surya', 'tvmohandaspai', 'cmofkarnataka', 'dgpkarnataka']",[],[],0,1,2,['sanchez'],[],https://twitter.com/parorocks/status/1378416551938953220,,,1,https://pbs.twimg.com/ext_tw_video_thumb/1378416430278791170/pu/img/Ai5oKQfjStO1LGOi.jpg,Bangalore,,,,,,"{'user_id': None, 'username': None}",,,,
1378349204586651648,1378349204586651648,2021-04-03 09:10:33 CDT,2021-04-03,09:10:33,-0500,1001310473046835200,natrajcinemas,Natrajcinegroup,,"Appreciations &amp; Accolades from critics for #WildDog 🔥

Now playing in #NatrajTheatre 

Get your tickets now on @bookmyshow 

#BlockbusterWildDog 

@iamnagarjuna @MatineeEnt https://t.co/D93wKNvKnN",en,"['bookmyshow', 'iamnagarjuna', 'matineeent']",[],['https://pbs.twimg.com/media/EyDhSozVIAAC7wD.jpg'],0,2,3,"['wilddog', 'natrajtheatre', 'blockbusterwilddog']",[],https://twitter.com/natrajcinemas/status/1378349204586651648,,,1,https://pbs.twimg.com/media/EyDhSozVIAAC7wD.jpg,Bangalore,,,,,,"{'user_id': None, 'username': None}",,,,
1378402195549298689,1378402195549298689,2021-04-03 12:41:07 CDT,2021-04-03,12:41:07,-0500,77147095,originalmiks,maelstrom,,Met Bangalore's newest recruit today 💪🏾💪🏾 @saggod https://t.co/5gB2SXpAFY,en,['saggod'],[],['https://pbs.twimg.com/media/EyERepnW8AgJDih.jpg'],0,0,4,[],[],https://twitter.com/originalmiks/status/1378402195549298689,,,1,https://pbs.twimg.com/media/EyERepnW8AgJDih.jpg,Bangalore,,,,,,"{'user_id': None, 'username': None}",,,,
1378406717923360770,1378398346155417600,2021-04-03 12:59:05 CDT,2021-04-03,12:59:05,-0500,1142784062777511936,googlemyname4,The dark Knight🇮🇳,,"@priyankac19 Madam, Ms Mathematician.  There is no rally in Maharashtra. Why Maharastra is out of control? https://t.co/JbIWs2SFnZ",en,['priyankac19'],[],['https://pbs.twimg.com/media/EyEVmAnUUAQ9eiH.jpg'],1,3,16,[],[],https://twitter.com/googlemyname4/status/1378406717923360770,,,1,https://pbs.twimg.com/media/EyEVmAnUUAQ9eiH.jpg,Bangalore,,,,,,"{'user_id': '19760270', 'username': 'priyankac19'}",,,,
1378319430996779009,1378319430996779009,2021-04-03 07:12:14 CDT,2021-04-03,07:12:14,-0500,2860867039,kameshrastogi73,Kamesh Rastogi,,"@BommanahalliJC we raised many a time ""non-functioning"" of Chimey in Crematorium ward 190. Smoke out at groud n more deaths due to surge in #COVID19 n more toxic air 4 us to breath in @WeAreHSRLayout pl be sensitive to #Citizens health @DHFWKA @BBMPCOMM @CMofKarnataka @lalli_bv https://t.co/nyfHIiNh04",en,"['bommanahallijc', 'wearehsrlayout', 'dhfwka', 'bbmpcomm', 'cmofkarnataka', 'lalli_bv']",[],"['https://pbs.twimg.com/media/EyDGNwMVoAc5SKD.jpg', 'https://pbs.twimg.com/media/EyDGN84UUAIwyH9.jpg']",3,9,14,"['covid19', 'citizens']",[],https://twitter.com/KameshRastogi73/status/1378319430996779009,,,1,https://pbs.twimg.com/media/EyDGNwMVoAc5SKD.jpg,Bangalore,,,,,,"{'user_id': '1177931752901234688', 'username': 'BommanahalliJC'}",,,,
1378421330249347074,1378421330249347074,2021-04-03 13:57:09 CDT,2021-04-03,13:57:09,-0500,1075726493161086976,iamshriiravana,Shrii ಶ್ರೀ,,"For Those Who Trying Put Down Our Fav #AravindKP  it's not going work bro, Don't try its a waste of time bro,Ur dirty tactic's don't work because it's not new for us, we are #SidharthShukIa fans
We already see plenty u could possible imagine
#BBK8 Aravind Matters Only🔥🔥",en,[],[],[],1,2,13,"['aravindkp', 'sidharthshukia', 'bbk8']",[],https://twitter.com/IamShriiravana/status/1378421330249347074,,,0,,Bangalore,,,,,,"{'user_id': None, 'username': None}",,,,
1378399039843000321,1378399039843000321,2021-04-03 12:28:35 CDT,2021-04-03,12:28:35,-0500,304248501,rcbfanarmy,RCB Fan Army Official,,"Thank you @Twitter for #RCB 
But this late? 😅",en,['twitter'],[],[],4,10,69,['rcb'],[],https://twitter.com/rcbfanarmy/status/1378399039843000321,,,0,,Bangalore,,,,,,"{'user_id': None, 'username': None}",,,,
1378347125050810372,1378347125050810372,2021-04-03 09:02:17 CDT,2021-04-03,09:02:17,-0500,108549569,sundar_s1955,Sankaran Sundar,,"Excellent presentation by Dr Gardiner from @NHSuk @MohanFoundation @Sunilmed 
Transplant recipients should take the Covid vaccination https://t.co/bCO1aPizUj",en,"['nhsuk', 'mohanfoundation', 'sunilmed']",[],"['https://pbs.twimg.com/media/EyDfZiDUcAEEjZk.jpg', 'https://pbs.twimg.com/media/EyDfZt5VcAUD_R2.jpg', 'https://pbs.twimg.com/media/EyDfZ61UUAEOPaP.jpg']",1,1,8,[],[],https://twitter.com/sundar_s1955/status/1378347125050810372,,,1,https://pbs.twimg.com/media/EyDfZiDUcAEEjZk.jpg,Bangalore,,,,,,"{'user_id': None, 'username': None}",,,,
1378354541997912069,1378354541997912069,2021-04-03 09:31:46 CDT,2021-04-03,09:31:46,-0500,2296437414,goldspug,Pug'makar goldie Reddy,,This Coorg wine is too good..... Just finished 3/4th bottle and iam already high https://t.co/VlB982seIv,en,[],[],['https://pbs.twimg.com/media/EyDmJpGVEAQ4_Px.jpg'],1,0,1,[],[],https://twitter.com/goldspug/status/1378354541997912069,,,1,https://pbs.twimg.com/media/EyDmJpGVEAQ4_Px.jpg,Bangalore,,,,,,"{'user_id': None, 'username': None}",,,,
1378378121582284800,1378378121582284800,2021-04-03 11:05:27 CDT,2021-04-03,11:05:27,-0500,873794970586562560,jusst_sway,Sway,,Selenophile🌛 ❤️,en,[],[],[],0,1,6,[],[],https://twitter.com/jusst_sway/status/1378378121582284800,,https://twitter.com/koliguz/status/1376278182102458371,0,,Bangalore,,,,,,"{'user_id': None, 'username': None}",,,,
1378293438588706819,1378293438588706819,2021-04-03 05:28:57 CDT,2021-04-03,05:28:57,-0500,3042879740,izziewilbury,izziewilbury,,just a friendly reminder to not forget your tithe when you get your 300 cr :),en,[],[],[],0,1,8,[],[],https://twitter.com/izziewilbury/status/1378293438588706819,,,0,,Bangalore,,,,,,"{'user_id': None, 'username': None}",,,,
1378283164062261251,1378283164062261251,2021-04-03 04:48:08 CDT,2021-04-03,04:48:08,-0500,14927055,viveknshah,ವಿವೇಕ್ ನಿರ್ಮಲ್ ಶಾಹ,,"A year ago at all full frenzy, construction work was on and then the lockdown happened. Ironically nature is reclaiming the space a year later. https://t.co/CbjYJcmIBA",en,[],[],['https://pbs.twimg.com/media/EyClOzuUcAgB1dm.jpg'],1,0,4,[],[],https://twitter.com/viveknshah/status/1378283164062261251,,,1,https://pbs.twimg.com/media/EyClOzuUcAgB1dm.jpg,Bangalore,,,,,,"{'user_id': None, 'username': None}",,,,
1378346509775761413,1378346509775761413,2021-04-03 08:59:51 CDT,2021-04-03,08:59:51,-0500,1268122490275893251,haseeba98530422,Haseeb Ahmed,,"Gudli Pooja for various development work at Ulsoor ward and at seppings road in Bhartinagar ward by our Dynamic MLA of ShivajiNagar constituency and my Leader @ArshadRizwan ji.
I have never seen such a humble and kind Leader like @ArshadRizwan in my Life. https://t.co/kbeEgwjQ13",en,"['arshadrizwan', 'arshadrizwan']",[],"['https://pbs.twimg.com/media/EyDe0TcUUAAHgBY.jpg', 'https://pbs.twimg.com/media/EyDe0zAUcAAeJoQ.jpg', 'https://pbs.twimg.com/media/EyDe1ShVEAczCMv.jpg', 'https://pbs.twimg.com/media/EyDe1xJUYAE_3lg.jpg']",0,0,11,[],[],https://twitter.com/HaseebA98530422/status/1378346509775761413,,,1,https://pbs.twimg.com/media/EyDe0TcUUAAHgBY.jpg,Bangalore,,,,,,"{'user_id': None, 'username': None}",,,,
1378336698245898242,1378336698245898242,2021-04-03 08:20:51 CDT,2021-04-03,08:20:51,-0500,1320228829013528576,ksmb77,🎭 .#BRB._....🏇,,"Open Challenge To THALA AJITH Fans.!  🦁

200🗨️         300🔁           400♥️

#AdvanceHBDTHALAAjith 
#Kotigobba3 #VikrantRona",en,[],[],[],0,3,0,"['advancehbdthalaajith', 'kotigobba3', 'vikrantrona']",[],https://twitter.com/KSMB77/status/1378336698245898242,,,0,,Bangalore,,,,,,"{'user_id': None, 'username': None}",,,,
1378346443056934916,1378346443056934916,2021-04-03 08:59:35 CDT,2021-04-03,08:59:35,-0500,357310396,shubhankar04,Shubhankar Chatterji,,"Listening to these bong netas speak Hindi, gives me heart attack..
#BengalElections2021 #WestBengalPolls #WestBengalElections2021",en,[],[],[],0,1,1,"['bengalelections2021', 'westbengalpolls', 'westbengalelections2021']",[],https://twitter.com/Shubhankar04/status/1378346443056934916,,,0,,Bangalore,,,,,,"{'user_id': None, 'username': None}",,,,
1378347544837689345,1378347544837689345,2021-04-03 09:03:57 CDT,2021-04-03,09:03:57,-0500,207539490,nevillejude,Neville de Conceição,,"The population density of Mumbai is the second largest in the world at 20,000 folks per sq km and you think the govt is doing a bad job?",en,[],[],[],0,1,1,[],[],https://twitter.com/nevillejude/status/1378347544837689345,,,0,,Bangalore,,,,,,"{'user_id': None, 'username': None}",,,,
1378403487583588354,1378403487583588354,2021-04-03 12:46:15 CDT,2021-04-03,12:46:15,-0500,77147095,originalmiks,maelstrom,,slammed it with the sangrias 🍷🍷🍷,en,[],[],[],0,0,6,[],[],https://twitter.com/originalmiks/status/1378403487583588354,,https://twitter.com/saggod/status/1378402531546525698,0,,Bangalore,,,,,,"{'user_id': None, 'username': None}",,,,
1378290650060255232,1378290650060255232,2021-04-03 05:17:53 CDT,2021-04-03,05:17:53,-0500,745231746430472192,reolovepeace,Reo Rocky,,"BEST WISHES TO THE WHOLE TEAM OF #Flyover 
@YourKoel @C_Gaurav @abhimanyumuk @aroyfloyd @nispalsingh @SurinderFilms and others! 💗🤘",en,"['yourkoel', 'c_gaurav', 'abhimanyumuk', 'aroyfloyd', 'nispalsingh', 'surinderfilms']",[],[],0,2,5,['flyover'],[],https://twitter.com/Reolovepeace/status/1378290650060255232,,https://twitter.com/jeet30/status/1378228275500081153,0,,Bangalore,,,,,,"{'user_id': None, 'username': None}",,,,
1378400614514786314,1378400614514786314,2021-04-03 12:34:50 CDT,2021-04-03,12:34:50,-0500,27608007,sourabhmathur,Sourabh Mathur,,"4300 kms run! Only an IndianArmy soldier is capable of this feat🇮🇳🙇

Personally, I can't even drive this long🤷",en,[],[],[],0,2,5,[],[],https://twitter.com/sourabhmathur/status/1378400614514786314,,https://twitter.com/proudhampur/status/1378208793276739587,0,,Bangalore,,,,,,"{'user_id': None, 'username': None}",,,,
1378376961572040711,1378376961572040711,2021-04-03 11:00:51 CDT,2021-04-03,11:00:51,-0500,1268532643026497541,hemanthdixit3,ಹೇಮಂತ್ ದೀಕ್ಷತ್,,"Watta great thriller movie #SilenceCanYouHearIt in @ZEE5Premium. @BajpayeeManoj sir 🙏 big fan of yours and your acting is top notch and nailed the role with ease.A big applause to @ItsPrachiDesai,@mathurarjun and all the support casts 👏👏for their wonderful acting performances.",en,"['zee5premium', 'bajpayeemanoj', 'itsprachidesai', 'mathurarjun']",[],[],1,0,9,['silencecanyouhearit'],[],https://twitter.com/HemanthDixit3/status/1378376961572040711,,,0,,Bangalore,,,,,,"{'user_id': None, 'username': None}",,,,
1378378813478817796,1378378813478817796,2021-04-03 11:08:12 CDT,2021-04-03,11:08:12,-0500,1051074201082388480,pavanasoonu,Pavanasoonu,,Om Shanti,en,[],[],[],7,4,22,[],[],https://twitter.com/Pavanasoonu/status/1378378813478817796,,https://twitter.com/Lokagatha_/status/1378374933898690565,0,,Bangalore,,,,,,"{'user_id': None, 'username': None}",,,,
1378380271418937347,1378380271418937347,2021-04-03 11:14:00 CDT,2021-04-03,11:14:00,-0500,87171938,the_bongrel,Durga,,Welcome to a coffee roast.,en,[],[],[],0,0,4,[],[],https://twitter.com/the_bongrel/status/1378380271418937347,,https://twitter.com/AnushrutKhare/status/1378300217779384328,0,,Bangalore,,,,,,"{'user_id': None, 'username': None}",,,,
1378361733497020421,1378361733497020421,2021-04-03 10:00:20 CDT,2021-04-03,10:00:20,-0500,2953499684,indianhammers,The Indian Hammers,,Incredible result! ⚒⚒⚒⚒⚒,en,[],[],[],0,0,8,[],[],https://twitter.com/indianhammers/status/1378361733497020421,,https://twitter.com/westhamwomen/status/1378361164304879616,0,,Bangalore,,,,,,"{'user_id': None, 'username': None}",,,,
1378352828641513472,1378352828641513472,2021-04-03 09:24:57 CDT,2021-04-03,09:24:57,-0500,1067579064,ipgandhi,Parth Gandhi گاندھی 🏳️‍🌈,,I have watched this like 100000000 times,en,[],[],[],0,0,4,[],[],https://twitter.com/iPGandhi/status/1378352828641513472,,0,0,,Bangalore,,,,,,"{'user_id': None, 'username': None}",,,,
1378442819589660672,1378442819589660672,2021-04-03 15:22:33 CDT,2021-04-03,15:22:33,-0500,900722271077113862,yellowhousegas,she sulk⁷,,Surabhi don't stay up till 4 am listening to the same 3 songs challenge.,en,[],[],[],1,0,14,[],[],https://twitter.com/YellowHouseGas/status/1378442819589660672,,,0,,Bangalore,,,,,,"{'user_id': None, 'username': None}",,,,
1378387185758466050,1378387185758466050,2021-04-03 11:41:28 CDT,2021-04-03,11:41:28,-0500,102931747,dhamijasid,Siddharth Dhamija,,Travel sector is the worst hit during #COVID times but let’s bow down for @alokebajpai and team @ixigo here for such performance across all parameters. #CustomerExperience #customerservice #EmployeeExperience #employees #clients #esop,en,"['alokebajpai', 'ixigo']",[],[],0,0,2,"['covid', 'customerexperience', 'customerservice', 'employeeexperience', 'employees', 'clients', 'esop']",[],https://twitter.com/DhamijaSid/status/1378387185758466050,,https://twitter.com/alokebajpai/status/1378317996876165124,0,,Bangalore,,,,,,"{'user_id': None, 'username': None}",,,,
1378389314204094467,1378389314204094467,2021-04-03 11:49:56 CDT,2021-04-03,11:49:56,-0500,179467862,malavikabjp,Malavika Avinash,,"👇🏽 Anti-Hindu rant of a #RiceBag 

What சமூக நீதி-SocialJustice is it to demonise A community?
Why do these Periyarists care about our temples?To loot in the name of Kovil? 

And the hypocrisy,@RahulGandhi’s Janeu is ok or these jokers don’t know it’s Poonool🙄
#திமுக_கேடு_தரும்",en,['rahulgandhi'],[],[],5,16,58,"['ricebag', 'திமுக_கேடு_தரும்']",[],https://twitter.com/MalavikaBJP/status/1378389314204094467,,https://twitter.com/ptrmadurai/status/1378316956164485120,0,,Bangalore,,,,,,"{'user_id': None, 'username': None}",,,,
1378358685789876229,1378358685789876229,2021-04-03 09:48:14 CDT,2021-04-03,09:48:14,-0500,2316761377,tre_320,Biggles 320,,The only good thing coming out of COVID is desi drivers giving way to ambulances 😏 #COVID #Roadhog,en,[],[],[],0,0,6,"['covid', 'roadhog']",[],https://twitter.com/TRE_320/status/1378358685789876229,,,0,,Bangalore,,,,,,"{'user_id': None, 'username': None}",,,,
1378465189389950979,1378465189389950979,2021-04-03 16:51:26 CDT,2021-04-03,16:51:26,-0500,1334265314,pradhyoth1,Pradhyoth,,All these days I was more for Azhar but I’m slowly moving for prabhudesai.,en,[],[],[],1,0,17,[],[],https://twitter.com/Pradhyoth1/status/1378465189389950979,,https://twitter.com/CricKaushik_/status/1378463938107469824,0,,Bangalore,,,,,,"{'user_id': None, 'username': None}",,,,
1378380954117414916,1378380954117414916,2021-04-03 11:16:43 CDT,2021-04-03,11:16:43,-0500,216809117,sjoerdmarijne,Sjoerd Marijne,,Great recognition for the women’s team and captain @imranirampal @sports_odisha @TheHockeyIndia #womenpower,en,"['imranirampal', 'sports_odisha', 'thehockeyindia']",[],[],2,4,142,['womenpower'],[],https://twitter.com/SjoerdMarijne/status/1378380954117414916,,https://twitter.com/sportstarweb/status/1378321910119817216,0,,Bangalore,,,,,,"{'user_id': None, 'username': None}",,,,
1378299223427309572,1378299223427309572,2021-04-03 05:51:57 CDT,2021-04-03,05:51:57,-0500,207539490,nevillejude,Neville de Conceição,,"Being Catholic is very convenient. Made hot cross buns, but forgot the crosses. Pulled them out of the oven, made the sign of the cross over them, now they are hot CROSSED buns. ✝️",en,[],[],[],0,0,6,[],[],https://twitter.com/nevillejude/status/1378299223427309572,,,0,,Bangalore,,,,,,"{'user_id': None, 'username': None}",,,,
1378349053008736262,1378349053008736262,2021-04-03 09:09:57 CDT,2021-04-03,09:09:57,-0500,125323785,basicallyray,Raymond Rozario,,True story,en,[],[],[],0,1,2,[],[],https://twitter.com/BasicallyRay/status/1378349053008736262,,https://twitter.com/Number10cat/status/1378344935867486210,0,,Bangalore,,,,,,"{'user_id': None, 'username': None}",,,,
1378377151154581504,1378377151154581504,2021-04-03 11:01:36 CDT,2021-04-03,11:01:36,-0500,1010026647062392839,itstitty,Titster 🪩,,Not me unknowingly being a manifestation babe since a decade ago.,en,[],[],[],0,0,3,[],[],https://twitter.com/itstitty/status/1378377151154581504,,,0,,Bangalore,,,,,,"{'user_id': None, 'username': None}",,,,
1378430526806056963,1378430526806056963,2021-04-03 14:33:42 CDT,2021-04-03,14:33:42,-0500,3639269474,lolita_tnie,S. Lalitha,,#ARSLIV glad to see an attempt at goal atleast by Gunners.,en,[],[],[],0,1,1,['arsliv'],[],https://twitter.com/Lolita_TNIE/status/1378430526806056963,,,0,,Bangalore,,,,,,"{'user_id': None, 'username': None}",,,,
1378401170549481475,1378401170549481475,2021-04-03 12:37:03 CDT,2021-04-03,12:37:03,-0500,155979575,sgarakahalli,Santhosh Garakahalli,,Train number 06241 SBC to UBL spl express train departure at 23:55 is very dusty. One cannot travel in this train with so much of dust. Kindly get it cleaned before departure @RailMinIndia @RailwaySeva @PiyushGoyal https://t.co/DHnUDLmfVV,en,"['railminindia', 'railwayseva', 'piyushgoyal']",[],"['https://pbs.twimg.com/media/EyEQg-FVEAAy1qq.jpg', 'https://pbs.twimg.com/media/EyEQg-EVgAQuqla.jpg', 'https://pbs.twimg.com/media/EyEQg-KVEAIbTSZ.jpg']",1,0,2,[],[],https://twitter.com/SGarakahalli/status/1378401170549481475,,,1,https://pbs.twimg.com/media/EyEQg-FVEAAy1qq.jpg,Bangalore,,,,,,"{'user_id': None, 'username': None}",,,,
1378350271676383232,1378350271676383232,2021-04-03 09:14:47 CDT,2021-04-03,09:14:47,-0500,83334534,vivekjgd,Vivek Iyer,,What an inspiration for Young India. Thanks Adil and may you inspire the world.,en,[],[],[],0,0,2,[],[],https://twitter.com/vivekjgd/status/1378350271676383232,,https://twitter.com/TheFitistan/status/1378272918946320388,0,,Bangalore,,,,,,"{'user_id': None, 'username': None}",,,,
1378379854106652677,1378379854106652677,2021-04-03 11:12:20 CDT,2021-04-03,11:12:20,-0500,484625374,praveenrahi,Praveen Rahi,,"A simple assay for quantification of plant-associative bacterial nitrogen fixation

https://t.co/EYmSRDm3nz",en,[],['https://www.biorxiv.org/content/10.1101/2021.03.31.437999v1'],[],0,0,4,[],[],https://twitter.com/PraveenRahi/status/1378379854106652677,,,0,,Bangalore,,,,,,"{'user_id': None, 'username': None}",,,,
1378362444859371522,1378362444859371522,2021-04-03 10:03:10 CDT,2021-04-03,10:03:10,-0500,36323454,kabandisaikia,Kabandi Saikia (On 👩‍🍼 break),,"When the going gets tough, the tough get going. 👏🏼👏🏼",en,[],[],[],0,0,5,[],[],https://twitter.com/kabandisaikia/status/1378362444859371522,,https://twitter.com/alokebajpai/status/1378317996876165124,0,,Bangalore,,,,,,"{'user_id': None, 'username': None}",,,,
1378336694311641091,1378336694311641091,2021-04-03 08:20:50 CDT,2021-04-03,08:20:50,-0500,36014216,techgenieguy,Venkatesh GP,,"@TwitterIndia I know couple of tech engineers from @rcbfanarmy. They are loyal, Bold and they love challenges. #WeAreChallengers #WhatsWithYourEmojis #PlayBold",en,"['twitterindia', 'rcbfanarmy']",[],[],0,3,20,"['wearechallengers', 'whatswithyouremojis', 'playbold']",[],https://twitter.com/TechGenieGuy/status/1378336694311641091,,https://twitter.com/RCBTweets/status/1378261158805655559,0,,Bangalore,,,,,,"{'user_id': '103770785', 'username': 'TwitterIndia'}",,,,
1378388770483937282,1378388770483937282,2021-04-03 11:47:46 CDT,2021-04-03,11:47:46,-0500,6281882,bhatnaturally,bhatnaturally  🇮🇳,,"What explains the Bandra West folks’ sudden love for Sena - which they loathed, avoided or at best kept at arms length earlier",en,[],[],[],4,2,9,[],[],https://twitter.com/bhatnaturally/status/1378388770483937282,,,0,,Bangalore,,,,,,"{'user_id': None, 'username': None}",,,,
1378384664511979527,1378384664511979527,2021-04-03 11:31:27 CDT,2021-04-03,11:31:27,-0500,2241132932,drjmnayak,DrJyotirmaya Nayak,,"100 in marriage and 50 in funeral, but nothing for election rallies...how and why!!!",en,[],[],[],1,0,13,[],[],https://twitter.com/drjmnayak/status/1378384664511979527,,,0,,Bangalore,,,,,,"{'user_id': None, 'username': None}",,,,
1378393196548399104,1378392601716424705,2021-04-03 12:05:22 CDT,2021-04-03,12:05:22,-0500,86401667,jitin84,Jitin Sharma,,"@abhivics1 Season 1 &amp; 2 on Prime, 3rd on Netflix, 4th not yet released in India! One of the best time travels after the German masterpiece DARK 🙏 https://t.co/dfbKrLdLba",en,[],[],['https://pbs.twimg.com/media/EyEJTnyVIAAw_kA.png'],0,0,1,[],[],https://twitter.com/jitin84/status/1378393196548399104,,,1,https://pbs.twimg.com/media/EyEJTnyVIAAw_kA.png,Bangalore,,,,,,"{'user_id': '91608151', 'username': 'sharmaji0810'}",,,,
1378357605668556802,1378357605668556802,2021-04-03 09:43:56 CDT,2021-04-03,09:43:56,-0500,55505787,iamlikethat,Aaron Pereira,,Can't wait for creative ways everyone's gonna talk about the smell of earth after this tiny shower today.. #BangaloreRains,en,[],[],[],0,0,1,['bangalorerains'],[],https://twitter.com/iamlikethat/status/1378357605668556802,,,0,,Bangalore,,,,,,"{'user_id': None, 'username': None}",,,,
1378348281294544896,1378348281294544896,2021-04-03 09:06:53 CDT,2021-04-03,09:06:53,-0500,196058138,sunny_herc,Sunny speaks 🇮🇳,,"Lajwanti, chutki etc., 😀 yes unfortunately even doordarshan does not have a copy",en,[],[],[],1,0,2,[],[],https://twitter.com/sunny_herc/status/1378348281294544896,,https://twitter.com/bithika11/status/1378341284054593544,0,,Bangalore,,,,,,"{'user_id': None, 'username': None}",,,,
1378426458255753216,1378426458255753216,2021-04-03 14:17:32 CDT,2021-04-03,14:17:32,-0500,495850375,poonamy56503827,Poonam,,Solve your mess with dignity/grace .,en,[],[],[],1,0,5,[],[],https://twitter.com/poonamy56503827/status/1378426458255753216,,,0,,Bangalore,,,,,,"{'user_id': None, 'username': None}",,,,
1378397707081900033,1378397707081900033,2021-04-03 12:23:17 CDT,2021-04-03,12:23:17,-0500,304248501,rcbfanarmy,RCB Fan Army Official,,"Savage @RCBTweets 🔥
Hey @rajasthanroyals 🤣",en,"['rcbtweets', 'rajasthanroyals']",[],[],0,0,30,[],[],https://twitter.com/rcbfanarmy/status/1378397707081900033,,https://twitter.com/RCBTweets/status/1378393941024808960,0,,Bangalore,,,,,,"{'user_id': None, 'username': None}",,,,
1378416997998813187,1378416997998813187,2021-04-03 13:39:56 CDT,2021-04-03,13:39:56,-0500,124970082,guruprasadgudi,Guruprasad B Gudi|ಗುರುಪ್ರಸಾದ ಬಿ ಗುಡಿ,,Everything should be opened! No exceptions and reasoning. Everyone can give a reason to open their businesses. This arbitrary rule making has to come to an end!,en,[],[],[],0,0,1,[],[],https://twitter.com/GuruprasadGudi/status/1378416997998813187,,https://twitter.com/Bengaluruhudugi/status/1378220053661839360,0,,Bangalore,,,,,,"{'user_id': None, 'username': None}",,,,
1378371990705238022,1378371990705238022,2021-04-03 10:41:06 CDT,2021-04-03,10:41:06,-0500,6281882,bhatnaturally,bhatnaturally  🇮🇳,,No rains in JP Nagar 7th Phase area:( #Bangalore,en,[],[],[],1,0,1,['bangalore'],[],https://twitter.com/bhatnaturally/status/1378371990705238022,,,0,,Bangalore,,,,,,"{'user_id': None, 'username': None}",,,,
1378435608159260672,1378419273496883200,2021-04-03 14:53:53 CDT,2021-04-03,14:53:53,-0500,2954802072,vikashpandeyp,Vikash Pandey,,@TajinderBagga @nitin_gadkari What a Gem . Rare in politics.,en,"['tajinderbagga', 'nitin_gadkari']",[],[],0,2,17,[],[],https://twitter.com/vikashpandeyp/status/1378435608159260672,,,0,,Bangalore,,,,,,"{'user_id': '85462891', 'username': 'TajinderBagga'}",,,,
1378276674446401537,1378260498538369026,2021-04-03 04:22:20 CDT,2021-04-03,04:22:20,-0500,2494241784,ksharma23,kaushal sharma,,@MeghUpdates The most disappointing thing is the most 3rd rate politician came out of a movement which started against corruption. And the Delhi voters are happy with free bijli pani along with 24x7 entertainment.,en,['meghupdates'],[],[],0,1,2,[],[],https://twitter.com/Ksharma23/status/1378276674446401537,,,0,,Bangalore,,,,,,"{'user_id': '1109163883082637312', 'username': 'MeghUpdates'}",,,,
1378346179872759808,1378341868165951489,2021-04-03 08:58:32 CDT,2021-04-03,08:58:32,-0500,207539490,nevillejude,Neville de Conceição,,"@Schandillia https://t.co/eX3aROQTr1.

I suppose this article could cover your question?",en,['schandillia'],"['https://themuslimvibe.com/featured/wearing-rings-and-gemstones-in-islam-philosophy-and-benefits#:~:text=The%20hadith%20mentioned%20earlier%20by,benefits%20of%20gemstones%2C%20including%20aqeeq']",[],0,0,4,[],[],https://twitter.com/nevillejude/status/1378346179872759808,,,0,,Bangalore,,,,,,"{'user_id': '1161306562062766085', 'username': 'Schandillia'}",,,,
1378360513638240258,1378360513638240258,2021-04-03 09:55:29 CDT,2021-04-03,09:55:29,-0500,7968712,premrao,Prem Rao,,@AnchorAnandN enjoyed your program from Trincas. Thanks!,en,['anchoranandn'],[],[],0,1,2,[],[],https://twitter.com/premrao/status/1378360513638240258,,,0,,Bangalore,,,,,,"{'user_id': '147537589', 'username': 'AnchorAnandN'}",,,,
1378376456242274306,1378368154590711812,2021-04-03 10:58:50 CDT,2021-04-03,10:58:50,-0500,130121280,r_udupa,Raghavendra Udupa ರಾಘವೇಂದ್ರ ಉಡುಪ,,@Konkani_babu @raj_sri01 @ggiittiikkaa Exactly.. if sc had to define religion then it had to take the principles of Hinduism and then say others are not religions.,en,"['konkani_babu', 'raj_sri01', 'ggiittiikkaa']",[],[],0,1,3,[],[],https://twitter.com/r_udupa/status/1378376456242274306,,,0,,Bangalore,,,,,,"{'user_id': '1418454020', 'username': 'Konkani_babu'}",,,,
1378318534682406913,1378228122382856199,2021-04-03 07:08:41 CDT,2021-04-03,07:08:41,-0500,1047489312,rkumar0325,रोहित कुमार (ब्रह्म) 🇮🇳,,"@Prabhjyot_Madan @KreatelyOSINT @HinduarmysUnity Congress will start burning the cities here, first we need to clean Bharat.",en,"['prabhjyot_madan', 'kreatelyosint']",[],[],0,0,4,[],[],https://twitter.com/rkumar0325/status/1378318534682406913,,,0,,Bangalore,,,,,,"{'user_id': '3780177863', 'username': 'Prabhjyot_Madan'}",,,,
1378397373907410944,1378371644595392513,2021-04-03 12:21:57 CDT,2021-04-03,12:21:57,-0500,583757795,ulhasdr,Dr Ulhas Pandurangi,,"@SchakrabartiEP @UBCCardio @PaymardM @EPeeps_Bot @HanCardiomd @ALFIEEP1 @Toaster_Pastry @gautamsand @rdschaller @adribaran @bchTicTocDoc @netta_doc @drrakeshg1 The moral of the story is:
shocking",en,"['schakrabartiep', 'ubccardio', 'paymardm', 'epeeps_bot', 'hancardiomd', 'alfieep1', 'toaster_pastry', 'gautamsand', 'rdschaller', 'adribaran', 'netta_doc', 'drrakeshg1']",[],[],1,1,2,[],[],https://twitter.com/UlhasDr/status/1378397373907410944,,,0,,Bangalore,,,,,,"{'user_id': '766128141068828672', 'username': 'SchakrabartiEP'}",,,,
1378358414544236545,1378356928246648837,2021-04-03 09:47:09 CDT,2021-04-03,09:47:09,-0500,1634916662,vidyarthibhavan,Vidyarthi Bhavan,,@GutsGloryAbhi @Tejasvi_Surya Dear @GutsGloryAbhi who gave you this false information?,en,"['gutsgloryabhi', 'tejasvi_surya', 'gutsgloryabhi']",[],[],1,1,8,[],[],https://twitter.com/VidyarthiBhavan/status/1378358414544236545,,,0,,Bangalore,,,,,,"{'user_id': '42373775', 'username': 'GutsGloryAbhi'}",,,,
1378408417035886592,1378387167936798721,2021-04-03 13:05:50 CDT,2021-04-03,13:05:50,-0500,1324585938010271746,ushrit2020,G S SHRIDHAR,,@rupagulab When did he change from stadium to ball? You should give fair warning please😀,en,[],[],[],0,0,0,[],[],https://twitter.com/ushrit2020/status/1378408417035886592,,,0,,Bangalore,,,,,,"{'user_id': None, 'username': None}",,,,
1378387363580153856,1378284242883383299,2021-04-03 11:42:11 CDT,2021-04-03,11:42:11,-0500,2851134073,durgapmohanty,Durga Mohanty Ⓥ🇮🇳,,"@Sujata_Padhy @CMO_Odisha @manojmishratwit @dpradhanbjp @ananta_mahanty @RajeshKTripathy @suryanandannet @singingamatya @Bhabanikanak @sibasishplb @MunaBhai_ITCELL @BhabaniSankarT5 @shishirgamang BJD wala already started organising their yuva vahini, mutton , daru parties are sponsored in each villages and panchayats. Do you think ever people demanded a cold storage.! Go to pipili main hata ..the amount of wastage in immeasurable, same mentality prevails.",en,"['sujata_padhy', 'cmo_odisha', 'dpradhanbjp', 'ananta_mahanty', 'rajeshktripathy', 'suryanandannet', 'singingamatya', 'sibasishplb', 'munabhai_itcell', 'bhabanisankart5', 'shishirgamang']",[],[],0,0,2,[],[],https://twitter.com/DurgaPMohanty/status/1378387363580153856,,,0,,Bangalore,,,,,,"{'user_id': '1601200255', 'username': 'SujataPadhyBJP'}",,,,
1378424447007215616,1378400511913648129,2021-04-03 14:09:32 CDT,2021-04-03,14:09:32,-0500,134748249,dhichkyaaon,V,,What's with all the hype about this movie? It's stupid &amp; so random. The movie ends so abruptly..,en,[],[],[],1,0,3,[],[],https://twitter.com/Dhichkyaaon/status/1378424447007215616,,,0,,Bangalore,,,,,,"{'user_id': '134748249', 'username': 'Dhichkyaaon'}",,,,
1378369585699713025,1378322946783989767,2021-04-03 10:31:32 CDT,2021-04-03,10:31:32,-0500,495850375,poonamy56503827,Poonam,,"@ndtv A Prime Minister still has to go for  election with the slogans of “Jai Sree Ram” and “Har Har Mahadev” after ruling seven years.
These politicians even prioritised “Rama ,Siva and Durga”",en,['ndtv'],[],[],1,1,9,[],[],https://twitter.com/poonamy56503827/status/1378369585699713025,,,0,,Bangalore,,,,,,"{'user_id': '37034483', 'username': 'ndtv'}",,,,
1378415171425607680,1378404724429312009,2021-04-03 13:32:41 CDT,2021-04-03,13:32:41,-0500,1244998200554975232,advaitnawathe,Advait Nawathe,,@sadradish_ Too real,en,['sadradish_'],[],[],1,0,3,[],[],https://twitter.com/AdvaitNawathe/status/1378415171425607680,,,0,,Bangalore,,,,,,"{'user_id': '3140393461', 'username': 'sadradish_'}",,,,
1378375352922206211,1378272750838505473,2021-04-03 10:54:27 CDT,2021-04-03,10:54:27,-0500,887440718,ramkumarchari,Ram Krishnamachari,,@SandipGhose She is now a femae version of Pappu!,en,['sandipghose'],[],[],0,0,3,[],[],https://twitter.com/ramkumarchari/status/1378375352922206211,,,0,,Bangalore,,,,,,"{'user_id': '47083884', 'username': 'SandipGhose'}",,,,
1378390912833757184,1378376333315633152,2021-04-03 11:56:17 CDT,2021-04-03,11:56:17,-0500,1173415699043110912,kumarbalananda,🇮🇳Balananda Kumarasiva,,@suryakgummadi @Aabhas24 @harish_purohit DMK is a party of land and sand mafia. Tamil people haven't forgotten the EELAM betrayal of 2009,en,"['suryakgummadi', 'aabhas24', 'harish_purohit']",[],[],0,0,3,[],[],https://twitter.com/KumarBalananda/status/1378390912833757184,,,0,,Bangalore,,,,,,"{'user_id': '2830911733', 'username': 'suryakgummadi'}",,,,
1378305580746428416,1378258816165240833,2021-04-03 06:17:12 CDT,2021-04-03,06:17:12,-0500,5548782,anoopxh,⚽️𝕬𝕶⚽️ 🇧🇷🇮🇳,,"@moonriseforever @kamala_akshy02 @Njan_Petra @albytomz Good one, do start. Do add a couple of minutes of warm up before starting this.",en,"['moonriseforever', 'njan_petra', 'albytomz']",[],[],1,0,3,[],[],https://twitter.com/anoopxh/status/1378305580746428416,,,0,,Bangalore,,,,,,"{'user_id': '1333807816105050114', 'username': 'moonriseforever'}",,,,
1378360865720700929,1378346332365103105,2021-04-03 09:56:53 CDT,2021-04-03,09:56:53,-0500,387029745,kashyapnandan_,kashyap Nandan,,@Gaddapa @anuragteddy Anna Edu old picture...,en,"['gaddapa', 'anuragteddy']",[],[],1,0,1,[],[],https://twitter.com/kashyapnandan_/status/1378360865720700929,,,0,,Bangalore,,,,,,"{'user_id': '922035360271446016', 'username': 'Gaddapa'}",,,,
1378367966195032069,1378361668648935427,2021-04-03 10:25:06 CDT,2021-04-03,10:25:06,-0500,303803304,trraju1,Dr. T.R. Raju,,@CovidTrackingIn @RijoMJohn @MenonBioPhysics @oommen Could be much more,en,"['covidtrackingin', 'rijomjohn', 'menonbiophysics', 'oommen']",[],[],1,0,2,[],[],https://twitter.com/TRRaju1/status/1378367966195032069,,,0,,Bangalore,,,,,,"{'user_id': '1245433862370385920', 'username': 'CovidTrackingIn'}",,,,
1378331103325343747,1378179863022997507,2021-04-03 07:58:37 CDT,2021-04-03,07:58:37,-0500,29133952,parvathimenon,Parvathi Menon,,"@lakshmisharath @MPTourism @incredibleindia Yes, one of my favorites too! The temples are so beautiful....the history of the region is stirring....and sitting by the Betwa and enjoying its calm, steady flow is rejuvenating. Truly #IncredibleIndia",en,"['lakshmisharath', 'mptourism', 'incredibleindia']",[],[],0,0,1,['incredibleindia'],[],https://twitter.com/parvathimenon/status/1378331103325343747,,,0,,Bangalore,,,,,,"{'user_id': '16362006', 'username': 'lakshmisharath'}",,,,
1378332654798401538,1378237867315490816,2021-04-03 08:04:47 CDT,2021-04-03,08:04:47,-0500,29133952,parvathimenon,Parvathi Menon,,"@KanchanGupta Yup. Summarizes the latest episode of the entitled dynast’s conversations with American profs. 

Election happening in significant states, and instead of leading his party on the ground for a democratic battle, our evergreen prince is pleading for support from the US.

Useless.",en,['kanchangupta'],[],[],0,0,1,[],[],https://twitter.com/parvathimenon/status/1378332654798401538,,,0,,Bangalore,,,,,,"{'user_id': '44704537', 'username': 'KanchanGupta'}",,,,
