id,conversation_id,created_at,date,time,timezone,user_id,username,name,place,tweet,language,mentions,urls,photos,replies_count,retweets_count,likes_count,hashtags,cashtags,link,retweet,quote_url,video,thumbnail,near,geo,source,user_rt_id,user_rt,retweet_id,reply_to,retweet_date,translate,trans_src,trans_dest
1403760858627330051,1403760858627330051,2021-06-12 12:07:23 CDT,2021-06-12,12:07:23,-0500,89500731,deadlysrivatsaa,Ravii Srivatsaa,,"On Behalf Of Our Deadly Today Team &amp; In Remembrance Of My 2Kids ""Prince"" 🐺 n ""Thalaivaa"" 🐶

ಇತ್ತೀಚೆಗೆ ದೂರವಾದ ನನ್ನೆರಡು ಮಕ್ಕಳ ನೆನಪಲ್ಲಿ ಈ ಒಂದು ಪುಟ್ಟ ಅಳಿಲು ಪ್ರೀತಿ!

With Love n Respect @dasadarshan Sir!🙏

Deadly Today
Sonu Upaddhya
Ravii Srivatsaa https://t.co/qCjgK351Qi",en,['dasadarshan'],[],['https://pbs.twimg.com/media/E3spDzAUYAAgckE.jpg'],17,227,836,[],[],https://twitter.com/deadlysrivatsaa/status/1403760858627330051,,,1,https://pbs.twimg.com/media/E3spDzAUYAAgckE.jpg,Bangalore,,,,,,"{'user_id': None, 'username': None}",,,,
1403719748987211778,1403719748987211778,2021-06-12 09:24:02 CDT,2021-06-12,09:24:02,-0500,977149238038577153,farheenkhussain,Farheen Hussain,,Today 🖤 https://t.co/iYr1Zz05fF,en,[],[],[],1,0,13,[],[],https://twitter.com/FarheenKHussain/status/1403719748987211778,,,1,https://pbs.twimg.com/ext_tw_video_thumb/1403719698546450444/pu/img/xcDCGMGDxPQEtfrb.jpg,Bangalore,,,,,,"{'user_id': None, 'username': None}",,,,
1403753783419490305,1403753783419490305,2021-06-12 11:39:17 CDT,2021-06-12,11:39:17,-0500,461737314,santanub01,Santanu Bhattacharya,,"The Milky Way from the Luxor Temple, #Egypt 😲 Credit: Secrets of Egypt, Facebook https://t.co/bwua4bg2mr",en,[],[],['https://pbs.twimg.com/media/E3sioEQUcAMXBbx.jpg'],1,5,18,['egypt'],[],https://twitter.com/SantanuB01/status/1403753783419490305,,,1,https://pbs.twimg.com/media/E3sioEQUcAMXBbx.jpg,Bangalore,,,,,,"{'user_id': None, 'username': None}",,,,
1403714241081708546,1403714241081708546,2021-06-12 09:02:09 CDT,2021-06-12,09:02:09,-0500,1240207327510147072,sumanrapaka18,Suman Rapaka,,Candy Man #sugarcandy https://t.co/MXlt4QFqxq,en,[],[],['https://pbs.twimg.com/media/E3r-qakVkAMth4b.jpg'],1,0,2,['sugarcandy'],[],https://twitter.com/sumanrapaka18/status/1403714241081708546,,,1,https://pbs.twimg.com/media/E3r-qakVkAMth4b.jpg,Bangalore,,,,,,"{'user_id': None, 'username': None}",,,,
1403672573729120264,1403672573729120264,2021-06-12 06:16:35 CDT,2021-06-12,06:16:35,-0500,559591264,raodymurali,Murali S,,Uhh avengers(?!) assemble!! #lego https://t.co/4SQzbSW2SI,fr,[],[],['https://pbs.twimg.com/media/E3rYwuXVcAEyjOe.jpg'],0,0,5,['lego'],[],https://twitter.com/RaodyMurali/status/1403672573729120264,,,1,https://pbs.twimg.com/media/E3rYwuXVcAEyjOe.jpg,Bangalore,,,,,,"{'user_id': None, 'username': None}",,,,
1403713611957030915,1403713611957030915,2021-06-12 08:59:39 CDT,2021-06-12,08:59:39,-0500,2312269640,_piyush_jain,Piyush Jain,,"To everyone who feels like and is a Bangalorean.

If you could inspire one person to donate today, it would mean a lot to families who we aim to help sustain over a month or more. 

Please help us, help our beloved city better. Please amplify. #Covid https://t.co/T1a1lNSEnV",en,[],[],['https://pbs.twimg.com/media/E3r-F0xUYAEemdV.jpg'],1,5,11,['covid'],[],https://twitter.com/_Piyush_Jain/status/1403713611957030915,,,1,https://pbs.twimg.com/media/E3r-F0xUYAEemdV.jpg,Bangalore,,,,,,"{'user_id': None, 'username': None}",,,,
1403617357168209928,1403617357168209928,2021-06-12 02:37:10 CDT,2021-06-12,02:37:10,-0500,37129312,kallolh,Kallol,,#morningride around #ulsoorlake and the regular roads #nofoodrides #shotoniphone #bengalurudiaries https://t.co/0UF0q2laiJ,en,[],[],"['https://pbs.twimg.com/media/E3qmiw8VkAAqx4L.jpg', 'https://pbs.twimg.com/media/E3qmiw_UYAEvasr.jpg', 'https://pbs.twimg.com/media/E3qmiw6VkAI-Tgp.jpg', 'https://pbs.twimg.com/media/E3qmiw7UcA48pqp.jpg']",0,0,13,"['morningride', 'ulsoorlake', 'nofoodrides', 'shotoniphone', 'bengalurudiaries']",[],https://twitter.com/kallolh/status/1403617357168209928,,,1,https://pbs.twimg.com/media/E3qmiw8VkAAqx4L.jpg,Bangalore,,,,,,"{'user_id': None, 'username': None}",,,,
1403715790658961409,1403715790658961409,2021-06-12 09:08:18 CDT,2021-06-12,09:08:18,-0500,4494649032,sharmithashetty,Sharmitha Shetty | ಶರ್ಮಿತಾ ಶೆಟ್ಟಿ,,"June 12th stats
* 9785 new #COVID19 cases in #Karnataka 
* 2454  new cases found in #Bangalore ( 21 deaths)
* 144 deaths due to #coronavirus https://t.co/FjxAp6Vi4t",en,[],[],"['https://pbs.twimg.com/media/E3sAD3KVEAM-ePL.jpg', 'https://pbs.twimg.com/media/E3sAESPVoAgizRo.jpg', 'https://pbs.twimg.com/media/E3sAEk4VoAAOstl.jpg']",1,1,9,"['covid19', 'karnataka', 'bangalore', 'coronavirus']",[],https://twitter.com/Sharmithashetty/status/1403715790658961409,,,1,https://pbs.twimg.com/media/E3sAD3KVEAM-ePL.jpg,Bangalore,,,,,,"{'user_id': None, 'username': None}",,,,
1403714629532930050,1403714629532930050,2021-06-12 09:03:42 CDT,2021-06-12,09:03:42,-0500,1218714794921881600,vedha_offl,வேதா திரு,,"#Makkalselvan @VijaySethuOffl Anna 🙏
.
@tvmalai_VSPFC District online Official Fan's club Page ID Launch From Tomorrow 07 PM📌
.
#ThiruvannamalaiDistrictFcLaunch

@MakkalSelvanFC @kumaran_VSP https://t.co/DsgzRXF7YL",en,"['vijaysethuoffl', 'tvmalai_vspfc', 'makkalselvanfc', 'kumaran_vsp']",[],['https://pbs.twimg.com/media/E3r_AZmVEAITLm6.jpg'],0,16,41,"['makkalselvan', 'thiruvannamalaidistrictfclaunch']",[],https://twitter.com/Vedha_Offl/status/1403714629532930050,,,1,https://pbs.twimg.com/media/E3r_AZmVEAITLm6.jpg,Bangalore,,,,,,"{'user_id': None, 'username': None}",,,,
1403811564986134529,1403811564986134529,2021-06-12 15:28:53 CDT,2021-06-12,15:28:53,-0500,1067376435952844801,bangalorevoice_,Bangalore Voice,,"#JusticeForJunaid Mewat's 21 yo Muslim youth dies after torture by Faridabad police.

His family alleges-

◾️ Cops took Rs 70,000 bribe.

◾️ Used Anti-Muslim slurs

◾️ Asked Junaid and his accomplices to sign blank paper.

◾️ Threatened family not to file legal complaint. https://t.co/DSJqBWVAvh",en,[],[],['https://pbs.twimg.com/media/E3tXLMQVIAILbxN.jpg'],1,5,8,['justiceforjunaid'],[],https://twitter.com/BangaloreVoice_/status/1403811564986134529,,,1,https://pbs.twimg.com/media/E3tXLMQVIAILbxN.jpg,Bangalore,,,,,,"{'user_id': None, 'username': None}",,,,
1403795464231669762,1403795464231669762,2021-06-12 14:24:54 CDT,2021-06-12,14:24:54,-0500,1210974160182104064,afrowell_,Afrowell,,"Never been this excited , June 25th is gonna be big https://t.co/7GBGn8EJ3j",en,[],[],['https://pbs.twimg.com/media/E3tIiEyUUAMeYoX.jpg'],0,0,2,[],[],https://twitter.com/afrowell_/status/1403795464231669762,,,1,https://pbs.twimg.com/media/E3tIiEyUUAMeYoX.jpg,Bangalore,,,,,,"{'user_id': None, 'username': None}",,,,
1403770713358495746,1403770713358495746,2021-06-12 12:46:33 CDT,2021-06-12,12:46:33,-0500,1302503734128205824,arqumaini,Ar Qumaini Yaseen,,"Today we have Sanitized 1st Stage 5th Block 8th, 9th,10th cross of HBR, Govindapura cross and police check point of Sarvagnanagar constituency HBR Ward.
#ActionAgainstPandemic #makebengalurucovidfree #savelifes #aamaadmipartyhbrward #aapsarvagnanagar #AAP4Karnataka #AAPBangalore https://t.co/yXpX98FZXx",en,[],[],"['https://pbs.twimg.com/media/E3sx_mtVIAgr500.jpg', 'https://pbs.twimg.com/media/E3syAFgVoAQ91l0.jpg', 'https://pbs.twimg.com/media/E3syAjTUUAowe9V.jpg', 'https://pbs.twimg.com/media/E3syBLzUcAUsx5b.jpg']",0,1,7,"['actionagainstpandemic', 'makebengalurucovidfree', 'savelifes', 'aamaadmipartyhbrward', 'aapsarvagnanagar', 'aap4karnataka', 'aapbangalore']",[],https://twitter.com/ArQumaini/status/1403770713358495746,,,1,https://pbs.twimg.com/media/E3sx_mtVIAgr500.jpg,Bangalore,,,,,,"{'user_id': None, 'username': None}",,,,
1403725824646279170,1392204354048774146,2021-06-12 09:48:11 CDT,2021-06-12,09:48:11,-0500,965114888744914944,kdevforum,SaveBellandur(ಬೆಳ್ಳಂದೂರು ಉಳಿಸಿ),,"Thanks to all front line elitists,we facilitated about 600 more vaccinations in #Bellandur today,about 1200 in 2 weeks.
Hope we hit #CoronaFree phase &amp; fight together with #Covid behaviour.

Thanks to all volunteers,RWAs as we had about 43 RWA beneficiaries in this drive. 
👏👏👏 https://t.co/wGV59btcSw",en,[],[],"['https://pbs.twimg.com/media/E3sJIxuUUAU3hVO.jpg', 'https://pbs.twimg.com/media/E3sJJQcUUAY7iDJ.jpg', 'https://pbs.twimg.com/media/E3sJLRxVIAEAjCQ.jpg', 'https://pbs.twimg.com/media/E3sJMqUVEAAg8wh.jpg']",13,19,33,"['bellandur', 'coronafree', 'covid']",[],https://twitter.com/kdevforum/status/1403725824646279170,,,1,https://pbs.twimg.com/media/E3sJIxuUUAU3hVO.jpg,Bangalore,,,,,,"{'user_id': '965114888744914944', 'username': 'kdevforum'}",,,,
1403755266680578053,1403755266680578053,2021-06-12 11:45:10 CDT,2021-06-12,11:45:10,-0500,103288119,portoftravel,Parshva™ Tours & Travels,,"@AirAsiaIndia takes less than 23Seconds for a booking, 
What More would a #Travelagency need - A #Swift &amp; #Smooth #BookingEngine by its partner's.
Team Parshva, #BLR Congratulates #Airasia on thier #Seventastic years of being in #Indian #aviation. https://t.co/C9TShrqYmw",en,['airasiaindia'],[],[],1,4,5,"['travelagency', 'swift', 'smooth', 'bookingengine', 'blr', 'airasia', 'seventastic', 'indian', 'aviation']",[],https://twitter.com/portoftravel/status/1403755266680578053,,,1,https://pbs.twimg.com/ext_tw_video_thumb/1403755204990758912/pu/img/Cbc6I8uVClDwSVNC.jpg,Bangalore,,,,,,"{'user_id': '1576890685', 'username': 'AirAsiaIndia'}",,,,
1403736859688062987,1403736859688062987,2021-06-12 10:32:02 CDT,2021-06-12,10:32:02,-0500,30880281,nivivacious,Nivedita,,Some hugs for my timeline ❤️ https://t.co/S4Pk1dPWOw,en,[],[],['https://pbs.twimg.com/media/E3sTO_DUYAMX978.jpg'],4,0,42,[],[],https://twitter.com/Nivivacious/status/1403736859688062987,,,1,https://pbs.twimg.com/media/E3sTO_DUYAMX978.jpg,Bangalore,,,,,,"{'user_id': None, 'username': None}",,,,
1403745769199259648,1403745769199259648,2021-06-12 11:07:26 CDT,2021-06-12,11:07:26,-0500,70378381,deepak_mj1,Deepak,,She @hegdepooja is ❤️ https://t.co/d31vh3K7tM,en,['hegdepooja'],[],['https://pbs.twimg.com/media/E3sbVgyVUAINwjh.jpg'],0,1,2,[],[],https://twitter.com/Deepak_Mj1/status/1403745769199259648,,,1,https://pbs.twimg.com/media/E3sbVgyVUAINwjh.jpg,Bangalore,,,,,,"{'user_id': None, 'username': None}",,,,
1403746319525552129,1403746319525552129,2021-06-12 11:09:37 CDT,2021-06-12,11:09:37,-0500,60081336,jyothi_cool,Jyothi,,"Colors gave a solid welcome to their superstar

SIDHARTH IN DANCE DEEWANE 3",en,[],[],[],0,11,7,[],[],https://twitter.com/jyothi_cool/status/1403746319525552129,,,0,,Bangalore,,,,,,"{'user_id': None, 'username': None}",,,,
1403761765356244998,1403761765356244998,2021-06-12 12:11:00 CDT,2021-06-12,12:11:00,-0500,2356563414,mister_whistler,Mahesh,,"What do you get when you submerge Tony Stark in the sea?

Robert Drowning Jr. https://t.co/KVUNaXEf71",en,[],[],['https://pbs.twimg.com/media/E3sp4knUcAYvb0o.jpg'],11,1,44,[],[],https://twitter.com/mister_whistler/status/1403761765356244998,,,1,https://pbs.twimg.com/media/E3sp4knUcAYvb0o.jpg,Bangalore,,,,,,"{'user_id': None, 'username': None}",,,,
1403649068715282433,1403649068715282433,2021-06-12 04:43:11 CDT,2021-06-12,04:43:11,-0500,1397423229552128003,aalacritee,aalacritee,,"""CASSATA"" Double Colour T-shirt Collections by @aalacritee 
Don't be that ""minimum guy"".. Just gaze the world with aalacritee T-shirts. 
Available at @amazon and @Flipkart 
#fashion #love #style #goodvibes #like #photography #photooftheday #beautiful #follow #instagram #sexy https://t.co/ecH6KhfCbW",en,"['aalacritee', 'amazon', 'flipkart']",[],['https://pbs.twimg.com/media/E3rDYxIVEAEZUVc.jpg'],0,0,3,"['fashion', 'love', 'style', 'goodvibes', 'like', 'photography', 'photooftheday', 'beautiful', 'follow', 'instagram', 'sexy']",[],https://twitter.com/aalacritee/status/1403649068715282433,,,1,https://pbs.twimg.com/media/E3rDYxIVEAEZUVc.jpg,Bangalore,,,,,,"{'user_id': None, 'username': None}",,,,
1403685951679778822,1403685951679778822,2021-06-12 07:09:44 CDT,2021-06-12,07:09:44,-0500,1302503734128205824,arqumaini,Ar Qumaini Yaseen,,"Food packets distributed for the needy and home isolated people in HBR ward with addressing the people about Home Isolation Support for Covid patients from Aam Aadmi Party Sarvagnanagar constituency HBR ward by AR Qumaini Yaseen sir and HBR team.
#ActionAgainstPandemic https://t.co/hk4ZD42Za0",en,[],[],"['https://pbs.twimg.com/media/E3rk6CnVcAU7vrD.jpg', 'https://pbs.twimg.com/media/E3rk6deVoAANleX.jpg', 'https://pbs.twimg.com/media/E3rk68GVoAAtfYL.jpg', 'https://pbs.twimg.com/media/E3rk7inVIAAdpKA.jpg']",0,0,3,['actionagainstpandemic'],[],https://twitter.com/ArQumaini/status/1403685951679778822,,,1,https://pbs.twimg.com/media/E3rk6CnVcAU7vrD.jpg,Bangalore,,,,,,"{'user_id': None, 'username': None}",,,,
1403654187485777920,1403654187485777920,2021-06-12 05:03:31 CDT,2021-06-12,05:03:31,-0500,871426878518775808,nct_india_,NCT India 🇮🇳,,"[ INSTAGRAM ] tenlee_1001 
12.06.2021

#TEN’s Instagram Story Update 

📌 https://t.co/cAXshLcAA1

#WAYV #NCT @NCTsmtown @WayV_official https://t.co/VtcbW36ick",en,"['nctsmtown', 'wayv_official']",['https://instagram.com/tenlee_1001?utm_medium=copy_link'],[],0,0,3,"['ten', 'wayv', 'nct']",[],https://twitter.com/NCT_India_/status/1403654187485777920,,,1,https://pbs.twimg.com/ext_tw_video_thumb/1403654167541927938/pu/img/H577bCmktnEoJRoC.jpg,Bangalore,,,,,,"{'user_id': None, 'username': None}",,,,
1403727666570661889,1403727666570661889,2021-06-12 09:55:30 CDT,2021-06-12,09:55:30,-0500,1155347754106814465,araviee_vk,வல்லவரையன் வந்தியத்தேவன் ❤||Loki Stan 🐐💜,,"🐐  @imVkohli 💥

Cena's insta page 😎💥❤ https://t.co/oUp3Y7SnKO",en,['imvkohli'],[],['https://pbs.twimg.com/media/E3sK35UVoAMw3JJ.jpg'],0,1,3,[],[],https://twitter.com/Araviee_Vk/status/1403727666570661889,,,1,https://pbs.twimg.com/media/E3sK35UVoAMw3JJ.jpg,Bangalore,,,,,,"{'user_id': None, 'username': None}",,,,
1403767977414066178,1403767977414066178,2021-06-12 12:35:41 CDT,2021-06-12,12:35:41,-0500,162287106,modimanju1,Manjunath KL 🇮🇳,,"From free oxygen delivery to the Door steps &amp; distributing Mask's, food Kits to the needy people @mlshivkummar Anna You are a true Covid Warrior helping the people to fight Corona from last one year take bow &amp; Keep Inspiring #IndiaFightsCorona @blsanthosh @girishalva @KiranKS https://t.co/ITfLBfYpgQ",en,"['mlshivkummar', 'blsanthosh', 'girishalva', 'kiranks']",[],"['https://pbs.twimg.com/media/E3svhYXUcAEnWFC.jpg', 'https://pbs.twimg.com/media/E3svhkmVcAEzjN7.jpg', 'https://pbs.twimg.com/media/E3svhzyVEAc2Aah.jpg', 'https://pbs.twimg.com/media/E3sviB1VcAApgtw.jpg']",1,4,15,['indiafightscorona'],[],https://twitter.com/modimanju1/status/1403767977414066178,,https://twitter.com/mlshivkummar/status/1403757595513425923,1,https://pbs.twimg.com/media/E3svhYXUcAEnWFC.jpg,Bangalore,,,,,,"{'user_id': None, 'username': None}",,,,
1403810061923749888,1403810061923749888,2021-06-12 15:22:54 CDT,2021-06-12,15:22:54,-0500,1127955403944259584,sshahi17,shahi,,me still waiting for the first season of a tv show to blow me away like westworld S1 https://t.co/nR2oaarnQJ,en,[],[],['https://pbs.twimg.com/tweet_video_thumb/E3tVzNSVcAAtgLR.jpg'],0,0,5,[],[],https://twitter.com/sshahi17/status/1403810061923749888,,,1,https://pbs.twimg.com/tweet_video_thumb/E3tVzNSVcAAtgLR.jpg,Bangalore,,,,,,"{'user_id': None, 'username': None}",,,,
1403759755458273285,1403759755458273285,2021-06-12 12:03:00 CDT,2021-06-12,12:03:00,-0500,866165391734829056,shivamk_99,Shivam Kumar,,"cool stuff!! 💗
thank you @menon_manoj @AmanInTech https://t.co/HmX6bwG1i2",en,"['menon_manoj', 'amanintech']",[],['https://pbs.twimg.com/media/E3soCsIVIAMWoQ0.jpg'],0,0,5,[],[],https://twitter.com/Shivamk_99/status/1403759755458273285,,,1,https://pbs.twimg.com/media/E3soCsIVIAMWoQ0.jpg,Bangalore,,,,,,"{'user_id': None, 'username': None}",,,,
1403753033809285120,1403753033809285120,2021-06-12 11:36:18 CDT,2021-06-12,11:36:18,-0500,921701241113202688,acomradetweets,Anil K Reddy 🇮🇳,,The quality of air is when nature is in good mood what u say @venkyfederer413 ... https://t.co/jMNUz9HRlZ,en,['venkyfederer413'],[],['https://pbs.twimg.com/media/E3sh7hmUcAQyEoD.jpg'],1,0,3,[],[],https://twitter.com/AcomradeTweets/status/1403753033809285120,,,1,https://pbs.twimg.com/media/E3sh7hmUcAQyEoD.jpg,Bangalore,,,,,,"{'user_id': None, 'username': None}",,,,
1403732118291685380,1403731892885676038,2021-06-12 10:13:11 CDT,2021-06-12,10:13:11,-0500,1226368383152603137,yashfansachin,Sachin Since 1998,,"@YashTrends @TheNameIsYash #KGFChapter2 Tops The List of Most Anticipated Upcoming Indian Movies and Web Series in IMDB with Highest 21.5% 🔥

https://t.co/VPkaGQhSjB

 @TheNameIsYash #YashBOSS https://t.co/FTzG9XAEyZ",en,"['yashtrends', 'thenameisyash', 'thenameisyash']",['https://m.imdb.com/india/upcoming/?pf_rd_m=A2FGELUUNOQJNL&pf_rd_p=e18838a9-59b3-4b0d-b04c-99ccab037856&pf_rd_r=ARZ2D84F3A6MJHX2SRXC&pf_rd_s=center-4&pf_rd_t=60601&pf_rd_i=india.trending&ref_=m_fea_india_ss_trending_tp_hd'],"['https://pbs.twimg.com/media/E3sOrp_VgAIxAkw.jpg', 'https://pbs.twimg.com/media/E3sOtY8VcAE9CQk.jpg']",0,9,12,"['kgfchapter2', 'yashboss']",[],https://twitter.com/YashFanSachin/status/1403732118291685380,,,1,https://pbs.twimg.com/media/E3sOrp_VgAIxAkw.jpg,Bangalore,,,,,,"{'user_id': '766875349627973632', 'username': 'YashTrends'}",,,,
1403767575029325824,1403767575029325824,2021-06-12 12:34:05 CDT,2021-06-12,12:34:05,-0500,1302503734128205824,arqumaini,Ar Qumaini Yaseen,,"Today we have Sanitized Sri Durga Parmeshwari Temple of Sarvagnanagar Constituency HBR ward.
Along with addressing the people about Home Isolation Support for Covid patients from Aam Aadmi Party. https://t.co/LnQzAWBHs2",en,[],[],"['https://pbs.twimg.com/media/E3svJucVkAIK7Kj.jpg', 'https://pbs.twimg.com/media/E3svKKFVIAUOybV.jpg', 'https://pbs.twimg.com/media/E3svKpPVkAEoQiS.jpg']",0,0,4,[],[],https://twitter.com/ArQumaini/status/1403767575029325824,,,1,https://pbs.twimg.com/media/E3svJucVkAIK7Kj.jpg,Bangalore,,,,,,"{'user_id': None, 'username': None}",,,,
1403742801267871749,1403742801267871749,2021-06-12 10:55:38 CDT,2021-06-12,10:55:38,-0500,2235572527,asmafaizbmg,Faiz Ahmed,,"Only Vikas of hum do hamare do ka.
This is new India.",en,[],[],[],1,2,18,[],[],https://twitter.com/AsmaFaizbmg/status/1403742801267871749,,https://twitter.com/srivatsayb/status/1403737044308824064,0,,Bangalore,,,,,,"{'user_id': None, 'username': None}",,,,
1403713022028173316,1403707085703901186,2021-06-12 08:57:18 CDT,2021-06-12,08:57:18,-0500,1240939371076837376,team_bosfc,Team BOS ®️,,"@BosTeamBELAGAVI @KicchaSudeep @KicchaFc_Bos @BosGirls_team @BosSpecial_Team @Kichchacreatiin @BleedForKichcha @rammaraamm @Theactorpradeep @Kiccha_fighters @KSFA_Official Congratulations team @BosTeamBELAGAVI 

Keep rocking🥰🥰 https://t.co/oEivQrMhLg",en,"['bosteambelagavi', 'kicchasudeep', 'kicchafc_bos', 'bosgirls_team', 'bosspecial_team', 'kichchacreatiin', 'bleedforkichcha', 'theactorpradeep', 'kiccha_fighters', 'ksfa_official', 'bosteambelagavi']",[],['https://pbs.twimg.com/media/E3r9jdHVEA0yR5z.jpg'],1,7,11,[],[],https://twitter.com/Team_BOSFC/status/1403713022028173316,,,1,https://pbs.twimg.com/media/E3r9jdHVEA0yR5z.jpg,Bangalore,,,,,,"{'user_id': '1287964344471318528', 'username': 'BosTeamBELAGAVI'}",,,,
1403627219684057094,1403627219684057094,2021-06-12 03:16:21 CDT,2021-06-12,03:16:21,-0500,1083701914796261376,sehanthomas,ѕєнαη тнσмαѕ 🦅🦉,,"RECORDED IN 6 DAYS

MY KIDS WILL READ ABOUT THIS IN THE HISTORY BOOKS. 

FBGOVO A HUNNID % 
🦅🦉

💎💎",en,[],[],[],0,4,1,[],[],https://twitter.com/SehanThomas/status/1403627219684057094,,https://twitter.com/LOSTSXUL128/status/1403549526766534658,0,,Bangalore,,,,,,"{'user_id': None, 'username': None}",,,,
1403786786606706688,1403786786606706688,2021-06-12 13:50:25 CDT,2021-06-12,13:50:25,-0500,4538566158,srk_bangalore,SHAH RUKH KHAN FAN ASSOCIATION,,"Wishing a very happy birthday to one of our admin @NIRMAL_MUTHA 
The reason why we always get to post good content and always available whenever needed.
Makes complex things look so easy.
God bless you ❤️ https://t.co/CjPhxtwon9",en,['nirmal_mutha'],[],['https://pbs.twimg.com/media/E3tApDIVIAIb-I-.jpg'],16,22,31,[],[],https://twitter.com/Srk_bangalore/status/1403786786606706688,,,1,https://pbs.twimg.com/media/E3tApDIVIAIb-I-.jpg,Bangalore,,,,,,"{'user_id': None, 'username': None}",,,,
1403805337933602816,1403805337933602816,2021-06-12 15:04:08 CDT,2021-06-12,15:04:08,-0500,51412225,iamchika14,okoli ᐯᗩᒪEᑎTIᑎE ᑕᕼIKᗩ,,Caribbean women are beautiful,en,[],[],[],5,1,11,[],[],https://twitter.com/iamchika14/status/1403805337933602816,,,0,,Bangalore,,,,,,"{'user_id': None, 'username': None}",,,,
1403601302253309952,1403601302253309952,2021-06-12 01:33:22 CDT,2021-06-12,01:33:22,-0500,42553439,param108,Paramananda,,"So in other news, the better half @PalukKhanna has found her way onto the Dettol Dispenser. Honorable mention to my left shoulder!
On a more serious note: Am super proud of what she did! https://t.co/0P6TakjjnZ",en,['palukkhanna'],[],['https://pbs.twimg.com/media/E3qX8hpXwAExmxH.jpg'],1,0,4,[],[],https://twitter.com/param108/status/1403601302253309952,,,1,https://pbs.twimg.com/media/E3qX8hpXwAExmxH.jpg,Bangalore,,,,,,"{'user_id': None, 'username': None}",,,,
1403726020084043783,1403726020084043783,2021-06-12 09:48:57 CDT,2021-06-12,09:48:57,-0500,999958681700716546,nicolegirardcg,Nicole Girard,,Register for June 26-27 virtual #selfcare summit for #women @CanadainIndia,en,['canadainindia'],[],[],2,2,8,"['selfcare', 'women']",[],https://twitter.com/NicoleGirardCG/status/1403726020084043783,,https://twitter.com/onefuture_india/status/1403685576444841993,0,,Bangalore,,,,,,"{'user_id': None, 'username': None}",,,,
1403717270170312707,1403717270170312707,2021-06-12 09:14:11 CDT,2021-06-12,09:14:11,-0500,1109765140084412418,prabha86763100,🕉️📿 प्रभा तिवारी Bjp Social media Convener North,,"Hindus should raise their voice against Facebook 

#Facebook_Suppress_Hindu_Voices",en,[],[],[],0,6,3,['facebook_suppress_hindu_voices'],[],https://twitter.com/Prabha86763100/status/1403717270170312707,,,0,,Bangalore,,,,,,"{'user_id': None, 'username': None}",,,,
1403686102863474694,1403645955845419009,2021-06-12 07:10:20 CDT,2021-06-12,07:10:20,-0500,499965704,gupta_shivs,Shivani Gupta,,@hellonehha I am so fond of night suits. My current favourite book. https://t.co/2IXEtBn7hV,en,['hellonehha'],[],['https://pbs.twimg.com/media/E3rlEYtVIAAoeEe.jpg'],1,0,9,[],[],https://twitter.com/gupta_shivs/status/1403686102863474694,,,1,https://pbs.twimg.com/media/E3rlEYtVIAAoeEe.jpg,Bangalore,,,,,,"{'user_id': '18114254', 'username': 'hellonehha'}",,,,
1403765180790497281,1403765180790497281,2021-06-12 12:24:34 CDT,2021-06-12,12:24:34,-0500,1252497969636503552,newstapworld,News Tap Global,,"#Euro2020 | Television pictures showed Danish players in tears as medical staff tried to revive the Inter Milan player, who suddenly collapsed near the touchline.",en,[],[],[],0,1,0,['euro2020'],[],https://twitter.com/newstapworld/status/1403765180790497281,,https://twitter.com/newstapworld/status/1403763344087994370,0,,Bangalore,,,,,,"{'user_id': None, 'username': None}",,,,
1403771894755590146,1403771894755590146,2021-06-12 12:51:15 CDT,2021-06-12,12:51:15,-0500,3639269474,lolita_tnie,S. Lalitha,,"#Eriksen Has BBC not yet put out a sincere apology? for cashing in on a tragedy. Or have I missed it. #DENFIN
@BBCNews @BBCSport",en,"['bbcnews', 'bbcsport']",[],[],1,2,4,"['eriksen', 'denfin']",[],https://twitter.com/Lolita_TNIE/status/1403771894755590146,,,0,,Bangalore,,,,,,"{'user_id': None, 'username': None}",,,,
1403757918860627968,1403757918860627968,2021-06-12 11:55:43 CDT,2021-06-12,11:55:43,-0500,156497708,prakashasan,Suryaprakash Mandala,,"Oh God, Erikson! This one looks serious. #DENFIN #Erikson",en,[],[],[],0,0,2,"['denfin', 'erikson']",[],https://twitter.com/prakashasan/status/1403757918860627968,,,0,,Bangalore,,,,,,"{'user_id': None, 'username': None}",,,,
1403735382412251143,1403735382412251143,2021-06-12 10:26:09 CDT,2021-06-12,10:26:09,-0500,1878902330,nagendrar4,Nagendra.R,,Did you study your 10+2 at alekee near vittal,en,[],[],[],1,0,6,[],[],https://twitter.com/NagendraR4/status/1403735382412251143,,https://twitter.com/PMadhwaraj/status/1403628709735587843,0,,Bangalore,,,,,,"{'user_id': None, 'username': None}",,,,
1403774518154334208,1403774518154334208,2021-06-12 13:01:40 CDT,2021-06-12,13:01:40,-0500,17759387,harshamv,Harsha MV 👾🎮,,"“👩🏻‍🏫 Transforming India (EP4): Future of Education in India” with @RathanKinhal, @AdityaBarrela, and Incredible India!!. 

Tomorrow, 13 Jun at 11:00 AM IST on @clubhouse. 

#Clubhouse #educational 

Join us! https://t.co/VsLP68Ufgn",en,"['rathankinhal', 'adityabarrela', 'clubhouse']",['https://www.clubhouse.com/event/m2EOeBRr'],[],1,1,4,"['clubhouse', 'educational']",[],https://twitter.com/harshamv/status/1403774518154334208,,,0,,Bangalore,,,,,,"{'user_id': None, 'username': None}",,,,
1403650435882225666,1403650435882225666,2021-06-12 04:48:37 CDT,2021-06-12,04:48:37,-0500,17733159,meghaphd,Megha,,"Weekly #shopping today. Family of 3. Veggies 500. Fruits 800. Biscuits +  chips etc. 300. No wonder it’s hard to eat right. Need moolah and time to transform veggies, dry cereals, pulses to something tasty.",en,[],[],[],0,0,6,['shopping'],[],https://twitter.com/meghaphd/status/1403650435882225666,,,0,,Bangalore,,,,,,"{'user_id': None, 'username': None}",,,,
1403776011146121220,1403776011146121220,2021-06-12 13:07:36 CDT,2021-06-12,13:07:36,-0500,51692478,nikhil__kumar,Nikhil,,.@profgalloway congratulations!,en,['profgalloway'],[],[],0,0,4,[],[],https://twitter.com/Nikhil__Kumar/status/1403776011146121220,,https://twitter.com/TechCrunch/status/1403774597267402755,0,,Bangalore,,,,,,"{'user_id': None, 'username': None}",,,,
1403765210020605952,1403765210020605952,2021-06-12 12:24:41 CDT,2021-06-12,12:24:41,-0500,4347736693,01sumitmitra,Sumit’s,,"Thoughts and prayers go out to Christian Ericsson and his family praying everything is ok 🙏#EURO2020 
￼",en,[],[],[],0,0,12,['euro2020'],[],https://twitter.com/01sumitmitra/status/1403765210020605952,,,0,,Bangalore,,,,,,"{'user_id': None, 'username': None}",,,,
1403725959795068933,1403725959795068933,2021-06-12 09:48:43 CDT,2021-06-12,09:48:43,-0500,236718811,pritham_1974,pritham_1974,,Worth attending,en,[],[],[],0,0,3,[],[],https://twitter.com/pritham_1974/status/1403725959795068933,,https://twitter.com/aomsiOfficial/status/1403314312488230921,0,,Bangalore,,,,,,"{'user_id': None, 'username': None}",,,,
1403719911130550275,1403719911130550275,2021-06-12 09:24:41 CDT,2021-06-12,09:24:41,-0500,2316761377,tre_320,Biggles 320,,It’s Saturday night FFS 😓😓😓,en,[],[],[],1,0,9,[],[],https://twitter.com/TRE_320/status/1403719911130550275,,https://twitter.com/veekay122002/status/1403601193893519363,0,,Bangalore,,,,,,"{'user_id': None, 'username': None}",,,,
1403748653760614406,1403748653760614406,2021-06-12 11:18:54 CDT,2021-06-12,11:18:54,-0500,3148036374,shashank_balnad,Shashank Balnad,,New Zealand traveling to Ageas Bowl tomorrow?,en,[],[],[],0,0,4,[],[],https://twitter.com/shashank_balnad/status/1403748653760614406,,,0,,Bangalore,,,,,,"{'user_id': None, 'username': None}",,,,
1403739591924805645,1403739591924805645,2021-06-12 10:42:53 CDT,2021-06-12,10:42:53,-0500,893347767367618563,janakihbr,Janaki,,Showingyour Nari shakthi Appreciate  your commitment towards the society  more power to u madam. yourhttps://www.change.org/p/mysore-residents-bring-back-rohini-sindhuri/c,en,[],[],[],1,0,7,[],[],https://twitter.com/Janakihbr/status/1403739591924805645,,,0,,Bangalore,,,,,,"{'user_id': None, 'username': None}",,,,
1403728601866850305,1403728601866850305,2021-06-12 09:59:13 CDT,2021-06-12,09:59:13,-0500,1366348538,pkeshwain,PRASHANT KESHWAIN 🏏,,"Longevity my friend, that's what matters in Test cricket!",en,[],[],[],0,0,2,[],[],https://twitter.com/pkeshwain/status/1403728601866850305,,https://twitter.com/Ponty100mph/status/1403636027424755713,0,,Bangalore,,,,,,"{'user_id': None, 'username': None}",,,,
1403731463367917569,1403731463367917569,2021-06-12 10:10:35 CDT,2021-06-12,10:10:35,-0500,20907348,srininidugondi,Srinivas Nidugondi,,For a minute I thought it to be a stupid joke but then got the point - interesting indeed,en,[],[],[],0,0,4,[],[],https://twitter.com/SriniNidugondi/status/1403731463367917569,,https://twitter.com/Tiny_Dhillon/status/1403689449880387588,0,,Bangalore,,,,,,"{'user_id': None, 'username': None}",,,,
1403732367546544135,1403732367546544135,2021-06-12 10:14:11 CDT,2021-06-12,10:14:11,-0500,821023648618135553,abhihiremath94,Abhishek Hiremath,,"Trading Reality Check..
How a real trader must think.
Seems like this Aloo daalo,Sona nikaalo trend has gone viral

https://t.co/zWQ54nac8n via @YouTube",en,['youtube'],['https://youtu.be/LQvE8OAmkwo'],[],0,1,4,[],[],https://twitter.com/abhihiremath94/status/1403732367546544135,,,0,,Bangalore,,,,,,"{'user_id': None, 'username': None}",,,,
1403728079239843846,1403696684866043911,2021-06-12 09:57:08 CDT,2021-06-12,09:57:08,-0500,1176895069112037376,bbmpswmsplcomm,BBMP_SWM Cell,,"@BangaloreRW @BBMPCOMM @BBMPAdmn @bbmpcommr @BbmpJc The Marshals team has reached and has quelled the fire. Park attender seems to have set fire himself. A formal complaint will be filed with the horticulture section, so that action can be taken on the attender. https://t.co/q0C9d3FKXe",en,"['bangalorerw', 'bbmpcomm', 'bbmpadmn', 'bbmpcommr', 'bbmpjc']",[],['https://pbs.twimg.com/media/E3sLP2wVcAk2F0_.jpg'],2,1,8,[],[],https://twitter.com/BBMPSWMSplComm/status/1403728079239843846,,,1,https://pbs.twimg.com/media/E3sLP2wVcAk2F0_.jpg,Bangalore,,,,,,"{'user_id': '1056433804498386945', 'username': 'BangaloreRW'}",,,,
1403761049279504385,1403761049279504385,2021-06-12 12:08:09 CDT,2021-06-12,12:08:09,-0500,527120817,karthik3645,Karthik Manjunath,,PLEASE BE OKAY 🙏🙏🙏 #Eriksen,en,[],[],[],0,0,2,['eriksen'],[],https://twitter.com/karthik3645/status/1403761049279504385,,,0,,Bangalore,,,,,,"{'user_id': None, 'username': None}",,,,
1403715965611745290,1403715965611745290,2021-06-12 09:09:00 CDT,2021-06-12,09:09:00,-0500,2154705198,gokulkrishnang7,Gokul Krishna,,"Hi @blrcitytraffic @blrcitytraffic , my friend’s laptop is with me for a long time and I couldn’t give it back to him due to lockdown. Since restrictions are relaxing on monday onwards, can I go to his to give it back?",en,"['blrcitytraffic', 'blrcitytraffic']",[],[],1,0,4,[],[],https://twitter.com/GokulkrishnanG7/status/1403715965611745290,,,0,,Bangalore,,,,,,"{'user_id': None, 'username': None}",,,,
1403741439637430276,1403741439637430276,2021-06-12 10:50:14 CDT,2021-06-12,10:50:14,-0500,62207428,rekhabaala,Rekha Bala,,My first watch. An HMT because I passed with distinction.,en,[],[],[],1,0,4,[],[],https://twitter.com/rekhabaala/status/1403741439637430276,,https://twitter.com/kalpanadravid/status/1403348455766978560,0,,Bangalore,,,,,,"{'user_id': None, 'username': None}",,,,
1403813012083920896,1403813012083920896,2021-06-12 15:34:38 CDT,2021-06-12,15:34:38,-0500,35442374,milanvohra,Milan Vohra,,'Complete what you begin.' Can a father say anything more supportive to his aspiring 16 year old pilot daughter? Love this @nivedita_bhasin,en,['nivedita_bhasin'],[],[],2,1,8,[],[],https://twitter.com/milanvohra/status/1403813012083920896,,https://twitter.com/nivedita_bhasin/status/1403786475817168900,0,,Bangalore,,,,,,"{'user_id': None, 'username': None}",,,,
1403812154642288644,1403812154642288644,2021-06-12 15:31:13 CDT,2021-06-12,15:31:13,-0500,35442374,milanvohra,Milan Vohra,,"Watching #indianidol #indianidolseason12 @himmesh34 and find it so beautiful to see a man cry and show emotion with no need to cover or hide those tears. Thank you HR , love you for setting an example for real men. #Strong # ilovetears #breakgenderstereotypes",en,['himmesh34'],[],[],1,0,2,"['indianidol', 'indianidolseason12', 'strong', 'breakgenderstereotypes']",[],https://twitter.com/milanvohra/status/1403812154642288644,,,0,,Bangalore,,,,,,"{'user_id': None, 'username': None}",,,,
1403791800926543872,1403791800926543872,2021-06-12 14:10:21 CDT,2021-06-12,14:10:21,-0500,267301764,sudkes,Sudhir Kesavan,,Agility solves for risks. We just happen to measure it in speed units.,en,[],[],[],0,0,2,[],[],https://twitter.com/SudKes/status/1403791800926543872,,,0,,Bangalore,,,,,,"{'user_id': None, 'username': None}",,,,
1403592512955060225,1403592512955060225,2021-06-12 00:58:27 CDT,2021-06-12,00:58:27,-0500,98833529,sharmag30,"Gaurav Sharma, Ph.D.",,Looking forward to interviewing the selected talented students for  @official_ibab MSc11 batch.,en,['official_ibab'],[],[],0,2,8,[],[],https://twitter.com/sharmaG30/status/1403592512955060225,,https://twitter.com/plasmobees/status/1403555185020993548,0,,Bangalore,,,,,,"{'user_id': None, 'username': None}",,,,
1403618040776822786,1403618040776822786,2021-06-12 02:39:53 CDT,2021-06-12,02:39:53,-0500,814836648,achieversias,"Achievers IAS Academy, Bangalore",,Life is what you make of it !,en,[],[],[],0,0,9,[],[],https://twitter.com/AchieversIAS/status/1403618040776822786,,,0,,Bangalore,,,,,,"{'user_id': None, 'username': None}",,,,
1403705474126475267,1403705474126475267,2021-06-12 08:27:19 CDT,2021-06-12,08:27:19,-0500,3311822221,tejeshwi_sharma,Tejeshwi Sharma 🇮🇳,,"Productivity hack: I do a 15 min calendar audit and rationalization for the coming week, on the previous weekend. Includes re organizing meetings, rightsizing duration, sometimes even doing away with meetings. Am sure there is product for it. 

Saves me at least 3-4 hours/week.",en,[],[],[],1,0,31,[],[],https://twitter.com/tejeshwi_sharma/status/1403705474126475267,,,0,,Bangalore,,,,,,"{'user_id': None, 'username': None}",,,,
1403688544556646400,1403688544556646400,2021-06-12 07:20:02 CDT,2021-06-12,07:20:02,-0500,47678623,kris_sg,kris gopalakrishnan,,Great thread. We don’t know the answer to how work will change - we know it will change. @stevesi,en,['stevesi'],[],[],1,3,10,[],[],https://twitter.com/kris_sg/status/1403688544556646400,,https://twitter.com/stevesi/status/1403112390032388096,0,,Bangalore,,,,,,"{'user_id': None, 'username': None}",,,,
1403686082361761793,1403686082361761793,2021-06-12 07:10:15 CDT,2021-06-12,07:10:15,-0500,47678623,kris_sg,kris gopalakrishnan,,What is the statistic for India and rest of the world?,en,[],[],[],2,0,3,[],[],https://twitter.com/kris_sg/status/1403686082361761793,,https://twitter.com/CNBC/status/1401224798932512771,0,,Bangalore,,,,,,"{'user_id': None, 'username': None}",,,,
1403757147599499264,1403757147599499264,2021-06-12 11:52:39 CDT,2021-06-12,11:52:39,-0500,975995041,ananthsampath,Ananth Sampath,,@OMRcat frank is right.. can’t Disagree!! 🤣🤣,en,['omrcat'],[],[],0,1,2,[],[],https://twitter.com/AnanthSampath/status/1403757147599499264,,https://twitter.com/FrankUnderwood/status/1373815237250588673,0,,Bangalore,,,,,,"{'user_id': '255870366', 'username': 'OMRcat'}",,,,
1403833211537354755,1403833211537354755,2021-06-12 16:54:54 CDT,2021-06-12,16:54:54,-0500,97410468,dshivsagar,Shiv Sagar,,"Again some fake news in media!! 

Apple Music Lossless Audio Rolls Out In India And Dolby Atmos Is What You Should Care About Most https://t.co/stG8Wa3mNR",en,[],['https://www.news18.com/news/tech/apple-music-lossless-audio-rolls-out-in-india-and-dolby-atmos-is-what-you-should-care-about-most-3837134.html'],[],6,0,5,[],[],https://twitter.com/DShivsagar/status/1403833211537354755,,,0,,Bangalore,,,,,,"{'user_id': None, 'username': None}",,,,
1403713614192668676,1403713611957030915,2021-06-12 08:59:40 CDT,2021-06-12,08:59:40,-0500,2312269640,_piyush_jain,Piyush Jain,,"Donation Link
https://t.co/cXmTDc59o6",en,[],['https://www.ketto.org/fundraiser/recipe-of-hope-plus'],[],0,0,2,[],[],https://twitter.com/_Piyush_Jain/status/1403713614192668676,,,0,,Bangalore,,,,,,"{'user_id': '2312269640', 'username': '_Piyush_Jain'}",,,,
1403744778915778564,1403711364409876482,2021-06-12 11:03:30 CDT,2021-06-12,11:03:30,-0500,1135078208821272576,wra560027,Wilson Garden RWA (Ward 145),,"@BlrCityPolice 3rd Main Road, 9th Cross, Wilson Garden - 560027. Sir your local PS team know them very well as they are big supporters of these illegal flower shops and they are running parallel pay roll.",en,['blrcitypolice'],[],[],0,2,5,[],[],https://twitter.com/WRA560027/status/1403744778915778564,,,0,,Bangalore,,,,,,"{'user_id': '775296019', 'username': 'BlrCityPolice'}",,,,
1403768461608714240,1403768461608714240,2021-06-12 12:37:36 CDT,2021-06-12,12:37:36,-0500,1173415699043110912,kumarbalananda,🇮🇳Balananda Kumarasiva,,@urmispeaks @harish_purohit @meenakshisharan @archi_tandewala @KashmiriHindu07 @Aabhas24  we need to have a talk on Jainism in South India,en,"['urmispeaks', 'harish_purohit', 'meenakshisharan', 'archi_tandewala', 'kashmirihindu07', 'aabhas24']",[],[],1,0,5,[],[],https://twitter.com/KumarBalananda/status/1403768461608714240,,https://twitter.com/KumarBalananda/status/1403767036400914437,0,,Bangalore,,,,,,"{'user_id': '1292625111078580226', 'username': 'urmispeaks'}",,,,
1403717313719726086,1403705474126475267,2021-06-12 09:14:22 CDT,2021-06-12,09:14:22,-0500,3311822221,tejeshwi_sharma,Tejeshwi Sharma 🇮🇳,,"https://t.co/67BgeIRHvV 
This one does it",en,[],['https://www.aerotime.ai/'],[],2,0,7,[],[],https://twitter.com/tejeshwi_sharma/status/1403717313719726086,,,0,,Bangalore,,,,,,"{'user_id': '3311822221', 'username': 'tejeshwi_sharma'}",,,,
1403745176909008906,1403696374244200453,2021-06-12 11:05:05 CDT,2021-06-12,11:05:05,-0500,1078853239859113986,ameyvnamjoshi,@mey#😎 ಅಮೆಯ್ अमेय वसंत नामजोशी,,@mbp91 @sonika_mm Sagle govt karnar ter tumhi kaay karnar... Nave thevnar..... Thts pune speciality,en,"['mbp91', 'sonika_mm']",[],[],0,0,1,[],[],https://twitter.com/AmeyVNamjoshi/status/1403745176909008906,,,0,,Bangalore,,,,,,"{'user_id': '1324936500845318145', 'username': 'patilmb91'}",,,,
1403809953752616960,1403787054530523136,2021-06-12 15:22:29 CDT,2021-06-12,15:22:29,-0500,1964017824,vitthal008,Anubhav Mishra 🇮🇳,,@Nicotweeen @prayagaprasant @PrernaS57388253 @BBMPCOMM @mysticpoet5 @DHFWKA @mla_sudhakar @TellDM Please don't call the attender anymore. We are already working on this one. @Ankita97498207 is in touch with the attender. Will keep you all updating on the same.,en,"['nicotweeen', 'prayagaprasant', 'bbmpcomm', 'mysticpoet5', 'dhfwka', 'mla_sudhakar', 'telldm', 'ankita97498207']",[],[],0,0,4,[],[],https://twitter.com/vitthal008/status/1403809953752616960,,,0,,Bangalore,,,,,,"{'user_id': '3023531197', 'username': 'Nicotweeen'}",,,,
1403606827007283202,1403602993958703104,2021-06-12 01:55:19 CDT,2021-06-12,01:55:19,-0500,732783792,kaushikmuraliux,kaushikmurali.eth,,@ShahRathin I need this confidence in life,en,['shahrathin'],[],[],0,0,11,[],[],https://twitter.com/kaushikmuraliux/status/1403606827007283202,,,0,,Bangalore,,,,,,"{'user_id': '389453246', 'username': 'ShahRathin'}",,,,
1403686742520041478,1403682777321545734,2021-06-12 07:12:53 CDT,2021-06-12,07:12:53,-0500,2392157671,deepansharathee,Deepansha Rathee,,@HappinesMagnet I think Mango Raspberry comes a close second,en,['happinesmagnet'],[],[],1,0,1,[],[],https://twitter.com/deepansharathee/status/1403686742520041478,,,0,,Bangalore,,,,,,"{'user_id': '613537229', 'username': 'HappinesMagnet'}",,,,
1403773963071721473,1403773508094672896,2021-06-12 12:59:28 CDT,2021-06-12,12:59:28,-0500,16025709,muttonnair,MJKN,,@max_bln03 @Afc_Brian10 @andersoonx_ @FabrizioRomano @OzcanAkyol Except the cameramen,en,"['max_bln03', 'afc_brian10', 'andersoonx_', 'fabrizioromano', 'ozcanakyol']",[],[],1,0,28,[],[],https://twitter.com/muttonnair/status/1403773963071721473,,,0,,Bangalore,,,,,,"{'user_id': '1360143096256864257', 'username': 'max_bln03'}",,,,
1403637952006131712,1403635039502430208,2021-06-12 03:59:00 CDT,2021-06-12,03:59:00,-0500,2893420843,rashtrarpan,Ranjit Chitale,,@gajanan137 One .two three...ninety nine,en,['gajanan137'],[],[],0,0,6,[],[],https://twitter.com/rashtrarpan/status/1403637952006131712,,,0,,Bangalore,,,,,,"{'user_id': '1135406067871916033', 'username': 'gajanan137'}",,,,
1403772782702260224,1403741968857845761,2021-06-12 12:54:46 CDT,2021-06-12,12:54:46,-0500,1111824385,kanti_salecha,CA_Kantijain जैन,,"@AkshayChuttar In current scenario better to work with Big 4or large CA firms in the area, you plan to specialise &amp; then decide after 2-3 year's as lot of uncertainty in current practice scenario &amp; government website 🙏 also depends on your own family financial structure.",en,['akshaychuttar'],[],[],1,0,5,[],[],https://twitter.com/kanti_salecha/status/1403772782702260224,,,0,,Bangalore,,,,,,"{'user_id': '1234566308043182080', 'username': 'AkshayChuttar'}",,,,
1403606589127348224,1403603629169278976,2021-06-12 01:54:23 CDT,2021-06-12,01:54:23,-0500,732783792,kaushikmuraliux,kaushikmurali.eth,,"@theadityadas ""No"" is the only thing I tell any freelance clients now. Can't tolerate them or their stupid feedbacks. No more ""Make it pop"" feedbacks.",en,['theadityadas'],[],[],1,0,8,[],[],https://twitter.com/kaushikmuraliux/status/1403606589127348224,,,0,,Bangalore,,,,,,"{'user_id': '1472903054', 'username': 'theadityadas'}",,,,
1403737091654127616,1403731268609605638,2021-06-12 10:32:57 CDT,2021-06-12,10:32:57,-0500,39442974,callmedhir,Being Azad,,@artijourno My mother was too shocked to do anything when I got a first division.,en,['artijourno'],[],[],0,0,2,[],[],https://twitter.com/CallmeDhir/status/1403737091654127616,,,0,,Bangalore,,,,,,"{'user_id': '97917823', 'username': 'artijourno'}",,,,
1403718800999010313,1403712146383331329,2021-06-12 09:20:16 CDT,2021-06-12,09:20:16,-0500,303803304,trraju1,Dr. T.R. Raju,,@PriyankaPulla @ThePrintIndia @ThePrintIndia has definitely gone overboard. @NCBS_Bangalore research has nothing to do with virus manipulation. It is just a serological study. Sensationalism over scientific facts,en,"['priyankapulla', 'theprintindia', 'theprintindia', 'ncbs_bangalore']",[],[],0,1,9,[],[],https://twitter.com/TRRaju1/status/1403718800999010313,,,0,,Bangalore,,,,,,"{'user_id': '17667626', 'username': 'PriyankaPulla'}",,,,
1403764253417295873,1403764101621248000,2021-06-12 12:20:53 CDT,2021-06-12,12:20:53,-0500,376893533,saiamrithadhara,Sai Amrithadhara,,@SSSTShirdi Aum Sairam tera koti pranaam. Thank you so much Sai for everything. We are all indeed blessed to have your Darshan at this moment. Thank you so much Sansthan for sharing divine Darshan.,en,['ssstshirdi'],[],[],0,1,9,[],[],https://twitter.com/SaiAmrithadhara/status/1403764253417295873,,,0,,Bangalore,,,,,,"{'user_id': '842938523640631296', 'username': 'SSSTShirdi'}",,,,
1403767125739671552,1403681299555131399,2021-06-12 12:32:18 CDT,2021-06-12,12:32:18,-0500,82130821,prayaghs,Dr Prayag H.S,,"@SudhaRamenIFS Respected mam i agree wildlife management is challenging however wrt this kind of operation i would professionally differ on 
1.The selection of drugs which is crucial in elephant capture for eg narcotics like Immobilion /M99  instead of xlyaxize which giving standing sedation",en,['sudharamenifs'],[],[],0,0,5,[],[],https://twitter.com/prayaghs/status/1403767125739671552,,,0,,Bangalore,,,,,,"{'user_id': '2219233063', 'username': 'SudhaRamenIFS'}",,,,
1403762632100749313,1403695605080154113,2021-06-12 12:14:26 CDT,2021-06-12,12:14:26,-0500,2494241784,ksharma23,kaushal sharma,,@satnam1972 @Ranojay4 @BJP4India If it was reverse situation then presstitutes would have been reporting from ground zero and many of them would have been earning dollers from foreign media.,en,"['satnam1972', 'ranojay4', 'bjp4india']",[],[],0,1,1,[],[],https://twitter.com/Ksharma23/status/1403762632100749313,,,0,,Bangalore,,,,,,"{'user_id': '102007940', 'username': 'satnam1972'}",,,,
1403765789962899460,1403712637842575371,2021-06-12 12:26:59 CDT,2021-06-12,12:26:59,-0500,17759387,harshamv,Harsha MV 👾🎮,,@iankitasinghal @PoojaMahimkar @stunningmoon @foodietweeter @theheebee @Atulmaharaj @TheFoodAdmirer @KambojAnanya @BangaloreTimes1 @thetinaedit @twinklingtina @Clubhouse @Indieopus @supreeth_s @jksingh99 @mehulgohil @nickybadani @girirajsinghbjp if the person has joined via someone else's invite. It disappears from the sent.,en,"['iankitasinghal', 'poojamahimkar', 'stunningmoon', 'foodietweeter', 'theheebee', 'atulmaharaj', 'thefoodadmirer', 'kambojananya', 'bangaloretimes1', 'thetinaedit', 'twinklingtina', 'clubhouse', 'indieopus', 'supreeth_s', 'jksingh99', 'mehulgohil', 'nickybadani', 'girirajsinghbjp']",[],[],1,0,2,[],[],https://twitter.com/harshamv/status/1403765789962899460,,,0,,Bangalore,,,,,,"{'user_id': '94082911', 'username': 'iankitasinghal'}",,,,
1403800159033561090,1403787054530523136,2021-06-12 14:43:33 CDT,2021-06-12,14:43:33,-0500,1257335398914600961,ankita97498207,Ankita,,"@prayagaprasant @PrernaS57388253 @BBMPCOMM @mysticpoet5 @DHFWKA @mla_sudhakar @deepolice12 @sanjg2k1 @uday_birje @vijayrpbjp @covidbangalore @humjeetengee @sunilkapoor8 @JayDixi66035657 @ayushk_909 @ShivamDixit07 Okay, thank you. I just spoke to them, they'll block the bed soon. Need to send aadhar details of patient, I shall contact attender on it now.",en,"['prayagaprasant', 'bbmpcomm', 'mysticpoet5', 'dhfwka', 'mla_sudhakar', 'sanjg2k1', 'uday_birje', 'vijayrpbjp', 'covidbangalore', 'humjeetengee', 'sunilkapoor8', 'jaydixi66035657', 'ayushk_909', 'shivamdixit07']",[],[],3,0,8,[],[],https://twitter.com/Ankita97498207/status/1403800159033561090,,,0,,Bangalore,,,,,,"{'user_id': '110426293', 'username': 'prayagaprasant'}",,,,
1403759087049838594,1403342519648219142,2021-06-12 12:00:21 CDT,2021-06-12,12:00:21,-0500,1257335398914600961,ankita97498207,Ankita,,@PrernaS57388253 @shishir_heg @BJP4Nagaland @ddnewskohima @MyGovNagaland @Sharath_Arroju @Richardyanthan @sanjg2k1 @sunilkapoor8 @BJP4Meghalaya @lindanewmai Yes👍 also keep updating us with new requests so that we can verify them too simultaneously.,en,"['shishir_heg', 'bjp4nagaland', 'ddnewskohima', 'mygovnagaland', 'sharath_arroju', 'richardyanthan', 'sanjg2k1', 'sunilkapoor8', 'bjp4meghalaya', 'lindanewmai']",[],[],0,0,2,[],[],https://twitter.com/Ankita97498207/status/1403759087049838594,,,0,,Bangalore,,,,,,"{'user_id': '1166668826605260800', 'username': 'PrernaSrivasta'}",,,,
1403767976227078144,1403681299555131399,2021-06-12 12:35:40 CDT,2021-06-12,12:35:40,-0500,82130821,prayaghs,Dr Prayag H.S,,"@SudhaRamenIFS 2.Head butting with wild elephants using kumkis results to head injury 
3.The capture should not cause injuries to either of them which could be fatal as seen in the past which has happened in these kind of .Pl check out inside elephant capture video by @KalyanVarma  on you tube.",en,"['sudharamenifs', 'kalyanvarma']",[],[],1,0,11,[],[],https://twitter.com/prayaghs/status/1403767976227078144,,,0,,Bangalore,,,,,,"{'user_id': '2219233063', 'username': 'SudhaRamenIFS'}",,,,
1403730810302201857,1403729300067479554,2021-06-12 10:07:59 CDT,2021-06-12,10:07:59,-0500,1222800164747800577,thinkpositivei,Venkat Narayan,,@LaxminPramod @reader_wanderer @DrDeepakKrishn1 @vinayskumar1 @smileandshine20 The combo looks mouth-watering!  ❤️,en,"['laxminpramod', 'reader_wanderer', 'drdeepakkrishn1', 'vinayskumar1', 'smileandshine20']",[],[],0,0,2,[],[],https://twitter.com/ThinkPositiveI/status/1403730810302201857,,,0,,Bangalore,,,,,,"{'user_id': '1871611838', 'username': 'LaxminPramod'}",,,,
1403752190074785794,1403700557802393600,2021-06-12 11:32:57 CDT,2021-06-12,11:32:57,-0500,3004662846,singhgpadam6,G Padam Singh 🇮🇳,,@guruji_prasad Good one sir,en,['guruji_prasad'],[],[],1,0,2,[],[],https://twitter.com/singhgpadam6/status/1403752190074785794,,,0,,Bangalore,,,,,,"{'user_id': '1368484920', 'username': 'guruji_prasad'}",,,,
1403833588685017090,1403828352801247238,2021-06-12 16:56:24 CDT,2021-06-12,16:56:24,-0500,479398136,sandalburn,Kārtik | 茶烏冰,,@SomeStingray @MarginalS4th Scar : The Scarring,en,"['somestingray', 'marginals4th']",[],[],1,0,4,[],[],https://twitter.com/SandalBurn/status/1403833588685017090,,,0,,Bangalore,,,,,,"{'user_id': '3761848873', 'username': 'SomeStingray'}",,,,
1403797440986157056,1403780912429469699,2021-06-12 14:32:45 CDT,2021-06-12,14:32:45,-0500,2286417703,blrrocks,ತರ್ಲೆ 𝗧𝗵𝗶𝗺𝗺𝗮,,@hamsanandi @Bengaluruhudugi Let's kidnap @Bengaluruhudugi madam to CH... 😉,en,"['hamsanandi', 'bengaluruhudugi', 'bengaluruhudugi']",[],[],1,0,3,[],[],https://twitter.com/BLRrocKS/status/1403797440986157056,,,0,,Bangalore,,,,,,"{'user_id': '18636235', 'username': 'hamsanandi'}",,,,
1403767036400914437,1403604431032098817,2021-06-12 12:31:56 CDT,2021-06-12,12:31:56,-0500,1173415699043110912,kumarbalananda,🇮🇳Balananda Kumarasiva,,"@Anshpihu007 @truejainology Vishnuvardhana wife was the legendary Shantala Devi &amp; she remained Jain even after the Ramanuja debate of 1108ad. The prime minister Gangadeva, finance minister Hullaraya remained Jain &amp; built basadis at Belagola in 1127 (odeggala basadi) &amp; 1152 (Bhandara basadi) respectively.",en,['truejainology'],[],[],0,0,3,[],[],https://twitter.com/KumarBalananda/status/1403767036400914437,,,0,,Bangalore,,,,,,"{'user_id': '1291551467053015041', 'username': 'Anshjain19977'}",,,,
1403736013457944579,1403735287138713603,2021-06-12 10:28:40 CDT,2021-06-12,10:28:40,-0500,30880281,nivivacious,Nivedita,,@JelamBhatt @adityamohanty_ @abhayjani4 @anbknaga @shobhitic I feel like it's finally time to do this again! 🥺 @mister_whistler @rhlbhatnagar,en,"['jelambhatt', 'adityamohanty_', 'abhayjani4', 'anbknaga', 'shobhitic', 'mister_whistler', 'rhlbhatnagar']",[],[],1,0,4,[],[],https://twitter.com/Nivivacious/status/1403736013457944579,,,0,,Bangalore,,,,,,"{'user_id': '610745900', 'username': 'JelamBhatt'}",,,,
1403664925210255363,1403662718570172425,2021-06-12 05:46:11 CDT,2021-06-12,05:46:11,-0500,39736424,sriknata,Srikanth Natarajan,,@PradeepChinaman @Bollywoodirect Oceans 11,en,"['pradeepchinaman', 'bollywoodirect']",[],[],0,0,2,[],[],https://twitter.com/sriknata/status/1403664925210255363,,,0,,Bangalore,,,,,,"{'user_id': '1357231401603534851', 'username': 'PradeepChinaman'}",,,,
