id,conversation_id,created_at,date,time,timezone,user_id,username,name,place,tweet,language,mentions,urls,photos,replies_count,retweets_count,likes_count,hashtags,cashtags,link,retweet,quote_url,video,thumbnail,near,geo,source,user_rt_id,user_rt,retweet_id,reply_to,retweet_date,translate,trans_src,trans_dest
1353278386345549824,1353278386345549824,2021-01-24 03:48:04 CST,2021-01-24,03:48:04,-0500,780816899072331776,sunilbhatm,Sunil Bhat M,,"Then                              Now
#Karnataka #RepublicDay https://t.co/SIiQrOpkw3",en,[],[],"['https://pbs.twimg.com/media/EsfPg22UYAAlCWy.jpg', 'https://pbs.twimg.com/media/EsfPhAjVoAUUau8.jpg']",6,74,424,"['karnataka', 'republicday']",[],https://twitter.com/SunilBhatM/status/1353278386345549824,,,1,https://pbs.twimg.com/media/EsfPg22UYAAlCWy.jpg,Bangalore,,,,,,"{'user_id': None, 'username': None}",,,,
1353392986814640128,1353392986814640128,2021-01-24 11:23:27 CST,2021-01-24,11:23:27,-0500,807091730520518656,stevendaniel07,Steven Daniel AK 🐐⚡️ᵀʰᵘⁿᶦᵛᵘ❤‍🔥,,"#Thala #Ajith's Latest Pic ! 
This Weekend Satisfied With Thala's New Picture ❣️ 

Credits : @AjithNetwork 

#Valimai #Ajithkumar 😍💖 https://t.co/ytXPBDyX4S",en,['ajithnetwork'],[],['https://pbs.twimg.com/media/Esg3pDOU0AATdLE.jpg'],0,87,210,"['thala', 'ajith', 'valimai', 'ajithkumar']",[],https://twitter.com/stevendaniel07/status/1353392986814640128,,,1,https://pbs.twimg.com/media/Esg3pDOU0AATdLE.jpg,Bangalore,,,,,,"{'user_id': None, 'username': None}",,,,
1353363993763614720,1353363993763614720,2021-01-24 09:28:15 CST,2021-01-24,09:28:15,-0500,1346372680270811138,indmediasurvey,Indian Media Survey,,"Statement on Republic's Presser and Recent Unethical Attack on Arnab &amp; Team. 

Recording of Viewership to continue from Tomorrow. https://t.co/3ImKN4Q7DG",en,[],[],['https://pbs.twimg.com/media/EsgdXXAVoAEmySE.jpg'],11,39,74,[],[],https://twitter.com/IndMediaSurvey/status/1353363993763614720,,,1,https://pbs.twimg.com/media/EsgdXXAVoAEmySE.jpg,Bangalore,,,,,,"{'user_id': None, 'username': None}",,,,
1353385202496589824,1353385202496589824,2021-01-24 10:52:31 CST,2021-01-24,10:52:31,-0500,2341629522,ap_basavaraju,BSR_007 #TDP #DHFM,,Pic of the Day https://t.co/kkVUPRCtXY,en,[],[],['https://pbs.twimg.com/media/EsgwqxRUUAAr-JT.jpg'],0,2,17,[],[],https://twitter.com/AP_Basavaraju/status/1353385202496589824,,,1,https://pbs.twimg.com/media/EsgwqxRUUAAr-JT.jpg,Bangalore,,,,,,"{'user_id': None, 'username': None}",,,,
1353296835570405376,1353296835570405376,2021-01-24 05:01:23 CST,2021-01-24,05:01:23,-0500,864003490095542272,stevenhr981,Steven Harris.R,,"K.G.F Chapter 2 🔥
#artwork Done with colour pencils and water colours on A3 paper. Time: 42 hrs. I hope you all like it!😊
@TheNameIsYash @hombalefilms @prashanth_neel @SrinidhiShetty7 @bhuvangowda84 @BasrurRavi 
#KGFChapter2 #KGF2 #KGFChapter2teaser #kgf #Yash #rockingstaryash https://t.co/9b2G1TWrXH",en,"['thenameisyash', 'hombalefilms', 'prashanth_neel', 'srinidhishetty7', 'bhuvangowda84', 'basrurravi']",[],[],4,85,228,"['artwork', 'kgfchapter2', 'kgf2', 'kgfchapter2teaser', 'kgf', 'yash', 'rockingstaryash']",[],https://twitter.com/StevenHr981/status/1353296835570405376,,,1,https://pbs.twimg.com/ext_tw_video_thumb/1353295981232570369/pu/img/fTovWHPbJPJHr6TH.jpg,Bangalore,,,,,,"{'user_id': None, 'username': None}",,,,
1353378560669413376,1353378560669413376,2021-01-24 10:26:08 CST,2021-01-24,10:26:08,-0500,2197900465,iamkash_kr,Kashyap Kadagattur 🇮🇳,,"Vijaynagara samrajya had ruled over almost all parts of the subcontinent &amp; left behind a rich legacy in all fields lasting to this day. This Republic Day, the tableau from Karnataka will showcase the culture, tradition and muscial richness of the most powerful kingdom ever ruled https://t.co/rbP2X8Zoaw",en,[],[],['https://pbs.twimg.com/media/EsgqoL0UYAAOg7i.jpg'],1,15,167,[],[],https://twitter.com/iamkash_kr/status/1353378560669413376,,,1,https://pbs.twimg.com/media/EsgqoL0UYAAOg7i.jpg,Bangalore,,,,,,"{'user_id': None, 'username': None}",,,,
1353262287499345920,1353262287499345920,2021-01-24 02:44:06 CST,2021-01-24,02:44:06,-0500,74787719,manukumarjain,Manu Kumar Jain,,"#MiForIndia 🇮🇳

On #NationalGirlChildDay, I'm happy to share that Mi India is working to empower the future heroes of #India. Kids will soon have access to online #education.

Join me tomorrow to know more about #ShikshaHarHaat initiative 📚

I ❤️ #Mi #EducationForAll #DeshKiBeti https://t.co/tx2RPSYZpn",en,[],[],['https://pbs.twimg.com/media/EsfA4NDVEAEohTT.jpg'],35,74,765,"['miforindia', 'nationalgirlchildday', 'india', 'education', 'shikshaharhaat', 'mi', 'educationforall', 'deshkibeti']",[],https://twitter.com/manukumarjain/status/1353262287499345920,,,1,https://pbs.twimg.com/media/EsfA4NDVEAEohTT.jpg,Bangalore,,,,,,"{'user_id': None, 'username': None}",,,,
1353239030238826497,1353239030238826497,2021-01-24 01:11:41 CST,2021-01-24,01:11:41,-0500,58777949,jcaravind,ARAVIND,,"KSRP ride to celebrate 72nd Republic day. Spreading awareness on #CovishieldVaccine and #Safetyforcyclists.
#BBMP #DULT #Cycles4Change #Cycle4Change #Resetwithcycling #RepublicDay. https://t.co/8m36VpPCbm",en,[],[],['https://pbs.twimg.com/media/EseruclUYAwI1Fp.jpg'],0,3,16,"['covishieldvaccine', 'safetyforcyclists', 'bbmp', 'dult', 'cycles4change', 'cycle4change', 'resetwithcycling', 'republicday']",[],https://twitter.com/jcaravind/status/1353239030238826497,,https://twitter.com/alokkumar6994/status/1353226724654206976,1,https://pbs.twimg.com/media/EseruclUYAwI1Fp.jpg,Bangalore,,,,,,"{'user_id': None, 'username': None}",,,,
1353412152434978818,1353412152434978818,2021-01-24 12:39:36 CST,2021-01-24,12:39:36,-0500,55608836,ajayacharya,Ajay Acharya 🇮🇳 ಅಜೆಯ್ ಆಚಾರ್ಯ🚩,,"How Pappu, how is it that you ate with your mask on?
@RahulGandhi https://t.co/WA7PFkpQ3M",en,['rahulgandhi'],[],['https://pbs.twimg.com/media/EshJLc1VkAEOex5.jpg'],5,9,21,[],[],https://twitter.com/ajayacharya/status/1353412152434978818,,,1,https://pbs.twimg.com/media/EshJLc1VkAEOex5.jpg,Bangalore,,,,,,"{'user_id': None, 'username': None}",,,,
1353339996879478784,1353339996879478784,2021-01-24 07:52:53 CST,2021-01-24,07:52:53,-0500,914187885229875200,aruncmohan3,Arun C Mohan,,#DeshKiBeti Luv my Angel❤️❤️ https://t.co/6A0diLKL8k,en,[],[],['https://pbs.twimg.com/media/EsgHdrYUUAAV8Ji.jpg'],0,0,4,['deshkibeti'],[],https://twitter.com/ArunCMohan3/status/1353339996879478784,,,1,https://pbs.twimg.com/media/EsgHdrYUUAAV8Ji.jpg,Bangalore,,,,,,"{'user_id': None, 'username': None}",,,,
1353322479201079298,1353322479201079298,2021-01-24 06:43:17 CST,2021-01-24,06:43:17,-0500,185211349,sanjaymaradi,Sanjay Maradi,,"Our daughter, our pride #DeshKiBeti https://t.co/z2OhtBhcCi",en,[],[],['https://pbs.twimg.com/media/Esf3mkwUYAEEada.jpg'],0,0,8,['deshkibeti'],[],https://twitter.com/sanjaymaradi/status/1353322479201079298,,,1,https://pbs.twimg.com/media/Esf3mkwUYAEEada.jpg,Bangalore,,,,,,"{'user_id': None, 'username': None}",,,,
1353397014579580930,1353397014579580930,2021-01-24 11:39:27 CST,2021-01-24,11:39:27,-0500,917769322541535232,kaonlineskfans,Karnataka SKFC,,"Finally it's a wrap up for our #Prince @Siva_Kartikeyan anna's #Ayalaan 👽 🕺🎊

#AyalaanWrapUp @Ravikumar_Dir @arrahman @kjr_studios @24AMSTUDIOS https://t.co/WB61EPOBJu",en,"['siva_kartikeyan', 'ravikumar_dir', 'arrahman', 'kjr_studios', '24amstudios']",[],"['https://pbs.twimg.com/media/Esg7W0mVoAAL3pk.jpg', 'https://pbs.twimg.com/media/Esg7Yv2U4AEr2jX.jpg', 'https://pbs.twimg.com/media/Esg7ZtVU4AA_wyA.jpg']",0,17,14,"['prince', 'ayalaan', 'ayalaanwrapup']",[],https://twitter.com/KAonlineSKfans/status/1353397014579580930,,,1,https://pbs.twimg.com/media/Esg7W0mVoAAL3pk.jpg,Bangalore,,,,,,"{'user_id': None, 'username': None}",,,,
1353411801107468288,1353411801107468288,2021-01-24 12:38:13 CST,2021-01-24,12:38:13,-0500,59643623,ronak_manutd,Ron,,Bruno u beauty 😇💪🏻😍 https://t.co/nQ53UcwzuO,en,[],[],['https://pbs.twimg.com/tweet_video_thumb/EshI2aHU0AIA90S.jpg'],0,0,2,[],[],https://twitter.com/ronak_manutd/status/1353411801107468288,,,1,https://pbs.twimg.com/tweet_video_thumb/EshI2aHU0AIA90S.jpg,Bangalore,,,,,,"{'user_id': None, 'username': None}",,,,
1353352759861334017,1353352759861334017,2021-01-24 08:43:36 CST,2021-01-24,08:43:36,-0500,1285087195578023936,bfk_chitradurga,BLEED FOR KICHCHA CHITRADURGA,,"BAADSHAH Abhinaya Chakravarthy @KicchaSudeep BOSS  is Now Brand Ambassador for 'Denver' in South India. #VikrantRona
#DenverBrandAmbassador
#VikrantRonaOnBurjKhalifa
#KichchaForever #BleedForKichcha https://t.co/0l4WEnOvu4",en,['kicchasudeep'],[],['https://pbs.twimg.com/media/EsgTJ_FVkAE7a-n.jpg'],1,9,31,"['vikrantrona', 'denverbrandambassador', 'vikrantronaonburjkhalifa', 'kichchaforever', 'bleedforkichcha']",[],https://twitter.com/BFK_Chitradurga/status/1353352759861334017,,,1,https://pbs.twimg.com/media/EsgTJ_FVkAE7a-n.jpg,Bangalore,,,,,,"{'user_id': None, 'username': None}",,,,
1353268621535924230,1353268621535924230,2021-01-24 03:09:16 CST,2021-01-24,03:09:16,-0500,82609107,prateikdas,Prateik Das,,"When girls are educated, countries become stronger &amp; more prosperous. ❤️

On #NationalGirlChildDay, happy to share that Mi India is working to empower kids with #online education . 

#EducationForAll with #MiForIndia 🇮🇳

Join us tomorrow to know more #ShikshaHarHaat 📚

I ❤️#Mi https://t.co/U8PlRephWq",en,[],[],['https://pbs.twimg.com/media/EsfGo6FUwAAxXUe.jpg'],0,3,30,"['nationalgirlchildday', 'online', 'educationforall', 'miforindia', 'shikshaharhaat', 'mi']",[],https://twitter.com/PrateikDas/status/1353268621535924230,,,1,https://pbs.twimg.com/media/EsfGo6FUwAAxXUe.jpg,Bangalore,,,,,,"{'user_id': None, 'username': None}",,,,
1353408157192572929,1353408157192572929,2021-01-24 12:23:44 CST,2021-01-24,12:23:44,-0500,1329352225148207105,whbhahaha,saucycraboo🦀,,luv this gum @sangumjatti https://t.co/jcD5tal6d5,en,['sangumjatti'],[],['https://pbs.twimg.com/media/EshFi0WUwAEfimk.jpg'],1,0,4,[],[],https://twitter.com/whbhahaha/status/1353408157192572929,,,1,https://pbs.twimg.com/media/EshFi0WUwAEfimk.jpg,Bangalore,,,,,,"{'user_id': None, 'username': None}",,,,
1353256022958198784,1353256022958198784,2021-01-24 02:19:12 CST,2021-01-24,02:19:12,-0500,399471101,abvpkarnataka,ABVP Karnataka,,"ಎಫ್.ಡಿ.ಎ ಪ್ರಶ್ನೆಪತ್ರಿಕೆ ಸೋರಿಕೆ ಹಿನ್ನೆಲೆಯಲ್ಲಿ  ಕೆ.ಪಿ.ಎಸ್.ಸಿ ವಿರುದ್ಧ ಮೈಸೂರಿನಲ್ಲಿ  ಹೋರಾಟ ನಡೆಯಿತು

Mysuru unit staged protest against KPSC regard to FDA question paper leak. Demanded for immediate action against the culprits
#FDAExam #ABVPDemandsJustice https://t.co/4YI08QnS9S",eu,[],[],"['https://pbs.twimg.com/media/Ese7JqeVEAA3vam.jpg', 'https://pbs.twimg.com/media/Ese7KRfVcAA3Ffg.jpg', 'https://pbs.twimg.com/media/Ese7KrYVcAAbl_L.jpg', 'https://pbs.twimg.com/media/Ese7LP_UYAAnlxL.jpg']",0,5,18,"['fdaexam', 'abvpdemandsjustice']",[],https://twitter.com/ABVPKarnataka/status/1353256022958198784,,,1,https://pbs.twimg.com/media/Ese7JqeVEAA3vam.jpg,Bangalore,,,,,,"{'user_id': None, 'username': None}",,,,
1353344220422041600,1353344220422041600,2021-01-24 08:09:40 CST,2021-01-24,08:09:40,-0500,1103596812403802112,vlp1994,Vinesh Prabhu,,"Sports Tak showing Ajinkya Rahane as 'Captain' and not 'Vice-Captain' 

Kitna jalte ho yaar Virat se 😑 https://t.co/cax82Qwwna",en,[],[],['https://pbs.twimg.com/media/EsgLZSOVoAIWaBf.jpg'],7,2,22,[],[],https://twitter.com/vlp1994/status/1353344220422041600,,,1,https://pbs.twimg.com/media/EsgLZSOVoAIWaBf.jpg,Bangalore,,,,,,"{'user_id': None, 'username': None}",,,,
1353387689895104515,1353387689895104515,2021-01-24 11:02:24 CST,2021-01-24,11:02:24,-0500,59643623,ronak_manutd,Ron,,Lets go @ManUtd beat the crap out of pool and make this Sunday special 🙏💪🏻#MUNLIV https://t.co/NWlRhiLzGv,en,['manutd'],[],['https://pbs.twimg.com/tweet_video_thumb/Esgy7BKUUAAo0S4.jpg'],0,0,1,['munliv'],[],https://twitter.com/ronak_manutd/status/1353387689895104515,,,1,https://pbs.twimg.com/tweet_video_thumb/Esgy7BKUUAAo0S4.jpg,Bangalore,,,,,,"{'user_id': None, 'username': None}",,,,
1353464849309736960,1353464849309736960,2021-01-24 16:09:00 CST,2021-01-24,16:09:00,-0500,119356121,nareshkallya,Naresh Kumar K,,Only @RahulGandhi can wear a mask and eat meals in #TamilNadu @INCIndia https://t.co/Mk9Iv4WIkp,en,"['rahulgandhi', 'incindia']",[],['https://pbs.twimg.com/media/Esh5GWgU0AEXUBR.jpg'],0,2,0,['tamilnadu'],[],https://twitter.com/nareshkallya/status/1353464849309736960,,,1,https://pbs.twimg.com/media/Esh5GWgU0AEXUBR.jpg,Bangalore,,,,,,"{'user_id': None, 'username': None}",,,,
1353411588334620673,1353411588334620673,2021-01-24 12:37:22 CST,2021-01-24,12:37:22,-0500,4713794868,suryasuresh4005,Suresh Rishi,,"Super ⭐️ @urstrulyMahesh 's #SarkaruVaariPaata is the Most Tweeted Movie Tag in the World 🌎 with 
         1️⃣0️⃣0️⃣ 
                        MILLION + TWEETS 🔥

SSMB RAGE 🥁 @SVPTheFilm 🎬

#100MOnSarkaruVaariPaata 😎 https://t.co/rUa6VBTacz",en,"['urstrulymahesh', 'svpthefilm']",[],['https://pbs.twimg.com/media/EshIppIVoAAen3J.jpg'],0,21,4,"['sarkaruvaaripaata', '100monsarkaruvaaripaata']",[],https://twitter.com/suryasuresh4005/status/1353411588334620673,,,1,https://pbs.twimg.com/media/EshIppIVoAAen3J.jpg,Bangalore,,,,,,"{'user_id': None, 'username': None}",,,,
1353366189540433921,1353366189540433921,2021-01-24 09:36:58 CST,2021-01-24,09:36:58,-0500,871426878518775808,nct_india_,NCT India 🇮🇳,,"“Kick It” by #NCT127 has crossed over a 100M VIEWS on YouTube! 🎉🥳

Congrats boys 💚💚💚

Let’s celebrate this achievement by using the hashtag - #KickIt_100M 

#NCT @NCTsmtown_127 @NCTsmtown https://t.co/g3Ki2xxJaN",en,"['nctsmtown_127', 'nctsmtown']",[],['https://pbs.twimg.com/media/EsgfX5AUcAEk9Vp.jpg'],1,7,9,"['nct127', 'kickit_100m', 'nct']",[],https://twitter.com/NCT_India_/status/1353366189540433921,,,1,https://pbs.twimg.com/media/EsgfX5AUcAEk9Vp.jpg,Bangalore,,,,,,"{'user_id': None, 'username': None}",,,,
1353277312326893568,1353277312326893568,2021-01-24 03:43:48 CST,2021-01-24,03:43:48,-0500,2828886024,ladtanvi,Tanvi Lad,,"Here’s what @hkvittinghus had to say exactly a week ago before his brilliant run at the #ToyotaThailandOpen2021 
Tough luck in the finals, but very well done indeed! 💪 

Stay tuned guys! The episode drops tomorrow and is definitely one of our favourites! @IVMPodcasts @shlokh95 https://t.co/ROb5KWLmVU",en,"['hkvittinghus', 'ivmpodcasts', 'shlokh95']",[],[],0,2,5,['toyotathailandopen2021'],[],https://twitter.com/LadTanvi/status/1353277312326893568,,,1,https://pbs.twimg.com/ext_tw_video_thumb/1353277279787487232/pu/img/2L0aW3Q6iW0BPPl7.jpg,Bangalore,,,,,,"{'user_id': None, 'username': None}",,,,
1353261192861478913,1353261192861478913,2021-01-24 02:39:45 CST,2021-01-24,02:39:45,-0500,277932781,gulaaabi,Dr. Vidhyaa Dayanandh,,I use to b very proud being a girl n now even more proud as a mother and a successful woman.Development of any nation is measured by development of a girl child in dat nation.Let's empower them for brighter tomorrow n ensure to leave a better n safe country #NationalGirlChildDay https://t.co/nWhOsgPlDJ,en,[],[],['https://pbs.twimg.com/media/Ese_4MPUcAACt2d.jpg'],0,1,4,['nationalgirlchildday'],[],https://twitter.com/Gulaaabi/status/1353261192861478913,,,1,https://pbs.twimg.com/media/Ese_4MPUcAACt2d.jpg,Bangalore,,,,,,"{'user_id': None, 'username': None}",,,,
1353257822595600388,1353257822595600388,2021-01-24 02:26:21 CST,2021-01-24,02:26:21,-0500,1253736309882904577,manncyclopedia,Mann Nayak,,"Gliricidia sepium, often simply referred to as its genus name Gliricidia, is a medium size leguminous tree belonging to the family Fabaceae. https://t.co/NF3wdyDBAV",en,[],[],['https://pbs.twimg.com/media/Ese8ynyU4AAmxgk.jpg'],0,0,2,[],[],https://twitter.com/manncyclopedia/status/1353257822595600388,,,1,https://pbs.twimg.com/media/Ese8ynyU4AAmxgk.jpg,Bangalore,,,,,,"{'user_id': None, 'username': None}",,,,
1353257278065893376,1353257278065893376,2021-01-24 02:24:12 CST,2021-01-24,02:24:12,-0500,399471101,abvpkarnataka,ABVP Karnataka,,"ಎಫ್.ಡಿ.ಎ ಪ್ರಶ್ನೆಪತ್ರಿಕೆ ಸೋರಿಕೆ ಹಿನ್ನೆಲೆಯಲ್ಲಿ  ಕೆ.ಪಿ.ಎಸ್.ಸಿ ವಿರುದ್ಧ ಕೊಪ್ಪಳದಲ್ಲಿ  ಹೋರಾಟ ನಡೆಯಿತು

Koppala unit staged protest against KPSC regard to FDA question paper leak. Demanded for immediate action against the culprits
#FDAExam #ABVPDemandsJustice https://t.co/0eQ8zVVJln",eu,[],[],"['https://pbs.twimg.com/media/Ese8SiCUYAA-f5J.jpg', 'https://pbs.twimg.com/media/Ese8TD5VoAADyLP.jpg', 'https://pbs.twimg.com/media/Ese8Tq5UwAEjKmS.jpg', 'https://pbs.twimg.com/media/Ese8UPbUwAAgXrS.jpg']",0,2,9,"['fdaexam', 'abvpdemandsjustice']",[],https://twitter.com/ABVPKarnataka/status/1353257278065893376,,,1,https://pbs.twimg.com/media/Ese8SiCUYAA-f5J.jpg,Bangalore,,,,,,"{'user_id': None, 'username': None}",,,,
1353424881572929536,1353424539007369216,2021-01-24 13:30:11 CST,2021-01-24,13:30:11,-0500,1020010364,indifferent_kay,Kaushik Kay,,@WhoScored WhoJoked https://t.co/djDcC82p0c,en,['whoscored'],[],['https://pbs.twimg.com/tweet_video_thumb/EshUv-MU0AE6awF.jpg'],0,0,14,[],[],https://twitter.com/indifferent_kay/status/1353424881572929536,,,1,https://pbs.twimg.com/tweet_video_thumb/EshUv-MU0AE6awF.jpg,Bangalore,,,,,,"{'user_id': '99806132', 'username': 'WhoScored'}",,,,
1353418665920663552,1353418665920663552,2021-01-24 13:05:29 CST,2021-01-24,13:05:29,-0500,4347736693,01sumitmitra,Sumit’s,,Had enough of the scousers over the last 3 odd years! Time to bring them down a peg or two. #ManUvsLiverpool #FACup @GNev2 @rioferdy5 @SonySportsIndia @richardajkeys https://t.co/YNuWyszkwm,en,"['gnev2', 'rioferdy5', 'sonysportsindia', 'richardajkeys']",[],['https://pbs.twimg.com/media/EshPGcNVkAQ5xE2.jpg'],0,0,8,"['manuvsliverpool', 'facup']",[],https://twitter.com/01sumitmitra/status/1353418665920663552,,,1,https://pbs.twimg.com/media/EshPGcNVkAQ5xE2.jpg,Bangalore,,,,,,"{'user_id': None, 'username': None}",,,,
1353274063662145536,1353274063662145536,2021-01-24 03:30:54 CST,2021-01-24,03:30:54,-0500,977149238038577153,farheenkhussain,Farheen Hussain,,"When this student refused to accept anything less than what she deserved. 
Read what Dharini had to do to secure that one mark that the #DPUE 'missed' while totalling her score.
@SruthySUllasTOI
@nimmasuresh

https://t.co/ieErXafysz https://t.co/ebJupEvl3X",en,"['sruthysullastoi', 'nimmasuresh']",['https://timesofindia.indiatimes.com/city/bengaluru/after-5-months-hc-order-girl-scores-100-in-ii-pu-paper/articleshow/80427149.cms'],['https://pbs.twimg.com/media/EsfLll8UYAAJu1g.jpg'],1,3,17,['dpue'],[],https://twitter.com/FarheenKHussain/status/1353274063662145536,,,1,https://pbs.twimg.com/media/EsfLll8UYAAJu1g.jpg,Bangalore,,,,,,"{'user_id': None, 'username': None}",,,,
1353259170477338624,1353259170477338624,2021-01-24 02:31:43 CST,2021-01-24,02:31:43,-0500,277932781,gulaaabi,Dr. Vidhyaa Dayanandh,,"Love her unconditionally.
Raise her as an equal.
Educate her,Empower her,Daughters are our pride My love towards a  girl child is boundless and infinite. I use to be very proud being a girl and now even more proud as a mother and a successful woman. #NationalGirlChildDay https://t.co/dDtJMfhoUj",en,[],[],['https://pbs.twimg.com/media/Ese-CasVEAA2n7G.jpg'],1,0,10,['nationalgirlchildday'],[],https://twitter.com/Gulaaabi/status/1353259170477338624,,,1,https://pbs.twimg.com/media/Ese-CasVEAA2n7G.jpg,Bangalore,,,,,,"{'user_id': None, 'username': None}",,,,
1353255689502609408,1353255689502609408,2021-01-24 02:17:53 CST,2021-01-24,02:17:53,-0500,3604981453,syed_sawood,Md Sawood,,When there is large number of passengers using the @aaidarairport then why not gov being serious about this airport? @NitishKumar @ushapadhee1996 @HardeepSPuri @SanjayJhaBihar @rajnathsingh @MaithilAnup @darbhanga_dm @DarbhangaLive @aajtak @ndtvindia #DarbhangaAirportWanstILS,en,"['aaidarairport', 'nitishkumar', 'ushapadhee1996', 'hardeepspuri', 'sanjayjhabihar', 'rajnathsingh', 'maithilanup', 'darbhanga_dm', 'darbhangalive', 'aajtak', 'ndtvindia']",[],[],1,44,20,['darbhangaairportwanstils'],[],https://twitter.com/syed_sawood/status/1353255689502609408,,,0,,Bangalore,,,,,,"{'user_id': None, 'username': None}",,,,
1353337478262865921,1353337478262865921,2021-01-24 07:42:53 CST,2021-01-24,07:42:53,-0500,917051160481087488,johnkokken1,Highonkokken,,"Thank you @ITCWindsor for hosting me and @Poojaram22 . We absolutely loved every bit of our stay at the hotel. A big thank you to all the staff members for their service. We are glad to have come and experienced this.

#staycation #itcwindsormanor #itcluxuryhotel #weassure https://t.co/mWd87NbnEK",en,"['itcwindsor', 'poojaram22']",[],"['https://pbs.twimg.com/media/EsgFLaqVEAMX4Gi.jpg', 'https://pbs.twimg.com/media/EsgFMxmVkAI_KUT.jpg', 'https://pbs.twimg.com/media/EsgFOkuUwAAkbn1.jpg', 'https://pbs.twimg.com/media/EsgFP8IVEAk1X7K.jpg']",2,1,25,"['staycation', 'itcwindsormanor', 'itcluxuryhotel', 'weassure']",[],https://twitter.com/johnkokken1/status/1353337478262865921,,,1,https://pbs.twimg.com/media/EsgFLaqVEAMX4Gi.jpg,Bangalore,,,,,,"{'user_id': None, 'username': None}",,,,
1353393663229890563,1353393663229890563,2021-01-24 11:26:08 CST,2021-01-24,11:26:08,-0500,50606106,poori5678,Poornima Shetty,,"Today, ICare Brigade, a social organization, held “Free The Tree” campaign at 80ft Road, RMV 2nd Stage, opp Ramaiah Hospital, B'lore. Cine Actor Gurunandan (of “1st Rank Raju” fame) flagged off the event. https://t.co/C9faFgwnGH",en,[],[],"['https://pbs.twimg.com/media/Esg4WN-UwAEpJwy.jpg', 'https://pbs.twimg.com/media/Esg4WmdUUAAUNKu.jpg', 'https://pbs.twimg.com/media/Esg4W5gUcAIFquJ.jpg', 'https://pbs.twimg.com/media/Esg4XONVEAAwVEJ.jpg']",1,0,7,[],[],https://twitter.com/Poori5678/status/1353393663229890563,,,1,https://pbs.twimg.com/media/Esg4WN-UwAEpJwy.jpg,Bangalore,,,,,,"{'user_id': None, 'username': None}",,,,
1353408303909400577,1353408303909400577,2021-01-24 12:24:19 CST,2021-01-24,12:24:19,-0500,35442374,milanvohra,Milan Vohra,,I almost thought those were 2 minutes of my life I was never going to get back. But then the end... :) So cool,en,[],[],[],0,2,17,[],[],https://twitter.com/milanvohra/status/1353408303909400577,,https://twitter.com/ikaveri/status/1352861913089253377,0,,Bangalore,,,,,,"{'user_id': None, 'username': None}",,,,
1353384107661639680,1353384107661639680,2021-01-24 10:48:10 CST,2021-01-24,10:48:10,-0500,1320228829013528576,ksmb77,🎭 .#BRB._....🏇,,"Sudeep sir tag wrong agide sir

#VikrantRonaOnBurjKhalifa 
#VikrantRona #KicchSudeep
#Kotigobba3 @KicchaSudeep",en,['kicchasudeep'],[],[],0,5,4,"['vikrantronaonburjkhalifa', 'vikrantrona', 'kicchsudeep', 'kotigobba3']",[],https://twitter.com/KSMB77/status/1353384107661639680,,https://twitter.com/AnchorAvinashU1/status/1353368839396835333,0,,Bangalore,,,,,,"{'user_id': None, 'username': None}",,,,
1353335050855583745,1353335050855583745,2021-01-24 07:33:14 CST,2021-01-24,07:33:14,-0500,1256395263125499904,impvk94b,Vijaymad 2.O,,"Anyone out there

#NTR
#RAWHelpingHands",en,[],[],[],0,3,3,"['ntr', 'rawhelpinghands']",[],https://twitter.com/imPVK94B/status/1353335050855583745,,,0,,Bangalore,,,,,,"{'user_id': None, 'username': None}",,,,
1353285023923720193,1353285023923720193,2021-01-24 04:14:27 CST,2021-01-24,04:14:27,-0500,1220266600412016641,exelitye,Exelity Skill Training Academy ESTA,,"RPL 2 Certification Ceremony held by ESTA at Page Industries, Mysore for the Security personnel of Global SecurityServices on 23 rd Jan 21 @MEPSCindia @NSDCINDIA @Pokhi1061 @pokhi106_anil @Abhie_Saxena https://t.co/Cvo8fk2Bod",en,"['mepscindia', 'nsdcindia', 'pokhi1061', 'pokhi106_anil', 'abhie_saxena']",[],"['https://pbs.twimg.com/media/EsfVh8jUwAADk7_.jpg', 'https://pbs.twimg.com/media/EsfViZYUcAE16NN.jpg', 'https://pbs.twimg.com/media/EsfVi2nUYAA7Iar.jpg', 'https://pbs.twimg.com/media/EsfVjUBVEAAqn52.jpg']",0,0,3,[],[],https://twitter.com/ExelityE/status/1353285023923720193,,,1,https://pbs.twimg.com/media/EsfVh8jUwAADk7_.jpg,Bangalore,,,,,,"{'user_id': None, 'username': None}",,,,
1353346959432589312,1353346959432589312,2021-01-24 08:20:33 CST,2021-01-24,08:20:33,-0500,1103596812403802112,vlp1994,Vinesh Prabhu,,"Official page of Motera Cricket Stadium!

The admin sounds like a person who is angry on his partner and saara ghussa idhar nikaala 🤣🤣🤣

English aur typing bhi mashaallah hai! https://t.co/OrDtws6lQr",en,[],[],['https://pbs.twimg.com/media/EsgN4shVcAIV8sm.jpg'],3,0,7,[],[],https://twitter.com/vlp1994/status/1353346959432589312,,,1,https://pbs.twimg.com/media/EsgN4shVcAIV8sm.jpg,Bangalore,,,,,,"{'user_id': None, 'username': None}",,,,
1353288463978696704,1353288463978696704,2021-01-24 04:28:07 CST,2021-01-24,04:28:07,-0500,2965775234,harishputtanna,Harish Puttanna,,"You can only reach the final chapter if you continue to turn the page. 
#HarishPuttanna #ThinkBIGSundayWithMarsha #StartUpIndia",en,[],[],[],0,2,4,"['harishputtanna', 'thinkbigsundaywithmarsha', 'startupindia']",[],https://twitter.com/harishputtanna/status/1353288463978696704,,,0,,Bangalore,,,,,,"{'user_id': None, 'username': None}",,,,
1353341241782460416,1353341241782460416,2021-01-24 07:57:50 CST,2021-01-24,07:57:50,-0500,2195391679,nimmamukund,Mukund Gowda,,another office to connect people,en,[],[],[],0,1,4,[],[],https://twitter.com/nimmamukund/status/1353341241782460416,,https://twitter.com/aapkaprithvi/status/1353339659359641600,0,,Bangalore,,,,,,"{'user_id': None, 'username': None}",,,,
1353256824028372995,1353256824028372995,2021-01-24 02:22:23 CST,2021-01-24,02:22:23,-0500,399471101,abvpkarnataka,ABVP Karnataka,,"ಎಫ್.ಡಿ.ಎ ಪ್ರಶ್ನೆಪತ್ರಿಕೆ ಸೋರಿಕೆ ಹಿನ್ನೆಲೆಯಲ್ಲಿ  ಕೆ.ಪಿ.ಎಸ್.ಸಿ ವಿರುದ್ಧ ರಾಯಚೂರಿನಲ್ಲಿ  ಹೋರಾಟ ನಡೆಯಿತು

Raichuru unit staged protest against KPSC regard to FDA question paper leak. Demanded for immediate action against the culprits
#FDAExam #ABVPDemandsJustice https://t.co/HgsKfcLUDS",eu,[],[],"['https://pbs.twimg.com/media/Ese74bUU0AAvxvz.jpg', 'https://pbs.twimg.com/media/Ese748qU0AAqzf6.jpg', 'https://pbs.twimg.com/media/Ese75tpU0AIXdm0.jpg']",0,1,7,"['fdaexam', 'abvpdemandsjustice']",[],https://twitter.com/ABVPKarnataka/status/1353256824028372995,,,1,https://pbs.twimg.com/media/Ese74bUU0AAvxvz.jpg,Bangalore,,,,,,"{'user_id': None, 'username': None}",,,,
1353352992448122881,1353352992448122881,2021-01-24 08:44:32 CST,2021-01-24,08:44:32,-0500,965114888744914944,kdevforum,SaveBellandur(ಬೆಳ್ಳಂದೂರು ಉಳಿಸಿ),,"Please volunteer for a clean &amp; beautiful #Bengaluru!

@WFRising @namma_BTM @Namma_Bengaluru @NammaBengaluroo @citizensforblr @citizenmatters @CA4Blr @CITAGofficial @SCM_Karnataka @KasaMuktha @BeautifulBluru",en,"['wfrising', 'namma_btm', 'namma_bengaluru', 'nammabengaluroo', 'citizensforblr', 'citizenmatters', 'ca4blr', 'citagofficial', 'scm_karnataka', 'kasamuktha', 'beautifulbluru']",[],[],1,7,14,['bengaluru'],[],https://twitter.com/kdevforum/status/1353352992448122881,,https://twitter.com/BBMPSWMSplComm/status/1353012312676831232,0,,Bangalore,,,,,,"{'user_id': None, 'username': None}",,,,
1353350657571393537,1353350657571393537,2021-01-24 08:35:15 CST,2021-01-24,08:35:15,-0500,32773427,janakimurali,janakimurali,,"I loved @AravindAdiga ‘s #WhiteTiger &amp; was wary of watching the @netflix  version.  But  #RaminBahrani ‘s adaptation is equally raw and stark. Now for #Oscars2021 
@priyankachopra @_GouravAdarsh  @RajkummarRao  #journalistslife #writerslife #WritingCommunity",en,"['aravindadiga', 'netflix', 'priyankachopra', '_gouravadarsh', 'rajkummarrao']",[],[],0,5,15,"['whitetiger', 'raminbahrani', 'oscars2021', 'journalistslife', 'writerslife', 'writingcommunity']",[],https://twitter.com/janakimurali/status/1353350657571393537,,,0,,Bangalore,,,,,,"{'user_id': None, 'username': None}",,,,
1353376987616735232,1353376987616735232,2021-01-24 10:19:53 CST,2021-01-24,10:19:53,-0500,1346372680270811138,indmediasurvey,Indian Media Survey,,"Only 5 Days Left! Go vote, if already voted share it to maximum number of people. More the votes, stronger the Mandate. 

The result of the poll will be put out on Sunday. It will display the choice of India.",en,[],[],[],0,0,6,[],[],https://twitter.com/IndMediaSurvey/status/1353376987616735232,,https://twitter.com/IndMediaSurvey/status/1352652038648152065,0,,Bangalore,,,,,,"{'user_id': None, 'username': None}",,,,
1353260227156529153,1353260227156529153,2021-01-24 02:35:55 CST,2021-01-24,02:35:55,-0500,40322057,mcabbas,SYED ASAD ABBAS,,"First Event Of The Year 2021.
Official Host of KEY Excellence Awards &amp; Business Meet 2021 @ Hotel Sheraton Grand, Bangalore. https://t.co/TFc1mZrJZ8",en,[],[],"['https://pbs.twimg.com/media/Ese-_1WU4AAZdhz.jpg', 'https://pbs.twimg.com/media/Ese-_1WU0AA0Ofx.jpg', 'https://pbs.twimg.com/media/Ese-_1XVkAAYsMg.jpg', 'https://pbs.twimg.com/media/Ese-_1bU4AEcr65.jpg']",2,0,3,[],[],https://twitter.com/MCABBAS/status/1353260227156529153,,,1,https://pbs.twimg.com/media/Ese-_1WU4AAZdhz.jpg,Bangalore,,,,,,"{'user_id': None, 'username': None}",,,,
1353415943414665216,1353415943414665216,2021-01-24 12:54:40 CST,2021-01-24,12:54:40,-0500,732123699562700800,varsharaj_14,Varsha Raj,,What a game! I just love how the mentality around @ManUtd dressing room and among the club has changed. We look dangerous and competitive like we used to. We didn’t give up as well. Thrilling game ☺️ Onwards and upwards! #MUFC #EmiratesFACup,en,['manutd'],[],[],0,3,35,"['mufc', 'emiratesfacup']",[],https://twitter.com/VarshaRaj_14/status/1353415943414665216,,,0,,Bangalore,,,,,,"{'user_id': None, 'username': None}",,,,
1353281124810727425,1353281124810727425,2021-01-24 03:58:57 CST,2021-01-24,03:58:57,-0500,2965775234,harishputtanna,Harish Puttanna,,"In every success story, you will find someone who has made a courageous decision. -Peter Drucker
#HarishPuttanna #startup #entrepreneur #business #StartUpIndia",en,[],[],[],0,1,3,"['harishputtanna', 'startup', 'entrepreneur', 'business', 'startupindia']",[],https://twitter.com/harishputtanna/status/1353281124810727425,,,0,,Bangalore,,,,,,"{'user_id': None, 'username': None}",,,,
1353277544653447168,1353277544653447168,2021-01-24 03:44:43 CST,2021-01-24,03:44:43,-0500,714422164016001025,nucleus_pr,NucleusPR,,"Good #storytelling is at the heart of all #communication. 

Watch the @prpoi_india
discussion on #ownedmedia with @mindtweak123
@paulfuriga
@ChowderSingh
#NivedeetaMoirangthem
right here : https://t.co/kV0BgVo1BC

#pr #publicrelations @admediainsider @PRBoutiquesIntl",en,"['prpoi_india', 'mindtweak123', 'paulfuriga', 'chowdersingh', 'admediainsider', 'prboutiquesintl']",['https://youtu.be/3eTuXSC_ijk'],[],1,0,5,"['storytelling', 'communication', 'ownedmedia', 'nivedeetamoirangthem', 'pr', 'publicrelations']",[],https://twitter.com/nucleus_pr/status/1353277544653447168,,https://twitter.com/prpoi_india/status/1350341109243756546,0,,Bangalore,,,,,,"{'user_id': None, 'username': None}",,,,
1353289052473024513,1353289052473024513,2021-01-24 04:30:27 CST,2021-01-24,04:30:27,-0500,4494649032,sharmithashetty,Sharmitha Shetty | ಶರ್ಮಿತಾ ಶೆಟ್ಟಿ,,"""Courage, sacrifice, determination, commitment, toughness, heart, talent, guts. That's what little girls are made of."" Bethany Hamilton
#GirlChildDay #NationalGirlChildDay2021 #girlpower",en,[],[],[],0,0,4,"['girlchildday', 'nationalgirlchildday2021', 'girlpower']",[],https://twitter.com/Sharmithashetty/status/1353289052473024513,,,0,,Bangalore,,,,,,"{'user_id': None, 'username': None}",,,,
1353405213063794691,1353405213063794691,2021-01-24 12:12:02 CST,2021-01-24,12:12:02,-0500,710087940500684801,atulpinheiro,Atul Pinheiro,,This but make it food.,en,[],[],[],0,0,4,[],[],https://twitter.com/atulpinheiro/status/1353405213063794691,,https://twitter.com/notablyanna/status/1353126786238984198,0,,Bangalore,,,,,,"{'user_id': None, 'username': None}",,,,
1353357089402359809,1353357089402359809,2021-01-24 09:00:48 CST,2021-01-24,09:00:48,-0500,856146671964758016,mshanmugananda,M.Shanmugananda,,Veg Biryani - I Just Love this 💛😍💛,en,[],[],[],1,0,5,[],[],https://twitter.com/MShanmugananda/status/1353357089402359809,,https://twitter.com/SwatiAarini/status/1353345810029666314,0,,Bangalore,,,,,,"{'user_id': None, 'username': None}",,,,
1353320031229075456,1353320031229075456,2021-01-24 06:33:33 CST,2021-01-24,06:33:33,-0500,887440718,ramkumarchari,Ram Krishnamachari,,Future of online search...paid but ad free and hence data privacy is ensured! Will subscribe it any day!,en,[],[],[],0,1,3,[],[],https://twitter.com/ramkumarchari/status/1353320031229075456,,https://twitter.com/lakshmianand96/status/1353260171531751424,0,,Bangalore,,,,,,"{'user_id': None, 'username': None}",,,,
1353413760216535045,1353413760216535045,2021-01-24 12:46:00 CST,2021-01-24,12:46:00,-0500,3639269474,lolita_tnie,S. Lalitha,,Very inspiring! What a great contribution to society.,en,[],[],[],0,0,3,[],[],https://twitter.com/Lolita_TNIE/status/1353413760216535045,,https://twitter.com/NewIndianXpress/status/1353400925365309441,0,,Bangalore,,,,,,"{'user_id': None, 'username': None}",,,,
1353397236420366343,1353397236420366343,2021-01-24 11:40:20 CST,2021-01-24,11:40:20,-0500,88440150,vivek_57,Vivek Swaminathan,,R O F L,en,[],[],[],0,1,2,[],[],https://twitter.com/ViVeK_57/status/1353397236420366343,,https://twitter.com/royhlyy/status/1353221881818562560,0,,Bangalore,,,,,,"{'user_id': None, 'username': None}",,,,
1353386606103683072,1353386606103683072,2021-01-24 10:58:06 CST,2021-01-24,10:58:06,-0500,258201974,akkabond,💀,,"Well, I will not be blackmailed by some ineffectual, privileged, effete, soft-penised, debutante. You want to start a street fight with me bring it on but you're gonna be surprised by how ugly it gets, you don't even know my real name- I'm the fucking lizard king!",en,[],[],[],2,0,4,[],[],https://twitter.com/akkabond/status/1353386606103683072,,,0,,Bangalore,,,,,,"{'user_id': None, 'username': None}",,,,
1353392981915521025,1353392981915521025,2021-01-24 11:23:26 CST,2021-01-24,11:23:26,-0500,51412225,iamchika14,okoli ᐯᗩᒪEᑎTIᑎE ᑕᕼIKᗩ,,"Nigeria (Igbo, Hausa &amp; Yoruba)
(I’m learning benin)

Africa (French &amp; Swahili)

India (Hindi, Tamil, Malayalam, Kannada, Marathi, Punjabi, &amp; Konkani)

Working on my Spanish at the minute. These are the languages I’m super fluent &amp; familiar with. 

Mind u, I read/write them too.",en,[],[],[],3,0,3,[],[],https://twitter.com/iamchika14/status/1353392981915521025,,,0,,Bangalore,,,,,,"{'user_id': None, 'username': None}",,,,
1353415451296976897,1353415451296976897,2021-01-24 12:52:43 CST,2021-01-24,12:52:43,-0500,204053720,sarksen,Sarthak Sen,,How many minutes make an hour for @Airtel_Presence @airtelindia ?,en,"['airtel_presence', 'airtelindia']",[],[],2,1,3,[],[],https://twitter.com/sarksen/status/1353415451296976897,,https://twitter.com/Airtel_Presence/status/1353372026128355328,0,,Bangalore,,,,,,"{'user_id': None, 'username': None}",,,,
1353333712226721793,1353333712226721793,2021-01-24 07:27:55 CST,2021-01-24,07:27:55,-0500,619735235,ivnsraju65,Dr. IVNS Raju,,"Blessed r you. As your mother expected, you are serving your parents n getting the punya in an unimaginable way.",en,[],[],[],0,0,5,[],[],https://twitter.com/ivnsraju65/status/1353333712226721793,,https://twitter.com/raghucdp/status/1353289879833042945,0,,Bangalore,,,,,,"{'user_id': None, 'username': None}",,,,
1353372036886716417,1353372036886716417,2021-01-24 10:00:12 CST,2021-01-24,10:00:12,-0500,1272003092439957506,swethz19,Swetha💛,,When I'm doing/talking something very serious and ppl make fun of it,en,[],[],[],0,0,8,[],[],https://twitter.com/Swethz19/status/1353372036886716417,,,0,,Bangalore,,,,,,"{'user_id': None, 'username': None}",,,,
1353279206352805889,1353279206352805889,2021-01-24 03:51:20 CST,2021-01-24,03:51:20,-0500,109236226,cjoshi28,CJ,,"You call clothes made from furnishings, stylish?",en,[],[],[],0,0,1,[],[],https://twitter.com/CJoshi28/status/1353279206352805889,,https://twitter.com/filmfare/status/1353264790039384064,0,,Bangalore,,,,,,"{'user_id': None, 'username': None}",,,,
1353405183556866048,1353405183556866048,2021-01-24 12:11:55 CST,2021-01-24,12:11:55,-0500,1083701914796261376,sehanthomas,ѕєнαη тнσмαѕ 🦅🦉,,"too much liquor in me system, smh 🦅",en,[],[],[],2,0,7,[],[],https://twitter.com/SehanThomas/status/1353405183556866048,,,0,,Bangalore,,,,,,"{'user_id': None, 'username': None}",,,,
1353395405854183425,1353395405854183425,2021-01-24 11:33:04 CST,2021-01-24,11:33:04,-0500,964874407972831232,sreedhar_manda,శ్రీధర్,,"To give benifit of doubt to the other govts, are they taking extra care or more people coming forward to tale vaccine in India.,?",en,[],[],[],0,0,2,[],[],https://twitter.com/sreedhar_manda/status/1353395405854183425,,https://twitter.com/rajuyv/status/1353393374045163523,0,,Bangalore,,,,,,"{'user_id': None, 'username': None}",,,,
1353360140347396097,1353360140347396097,2021-01-24 09:12:56 CST,2021-01-24,09:12:56,-0500,990363781,rexrao52,rexrao52🇮🇳,,pineapple rasam https://t.co/8aod80xdMv,en,[],['https://www.vegrecipesofindia.com/pineapple-rasam-recipe-how-to-make-pineapple-rasam-recipe/'],[],0,0,3,[],[],https://twitter.com/rexrao52/status/1353360140347396097,,,0,,Bangalore,,,,,,"{'user_id': None, 'username': None}",,,,
1353419409604308997,1353419409604308997,2021-01-24 13:08:27 CST,2021-01-24,13:08:27,-0500,52448129,athreyag,#C☕ffeeY☕g,,"He is willing to play ""buffoonery"" to distract people of TN from growing unpopularity of the 
father&amp;sun dissolving in bay of Bengal.",en,[],[],[],0,0,3,[],[],https://twitter.com/ATHREYAG/status/1353419409604308997,,https://twitter.com/ShobhaMookerje1/status/1353347494457958400,0,,Bangalore,,,,,,"{'user_id': None, 'username': None}",,,,
1353345459138355202,1353345459138355202,2021-01-24 08:14:36 CST,2021-01-24,08:14:36,-0500,619735235,ivnsraju65,Dr. IVNS Raju,,In fact abolition of personal income tax is the best way to boost economy. @narendramodi govt is happy reinventing wheel like @INCIndia so that problems stay. No out if box thinking is the way politicians work. @BJPLive is not at all an exception. @nsitharaman @RBI @republic,en,"['narendramodi', 'incindia', 'bjplive', 'nsitharaman', 'rbi', 'republic']",[],[],1,2,2,[],[],https://twitter.com/ivnsraju65/status/1353345459138355202,,https://twitter.com/Lotusfeetns/status/1353341553360523264,0,,Bangalore,,,,,,"{'user_id': None, 'username': None}",,,,
1353414670917328896,1353414670917328896,2021-01-24 12:49:37 CST,2021-01-24,12:49:37,-0500,1340683560689094663,accountvtu,Official account for VTU students,,"We the VTU students would like to thank Adv.Tanvi Dubey, for helping us during these tough times. We really appreciate what you did for us without even taking any legal fees. Thank you so much🙏🏼🙏🏼🙏🏼
@advocate_tanvi @nidhiindiatv @karnatakaportf @NSUIKarnataka 
@BangaloreMirror",en,"['advocate_tanvi', 'karnatakaportf', 'nsuikarnataka', 'bangaloremirror']",[],[],7,12,77,[],[],https://twitter.com/AccountVtu/status/1353414670917328896,,,0,,Bangalore,,,,,,"{'user_id': None, 'username': None}",,,,
1353255375856824321,1353255375856824321,2021-01-24 02:16:38 CST,2021-01-24,02:16:38,-0500,1168001463445884930,pavithr58605529,B.RJRPS.K,,@taekeyminonjo @keepsmiling0003 @pancyheart @dibidibidshinee @athiraaravindk pls guys do spread abt this ..we #indianshawols can make it,en,"['taekeyminonjo', 'keepsmiling0003', 'pancyheart', 'athiraaravindk']",[],[],0,1,1,['indianshawols'],[],https://twitter.com/Pavithr58605529/status/1353255375856824321,,https://twitter.com/Pavithr58605529/status/1353183323305041921,0,,Bangalore,,,,,,"{'user_id': '1282610297727942656', 'username': 'taekeyminonjo'}",,,,
1353256903288131584,1353256903288131584,2021-01-24 02:22:42 CST,2021-01-24,02:22:42,-0500,1168001463445884930,pavithr58605529,B.RJRPS.K,,"@BhagyaRama @loverholic6gir1 @chan_taemint kpophighindia@DeepmalaKaushi7 @ashley__1100 @Mirrorisha1 @dibidibidshinee @Sharont08391492 
Let's make it guys...pls spread abt this everywhere..we #indianshawols can make it ✊✨",en,"['bhagyarama', 'loverholic6gir1', 'chan_taemint', 'mirrorisha1', 'sharont08391492']",[],[],0,3,6,['indianshawols'],[],https://twitter.com/Pavithr58605529/status/1353256903288131584,,https://twitter.com/Pavithr58605529/status/1353183323305041921,0,,Bangalore,,,,,,"{'user_id': '781747484', 'username': 'BhagyaRama'}",,,,
1353423930770345984,1353012351830790155,2021-01-24 13:26:25 CST,2021-01-24,13:26:25,-0500,55608836,ajayacharya,Ajay Acharya 🇮🇳 ಅಜೆಯ್ ಆಚಾರ್ಯ🚩,,@jgopikrishnan70 @mgnayak5 You should ask your mother as to why you look like Madan's father. 🤣🤣,en,"['jgopikrishnan70', 'mgnayak5']",[],[],5,3,17,[],[],https://twitter.com/ajayacharya/status/1353423930770345984,,,0,,Bangalore,,,,,,"{'user_id': '2311557998', 'username': 'jgopikrishnan70'}",,,,
1353346269968617472,1353340096569720833,2021-01-24 08:17:49 CST,2021-01-24,08:17:49,-0500,448764973,raghu_madgula,Raghu Madgula,,"@rohini_sgh Please don't call them as 'journalists' ... They are LapDogs...

Do you remember what these so called 'journalists' were doing during UPA time??",en,['rohini_sgh'],[],[],1,2,10,[],[],https://twitter.com/raghu_madgula/status/1353346269968617472,,,0,,Bangalore,,,,,,"{'user_id': '267861878', 'username': 'rohini_sgh'}",,,,
1353346625108807680,1353239813944528896,2021-01-24 08:19:14 CST,2021-01-24,08:19:14,-0500,448764973,raghu_madgula,Raghu Madgula,,@BhavikaKapoor5 She has clearly turned into a LapDog..,en,['bhavikakapoor5'],[],[],0,0,2,[],[],https://twitter.com/raghu_madgula/status/1353346625108807680,,,0,,Bangalore,,,,,,"{'user_id': '1028963647836618752', 'username': 'BhavikaKapoor5'}",,,,
1353367105324765184,1353213356136513536,2021-01-24 09:40:36 CST,2021-01-24,09:40:36,-0500,965619136238776320,vasudha__k,Vasudha Kaukuntla,,@h7shukla Bro I am tired of life because of Covid. Don’t know how to phrase.,en,['h7shukla'],[],[],0,0,2,[],[],https://twitter.com/Vasudha__K/status/1353367105324765184,,,0,,Bangalore,,,,,,"{'user_id': '2798394505', 'username': 'h7shukla'}",,,,
1353372186581504000,1353247450883043328,2021-01-24 10:00:48 CST,2021-01-24,10:00:48,-0500,303803304,trraju1,Dr. T.R. Raju,,@ompsychiatrist @DrJyoti1902 @bipolarindia @milantheshrink @VijayNallawala @drsalmankareem @DrMG_PsychMD @drsitu @netshrink @drdayal @The_Psych_Doc @psych_in_bpl @docbhooshan @DrHarish139 @JhunuDr @mindmuffinindia @hubofpsychiatry @kirpvc @DrPrabhugaonkar @DrPavanSonar I will also share my thoughts on this topic later,en,"['ompsychiatrist', 'drjyoti1902', 'bipolarindia', 'milantheshrink', 'vijaynallawala', 'drsalmankareem', 'drmg_psychmd', 'drsitu', 'netshrink', 'drdayal', 'the_psych_doc', 'psych_in_bpl', 'docbhooshan', 'drharish139', 'jhunudr', 'mindmuffinindia', 'hubofpsychiatry', 'kirpvc', 'drprabhugaonkar', 'drpavansonar']",[],[],0,1,5,[],[],https://twitter.com/TRRaju1/status/1353372186581504000,,,0,,Bangalore,,,,,,"{'user_id': '1678403144', 'username': 'ompsychiatrist'}",,,,
1353355806696062977,1353349083885432834,2021-01-24 08:55:43 CST,2021-01-24,08:55:43,-0500,1356094712,nkunwar30,Niraj Kumar,,"@WIONews @palkisu a tough and parallel edu stream at the cost of sacrificing children games and joyous moment. Lets condemn such edtech initiatives bfr its too late and help parents to not to get trapped into such gimmick, save children and save future, dont meddle with children innocent time.",en,"['wionews', 'palkisu']",[],[],0,0,1,[],[],https://twitter.com/nkunwar30/status/1353355806696062977,,,0,,Bangalore,,,,,,"{'user_id': '1356094712', 'username': 'nkunwar30'}",,,,
1353355212803608580,1353349083885432834,2021-01-24 08:53:21 CST,2021-01-24,08:53:21,-0500,1356094712,nkunwar30,Niraj Kumar,,"@WIONews @palkisu Such approach to train kids on coding is ruining their natural cognitive development process, such enterpreneurs wud keep coming to entice and lure parents, its similar in line of target IIT (Its noise and not creative aporoach) putting kids at early age to go thru ...",en,"['wionews', 'palkisu']",[],[],1,0,5,[],[],https://twitter.com/nkunwar30/status/1353355212803608580,,,0,,Bangalore,,,,,,"{'user_id': '711760467383877632', 'username': 'WIONews'}",,,,
1353409935141289984,1353357536972263424,2021-01-24 12:30:48 CST,2021-01-24,12:30:48,-0500,93601304,ajayrotti,Ajay Rotti,,"@caprashant1 @venkat_0702 Unbelievable. Another one beats the earlier one

https://t.co/JZdwmriyNH",en,"['caprashant1', 'venkat_0702']",['https://twitter.com/AMIT_GUJJU/status/1353339604301094912?s=19'],[],1,0,2,[],[],https://twitter.com/ajayrotti/status/1353409935141289984,,https://twitter.com/AMIT_GUJJU/status/1353339604301094912?s=19,0,,Bangalore,,,,,,"{'user_id': '93601304', 'username': 'ajayrotti'}",,,,
1353414846365110275,1353412917715214337,2021-01-24 12:50:19 CST,2021-01-24,12:50:19,-0500,968538724140310528,bharmalramjaat1,Bharmal Ram Jaat,,@8PMnoCM @hanumanbeniwal Happy birthday netaji,en,"['8pmnocm', 'hanumanbeniwal']",[],[],0,0,5,[],[],https://twitter.com/BharmalRamJaat1/status/1353414846365110275,,,0,,Bangalore,,,,,,"{'user_id': '1957291267', 'username': '8PMnoCM'}",,,,
1353350960064598016,1353037375627284481,2021-01-24 08:36:27 CST,2021-01-24,08:36:27,-0500,775728834301886464,amit98764,Amit Choudhary 🇮🇳,,"@khanumarfa And by the way, The Court had given him the punishment, not the BJP.

So, whom you are saying is Guilty.

India's Judiciary ??

Mind your words before stating. Be a responsible person and a journalist.",en,['khanumarfa'],[],[],1,0,4,[],[],https://twitter.com/amit98764/status/1353350960064598016,,,0,,Bangalore,,,,,,"{'user_id': '775728834301886464', 'username': 'amit98764'}",,,,
1353428252866486275,1353426742350905347,2021-01-24 13:43:35 CST,2021-01-24,13:43:35,-0500,1269144995417616386,aadvikgowda,Hexa,,@PROTOFN Sed turned ma pc of a minute ago,en,['protofn'],[],[],0,0,2,[],[],https://twitter.com/AadvikGowda/status/1353428252866486275,,,0,,Bangalore,,,,,,"{'user_id': '1191659512815591424', 'username': 'wydproto'}",,,,
1353375014217674752,1353364938354384902,2021-01-24 10:12:02 CST,2021-01-24,10:12:02,-0500,3727222217,iamavigt,Simply_Beardo,,"@NetflixIndia Chintu ka Birthday on @ZEE5India 
@AllIndiaBakchod",en,"['netflixindia', 'zee5india', 'allindiabakchod']",[],[],0,0,6,[],[],https://twitter.com/IamAvigt/status/1353375014217674752,,,0,,Bangalore,,,,,,"{'user_id': '4502936240', 'username': 'NetflixIndia'}",,,,
1353254972989706240,1353230160871342080,2021-01-24 02:15:02 CST,2021-01-24,02:15:02,-0500,1530974689,411031kumar,Essentially non essential Banker,,"@alashshukla @jiddibabu @Shivash78116192 @vinn007yadav @tweetswithrk @adultbanker @CrazzyBanker @NehaSinghGahlot @tiwariaditi0909 @saurmisra @Chashhmish This is absurd, this is an open invitation for croocks ro do so. Hearing this, anyone with that intention can and will touch and press breasts and whatnot, what has become of maharastra now a days",en,"['alashshukla', 'vinn007yadav', 'tweetswithrk', 'adultbanker', 'crazzybanker', 'nehasinghgahlot', 'tiwariaditi0909', 'saurmisra']",[],[],0,0,3,[],[],https://twitter.com/411031Kumar/status/1353254972989706240,,,0,,Bangalore,,,,,,"{'user_id': '1696164084', 'username': 'alashshukla'}",,,,
1353370188964483073,1353190977377341441,2021-01-24 09:52:52 CST,2021-01-24,09:52:52,-0500,51412225,iamchika14,okoli ᐯᗩᒪEᑎTIᑎE ᑕᕼIKᗩ,,@G_coachtee So sad. Trucks caused a lot every year. May God rest their souls,en,['g_coachtee'],[],[],1,0,1,[],[],https://twitter.com/iamchika14/status/1353370188964483073,,,0,,Bangalore,,,,,,"{'user_id': '1167063180', 'username': 'G_coachtee'}",,,,
1353424861541052417,1353356438924529667,2021-01-24 13:30:07 CST,2021-01-24,13:30:07,-0500,63907468,munishbhatia,Munish Bhatia #???,,"@MjaVinod A 17 sec edited clip makes a Gp. Capt (Retd) form an opinion. That's called split sec decision making.!!! Kudos!!
Maybe I wasted 38 yrs of  my life with senior AIR FORCE Veterans. Oh well!",en,['mjavinod'],[],[],0,0,3,[],[],https://twitter.com/munishbhatia/status/1353424861541052417,,,0,,Bangalore,,,,,,"{'user_id': '1129737385837715456', 'username': 'mjavinod'}",,,,
1353371198915153921,1353336660168069121,2021-01-24 09:56:52 CST,2021-01-24,09:56:52,-0500,59345844,lohithchalam,Lohith K.S. Chalam #wearmask #fully 💉,,"@gowthamaithal Afaik, its bad on weekends and good on weekdays. However, they have lost the charm. Despite living near Basavangudi for more than a decade, have visited only once there are many better dosa dharshinis around Basavanagudi.",en,['gowthamaithal'],[],[],1,0,3,[],[],https://twitter.com/lohithchalam/status/1353371198915153921,,,0,,Bangalore,,,,,,"{'user_id': '88362161', 'username': 'gowthamaithal'}",,,,
1353363636882837504,1353284120953032704,2021-01-24 09:26:49 CST,2021-01-24,09:26:49,-0500,795724453,bhaskarg77g,Bhaskar G 🇮🇳,,@chitrapadhi All these warriors only can talk about all the other states where BJP is not in power. Don't have the courage to speak up for Uttarakhand.,en,['chitrapadhi'],[],[],0,1,1,[],[],https://twitter.com/Bhaskarg77G/status/1353363636882837504,,,0,,Bangalore,,,,,,"{'user_id': '4168598846', 'username': 'chitrapadhi'}",,,,
1353368075635101701,1353358528681975808,2021-01-24 09:44:28 CST,2021-01-24,09:44:28,-0500,1152652194505580544,gordungekko,Gordon Gekko,,"@dmuthuk @pawanaroraleo @narendramodi @nsitharaman I say, why not 25% for individuals too?",en,"['dmuthuk', 'pawanaroraleo', 'narendramodi', 'nsitharaman']",[],[],0,0,5,[],[],https://twitter.com/GordunGekko/status/1353368075635101701,,,0,,Bangalore,,,,,,"{'user_id': '375369317', 'username': 'dmuthuk'}",,,,
1353387820304322561,1353384448948101125,2021-01-24 11:02:55 CST,2021-01-24,11:02:55,-0500,236782210,devamitrapanda,Devamitra Panda,,@megirish2001 @priority_n @sindhunag @DiptiPrajapat17 @Bihari_Guts @manhasvikas41 Waah beautifulllll pictures 😍,en,"['megirish2001', 'priority_n', 'sindhunag', 'diptiprajapat17', 'bihari_guts']",[],[],1,0,2,[],[],https://twitter.com/devamitrapanda/status/1353387820304322561,,,0,,Bangalore,,,,,,"{'user_id': '983582780998213632', 'username': 'megirish2001'}",,,,
1353406026452594691,1353330989439700992,2021-01-24 12:15:16 CST,2021-01-24,12:15:16,-0500,349731244,sashkpadhy,Sashwat,,"@_verita_serum_ @sharmasanjay14 @ndtv The problem with these guys is , they only know what they want to know or what they want to propagate as a part of propaganda. Nothing else. So I choose to ignore having debate with illogical propaganda driven people. 🙂",en,"['sharmasanjay14', 'ndtv']",[],[],1,0,2,[],[],https://twitter.com/Sashkpadhy/status/1353406026452594691,,,0,,Bangalore,,,,,,"{'user_id': '1188341839503360002', 'username': 'verita_serum_'}",,,,
1353310650286542848,1353230950134476802,2021-01-24 05:56:16 CST,2021-01-24,05:56:16,-0500,52322389,tanaypratap,Tanay Pratap,,"@codarsh @chinchang457 @neogcamp More like ""bahot sahi."" 😉🙃

I like the way he says that on his channel. Can someone from Dev Twitter make a gif of that?",en,"['codarsh', 'chinchang457', 'neogcamp']",[],[],1,0,7,[],[],https://twitter.com/tanaypratap/status/1353310650286542848,,,0,,Bangalore,,,,,,"{'user_id': '1261337865654583297', 'username': 'codarsh'}",,,,
1353332422339825664,1353312825473556481,2021-01-24 07:22:47 CST,2021-01-24,07:22:47,-0500,995617009176997888,devishanker15,Devi Shanker G Nair,,"@ayan_sg @PoliticsMedi 'Begum' Mamta's chelas were predicting big win,TMC faced worst drubbing in Lok Sabha BJP winning 18 seats against 22 seats with police/ TMC goons, officials at her command won by whisker,it's do or die  battle for Bengal to free itself from clutches of dictator,days are numbered",en,"['ayan_sg', 'politicsmedi']",[],[],0,0,4,[],[],https://twitter.com/Devishanker15/status/1353332422339825664,,,0,,Bangalore,,,,,,"{'user_id': '140348248', 'username': 'ayan_sg'}",,,,
1353389906836426752,1353368702792601600,2021-01-24 11:11:13 CST,2021-01-24,11:11:13,-0500,2286417703,blrrocks,ತರ್ಲೆ 𝗧𝗵𝗶𝗺𝗺𝗮,,"@arunbothra @smileandshine20 @indiacares_2020 So nice of you to recognize them, Sir...
Congratulations @smileandshine20... Well deserved recognition!",en,"['arunbothra', 'smileandshine20', 'indiacares_2020', 'smileandshine20']",[],[],1,0,5,[],[],https://twitter.com/BLRrocKS/status/1353389906836426752,,,0,,Bangalore,,,,,,"{'user_id': '76724591', 'username': 'arunbothra'}",,,,
1353364071475634176,1353357100915838976,2021-01-24 09:28:33 CST,2021-01-24,09:28:33,-0500,814549628259475456,vinayabhagat1,Vinaya Bhagat,,@MytakeRI @ClassicMASH @Loretta_Swit @CDarlaw @alanalda @alda @mashmatters @SenSanders Totally 🤣🤣,en,"['mytakeri', 'classicmash', 'loretta_swit', 'cdarlaw', 'alanalda', 'alda', 'mashmatters', 'sensanders']",[],[],0,0,3,[],[],https://twitter.com/VinayaBhagat1/status/1353364071475634176,,,0,,Bangalore,,,,,,"{'user_id': '948934884906754048', 'username': 'MytakeRI'}",,,,
