id,conversation_id,created_at,date,time,timezone,user_id,username,name,place,tweet,language,mentions,urls,photos,replies_count,retweets_count,likes_count,hashtags,cashtags,link,retweet,quote_url,video,thumbnail,near,geo,source,user_rt_id,user_rt,retweet_id,reply_to,retweet_date,translate,trans_src,trans_dest
1395006170398527490,1395006170398527490,2021-05-19 08:19:23 CDT,2021-05-19,08:19:23,-0500,2296437414,goldspug,Pug'makar goldie Reddy,,Friendship!!!!! https://t.co/60hTo8zFhQ,en,[],[],[],2,4,10,[],[],https://twitter.com/goldspug/status/1395006170398527490,,,1,https://pbs.twimg.com/ext_tw_video_thumb/1395006053343907840/pu/img/nrx8urQ2xcQCimJE.jpg,Bangalore,,,,,,"{'user_id': None, 'username': None}",,,,
1395100319768399872,1395100319768399872,2021-05-19 14:33:30 CDT,2021-05-19,14:33:30,-0500,287750975,simranthakur1,Simran Thakur,,Beautiful #Bangalore ❤️ https://t.co/BARSTwhIkK,en,[],[],['https://pbs.twimg.com/media/E1xkWK5VcAEhBFi.jpg'],5,7,79,['bangalore'],[],https://twitter.com/SimranThakur1/status/1395100319768399872,,,1,https://pbs.twimg.com/media/E1xkWK5VcAEhBFi.jpg,Bangalore,,,,,,"{'user_id': None, 'username': None}",,,,
1395090113563041793,1395090113563041793,2021-05-19 13:52:57 CDT,2021-05-19,13:52:57,-0500,1157583754350587904,bangalorembfc,Bangalore SSMB Fans,,"Wishing you very happy birthday Jr @tarak9999 sir 
On behalf of bangalore superstar @urstrulyMahesh fans 

#HappyBirthdayNTR #NTR #NTR30 
#SarkaruVaariPaata https://t.co/rqiLJZkiXV",en,"['tarak9999', 'urstrulymahesh']",[],['https://pbs.twimg.com/media/E1xbEHgVIAEtsuk.jpg'],0,86,116,"['happybirthdayntr', 'ntr', 'ntr30', 'sarkaruvaaripaata']",[],https://twitter.com/BangaloreMBFC/status/1395090113563041793,,,1,https://pbs.twimg.com/media/E1xbEHgVIAEtsuk.jpg,Bangalore,,,,,,"{'user_id': None, 'username': None}",,,,
1395153319711019011,1395153319711019011,2021-05-19 18:04:06 CDT,2021-05-19,18:04:06,-0500,67024718,apthamitra,ಗಿರೀಶ್,,Its 4.25 am I woke up to this https://t.co/T5Q67rMHOt,en,[],[],[],0,0,14,[],[],https://twitter.com/apthamitra/status/1395153319711019011,,,1,https://pbs.twimg.com/ext_tw_video_thumb/1395153287830065153/pu/img/tmDAfGXu7IwsODqS.jpg,Bangalore,,,,,,"{'user_id': None, 'username': None}",,,,
1395048431299665925,1395048431299665925,2021-05-19 11:07:19 CDT,2021-05-19,11:07:19,-0500,2558855395,blrfoodblogger,kunal,,FrenchFries and Chai 🫂 https://t.co/rKqSgngf1J,en,[],[],[],0,0,1,[],[],https://twitter.com/blrfoodblogger/status/1395048431299665925,,,1,https://pbs.twimg.com/ext_tw_video_thumb/1395048251540209665/pu/img/737-uZ6MX53rfKB-.jpg,Bangalore,,,,,,"{'user_id': None, 'username': None}",,,,
1394974506498859013,1394974506498859013,2021-05-19 06:13:34 CDT,2021-05-19,06:13:34,-0500,2658685798,ts_shyam,Shyam T S,,Got my first dose of #Covaxin at #Ramaiah_Hospital https://t.co/P98Q5IOWzG,en,[],[],['https://pbs.twimg.com/media/E1vx66EVcAE-COZ.jpg'],2,2,2,"['covaxin', 'ramaiah_hospital']",[],https://twitter.com/ts_shyam/status/1394974506498859013,,,1,https://pbs.twimg.com/media/E1vx66EVcAE-COZ.jpg,Bangalore,,,,,,"{'user_id': None, 'username': None}",,,,
1394983109297311750,1394983109297311750,2021-05-19 06:47:45 CDT,2021-05-19,06:47:45,-0500,68407725,sibmbengaluru,SIBM Bengaluru,,"Presenting the Student Leadership Council 2021-22 of SIBM Bengaluru. 

#SIBMBengaluru #LifeAtSIBMB https://t.co/EQeI3Tvzs5",en,[],[],['https://pbs.twimg.com/media/E1v5vLFWQAAX40A.jpg'],1,4,26,"['sibmbengaluru', 'lifeatsibmb']",[],https://twitter.com/SIBMBengaluru/status/1394983109297311750,,,1,https://pbs.twimg.com/media/E1v5vLFWQAAX40A.jpg,Bangalore,,,,,,"{'user_id': None, 'username': None}",,,,
1394890847557021697,1394890847557021697,2021-05-19 00:41:08 CDT,2021-05-19,00:41:08,-0500,179467862,malavikabjp,Malavika Avinash,,The evidence Speaks...&amp; how...,en,[],[],[],2,15,63,[],[],https://twitter.com/MalavikaBJP/status/1394890847557021697,,https://twitter.com/sambitswaraj/status/1394872196900655105,0,,Bangalore,,,,,,"{'user_id': None, 'username': None}",,,,
1395058597604651008,1395058597604651008,2021-05-19 11:47:43 CDT,2021-05-19,11:47:43,-0500,1393600947826266115,cv7volunteers,CV7Volunteers,,"Never doubt that a small group of thoughtful, committed citizens can change the world;indeed, it's the only thing that ever has.- Margaret Mead
Sml  grp of volunteers with d support of a committed Doctor are making a huge difference 2 some lives, 1 life at a time #CoronaWarriors https://t.co/vm9pWlredw",en,[],[],[],0,1,3,['coronawarriors'],[],https://twitter.com/Cv7Volunteers/status/1395058597604651008,,,1,https://pbs.twimg.com/ext_tw_video_thumb/1395058477341372419/pu/img/6MMmQOQtSmMuEcO2.jpg,Bangalore,,,,,,"{'user_id': None, 'username': None}",,,,
1395133892206596096,1395133892206596096,2021-05-19 16:46:54 CDT,2021-05-19,16:46:54,-0500,1051074201082388480,pavanasoonu,Pavanasoonu,,Om gurave namah to all.,en,[],[],[],9,5,64,[],[],https://twitter.com/Pavanasoonu/status/1395133892206596096,,,0,,Bangalore,,,,,,"{'user_id': None, 'username': None}",,,,
1394998027815882753,1394998027815882753,2021-05-19 07:47:02 CDT,2021-05-19,07:47:02,-0500,15335541,nocturnalranter,Suraj Sunny Sumanth,,Wild skies today https://t.co/A6i4uFQaGJ,en,[],[],['https://pbs.twimg.com/media/E1wHT-bUcAIVkuQ.jpg'],0,0,8,[],[],https://twitter.com/NocturnalRanter/status/1394998027815882753,,,1,https://pbs.twimg.com/media/E1wHT-bUcAIVkuQ.jpg,Bangalore,,,,,,"{'user_id': None, 'username': None}",,,,
1395072740579680256,1395072740579680256,2021-05-19 12:43:55 CDT,2021-05-19,12:43:55,-0500,1361243558,venkteshbabu,Venktesh_VK,,"Is that the #silver #lining we are looking for?

#cloud #Bengaluru #PictureOfTheDay #PhotoOfTheDay #Skyline #OnePlus https://t.co/rRCr2t1Xj2",en,[],[],"['https://pbs.twimg.com/media/E1xLQkDVEAIlZRZ.jpg', 'https://pbs.twimg.com/media/E1xLQ3RVcAk2TkA.jpg']",0,0,8,"['silver', 'lining', 'cloud', 'bengaluru', 'pictureoftheday', 'photooftheday', 'skyline', 'oneplus']",[],https://twitter.com/venkteshbabu/status/1395072740579680256,,,1,https://pbs.twimg.com/media/E1xLQkDVEAIlZRZ.jpg,Bangalore,,,,,,"{'user_id': None, 'username': None}",,,,
1395090842822479873,1395090842822479873,2021-05-19 13:55:51 CDT,2021-05-19,13:55:51,-0500,1157583754350587904,bangalorembfc,Bangalore SSMB Fans,,"Do follow and support it 
@LoyalMaheshians fans Page 

#SarkaruVaariPaata @urstrulyMahesh 
#SSMB28 https://t.co/sPuLDOVCeb",en,"['loyalmaheshians', 'urstrulymahesh']",[],['https://pbs.twimg.com/media/E1xbs0CVIAQwxkN.jpg'],0,18,12,"['sarkaruvaaripaata', 'ssmb28']",[],https://twitter.com/BangaloreMBFC/status/1395090842822479873,,,1,https://pbs.twimg.com/media/E1xbs0CVIAQwxkN.jpg,Bangalore,,,,,,"{'user_id': None, 'username': None}",,,,
1395005489272922117,1395005489272922117,2021-05-19 08:16:41 CDT,2021-05-19,08:16:41,-0500,916592017836171264,suraj_suresh16,Suraj Suresh,,"Meet .@HebbiSunilkumar. He drives around his car which is converted into a makeshift Hospital. He's been doing this for 13 years. He treats provides medicine free of cost. He works for over 20 hours. Sleeps hardly for 2 hours. 

#CoronaWarriors https://t.co/MG9tCQC1Ag",en,['hebbisunilkumar'],[],[],2,3,3,['coronawarriors'],[],https://twitter.com/Suraj_Suresh16/status/1395005489272922117,,,1,https://pbs.twimg.com/ext_tw_video_thumb/1395002494065864708/pu/img/K6z5f-fs4ujSYHVF.jpg,Bangalore,,,,,,"{'user_id': None, 'username': None}",,,,
1395009776380125188,1395009776380125188,2021-05-19 08:33:43 CDT,2021-05-19,08:33:43,-0500,113892478,anishapadhee,Anisha Padhee 🇮🇳,,"Fine, show off. 
#Bangaloreskies #nofilter https://t.co/hanqsKrY3b",en,[],[],['https://pbs.twimg.com/media/E1wR_zoVcAAw_Fn.jpg'],0,0,5,"['bangaloreskies', 'nofilter']",[],https://twitter.com/anishapadhee/status/1395009776380125188,,https://twitter.com/anishapadhee/status/1393182370728091648,1,https://pbs.twimg.com/media/E1wR_zoVcAAw_Fn.jpg,Bangalore,,,,,,"{'user_id': None, 'username': None}",,,,
1395028625821356039,1395028625821356039,2021-05-19 09:48:37 CDT,2021-05-19,09:48:37,-0500,1482563426,callmeshawshank,Shashank,,"""Summer of '21; back when your dad lost all his money in imaginary coins"" #hodl https://t.co/qyC1igO4px",en,[],[],['https://pbs.twimg.com/media/E1wjI31VUAUV6b_.jpg'],0,0,4,['hodl'],[],https://twitter.com/callmeshawshank/status/1395028625821356039,,,1,https://pbs.twimg.com/media/E1wjI31VUAUV6b_.jpg,Bangalore,,,,,,"{'user_id': None, 'username': None}",,,,
1395159062971437061,1395159062971437061,2021-05-19 18:26:56 CDT,2021-05-19,18:26:56,-0500,47678623,kris_sg,kris gopalakrishnan,,What happens to our brain when we get depressed? The field of  neuroinformatics https://t.co/SFqaW0Rxy6,en,[],['https://thewalrus.ca/what-happens-to-our-brains-when-we-get-depressed/'],[],2,21,51,[],[],https://twitter.com/kris_sg/status/1395159062971437061,,,0,,Bangalore,,,,,,"{'user_id': None, 'username': None}",,,,
1395127137070243842,1395127137070243842,2021-05-19 16:20:04 CDT,2021-05-19,16:20:04,-0500,2953499684,indianhammers,The Indian Hammers,,"Pure joy! You have no idea how much this means to us right now, during this dark dark times! Absolutely have us in tears! 🙌⚒🇮🇳 @WestHam @PLforIndia @_DeclanRice",en,"['westham', 'plforindia', '_declanrice']",[],[],14,17,469,[],[],https://twitter.com/indianhammers/status/1395127137070243842,,https://twitter.com/WestHam/status/1395124187832930314,0,,Bangalore,,,,,,"{'user_id': None, 'username': None}",,,,
1395059877546917889,1395059877546917889,2021-05-19 11:52:48 CDT,2021-05-19,11:52:48,-0500,889557688249491456,lakshmi_bp,Lakshmi Bharadwaj BP,,Excited 😍😍,en,[],[],[],0,1,2,[],[],https://twitter.com/lakshmi_bp/status/1395059877546917889,,https://twitter.com/Srk_bangalore/status/1395059096257105924,0,,Bangalore,,,,,,"{'user_id': None, 'username': None}",,,,
1395167118358843392,1395167118358843392,2021-05-19 18:58:56 CDT,2021-05-19,18:58:56,-0500,117321727,chidamn,Chida Murthy,,Incredible story ... lovely thread !!,en,[],[],[],0,2,4,[],[],https://twitter.com/chidamn/status/1395167118358843392,,https://twitter.com/JoePompliano/status/1395161849818226689,0,,Bangalore,,,,,,"{'user_id': None, 'username': None}",,,,
1395060248759570434,1395008754509299717,2021-05-19 11:54:16 CDT,2021-05-19,11:54:16,-0500,1393600947826266115,cv7volunteers,CV7Volunteers,,@kmssons @citaghelpline @CITAG_Official @grovervj @reader_wanderer @Vincent64296271 @AnithaMn2 @Sreejavn @shrikanttirki @SahanaA09 @Shobharanand @Lalita_Pulavart @sriAAA_ @sri16587 @shetty_vikram Agree with you on this count! Sharing a video where a young boy is hoping that is dad gets well soon .. all that one could read in his eyes were prayers ! https://t.co/lStjTqkPsh,en,"['kmssons', 'citaghelpline', 'citag_official', 'grovervj', 'reader_wanderer', 'vincent64296271', 'anithamn2', 'sreejavn', 'shrikanttirki', 'sahanaa09', 'shobharanand', 'lalita_pulavart', 'sriaaa_', 'sri16587', 'shetty_vikram']",[],[],1,2,8,[],[],https://twitter.com/Cv7Volunteers/status/1395060248759570434,,,1,https://pbs.twimg.com/ext_tw_video_thumb/1395060089799647232/pu/img/NXWk27CdchViQRqu.jpg,Bangalore,,,,,,"{'user_id': '139070467', 'username': 'kmssons'}",,,,
1395053265612509185,1395052761809514498,2021-05-19 11:26:32 CDT,2021-05-19,11:26:32,-0500,955632425559715841,balimanekiran,Kiran Balimane -Humanity,,@NarenMenon1 @ArvindKejriwal Saving face🤔🤔 https://t.co/4bpHkWWN7l,en,"['narenmenon1', 'arvindkejriwal']",[],[],0,1,1,[],[],https://twitter.com/BalimaneKiran/status/1395053265612509185,,,1,https://pbs.twimg.com/ext_tw_video_thumb/1395053211828965377/pu/img/sFhx8669E90QB7K4.jpg,Bangalore,,,,,,"{'user_id': '1290278593', 'username': 'NarenMenon1'}",,,,
1394983848287539200,1394983848287539200,2021-05-19 06:50:41 CDT,2021-05-19,06:50:41,-0500,871426878518775808,nct_india_,NCT India 🇮🇳,,"[ IG/WB ]
19.05.2021

#YANGYANG’s Instagram &amp; Weibo Update 
——— “Time for some fresh air”

📌 https://t.co/xMCGI3p9Vo

#WAYV #NCT @WayV_official @NCTsmtown https://t.co/HtplSk4RLv",en,"['wayv_official', 'nctsmtown']",['https://www.instagram.com/p/CPDZO5sH88D/?utm_medium=copy_link'],"['https://pbs.twimg.com/media/E1v6aMGVoAUTVce.jpg', 'https://pbs.twimg.com/media/E1v6aMHUcAA6w2j.jpg', 'https://pbs.twimg.com/media/E1v6aMIVkAIp2om.jpg', 'https://pbs.twimg.com/media/E1v6aMGVoAgWnXk.jpg']",0,4,7,"['yangyang', 'wayv', 'nct']",[],https://twitter.com/NCT_India_/status/1394983848287539200,,,1,https://pbs.twimg.com/media/E1v6aMGVoAUTVce.jpg,Bangalore,,,,,,"{'user_id': None, 'username': None}",,,,
1395123118729883649,1395123118729883649,2021-05-19 16:04:06 CDT,2021-05-19,16:04:06,-0500,2953499684,indianhammers,The Indian Hammers,,Europe! Here we come! ⚒@PLforIndia @WestHam https://t.co/zwteFUhoWB,en,"['plforindia', 'westham']",[],['https://pbs.twimg.com/tweet_video_thumb/E1x5E8GVEAMOtyY.jpg'],0,1,12,[],[],https://twitter.com/indianhammers/status/1395123118729883649,,,1,https://pbs.twimg.com/tweet_video_thumb/E1x5E8GVEAMOtyY.jpg,Bangalore,,,,,,"{'user_id': None, 'username': None}",,,,
1394978703218728964,1394978703218728964,2021-05-19 06:30:14 CDT,2021-05-19,06:30:14,-0500,227417059,stacypereira89,Stacy Pereira,,"@KSRTC_Journeys launches #ICU #Oxygen #beds on #wheels called 'Sarige Suraksha'

The buses are equipped with

• Five-beds each
• #Oxygen system for each bed
• Patient Monitor (BP, Oxygen Amount, ECG, Temperature)
• #Ventilators
• #Emergency medicine system
• Generator https://t.co/RZKxvTzDlK",en,['ksrtc_journeys'],[],[],0,1,2,"['icu', 'oxygen', 'beds', 'wheels', 'oxygen', 'ventilators', 'emergency']",[],https://twitter.com/StacyPereira89/status/1394978703218728964,,,1,https://pbs.twimg.com/ext_tw_video_thumb/1394978666715566081/pu/img/BOjw-A-Ze-2OfrVx.jpg,Bangalore,,,,,,"{'user_id': '161998240', 'username': 'KSRTC_Journeys'}",,,,
1395058130761904131,1395058130761904131,2021-05-19 11:45:51 CDT,2021-05-19,11:45:51,-0500,96344511,bholanathdutta,"Prof. Bholanath Dutta, IAF Veteran",,"Who are these two individuals from tomorrow?

To the right, Radhakrishnan, Minister of Devaswom, and the left, Prasad, Minister of Agriculture, in the newly swearing-in Kerala Ministry!

It's not a story coated with PR masala, it's a reality people can experience every day . https://t.co/v1NW3RO6Ka",en,[],[],['https://pbs.twimg.com/media/E1w9-LVUYAMoVo1.jpg'],0,2,3,[],[],https://twitter.com/BholanathDutta/status/1395058130761904131,,,1,https://pbs.twimg.com/media/E1w9-LVUYAMoVo1.jpg,Bangalore,,,,,,"{'user_id': None, 'username': None}",,,,
1394989305333010441,1394979613554659329,2021-05-19 07:12:22 CDT,2021-05-19,07:12:22,-0500,1141597190525079552,kanhiya28487301,Kanhiya Sharma,,@SantoshMeena_ Govind sharma https://t.co/PJzkMFNNnm,en,[],[],['https://pbs.twimg.com/media/E1v_YB3VIBUm5x1.jpg'],3,0,9,[],[],https://twitter.com/Kanhiya28487301/status/1394989305333010441,,,1,https://pbs.twimg.com/media/E1v_YB3VIBUm5x1.jpg,Bangalore,,,,,,"{'user_id': '1199225244810014722', 'username': 'SantoshMeena26'}",,,,
1394986882140934145,1394986882140934145,2021-05-19 07:02:44 CDT,2021-05-19,07:02:44,-0500,1477929618,apaplikar,Avanthi Paplikar,,Our first Joint Team Meeting (Eneida Mioshi and Suvarna Alladi). Great discussion on dementia care and the impact of bilingualism and education in dementia:imaging @alladi_suvarna @EneidaMioshi @NithinThanisse1 @Alaramat @SK_Khokhar1 @MeghaRT96 @DarshiniKJ1 @Faheem240318 https://t.co/ijcGAwAWQR,en,"['alladi_suvarna', 'eneidamioshi', 'nithinthanisse1', 'alaramat', 'sk_khokhar1', 'meghart96', 'faheem240318']",[],['https://pbs.twimg.com/media/E1v9LEUVEAAAmdv.jpg'],0,2,15,[],[],https://twitter.com/apaplikar/status/1394986882140934145,,,1,https://pbs.twimg.com/media/E1v9LEUVEAAAmdv.jpg,Bangalore,,,,,,"{'user_id': None, 'username': None}",,,,
1395072183492255744,1395072183492255744,2021-05-19 12:41:42 CDT,2021-05-19,12:41:42,-0500,101994739,poojasriram,Pooja Sriram Belur,,"Perhaps my favourite quote of the day! #Empathy redefined. Thank you Lauren for teaching us on the important aspects in life with your talk about ‘Scaling with Empathy’ 🙌🏻

#ChampionsOfChange #TomorrowStartsToday 
cc - @Talend @chargebee https://t.co/C3JOmPCLan",en,"['talend', 'chargebee']",[],['https://pbs.twimg.com/media/E1xKwSaVEAE5K9p.jpg'],0,0,2,"['empathy', 'championsofchange', 'tomorrowstartstoday']",[],https://twitter.com/poojasriram/status/1395072183492255744,,,1,https://pbs.twimg.com/media/E1xKwSaVEAE5K9p.jpg,Bangalore,,,,,,"{'user_id': None, 'username': None}",,,,
1395149109133123584,1395149109133123584,2021-05-19 17:47:22 CDT,2021-05-19,17:47:22,-0500,45805424,subbureddyy,ŚŮBBŮ سوبو 🇮🇳,,Lol @SunithaNahar can never forget this https://t.co/6tvA8QpZwA,en,['sunithanahar'],[],['https://pbs.twimg.com/media/E1yQuHsVcAE9cUU.jpg'],1,0,1,[],[],https://twitter.com/subbureddyy/status/1395149109133123584,,,1,https://pbs.twimg.com/media/E1yQuHsVcAE9cUU.jpg,Bangalore,,,,,,"{'user_id': None, 'username': None}",,,,
1395093654167973890,1395093654167973890,2021-05-19 14:07:01 CDT,2021-05-19,14:07:01,-0500,29415912,thatharmansingh,Harman Singh,,"Update: Mummy came for quiz!

In these screenshots you can see everyone welcoming my mother to the event. Except @SushanthKodela, who is a bit mean. https://t.co/Qitu7ZZBnR",en,[],[],"['https://pbs.twimg.com/media/E1xeRzvVkAABATE.jpg', 'https://pbs.twimg.com/media/E1xeSBkUcAAUhm9.jpg', 'https://pbs.twimg.com/media/E1xeSOpVEAMCLEN.jpg']",0,0,16,[],[],https://twitter.com/ThatHarmanSingh/status/1395093654167973890,,https://twitter.com/ThatHarmanSingh/status/1394916301789798402,1,https://pbs.twimg.com/media/E1xeRzvVkAABATE.jpg,Bangalore,,,,,,"{'user_id': None, 'username': None}",,,,
1395020091473809408,1394861182423470082,2021-05-19 09:14:42 CDT,2021-05-19,09:14:42,-0500,1324585938010271746,ushrit2020,G S SHRIDHAR,,"@ProsaicView And from a neighbor's, earlier this evening. https://t.co/1fORo1rcz5",en,['prosaicview'],[],['https://pbs.twimg.com/media/E1wbYO1VkA8ViHv.jpg'],2,0,5,[],[],https://twitter.com/ushrit2020/status/1395020091473809408,,,1,https://pbs.twimg.com/media/E1wbYO1VkA8ViHv.jpg,Bangalore,,,,,,"{'user_id': '65642947', 'username': 'ProsaicView'}",,,,
1395034558471364609,1395034558471364609,2021-05-19 10:12:11 CDT,2021-05-19,10:12:11,-0500,303803304,trraju1,Dr. T.R. Raju,,Glad to see KA ramping up the tests. From 94k to 130k,en,[],[],[],2,1,29,[],[],https://twitter.com/TRRaju1/status/1395034558471364609,,,0,,Bangalore,,,,,,"{'user_id': None, 'username': None}",,,,
1394900773121650695,1394900773121650695,2021-05-19 01:20:34 CDT,2021-05-19,01:20:34,-0500,481339210,ruchichallu,Ruchi Challu,,"Shout out to HR frat on my TL - have any of you instituted any Covid-specific leave policy within your organization? If yes, would love to know more.. Please do share! #PublicHealth #employeewellbeing #employeebenefits",en,[],[],[],2,3,2,"['publichealth', 'employeewellbeing', 'employeebenefits']",[],https://twitter.com/RuchiChallu/status/1394900773121650695,,,0,,Bangalore,,,,,,"{'user_id': None, 'username': None}",,,,
1394954904075177984,1394950697674625025,2021-05-19 04:55:40 CDT,2021-05-19,04:55:40,-0500,1152652194505580544,gordungekko,Gordon Gekko,,"On a day when #Nifty is down 0.5% and people are cursing it for being sideways, we are enjoying the match in a different stadium!!

My stock portfolio (cash market) 👇

Which stadium are you on? https://t.co/cFYSFWR4Ar",en,[],[],['https://pbs.twimg.com/media/E1vgESfVcAAmNvP.jpg'],4,1,10,['nifty'],[],https://twitter.com/GordunGekko/status/1394954904075177984,,,1,https://pbs.twimg.com/media/E1vgESfVcAAmNvP.jpg,Bangalore,,,,,,"{'user_id': '1152652194505580544', 'username': 'GordunGekko'}",,,,
1394992151436480515,1394992151436480515,2021-05-19 07:23:41 CDT,2021-05-19,07:23:41,-0500,821023648618135553,abhihiremath94,Abhishek Hiremath,,Can I call myself the professional TOP catcher? Mbt. Com #BitcoinCrash Called out the bluff at 56K $,en,[],[],[],1,0,2,['bitcoincrash'],[],https://twitter.com/abhihiremath94/status/1394992151436480515,,https://twitter.com/abhihiremath94/status/1383662283113435139,0,,Bangalore,,,,,,"{'user_id': None, 'username': None}",,,,
1395016757484560389,1394864330802307075,2021-05-19 09:01:27 CDT,2021-05-19,09:01:27,-0500,949559668455628801,muniswa16440456,muniswamy manickam muturiyar31oct 2020 my 38weddin,,"@vishkanyaaaa There are  Christians missionaries, they fundings to, Congress and other parties in India?  Congress leaders of our country, they don't believe Indians,but they  showing they are truly National? most of Congress family are converted Christian's?if election they become Hindu! https://t.co/aZMlHgSE4Y",en,['vishkanyaaaa'],[],['https://pbs.twimg.com/tweet_video_thumb/E1wYVtJVIAQdXr_.jpg'],0,1,1,[],[],https://twitter.com/Muniswa16440456/status/1395016757484560389,,,1,https://pbs.twimg.com/tweet_video_thumb/E1wYVtJVIAQdXr_.jpg,Bangalore,,,,,,"{'user_id': '716926531856105472', 'username': 'vishkanyaaaa'}",,,,
1395036197915750401,1395036197915750401,2021-05-19 10:18:42 CDT,2021-05-19,10:18:42,-0500,1963801015,san_dp_rai,call me San,,I used to tweet some weird shit. I miss me.,en,[],[],[],1,0,6,[],[],https://twitter.com/san_dp_rai/status/1395036197915750401,,,0,,Bangalore,,,,,,"{'user_id': None, 'username': None}",,,,
1394967310054666244,1394919009489801220,2021-05-19 05:44:58 CDT,2021-05-19,05:44:58,-0500,224163801,thesandi001,Sandipan Mitra,,@baxiabhishek @upadhyay_harsh1 Entrackr &amp; rumour came together in a single statement 😐 https://t.co/NzS5k4PWii,en,"['baxiabhishek', 'upadhyay_harsh1']",[],['https://pbs.twimg.com/tweet_video_thumb/E1vrXiHUcAAijkF.jpg'],1,0,3,[],[],https://twitter.com/THEsandi001/status/1394967310054666244,,,1,https://pbs.twimg.com/tweet_video_thumb/E1vrXiHUcAAijkF.jpg,Bangalore,,,,,,"{'user_id': '42373', 'username': 'baxiabhishek'}",,,,
1395030405762322436,1395030405762322436,2021-05-19 09:55:41 CDT,2021-05-19,09:55:41,-0500,310217811,ghoshkk,kamal ghosh,,"Well , were both  Maharaj  Kansa  and Shishupal    Hindus ? Strange , so bad !",en,[],[],[],0,1,3,[],[],https://twitter.com/ghoshkk/status/1395030405762322436,,,0,,Bangalore,,,,,,"{'user_id': None, 'username': None}",,,,
1395063742744850438,1395063742744850438,2021-05-19 12:08:09 CDT,2021-05-19,12:08:09,-0500,1363129814341750787,agarablrforaap,"Pallavi-SKGardenWard| Vice President,AAP Bangalor.",,"riteup1

ಈ ಒಂದು poster ಅನ್ನು ರಾಷ್ಟ್ರೀಯ ಸುದ್ದಿ ಮಾಡಿದ್ದಕ್ಕೆ ಧನ್ಯವಾದಗಳು.Thanks for making this Issue as a national Issue , :now the whole country is asking "" why did you export the vaccine meant for our children @aapkaprithvi @AAPKarnataka @AAPBangalore https://t.co/SFRB5hY3cp",en,"['aapkaprithvi', 'aapkarnataka', 'aapbangalore']",[],['https://pbs.twimg.com/media/E1xDEr5VEAI5ehJ.jpg'],0,0,1,[],[],https://twitter.com/AgaraBlrForAAP/status/1395063742744850438,,,1,https://pbs.twimg.com/media/E1xDEr5VEAI5ehJ.jpg,Bangalore,,,,,,"{'user_id': None, 'username': None}",,,,
1395104682167525376,1395104682167525376,2021-05-19 14:50:50 CDT,2021-05-19,14:50:50,-0500,40322057,mcabbas,SYED ASAD ABBAS,,Happy Birthday Brother 😎💪🏻,en,[],[],[],0,0,4,[],[],https://twitter.com/MCABBAS/status/1395104682167525376,,https://twitter.com/WijdanSyed1/status/1395096244989530118,0,,Bangalore,,,,,,"{'user_id': None, 'username': None}",,,,
1395023607043006467,1395023607043006467,2021-05-19 09:28:40 CDT,2021-05-19,09:28:40,-0500,1679974800,t_naresh_99,Naresh Thota,,"Very very urgent 

Pls help with these 2 medicines for my friend father in Bangalore Kims hospital 

Injection LIPOSOMAL AMPHOTERICIN_B 

Tablet Posaconazole 300mg

Contact 7760839487
#SOSTDP
#emergencymedicine
@BSYBJP
@Tejasvi_Surya",en,"['bsybjp', 'tejasvi_surya']",[],[],1,20,2,"['sostdp', 'emergencymedicine']",[],https://twitter.com/T_Naresh_99/status/1395023607043006467,,,0,,Bangalore,,,,,,"{'user_id': None, 'username': None}",,,,
1395036753094799360,1395036753094799360,2021-05-19 10:20:55 CDT,2021-05-19,10:20:55,-0500,102355053,anantmalkood,Anantkumar🇮🇳 (ಅನಂತ कुमार),,"I am still wondering, why #lockdown to prevent people from getting infected has to be enforced by Police ? #COVIDSecondWaveInIndia",en,[],[],[],0,1,5,"['lockdown', 'covidsecondwaveinindia']",[],https://twitter.com/anantmalkood/status/1395036753094799360,,,0,,Bangalore,,,,,,"{'user_id': None, 'username': None}",,,,
1395017434155798529,1395017434155798529,2021-05-19 09:04:09 CDT,2021-05-19,09:04:09,-0500,2296437414,goldspug,Pug'makar goldie Reddy,,"You can become knowledgeable person from others knowledge,.....

 But u can't become wise from others wisdom",en,[],[],[],1,0,9,[],[],https://twitter.com/goldspug/status/1395017434155798529,,,0,,Bangalore,,,,,,"{'user_id': None, 'username': None}",,,,
1395110955340632068,1395110955340632068,2021-05-19 15:15:46 CDT,2021-05-19,15:15:46,-0500,2492905442,ratzzyyyy,Ratzzyyyy,,"Fuck this year man
Like legit, fuck 2021",en,[],[],[],1,0,5,[],[],https://twitter.com/ratzzyyyy/status/1395110955340632068,,,0,,Bangalore,,,,,,"{'user_id': None, 'username': None}",,,,
1395072822498578437,1395072822498578437,2021-05-19 12:44:14 CDT,2021-05-19,12:44:14,-0500,29415912,thatharmansingh,Harman Singh,,"Okay, wow.",en,[],[],[],0,0,6,[],[],https://twitter.com/ThatHarmanSingh/status/1395072822498578437,,https://twitter.com/AashaySachdeva/status/1394863317819158530,0,,Bangalore,,,,,,"{'user_id': None, 'username': None}",,,,
1395025870587236359,1395025870587236359,2021-05-19 09:37:40 CDT,2021-05-19,09:37:40,-0500,11389532,telljeeves,Rajiv Srivatsa,,"One of the advantages of being part of a global organisation is you hear varied personal stories on critical topics such as mental health. It does not just set an internal cultural context of support, it sets the tone for the kind of founders we work with. @AntlerGlobal https://t.co/U2sSNA4Mdo",en,['antlerglobal'],[],['https://pbs.twimg.com/media/E1wgoKaVcAAIDJ7.jpg'],0,0,8,[],[],https://twitter.com/telljeeves/status/1395025870587236359,,,1,https://pbs.twimg.com/media/E1wgoKaVcAAIDJ7.jpg,Bangalore,,,,,,"{'user_id': None, 'username': None}",,,,
1395064749415563267,1395064749415563267,2021-05-19 12:12:09 CDT,2021-05-19,12:12:09,-0500,40322057,mcabbas,SYED ASAD ABBAS,,Thanks To Modiji &amp; BJP Central Govt.,en,[],[],[],0,0,5,[],[],https://twitter.com/MCABBAS/status/1395064749415563267,,https://twitter.com/hamdansayedinc/status/1395063057374539776,0,,Bangalore,,,,,,"{'user_id': None, 'username': None}",,,,
1394948547489918977,1394948547489918977,2021-05-19 04:30:25 CDT,2021-05-19,04:30:25,-0500,831049325375479809,brewer_world,BrewerWorld,,"Words of wisdom from Bira 91's Founder &amp; CEO, Ankur Jain. Read more about his speech here:
 https://t.co/yoNvQZm04r

@TheBeerAnkur @illinoistech @bira91

#News #Brands #Beer #Brewerworld",en,"['thebeerankur', 'illinoistech', 'bira91']",['https://www.brewer-world.com/ankur-jain-addresses-class-of-2021-at-his-alma-mater-illinois-institute-of-technology-chicago/'],[],0,1,5,"['news', 'brands', 'beer', 'brewerworld']",[],https://twitter.com/Brewer_World/status/1394948547489918977,,,0,,Bangalore,,,,,,"{'user_id': None, 'username': None}",,,,
1395038403343708160,1395038403343708160,2021-05-19 10:27:28 CDT,2021-05-19,10:27:28,-0500,2296437414,goldspug,Pug'makar goldie Reddy,,"Science gives us knowledge,
But only philosophy gives us Wisdom",en,[],[],[],0,0,2,[],[],https://twitter.com/goldspug/status/1395038403343708160,,,0,,Bangalore,,,,,,"{'user_id': None, 'username': None}",,,,
1395057560638554114,1395057560638554114,2021-05-19 11:43:36 CDT,2021-05-19,11:43:36,-0500,346642258,foolzwizdom,Rajath,,"18-44 gp in India 50 crores = 1billion doses 
45 y + 35 crores = 70million doses: totally india needs about 2 Billion doses 

It was premature to expand #VaccineFor18Plus  without having enough doses immediately on hand 
#COVID19India 

July - Aug we maybe in a better place",en,[],[],[],0,0,1,"['vaccinefor18plus', 'covid19india']",[],https://twitter.com/FoolzWizdom/status/1395057560638554114,,,0,,Bangalore,,,,,,"{'user_id': None, 'username': None}",,,,
1395027830216433669,1395027830216433669,2021-05-19 09:45:27 CDT,2021-05-19,09:45:27,-0500,227417059,stacypereira89,Stacy Pereira,,"#Karnataka Health Min @mla_sudhakar
says that state plans to #vaccinate all by #November end.

A Total of 1,22,20,510 doses of vaccines have been received in the state &amp; 1,13,61,234 doses have been administered so far.

@DHFWKA

#LongWait #NoVaccineFor18PlusStill #COVID19",en,"['mla_sudhakar', 'dhfwka']",[],[],0,1,6,"['karnataka', 'vaccinate', 'november', 'longwait', 'novaccinefor18plusstill', 'covid19']",[],https://twitter.com/StacyPereira89/status/1395027830216433669,,,0,,Bangalore,,,,,,"{'user_id': None, 'username': None}",,,,
1395101665313714177,1395101665313714177,2021-05-19 14:38:51 CDT,2021-05-19,14:38:51,-0500,901805995109658624,doley2021,Malaya Doley,,"@SonuSood
@karnataka_team
@VK84015570
@Tejasvi_Surya
@SoodFoundation
@GovindAgarwal_
@mohammed_suhaid
Please help here, the patient is in critical condition 🙏🙏they can't effort the charges of the private hospital🙏🙏
https://t.co/sXssBaMN3M",en,"['sonusood', 'karnataka_team', 'vk84015570', 'tejasvi_surya', 'soodfoundation', 'govindagarwal_', 'mohammed_suhaid']",['https://twitter.com/doley2021/status/1395076718335959043?s=09'],[],0,2,1,[],[],https://twitter.com/doley2021/status/1395101665313714177,,https://twitter.com/doley2021/status/1395076718335959043?s=09,0,,Bangalore,,,,,,"{'user_id': '295026890', 'username': 'SonuSood'}",,,,
1395108163767050241,1395108163767050241,2021-05-19 15:04:40 CDT,2021-05-19,15:04:40,-0500,17906111,robin_a_p,Robin Alex Panicker,,"The end of an era.

Though many of us had the first experience of internet through Netscape, it was #IE that helped us become netizens. https://t.co/e5HNQurmPu",en,[],['https://www.theverge.com/2021/5/19/22443997/microsoft-internet-explorer-end-of-support-date'],[],0,1,4,['ie'],[],https://twitter.com/robin_a_p/status/1395108163767050241,,,0,,Bangalore,,,,,,"{'user_id': None, 'username': None}",,,,
1395081838981308416,1395081838981308416,2021-05-19 13:20:04 CDT,2021-05-19,13:20:04,-0500,180663992,rehnak,Rehna,,Watching Kim's convenience makes me wanna move to Canada 😍,en,[],[],[],1,0,5,[],[],https://twitter.com/Rehnak/status/1395081838981308416,,,0,,Bangalore,,,,,,"{'user_id': None, 'username': None}",,,,
1395086333232574467,1395086333232574467,2021-05-19 13:37:55 CDT,2021-05-19,13:37:55,-0500,267301764,sudkes,Sudhir Kesavan,,"Please support 👇in Mumbai.

 Under-privileged children needing a smart phone for online learning. 

In case you or family are in Mumbai and have a spare smart phone",en,[],[],[],0,0,1,[],[],https://twitter.com/SudKes/status/1395086333232574467,,https://twitter.com/sarishthasaha/status/1395033096265768962,0,,Bangalore,,,,,,"{'user_id': None, 'username': None}",,,,
1395036276810686466,1395036276810686466,2021-05-19 10:19:01 CDT,2021-05-19,10:19:01,-0500,107370661,jharnalist,Jharna Kukreja Chauhan,,Dear @BBMPCOMM please allow for essential services to operate during this lockdown. Our fridge has not been working and Samsung technicians are refusing to visit due to lockdown rules. How am I supposed to feed my young children during this pandemic?,en,['bbmpcomm'],[],[],0,2,2,[],[],https://twitter.com/jharnalist/status/1395036276810686466,,,0,,Bangalore,,,,,,"{'user_id': None, 'username': None}",,,,
1395067532134916097,1395067532134916097,2021-05-19 12:23:13 CDT,2021-05-19,12:23:13,-0500,2953499684,indianhammers,The Indian Hammers,,"Crucial games tonight! While we continue to use our Twitter account only to amplify COVID related updates and requests in India, we wanted to send out a message to the team to do their best as we fight for Europe! Let’s get this done @WestHam ⚒🇮🇳",en,['westham'],[],[],0,1,19,[],[],https://twitter.com/indianhammers/status/1395067532134916097,,,0,,Bangalore,,,,,,"{'user_id': None, 'username': None}",,,,
1395014761377525763,1395014761377525763,2021-05-19 08:53:31 CDT,2021-05-19,08:53:31,-0500,1634916662,vidyarthibhavan,Vidyarthi Bhavan,,"Good to hear that a reassurance was given by the govt regarding the Restaurant industry concerns. Hope they are addressed soon.

@bbhotelsassn 
@NRAI_India",en,"['bbhotelsassn', 'nrai_india']",[],[],0,0,7,[],[],https://twitter.com/VidyarthiBhavan/status/1395014761377525763,,https://twitter.com/NRAI_India/status/1395000799923556360,0,,Bangalore,,,,,,"{'user_id': None, 'username': None}",,,,
1395053644857298944,1395053644857298944,2021-05-19 11:28:02 CDT,2021-05-19,11:28:02,-0500,93776220,sharmila_rd,Sharmila Ravinder,,"What an outstanding performance by @dhanushkraja in #KarnanOnPrime , exemplary. Do watch.",en,['dhanushkraja'],[],[],0,0,1,['karnanonprime'],[],https://twitter.com/sharmila_RD/status/1395053644857298944,,,0,,Bangalore,,,,,,"{'user_id': None, 'username': None}",,,,
1395104714107219969,1395104714107219969,2021-05-19 14:50:58 CDT,2021-05-19,14:50:58,-0500,1329205253137256449,academymanual,Academy of Orthopaedic Manual Physical Therapists,,"International Federation of Orthopaedic (? Musculoskeletal) Manipulative Physical Therapists. 

Musculoskeletal don't fit in there at all. 
Manipulative could be changed into Manual. Opinions welcome. @IFOMPT @jmmtonline @WorldPhysio1951 @AAOMPT @AcademyManual",en,"['ifompt', 'jmmtonline', 'worldphysio1951', 'aaompt', 'academymanual']",[],[],0,0,1,[],[],https://twitter.com/AcademyManual/status/1395104714107219969,,https://twitter.com/jmmtonline/status/1395091403890335747,0,,Bangalore,,,,,,"{'user_id': None, 'username': None}",,,,
1395055770069176326,1394933118214107138,2021-05-19 11:36:29 CDT,2021-05-19,11:36:29,-0500,272503721,macharajarao,M. S. Srinivasa Rao,,"@AnujitKumarMuk1 But those voyeurs who lost their jobs sitting at strategic places, completely camouflaged, watching those rural women bare their butts are hostile to NaMo. They want revenge.",en,['anujitkumarmuk1'],[],[],1,0,8,[],[],https://twitter.com/macharajarao/status/1395055770069176326,,,0,,Bangalore,,,,,,"{'user_id': '1290875961617997824', 'username': 'AnujitKumarMuk1'}",,,,
1394960507145232387,1394956695399542784,2021-05-19 05:17:56 CDT,2021-05-19,05:17:56,-0500,17699010,rajeshshenoy63,Rajesh,,@ShivAroor @nagarjund Per this news report he is a doctor https://t.co/mG9q2IPykm perhaps same as this person @skakkilaya on Twitter,en,"['shivaroor', 'nagarjund', 'skakkilaya']",['https://www.google.co.in/amp/s/kannada.asianetnews.com/amp/video/state/mangaluru-dr-srinivas-kakkilaya-refuses-wearing-mask-creates-nuisance-at-super-market-hls-qtcfch'],[],4,0,5,[],[],https://twitter.com/rajeshshenoy63/status/1394960507145232387,,,0,,Bangalore,,,,,,"{'user_id': '139189823', 'username': 'ShivAroor'}",,,,
1394986503789481985,1394986503789481985,2021-05-19 07:01:14 CDT,2021-05-19,07:01:14,-0500,142930113,sai_eveready,Sai Krishna Enreddy,,"Ha ha ha...no surprise...who cares...when the whole system is forged and tampered...this is ಜುಜುಬಿ 😁
https://t.co/T4wl2MPyFB",en,[],['https://www.altnews.in/covid-toolkit-attributed-to-congress-created-on-forged-letterhead/'],[],0,0,4,[],[],https://twitter.com/Sai_Eveready/status/1394986503789481985,,,0,,Bangalore,,,,,,"{'user_id': None, 'username': None}",,,,
1394943266408202242,1394937043633856515,2021-05-19 04:09:26 CDT,2021-05-19,04:09:26,-0500,1188998790419636228,cvenkat64992837,C VENKATESH,,"@sajjanrajmehta @BSYBJP @CMofKarnataka @mla_sudhakar WE NEED COMPENSATION IN THE FORM OF 
1. WAIVER Of PROPERTY TAX, ELECTRICITY BILL, AT LEAST 4 MONTHS,
2. EXTENSION OF DEADLINE FOR GST RETURNS AND PAYMENT OF GST WITH OUT PENALTY AND INTEREST.
3. EXTENSION OF TIME FOR EMI PAYMENT OF LOAN INTEREST FREE
4. INTEREST FREE LOAN",en,"['sajjanrajmehta', 'bsybjp', 'cmofkarnataka', 'mla_sudhakar']",[],[],3,3,21,[],[],https://twitter.com/CVENKAT64992837/status/1394943266408202242,,,0,,Bangalore,,,,,,"{'user_id': '1409356796', 'username': 'sajjanrajmehta'}",,,,
1395078997810180097,1395078997810180097,2021-05-19 13:08:47 CDT,2021-05-19,13:08:47,-0500,1173415699043110912,kumarbalananda,🇮🇳Balananda Kumarasiva,,"@harish_purohit please note that in a stirring speech in 1944 in Burma, Netaji wanted to be reborn as a Tamil seeing the bravery of his Tamilar unit of INA. We may have extreme views, but we Tamils are not extremists. #FamilyMan2_against_Tamils",en,['harish_purohit'],[],[],0,1,3,['familyman2_against_tamils'],[],https://twitter.com/KumarBalananda/status/1395078997810180097,,,0,,Bangalore,,,,,,"{'user_id': '129574349', 'username': 'harish_purohit'}",,,,
1395076367042158593,1395076367042158593,2021-05-19 12:58:19 CDT,2021-05-19,12:58:19,-0500,1173415699043110912,kumarbalananda,🇮🇳Balananda Kumarasiva,,@harish_purohit Divisive forces at work to prove that Indic races like Tamils or Sikhs are on par with heinous Islamic terrorism. The trailer shows a devious link between ISI and Tamils. Now that's a sham. #FamilyMan2_against_Tamils,en,['harish_purohit'],[],[],0,3,4,['familyman2_against_tamils'],[],https://twitter.com/KumarBalananda/status/1395076367042158593,,,0,,Bangalore,,,,,,"{'user_id': '129574349', 'username': 'harish_purohit'}",,,,
1395078215819948032,1395078215819948032,2021-05-19 13:05:40 CDT,2021-05-19,13:05:40,-0500,1173415699043110912,kumarbalananda,🇮🇳Balananda Kumarasiva,,"@harish_purohit No Sinhala vultures, no Dravida ravens can act as predators to the pristine Saiva Tamil Agamic culture of EELAM. Such web series are a part of a long term plan to discredit the freedom movement of Thanthai Chelva and Honble Prabhakaran. #FamilyMan2_against_Tamils",en,['harish_purohit'],[],[],0,2,4,['familyman2_against_tamils'],[],https://twitter.com/KumarBalananda/status/1395078215819948032,,,0,,Bangalore,,,,,,"{'user_id': '129574349', 'username': 'harish_purohit'}",,,,
1395046261762396162,1395015606252969990,2021-05-19 10:58:42 CDT,2021-05-19,10:58:42,-0500,102355053,anantmalkood,Anantkumar🇮🇳 (ಅನಂತ कुमार),,"@Tejasvi_Surya @BSYBJP Nothing for poor Brahmins - Archaks, Cooks",en,"['tejasvi_surya', 'bsybjp']",[],[],1,4,12,[],[],https://twitter.com/anantmalkood/status/1395046261762396162,,,0,,Bangalore,,,,,,"{'user_id': '390677061', 'username': 'Tejasvi_Surya'}",,,,
1395079703283732481,1395079703283732481,2021-05-19 13:11:35 CDT,2021-05-19,13:11:35,-0500,47678623,kris_sg,kris gopalakrishnan,,https://t.co/OUu0lUZFkY Pandemic's Next Effect: A Giant Wave of Disabling Grief via @sciam True in India too. Hope we find strength in ourselves to heal,en,['sciam'],['https://www.scientificamerican.com/article/the-pandemics-next-effect-is-a-giant-wave-of-disabling-grief/?amp;text=The'],[],4,14,38,[],[],https://twitter.com/kris_sg/status/1395079703283732481,,,0,,Bangalore,,,,,,"{'user_id': None, 'username': None}",,,,
1395154528354279426,1395154528354279426,2021-05-19 18:08:54 CDT,2021-05-19,18:08:54,-0500,47678623,kris_sg,kris gopalakrishnan,,The Coming Revolution in Cancer Care https://t.co/OMGllRetiV via @sciam,en,['sciam'],['https://www.scientificamerican.com/custom-media/the-coming-revolution-in-cancer-care/'],[],0,2,10,[],[],https://twitter.com/kris_sg/status/1395154528354279426,,,0,,Bangalore,,,,,,"{'user_id': None, 'username': None}",,,,
1395043466032205827,1395031495476088838,2021-05-19 10:47:35 CDT,2021-05-19,10:47:35,-0500,63027908,rakhiparsai,Lifethrumumseyes,,"@blogchatter Wellness has been a larger theme that I follow on my website so I try and connect the content around wellness. It could be kids, family, parents, mother's or anything else. Considering current scenario wellness is the key",en,['blogchatter'],[],[],0,1,4,[],[],https://twitter.com/rakhiparsai/status/1395043466032205827,,,0,,Bangalore,,,,,,"{'user_id': '2599089590', 'username': 'blogchatter'}",,,,
1395093043112398849,1395082978326237184,2021-05-19 14:04:35 CDT,2021-05-19,14:04:35,-0500,1271464663507599360,atishbrc_iisc,Atish Roy Chowdhury,,@Iam_DrSloth Thak na.... or maa mara gache covid e recently....,en,['iam_drsloth'],[],[],1,0,5,[],[],https://twitter.com/atishbrc_IISc/status/1395093043112398849,,,0,,Bangalore,,,,,,"{'user_id': '1305422125243662336', 'username': 'Iam_DrSloth'}",,,,
1395065458970140672,1395046743801163778,2021-05-19 12:14:59 CDT,2021-05-19,12:14:59,-0500,96714421,kamal_parashar,क्षितीश Kamal Parashar 🇮🇳,,@MitraVyom Everyone seems to be missing out on the quality of water / hygeine. That needs to be looked into as well.,en,['mitravyom'],[],[],0,0,2,[],[],https://twitter.com/kamal_parashar/status/1395065458970140672,,,0,,Bangalore,,,,,,"{'user_id': '1241856120303448069', 'username': 'MitraVyom'}",,,,
1395086709331742720,1395078906575691781,2021-05-19 13:39:25 CDT,2021-05-19,13:39:25,-0500,62110955,farhanejaz,Mohammed Farhan Ejaz,,"@_sabanaqvi Bhakton ka argument

Me: I love blue color

Bhakt: what's your problem with black color. Why you hate it",en,['_sabanaqvi'],[],[],76,0,9,[],[],https://twitter.com/farhanejaz/status/1395086709331742720,,,0,,Bangalore,,,,,,"{'user_id': '1019469630', 'username': '_sabanaqvi'}",,,,
1395071006285303808,1395069139425714176,2021-05-19 12:37:01 CDT,2021-05-19,12:37:01,-0500,254092985,derekkandur,Derek Kandur,,"@zoo_bear @vagishasoni - Why have you only mentioned about @narendramodi in your bio?
Because he's PM?
Why not @PiyushGoyal , Even he follows you.
Don't be biased because of ""PM"" tag.

Now : @PiyushGoyal will be DISAPPOINTED 🤣🤣.

Or his followers.

#ModiHaiTohMumkinHai",en,"['zoo_bear', 'vagishasoni', 'narendramodi', 'piyushgoyal', 'piyushgoyal']",[],[],2,0,4,['modihaitohmumkinhai'],[],https://twitter.com/derekkandur/status/1395071006285303808,,,0,,Bangalore,,,,,,"{'user_id': '935142655213703168', 'username': 'zoo_bear'}",,,,
1394984436685578244,1394919239497121792,2021-05-19 06:53:01 CDT,2021-05-19,06:53:01,-0500,25038071,divkris,Divya Radhakrishnan,,@akm1410 @jasveer10 “I promise you that we will go the extra mile in treating you the way you deserve it.”  Sounds like a threat.,en,"['akm1410', 'jasveer10']",[],[],0,0,50,[],[],https://twitter.com/Divkris/status/1394984436685578244,,,0,,Bangalore,,,,,,"{'user_id': '95144455', 'username': 'akm1410'}",,,,
1395101818129043457,1395068216976691200,2021-05-19 14:39:27 CDT,2021-05-19,14:39:27,-0500,405505735,haider_jasdan,Haider Jasdan,,Update : Patient got the bed at KMC hospital and is being shifted there. Thank you for the support. This is closed.,en,[],[],[],1,1,2,[],[],https://twitter.com/Haider_Jasdan/status/1395101818129043457,,,0,,Bangalore,,,,,,"{'user_id': '405505735', 'username': 'Haider_Jasdan'}",,,,
1395103222826606592,1395097156084584448,2021-05-19 14:45:02 CDT,2021-05-19,14:45:02,-0500,77147095,originalmiks,maelstrom,,"@Justejasss Yes, tennis is an excellent example of gender parity in sports - we could do well to take a leaf out of their book. And having IND and IND-W touring together is the best way to get people invested and start watching provided it's scheduled smartly and promoted properly",en,['justejasss'],[],[],0,0,2,[],[],https://twitter.com/originalmiks/status/1395103222826606592,,,0,,Bangalore,,,,,,"{'user_id': '1384113700479459336', 'username': 'Justejasss'}",,,,
1395167018865725441,1395067517375188995,2021-05-19 18:58:32 CDT,2021-05-19,18:58:32,-0500,276144665,farooq_m_khan,Farooq M Khan,,@Asifrahmanmolla Waste of tax payers money,en,['asifrahmanmolla'],[],[],0,0,2,[],[],https://twitter.com/farooq_m_khan/status/1395167018865725441,,,0,,Bangalore,,,,,,"{'user_id': '856457195168202752', 'username': 'Asifrahmanmolla'}",,,,
1395059457025929217,1395059457025929217,2021-05-19 11:51:08 CDT,2021-05-19,11:51:08,-0500,84310212,praveenimbalkar,Praveen Nimbalkar,,@CV7Byatarayana1 volunteers saving lives - One life at a time - This boy has so much pain in his eyes..hope his dad recovers soon @nBangalorepost @ChristinMP_TOI @TOIBengaluru @DeccanHerald @BangaloreMirror @vinaydisley.,en,"['nbangalorepost', 'christinmp_toi', 'toibengaluru', 'deccanherald', 'bangaloremirror', 'vinaydisley']",[],[],0,0,2,[],[],https://twitter.com/praveenimbalkar/status/1395059457025929217,,https://twitter.com/Cv7Volunteers/status/1395058597604651008,0,,Bangalore,,,,,,"{'user_id': '1393600947826266115', 'username': 'Cv7Volunteers'}",,,,
1395083156336746496,1395078906575691781,2021-05-19 13:25:18 CDT,2021-05-19,13:25:18,-0500,4181892494,ragways,Rag,,"@_sabanaqvi Yes.but can u tell what Chinese were doing since Sep 20, when they had a whole country with no cases, and a vaccine company producing only for Chinese ?

Tell the answer pls.",en,['_sabanaqvi'],[],[],0,2,13,[],[],https://twitter.com/ragways/status/1395083156336746496,,,0,,Bangalore,,,,,,"{'user_id': '1019469630', 'username': '_sabanaqvi'}",,,,
1395017536312209415,1394992251508596740,2021-05-19 09:04:33 CDT,2021-05-19,09:04:33,-0500,130040777,trilochan2010,KYC (know your city),,@srinualavilli @citizensforblr @kdevforum @carmelaramunite @ECityRising @WFRising @drmsbc @PCMohanMP It's good &amp; d doubling work progress is even visible in Carmelaram &amp; beyond but all these stations can only be productive for ORR users if d approach roads r fixed specially BellandurRd whr we hv more challenging tasks to widen d current RUB on both sides till ORR &amp; SH35 @drmsbc,en,"['srinualavilli', 'citizensforblr', 'kdevforum', 'carmelaramunite', 'ecityrising', 'wfrising', 'drmsbc', 'pcmohanmp', 'drmsbc']",[],[],0,0,4,[],[],https://twitter.com/trilochan2010/status/1395017536312209415,,,0,,Bangalore,,,,,,"{'user_id': '18470126', 'username': 'srinualavilli'}",,,,
1395109257826082818,1395074747528978434,2021-05-19 15:09:01 CDT,2021-05-19,15:09:01,-0500,3042879740,izziewilbury,izziewilbury,,@watanonsense Only time I accept this acronym,en,['watanonsense'],[],[],0,0,2,[],[],https://twitter.com/izziewilbury/status/1395109257826082818,,,0,,Bangalore,,,,,,"{'user_id': '1135452344852729857', 'username': 'watanonsense'}",,,,
1395084457024000004,1394967722770026496,2021-05-19 13:30:28 CDT,2021-05-19,13:30:28,-0500,87206659,kiranraghu_7,Kiran Raghuram,,@CharlieVertical @singhshwetabh71 Don't have the money or the rig to get on to the DCS band wagon,en,"['charlievertical', 'singhshwetabh71']",[],[],1,0,2,[],[],https://twitter.com/kiranraghu_7/status/1395084457024000004,,,0,,Bangalore,,,,,,"{'user_id': '1097787348358578176', 'username': 'CharlieVertical'}",,,,
1395091361372655621,1394967722770026496,2021-05-19 13:57:54 CDT,2021-05-19,13:57:54,-0500,87206659,kiranraghu_7,Kiran Raghuram,,@CharlieVertical @singhshwetabh71 I have an Xbox one S which I switch on when my wife and son are asleep. And laptop which is definitely not gaming material.,en,"['charlievertical', 'singhshwetabh71']",[],[],1,0,2,[],[],https://twitter.com/kiranraghu_7/status/1395091361372655621,,,0,,Bangalore,,,,,,"{'user_id': '1097787348358578176', 'username': 'CharlieVertical'}",,,,
1395042495445147655,1395028307217846275,2021-05-19 10:43:44 CDT,2021-05-19,10:43:44,-0500,2899086504,monojitchou,Monojit Choudhury,,"@SagirAhmed98 @samopriya In my Bangla, we use ganga-foring গঙ্গাফড়িং and ghas-foring ঘাসফড়িং for grasshopper and mantis, but quite interchangeably. For dragonflies, only ফড়িং, but there are specific types like raja foring, rani foring, suto-foring and so on, which I think are local coinage.",en,['sagirahmed98'],[],[],2,0,4,[],[],https://twitter.com/monojitchou/status/1395042495445147655,,,0,,Bangalore,,,,,,"{'user_id': '1145297374530568192', 'username': 'SagirAhmed98'}",,,,
1395008808930316293,1394978038069223426,2021-05-19 08:29:52 CDT,2021-05-19,08:29:52,-0500,710150758977503233,narasimrishpaap,simha80,,@AshwiniMS_TNIE @mayur_gowda @Ratnaprabha_IAS Checking ma'am,en,"['ashwinims_tnie', 'mayur_gowda', 'ratnaprabha_ias']",[],[],1,0,2,[],[],https://twitter.com/Narasimrishpaap/status/1395008808930316293,,,0,,Bangalore,,,,,,"{'user_id': '74995974', 'username': 'AshwiniMS_TNIE'}",,,,
1395067645305659394,1394871474012385286,2021-05-19 12:23:40 CDT,2021-05-19,12:23:40,-0500,196058138,sunny_herc,Sunny speaks 🇮🇳,,"@IAmQueennB Congratulations shows a lot about your positive traits inspiring,  stay fit and happy",en,['iamqueennb'],[],[],0,0,1,[],[],https://twitter.com/sunny_herc/status/1395067645305659394,,,0,,Bangalore,,,,,,"{'user_id': '194044521', 'username': 'IAmQueennB'}",,,,
1395084041120931840,1392045962961424385,2021-05-19 13:28:49 CDT,2021-05-19,13:28:49,-0500,1279799304329105410,noncommunistmao,Non Communist Mao,,@Dish_Troyer @t_mkat @muskaaanyadav LCA navy... now we’re talking 😁,en,"['dish_troyer', 't_mkat', 'muskaaanyadav']",[],[],1,0,2,[],[],https://twitter.com/noncommunistmao/status/1395084041120931840,,,0,,Bangalore,,,,,,"{'user_id': '3225004226', 'username': 'Dish_Troyer'}",,,,
1395014705102549001,1394981931356463112,2021-05-19 08:53:18 CDT,2021-05-19,08:53:18,-0500,67024718,apthamitra,ಗಿರೀಶ್,,@ragusmg2 @goldspug @shanubhogrU @thewildaperture @SnapperSurgeon @edbidangi @raajcar Yeah I told u Plan and fix a date and then do it you both did it in a hurry,en,"['ragusmg2', 'goldspug', 'shanubhogru', 'thewildaperture', 'edbidangi', 'raajcar']",[],[],4,0,3,[],[],https://twitter.com/apthamitra/status/1395014705102549001,,,0,,Bangalore,,,,,,"{'user_id': '1286204603361423360', 'username': 'ragusmg2'}",,,,
1395026375061303297,1395013411562352653,2021-05-19 09:39:40 CDT,2021-05-19,09:39:40,-0500,39736424,sriknata,Srikanth Natarajan,,"@thim_ponnappa @SaikiaArup @TrinanjanChakr4 Sandee Patil, Bob Willis",en,"['thim_ponnappa', 'saikiaarup', 'trinanjanchakr4']",[],[],0,0,2,[],[],https://twitter.com/sriknata/status/1395026375061303297,,,0,,Bangalore,,,,,,"{'user_id': '2726437252', 'username': 'thim_ponnappa'}",,,,
