id,conversation_id,created_at,date,time,timezone,user_id,username,name,place,tweet,language,mentions,urls,photos,replies_count,retweets_count,likes_count,hashtags,cashtags,link,retweet,quote_url,video,thumbnail,near,geo,source,user_rt_id,user_rt,retweet_id,reply_to,retweet_date,translate,trans_src,trans_dest
1541116633237770240,1541116633237770240,2022-06-26 12:50:12 CDT,2022-06-26,12:50:12,-0500,954600727854268417,sendildeepa,Deepa Sendil,,"If you want to have food, conserve the soil dude! . 🙏🏻🌱🍂🍃🌳 https://t.co/9hcNWzrApC",en,[],[],['https://pbs.twimg.com/media/FWMlZelakAAtKf4.jpg'],1,79,150,[],[],https://twitter.com/SendilDeepa/status/1541116633237770240,,,1,https://pbs.twimg.com/media/FWMlZelakAAtKf4.jpg,Bangalore,,,,,,"{'user_id': None, 'username': None}",,,,
1541011830302052353,1541011830302052353,2022-06-26 05:53:45 CDT,2022-06-26,05:53:45,-0500,3080742733,edxnabu,"Mansoor ""Nabu"" Ahmed",,LAN anyone ? https://t.co/CH70nSxLuQ,en,[],[],['https://pbs.twimg.com/media/FWLGFNdacAIo9bw.jpg'],9,4,112,[],[],https://twitter.com/EdxNabu/status/1541011830302052353,,,1,https://pbs.twimg.com/media/FWLGFNdacAIo9bw.jpg,Bangalore,,,,,,"{'user_id': None, 'username': None}",,,,
1541148929114353664,1541148929114353664,2022-06-26 14:58:32 CDT,2022-06-26,14:58:32,-0500,906065366,payelchowdhuri,Payel Sen Gupta,,"#ArvindLBjp
Return our Road tax !!
#LetzRebuildMahadevapura
#AapWinsBellandur
@Ashokmruthyu 
@rathod_aap 
@aapkaprithvi 
@Nimmabhaskar22 
@toi https://t.co/mdLu2gvJ5S",en,"['ashokmruthyu', 'rathod_aap', 'aapkaprithvi', 'nimmabhaskar22', 'toi']",[],[],0,8,15,"['arvindlbjp', 'letzrebuildmahadevapura', 'aapwinsbellandur']",[],https://twitter.com/PayelChowdhuri/status/1541148929114353664,,,1,https://pbs.twimg.com/ext_tw_video_thumb/1541148875435610112/pu/img/6otNKxMXpPv8FN9k.jpg,Bangalore,,,,,,"{'user_id': None, 'username': None}",,,,
1541128520411533312,1541128520411533312,2022-06-26 13:37:26 CDT,2022-06-26,13:37:26,-0500,2425750596,spandana199999,Spandana.C #SaveSoil 🌱🌎,,"Who can stop the one who has thrown their lives to make it happen for #SaveSoil 🌱🌎
The Journey to Save Mother Soil continues..
Here is the glimpse from Karnataka...
#RideForSoil
#SaveSoilKarnataka https://t.co/mda86YqDNI",en,[],[],[],7,33,82,"['savesoil', 'rideforsoil', 'savesoilkarnataka']",[],https://twitter.com/spandana199999/status/1541128520411533312,,,1,https://pbs.twimg.com/ext_tw_video_thumb/1541128452501544960/pu/img/X90_AOeUvNmg9GWc.jpg,Bangalore,,,,,,"{'user_id': None, 'username': None}",,,,
1541106404412383232,1541106404412383232,2022-06-26 12:09:33 CDT,2022-06-26,12:09:33,-0500,34395450,xhckr,Rashid Khan,,All smiles! https://t.co/mESywwePPN,en,[],[],['https://pbs.twimg.com/media/FWMcGmLVEAEuzc7.jpg'],1,1,32,[],[],https://twitter.com/xhckr/status/1541106404412383232,,,1,https://pbs.twimg.com/media/FWMcGmLVEAEuzc7.jpg,Bangalore,,,,,,"{'user_id': None, 'username': None}",,,,
1541131427647225856,1541131427647225856,2022-06-26 13:48:59 CDT,2022-06-26,13:48:59,-0500,39744352,mrcoff333,𝒮𝑜𝑜𝓇𝒾𝓎𝒶 🕉️☕️,,This 💔💔💔💔💔 No Words. 🥺 https://t.co/ySlEBbUDuG,en,[],[],[],1,0,3,[],[],https://twitter.com/MrCoff333/status/1541131427647225856,,,1,https://pbs.twimg.com/ext_tw_video_thumb/1541131293010034688/pu/img/YAJAMDQzeYVDWOQ8.jpg,Bangalore,,,,,,"{'user_id': None, 'username': None}",,,,
1541095622081519617,1541095622081519617,2022-06-26 11:26:43 CDT,2022-06-26,11:26:43,-0500,601908693,kshravani,shravani k naidu,,"Charlie777! with ❤️
This art here is 3.6*3.6 feet, my first attempt to draw such a huge art.
#777charlie #charlie777

Hope this reaches you sir! 😊 @rakshitshetty @777CharlieMovie
.
@kiranraj_k @RajbShettyOMK @ParamvahStudios 

@Rakshit_forever @Rakshitshettyfb @rakshitshettyfc https://t.co/CStNe4V5ZX",en,"['rakshitshetty', '777charliemovie', 'kiranraj_k', 'rajbshettyomk', 'paramvahstudios', 'rakshit_forever', 'rakshitshettyfb', 'rakshitshettyfc']",[],"['https://pbs.twimg.com/media/FWMSS9IVUAEOJ0c.jpg', 'https://pbs.twimg.com/media/FWMSTPnUAAAFvSC.jpg']",6,18,68,"['777charlie', 'charlie777']",[],https://twitter.com/KShravani/status/1541095622081519617,,,1,https://pbs.twimg.com/media/FWMSS9IVUAEOJ0c.jpg,Bangalore,,,,,,"{'user_id': None, 'username': None}",,,,
1541061599535845376,1541061599535845376,2022-06-26 09:11:31 CDT,2022-06-26,09:11:31,-0500,1068624760328749056,moj26_,ragul vasudevan,,"Kudos to an amazing IRL , lot of insights and learning in the past two days. Met amazing folks with deep knowledge and passionate about building products . Thanks @FoundershipHQ team and all the coaches for putting up this fantastic session! https://t.co/TI6lbA6S7x",en,['foundershiphq'],[],[],0,3,7,[],[],https://twitter.com/moj26_/status/1541061599535845376,,,1,https://pbs.twimg.com/ext_tw_video_thumb/1541061541411581952/pu/img/3BATeimXqzsvmiqK.jpg,Bangalore,,,,,,"{'user_id': None, 'username': None}",,,,
1541039414239174656,1541039414239174656,2022-06-26 07:43:22 CDT,2022-06-26,07:43:22,-0500,83214161,kripalamanna,kripal amanna,,"Although it is believed, Mitra Samaj #Udupi estd. 1949, made history with the masala dosae, it is their scrumptious snacks like the buns, goli baje that seem to be the most appealing crowdpleasers in the present. 

Watch complete vlog at https://t.co/mJTslevUZO 
@foodloversindia https://t.co/65zzkwsZK2",en,['foodloversindia'],['https://youtu.be/lbaB_C5QOpM'],[],5,16,148,['udupi'],[],https://twitter.com/kripalamanna/status/1541039414239174656,,,1,https://pbs.twimg.com/ext_tw_video_thumb/1541039223251542017/pu/img/gQddLCv800KYaQSz.jpg,Bangalore,,,,,,"{'user_id': None, 'username': None}",,,,
1541130665064026112,1541130665064026112,2022-06-26 13:45:58 CDT,2022-06-26,13:45:58,-0500,2425750596,spandana199999,Spandana.C #SaveSoil 🌱🌎,,"No Harshness of Climate or Physical Pain could stop the one with Unwavering Commitment to #SaveSoil @SadhguruJV 
Now it's time for us to increase our Voice till it reaches Billions across globe
A Wave to #SaveSoilKarnataka has started in Karanataka🏁🏍️
We are here to #RideForSoil https://t.co/0usoiHIH8G",en,['sadhgurujv'],[],"['https://pbs.twimg.com/media/FWMyKHSaUAAepGC.jpg', 'https://pbs.twimg.com/media/FWMyKXlaQAAAC4M.jpg', 'https://pbs.twimg.com/media/FWMyKtRacAAYNL3.jpg', 'https://pbs.twimg.com/media/FWMyK9PaUAEsX_J.jpg']",4,60,116,"['savesoil', 'savesoilkarnataka', 'rideforsoil']",[],https://twitter.com/spandana199999/status/1541130665064026112,,,1,https://pbs.twimg.com/media/FWMyKHSaUAAepGC.jpg,Bangalore,,,,,,"{'user_id': None, 'username': None}",,,,
1541035574428966912,1541035574428966912,2022-06-26 07:28:06 CDT,2022-06-26,07:28:06,-0500,1321002241239646208,debarimam,Dē Bæ Rī Má,,"Somewhere between the heaven and earth....
#photography 
#sunset
#sundayvibes 
✌️✌️✌️✌️✌️ https://t.co/z59rZH2Gsy",en,[],[],['https://pbs.twimg.com/media/FWLbrd0akAAHVPE.jpg'],0,0,6,"['photography', 'sunset', 'sundayvibes']",[],https://twitter.com/DebarimaM/status/1541035574428966912,,,1,https://pbs.twimg.com/media/FWLbrd0akAAHVPE.jpg,Bangalore,,,,,,"{'user_id': None, 'username': None}",,,,
1541064390564143106,1541064390564143106,2022-06-26 09:22:36 CDT,2022-06-26,09:22:36,-0500,1018787154695213056,kritipraks,Kritika Prakash,,Lilac 💜 https://t.co/EqfGCrJw2F,en,[],[],['https://pbs.twimg.com/media/FWL15IcaIAEJG_A.jpg'],2,1,60,[],[],https://twitter.com/kritipraks/status/1541064390564143106,,,1,https://pbs.twimg.com/media/FWL15IcaIAEJG_A.jpg,Bangalore,,,,,,"{'user_id': None, 'username': None}",,,,
1541082118624641024,1541082118624641024,2022-06-26 10:33:03 CDT,2022-06-26,10:33:03,-0500,1379250040170934274,ekwanii,ekwani 👁️,,"Hi, I’m Ekwani, and I make digital portraits that range from being realistic to stylised with customisable details! RT forreach 👁 https://t.co/TYhTJaXo2P",en,[],[],"['https://pbs.twimg.com/media/FWMGAf1aIAAS1W0.jpg', 'https://pbs.twimg.com/media/FWMGAfzacAAPYOZ.jpg', 'https://pbs.twimg.com/media/FWMGAfqaIAAIAon.jpg', 'https://pbs.twimg.com/media/FWMGAfqagAEV5qR.jpg']",0,5,8,[],[],https://twitter.com/ekwanii/status/1541082118624641024,,,1,https://pbs.twimg.com/media/FWMGAf1aIAAS1W0.jpg,Bangalore,,,,,,"{'user_id': None, 'username': None}",,,,
1541054438185414658,1541054438185414658,2022-06-26 08:43:04 CDT,2022-06-26,08:43:04,-0500,1217837840,pranitasubhash,Pranitha Subhash,,"Back into action! 

Our @pranithafounda1 along with Aster Hospitals @asterbangalore and @BPACofficial Organised a medical camp for the under-privileged in Maruti Nagar, Bengaluru. https://t.co/ZNCbtfXUD4",en,"['pranithafounda1', 'asterbangalore', 'bpacofficial']",[],"['https://pbs.twimg.com/media/FWLsxXcXoAA0MD8.jpg', 'https://pbs.twimg.com/media/FWLsxXfXEAATzIx.jpg', 'https://pbs.twimg.com/media/FWLsxXeWYAAoQ5a.jpg', 'https://pbs.twimg.com/media/FWLsxXxXEAEzA_c.jpg']",35,112,2067,[],[],https://twitter.com/pranitasubhash/status/1541054438185414658,,,1,https://pbs.twimg.com/media/FWLsxXcXoAA0MD8.jpg,Bangalore,,,,,,"{'user_id': None, 'username': None}",,,,
1540991969379627010,1540991969379627010,2022-06-26 04:34:50 CDT,2022-06-26,04:34:50,-0500,1207715894,artoflivingyoga,Sri Sri Yoga,,"The Long wait is over!
After being online for more than two years, we are overjoyed to announce the First On-campus Sri Sri Yoga Teachers Training Program at our scenic @BangaloreAshram
Date:4 - 24 July
Register Now: https://t.co/SWEsjWTZQv
Website: https://t.co/rt2rKGHxuE
#yoga https://t.co/BXlkrmEt60",en,['bangaloreashram'],"['http://tinyurl.com/38xb4aku', 'http://srisriyoga.org']",[],3,41,126,['yoga'],[],https://twitter.com/ArtofLivingYoga/status/1540991969379627010,,,1,https://pbs.twimg.com/ext_tw_video_thumb/1540988591979233280/pu/img/npqXS_hdi6JtJ8AJ.jpg,Bangalore,,,,,,"{'user_id': None, 'username': None}",,,,
1541123506993532929,1541123506993532929,2022-06-26 13:17:31 CDT,2022-06-26,13:17:31,-0500,906065366,payelchowdhuri,Payel Sen Gupta,,"IIT Engineers, Softwear professionals,Advocates, Doctors, Entrepreneur, Sports Professionals , Media professionals, Students, Teachers to House wife all are MEMBERS OF AAP A Political party with Educated people of our society. No place for Goons !!
@Ashokmruthyu 
@MohanDasari_ https://t.co/pJcTO9SWgG",en,"['ashokmruthyu', 'mohandasari_']",[],"['https://pbs.twimg.com/media/FWMrpnmUAAAS1iq.jpg', 'https://pbs.twimg.com/media/FWMrpz2UcAEGuOE.jpg', 'https://pbs.twimg.com/media/FWMrqEMUYAAxEEu.jpg', 'https://pbs.twimg.com/media/FWMrqWxVEAAE-nm.jpg']",0,11,18,[],[],https://twitter.com/PayelChowdhuri/status/1541123506993532929,,,1,https://pbs.twimg.com/media/FWMrpnmUAAAS1iq.jpg,Bangalore,,,,,,"{'user_id': None, 'username': None}",,,,
1540926393927598080,1540926393927598080,2022-06-26 00:14:15 CDT,2022-06-26,00:14:15,-0500,69821970,dankchikidang,Farrago Metiquirke,,Today’s hole in the wall breakfast :) #BengaluruCafe https://t.co/90QSinvY2i,en,[],[],['https://pbs.twimg.com/media/FWJ4YFKaAAAvgyS.jpg'],2,0,18,['bengalurucafe'],[],https://twitter.com/dankchikidang/status/1540926393927598080,,,1,https://pbs.twimg.com/media/FWJ4YFKaAAAvgyS.jpg,Bangalore,,,,,,"{'user_id': None, 'username': None}",,,,
1541060153927077888,1541060153927077888,2022-06-26 09:05:46 CDT,2022-06-26,09:05:46,-0500,861807330417147904,i_am_pk27,WfRowdy,,"Out of the Box❤‍🔥
Editzzz
#Liger #LigerHuntsFromAug25th
#Salaar",en,[],[],[],1,8,13,"['liger', 'ligerhuntsfromaug25th', 'salaar']",[],https://twitter.com/I_am_pk27/status/1541060153927077888,,https://twitter.com/PrashanthRamad2/status/1541054372347781121,0,,Bangalore,,,,,,"{'user_id': None, 'username': None}",,,,
1541018826921242624,1541018826921242624,2022-06-26 06:21:33 CDT,2022-06-26,06:21:33,-0500,137733286,ursniresh,Cinema Mania,,"#LavanyaTripathi Latest Click

@Itslavanya https://t.co/Dr8bkRzGRq",en,['itslavanya'],[],['https://pbs.twimg.com/media/FWLMdLbaIAAbwJc.jpg'],0,2,23,['lavanyatripathi'],[],https://twitter.com/ursniresh/status/1541018826921242624,,,1,https://pbs.twimg.com/media/FWLMdLbaIAAbwJc.jpg,Bangalore,,,,,,"{'user_id': None, 'username': None}",,,,
1541110952279429122,1541110952279429122,2022-06-26 12:27:38 CDT,2022-06-26,12:27:38,-0500,4538566158,srk_bangalore,SHAH RUKH KHAN FAN ASSOCIATION,,"Hey @yrf @yrftalent have a look at our Editor @RaeesAzad4 made posters of #Pathaan 

Hope before we all meet Pathaan soon on big screen, let these posters meet our Pathaan @iamsrk 🥰😍🤩 https://t.co/ZrKStr1uI9",en,"['yrf', 'yrftalent', 'raeesazad4', 'iamsrk']",[],"['https://pbs.twimg.com/media/FWMgOuZakAAA0Ml.jpg', 'https://pbs.twimg.com/media/FWMgO-SaUAABtH2.jpg', 'https://pbs.twimg.com/media/FWMgPMraAAA6ueL.jpg', 'https://pbs.twimg.com/media/FWMgPcEacAEH2jo.jpg']",11,55,171,['pathaan'],[],https://twitter.com/Srk_bangalore/status/1541110952279429122,,,1,https://pbs.twimg.com/media/FWMgOuZakAAA0Ml.jpg,Bangalore,,,,,,"{'user_id': None, 'username': None}",,,,
1541201151135064064,1541201151135064064,2022-06-26 18:26:03 CDT,2022-06-26,18:26:03,-0500,1516363317539119104,osh_mahajan,Osheen.sol 🌻,,What do you guys think of this? https://t.co/coHnHtIowi,en,[],[],['https://pbs.twimg.com/media/FWNyRbYVEAAQRtd.jpg'],7,0,16,[],[],https://twitter.com/Osh_mahajan/status/1541201151135064064,,,1,https://pbs.twimg.com/media/FWNyRbYVEAAQRtd.jpg,Bangalore,,,,,,"{'user_id': None, 'username': None}",,,,
1540934072007925761,1540934072007925761,2022-06-26 00:44:46 CDT,2022-06-26,00:44:46,-0500,2784535830,lifeofskips,Shashank,,Number 5. Done ✔️ https://t.co/Y5BkUAtpG8,en,[],[],['https://pbs.twimg.com/media/FWJ_Xu-aAAEGpQD.jpg'],1,0,9,[],[],https://twitter.com/lifeofskips/status/1540934072007925761,,,1,https://pbs.twimg.com/media/FWJ_Xu-aAAEGpQD.jpg,Bangalore,,,,,,"{'user_id': None, 'username': None}",,,,
1541020115453775873,1541020115453775873,2022-06-26 06:26:40 CDT,2022-06-26,06:26:40,-0500,1505146885484720136,bankerpoet,Deep Tripathi,,"Please bless my younger brother on his 19th birthday. It also happens to be my parent’s anniversary. Yes, my brother was born on the exact date when my parents got married. What timing! 😁

We participated in the Ayush homa. Thanks to @Vaidicpujas 
Gratitude to @SriSri https://t.co/2g5P5WVJWl",en,"['vaidicpujas', 'srisri']",[],[],2,0,7,[],[],https://twitter.com/bankerpoet/status/1541020115453775873,,,1,https://pbs.twimg.com/ext_tw_video_thumb/1541019972612538370/pu/img/K9i4RaJebpxbwMam.jpg,Bangalore,,,,,,"{'user_id': None, 'username': None}",,,,
1541093242883624961,1541093242883624961,2022-06-26 11:17:15 CDT,2022-06-26,11:17:15,-0500,81078951,azadsk,संजय कु आज़ाद {Sanjay Kr.Azad},,"After the arrest of @INCIndia Popet  #TeestaSetalvad,
I hope that #RanaAyyub is next !
When three #MeLoard number......!!
#gujaratriots2002 
#TeestaSetalvadArrested https://t.co/AD7fb4TYsL",en,['incindia'],[],['https://pbs.twimg.com/media/FWMQIwuUIAAYhlX.jpg'],0,2,11,"['teestasetalvad', 'ranaayyub', 'meloard', 'gujaratriots2002', 'teestasetalvadarrested']",[],https://twitter.com/azadsk/status/1541093242883624961,,,1,https://pbs.twimg.com/media/FWMQIwuUIAAYhlX.jpg,Bangalore,,,,,,"{'user_id': None, 'username': None}",,,,
1541099640077971457,1541092266185457665,2022-06-26 11:42:41 CDT,2022-06-26,11:42:41,-0500,2531984202,paramapc,Param,,@arvindgunasekar What was this? https://t.co/Cn0M4XOyQf,en,['arvindgunasekar'],[],['https://pbs.twimg.com/media/FWMV9HUVUAA8AQq.jpg'],0,3,3,[],[],https://twitter.com/paramapc/status/1541099640077971457,,,1,https://pbs.twimg.com/media/FWMV9HUVUAA8AQq.jpg,Bangalore,,,,,,"{'user_id': '112709207', 'username': 'arvindgunasekar'}",,,,
1541116266605604864,1541116266605604864,2022-06-26 12:48:45 CDT,2022-06-26,12:48:45,-0500,2195391679,nimmamukund,Mukund Gowda,,"This is not normal.
Lady could've worked under roof
Child should've been in school
. https://t.co/6O1LmxjHhP",en,[],[],['https://pbs.twimg.com/media/FWMlE66akAE5QNy.jpg'],2,3,15,[],[],https://twitter.com/nimmamukund/status/1541116266605604864,,,1,https://pbs.twimg.com/media/FWMlE66akAE5QNy.jpg,Bangalore,,,,,,"{'user_id': None, 'username': None}",,,,
1541092643874414597,1541092643874414597,2022-06-26 11:14:53 CDT,2022-06-26,11:14:53,-0500,2574954296,reetikagarwal,Reetik Agarwal,,Why do I have so many furniture apps in my phone? 🥲 https://t.co/BBFl7FDq1l,en,[],[],['https://pbs.twimg.com/media/FWMPlo7akAAaGtU.jpg'],1,0,9,[],[],https://twitter.com/ReetikAgarwal/status/1541092643874414597,,,1,https://pbs.twimg.com/media/FWMPlo7akAAaGtU.jpg,Bangalore,,,,,,"{'user_id': None, 'username': None}",,,,
1541143372278075393,1541143372278075393,2022-06-26 14:36:27 CDT,2022-06-26,14:36:27,-0500,823550831387676673,anantpande28,Dr. Anant Pande,,Most intelligent of all species @ThatSteveSack https://t.co/vzs1QHtBMp,en,['thatstevesack'],[],['https://pbs.twimg.com/media/FWM9um2UUAApMaM.jpg'],0,1,5,[],[],https://twitter.com/AnantPande28/status/1541143372278075393,,,1,https://pbs.twimg.com/media/FWM9um2UUAApMaM.jpg,Bangalore,,,,,,"{'user_id': None, 'username': None}",,,,
1541091162278494208,1541091162278494208,2022-06-26 11:08:59 CDT,2022-06-26,11:08:59,-0500,1453897446849847298,baglanayantara,Nayantara Menon Bagla,,"Gills. The queendom of fungi is a world i am increasingly fascinated by. 
Seen here the simple Oyster Mushroom 
#mycology https://t.co/gKRit4WQr8",en,[],[],['https://pbs.twimg.com/media/FWMOPmdaIAEg1hv.jpg'],0,0,4,['mycology'],[],https://twitter.com/BaglaNayantara/status/1541091162278494208,,,1,https://pbs.twimg.com/media/FWMOPmdaIAEg1hv.jpg,Bangalore,,,,,,"{'user_id': None, 'username': None}",,,,
1541022097228435456,1541022097228435456,2022-06-26 06:34:33 CDT,2022-06-26,06:34:33,-0500,100327232,raajleo,Raaj Holalkere Bharadwaj ( My #RealGotra),,"Behind beautification of walls this is the kinda #Hardwork goes which most of us DONOT acknowledge or appreciate 
Itz not just Architect Itz also these workers 
Itz not just Designer Itz also those Tailors, Cutters &amp; Pattern Makers 
Are responsible 
#Respect 
#Salutes https://t.co/1klrZnj44X",en,[],[],['https://pbs.twimg.com/media/FWLPbPoUAAEdh3o.jpg'],0,0,3,"['hardwork', 'respect', 'salutes']",[],https://twitter.com/raajleo/status/1541022097228435456,,,1,https://pbs.twimg.com/media/FWLPbPoUAAEdh3o.jpg,Bangalore,,,,,,"{'user_id': None, 'username': None}",,,,
1541096028018880512,1541096028018880512,2022-06-26 11:28:19 CDT,2022-06-26,11:28:19,-0500,1401607245603827715,brownpoints,Chaitanya ✈️,,"Putting those Amex Taj vouchers to some good use. Everything in Bangalore is so expensive. 🥲

I am looking for good restaurant recommendations. https://t.co/HfCtsW1urU",en,[],[],['https://pbs.twimg.com/media/FWMSqlOaUAAHgG1.jpg'],7,0,38,[],[],https://twitter.com/BrownPoints/status/1541096028018880512,,,1,https://pbs.twimg.com/media/FWMSqlOaUAAHgG1.jpg,Bangalore,,,,,,"{'user_id': None, 'username': None}",,,,
1541136531158552576,1541136531158552576,2022-06-26 14:09:16 CDT,2022-06-26,14:09:16,-0500,3251354678,vpavankumar28,V PavanKumar,,"The Agnipath Scheme, which has endangered both the future of our Youth and the destiny of our Nation, has been denounced by 20 @INCIndia leaders and spokespersons in 20 cities today.

The youth's call for #AgnipathWapasLo will continue to be amplified by us. https://t.co/4K11zMeV2r",en,['incindia'],[],['https://pbs.twimg.com/media/FWM3gJtUIAAqC6x.jpg'],0,0,6,['agnipathwapaslo'],[],https://twitter.com/VPavanKumar28/status/1541136531158552576,,,1,https://pbs.twimg.com/media/FWM3gJtUIAAqC6x.jpg,Bangalore,,,,,,"{'user_id': None, 'username': None}",,,,
1541045503164420098,1541045503164420098,2022-06-26 08:07:33 CDT,2022-06-26,08:07:33,-0500,2264406211,sanjaymelsakris,Sanjay,,Master Prophecy..,en,[],[],[],0,2,5,[],[],https://twitter.com/SanjayMelsakriS/status/1541045503164420098,,https://twitter.com/PolitiCrooks/status/1537828958569320449,0,,Bangalore,,,,,,"{'user_id': None, 'username': None}",,,,
1541058628836524032,1541058628836524032,2022-06-26 08:59:43 CDT,2022-06-26,08:59:43,-0500,456275293,iammtb,Mehthab aL hasan,,"Location : Marathahalli OuterRing Road
Time : 4:24 PM
Pillion rider (police official) not wearing helmet.
Is there any special rules for them? @blrcitytraffic https://t.co/LF3hc8zLl4",en,['blrcitytraffic'],[],['https://pbs.twimg.com/media/FWLwo-KagAEH-qX.jpg'],4,3,16,[],[],https://twitter.com/iammtb/status/1541058628836524032,,,1,https://pbs.twimg.com/media/FWLwo-KagAEH-qX.jpg,Bangalore,,,,,,"{'user_id': None, 'username': None}",,,,
1541048135996174336,1539122526969896964,2022-06-26 08:18:01 CDT,2022-06-26,08:18:01,-0500,1533794118513528832,ananthabhat13,Anantha Bhat,,@crea_bea_5 @RobVan_Doesburg This is the photo of Ramanathi Temple  Goa https://t.co/mIDRWir0iq,en,"['crea_bea_5', 'robvan_doesburg']",[],['https://pbs.twimg.com/media/FWLnHLyUYAAX6SC.jpg'],2,1,2,[],[],https://twitter.com/AnanthaBhat13/status/1541048135996174336,,,1,https://pbs.twimg.com/media/FWLnHLyUYAAX6SC.jpg,Bangalore,,,,,,"{'user_id': '3401259303', 'username': 'crea_bea_5'}",,,,
1541101402671534087,1541101402671534087,2022-06-26 11:49:41 CDT,2022-06-26,11:49:41,-0500,48060951,nolanentreeo,Nolan Pinto,,"An interesting discussion on what it takes to become an entrepreneur. Thank you @dhruv_jatti for organizing this, very informative. https://t.co/BFN0KE0Mfd",en,['dhruv_jatti'],[],['https://pbs.twimg.com/media/FWMXir-XkAM4Vxs.jpg'],2,3,15,[],[],https://twitter.com/nolanentreeo/status/1541101402671534087,,,1,https://pbs.twimg.com/media/FWMXir-XkAM4Vxs.jpg,Bangalore,,,,,,"{'user_id': None, 'username': None}",,,,
1541094986313125889,1541094986313125889,2022-06-26 11:24:11 CDT,2022-06-26,11:24:11,-0500,1160714787220672517,peakyblinder077,Heisenberg,,Thank you @Mirchi9  revived the voucher,en,['mirchi9'],[],[],0,2,25,[],[],https://twitter.com/peakyblinder077/status/1541094986313125889,,https://twitter.com/Mirchi9/status/1540382566691115008,0,,Bangalore,,,,,,"{'user_id': None, 'username': None}",,,,
1541043730337017856,1541043730337017856,2022-06-26 08:00:31 CDT,2022-06-26,08:00:31,-0500,1309763783510822914,dr_veeprakash,dr_vee,,Spent the entire day lounging and chatting with mom. Had some great food. Watched shit bollywood movies. The best kind of #Sundays,en,[],[],[],2,0,51,['sundays'],[],https://twitter.com/dr_veeprakash/status/1541043730337017856,,,0,,Bangalore,,,,,,"{'user_id': None, 'username': None}",,,,
1541056671765520385,1541056671765520385,2022-06-26 08:51:56 CDT,2022-06-26,08:51:56,-0500,1401607245603827715,brownpoints,Chaitanya ✈️,,Decent meal (hummus could be better) and friendly staff onboard UK817. I’ll have to change my onward flight because they will likely swap it with an A320neo as well. https://t.co/0eFMMYmVji,en,[],[],['https://pbs.twimg.com/media/FWLu1EeaUAAAUXP.jpg'],2,0,6,[],[],https://twitter.com/BrownPoints/status/1541056671765520385,,https://twitter.com/BrownPoints/status/1541010292574126080,1,https://pbs.twimg.com/media/FWLu1EeaUAAAUXP.jpg,Bangalore,,,,,,"{'user_id': None, 'username': None}",,,,
1541065333615693825,1541065333615693825,2022-06-26 09:26:21 CDT,2022-06-26,09:26:21,-0500,277002126,theahmedshariff,Ahmed Shariff 🇮🇳,,Amazing show for BMS College with @DrJagdishChatur https://t.co/1nNWCHpZNl,en,['drjagdishchatur'],[],['https://pbs.twimg.com/media/FWL2v_caIAAIurh.jpg'],1,2,50,[],[],https://twitter.com/TheAhmedShariff/status/1541065333615693825,,,1,https://pbs.twimg.com/media/FWL2v_caIAAIurh.jpg,Bangalore,,,,,,"{'user_id': None, 'username': None}",,,,
1541099935294431232,1541075587904589826,2022-06-26 11:43:51 CDT,2022-06-26,11:43:51,-0500,951689171139141632,jashpreett,Jashpreet Malhotra,,"Work hard, party harderrr.. https://t.co/ELKgWYFFCU",en,[],[],['https://pbs.twimg.com/media/FWMWOVQaUAA-iKC.jpg'],1,0,2,[],[],https://twitter.com/jashpreett/status/1541099935294431232,,,1,https://pbs.twimg.com/media/FWMWOVQaUAA-iKC.jpg,Bangalore,,,,,,"{'user_id': '951689171139141632', 'username': 'jashpreett'}",,,,
1541190070236872704,1541190070236872704,2022-06-26 17:42:01 CDT,2022-06-26,17:42:01,-0500,2517820789,csoumya21,Soumya Chatterjee,,Pls break the bank and give him what he wants. Financial discipline is good but exceptions have robbe made. There is no 2nd @MoSalah #salah #LiverpoolFC https://t.co/uC7tc6C8Jd,en,['mosalah'],[],['https://pbs.twimg.com/media/FWNoM2magAAvI5p.jpg'],0,0,3,"['salah', 'liverpoolfc']",[],https://twitter.com/Csoumya21/status/1541190070236872704,,,1,https://pbs.twimg.com/media/FWNoM2magAAvI5p.jpg,Bangalore,,,,,,"{'user_id': None, 'username': None}",,,,
1541114498508918789,1541114498508918789,2022-06-26 12:41:43 CDT,2022-06-26,12:41:43,-0500,1207708520902037506,lucifer_x007,Manish Sharma 📊,,Talkative and playful girl ❤️ Shaant and chill guy,en,[],[],[],0,1,10,[],[],https://twitter.com/lucifer_x007/status/1541114498508918789,,,0,,Bangalore,,,,,,"{'user_id': None, 'username': None}",,,,
1541078568104771584,1541072577560559617,2022-06-26 10:18:57 CDT,2022-06-26,10:18:57,-0500,154482976,mahadevanrajesh,sukajeevanam 🇮🇳,,"@PChidambaram_IN What is Priya ka doing in UP??
No accountability https://t.co/anEgQyN3LL",en,['pchidambaram_in'],[],['https://pbs.twimg.com/media/FWMCyibaQAAC4in.jpg'],0,0,3,[],[],https://twitter.com/mahadevanrajesh/status/1541078568104771584,,,1,https://pbs.twimg.com/media/FWMCyibaQAAC4in.jpg,Bangalore,,,,,,"{'user_id': '3097503906', 'username': 'PChidambaram_IN'}",,,,
1540953041666420736,1540953041666420736,2022-06-26 02:00:09 CDT,2022-06-26,02:00:09,-0500,14826955,asxna,Abhimanyu Saxena,,"Why tf so many people doing pilgrimage to IKEA? 
Power of brand or broken supply demand in home furnishings?",en,[],[],[],15,1,51,[],[],https://twitter.com/asxna/status/1540953041666420736,,,0,,Bangalore,,,,,,"{'user_id': None, 'username': None}",,,,
1541040865199632384,1541040865199632384,2022-06-26 07:49:08 CDT,2022-06-26,07:49:08,-0500,1258584332295266304,ravicdasgupta1,Ravi C Dasgupta,,He is an ignorant clown like all the BJP ministers. Remember his Einstein discovered gravity moment ?,en,[],[],[],1,2,5,[],[],https://twitter.com/RaviCDasgupta1/status/1541040865199632384,,https://twitter.com/sreenshri/status/1540916923440979968,0,,Bangalore,,,,,,"{'user_id': None, 'username': None}",,,,
1541108490097242112,1541108490097242112,2022-06-26 12:17:51 CDT,2022-06-26,12:17:51,-0500,4538566158,srk_bangalore,SHAH RUKH KHAN FAN ASSOCIATION,,"Thank you @iamsrk sir for always entertaining us, inspiring us &amp; spreading love happiness in all our lives just by your name &amp; presence 
We All Love you a lot Sir Dil se🥰
Stay healthy &amp; Keep Rocking with all your energetic madness. 
Pathaan Jawan &amp; Dunki will all rock in 2023 🔥",en,['iamsrk'],[],[],4,21,51,[],[],https://twitter.com/Srk_bangalore/status/1541108490097242112,,https://twitter.com/iamsrk/status/1541085737549979648,0,,Bangalore,,,,,,"{'user_id': None, 'username': None}",,,,
1541164659453358081,1541164659453358081,2022-06-26 16:01:02 CDT,2022-06-26,16:01:02,-0500,814904340448215040,thatstanishk,tanishk?,,"#BREAKING: according to @tony_diver, the charity commission will examine prince charles' acceptance of the one million euro in cash.x",en,['tony_diver'],[],[],0,2,2,['breaking'],[],https://twitter.com/ThatsTanishk/status/1541164659453358081,,https://twitter.com/ThatsTanishk/status/1541104071423078400,0,,Bangalore,,,,,,"{'user_id': None, 'username': None}",,,,
1541077724944445440,1541077724944445440,2022-06-26 10:15:36 CDT,2022-06-26,10:15:36,-0500,572349662,slomo_sapiens,Jag,,Timeline is full of wholesome pictures from #ChennaiPride 🥹,en,[],[],[],0,0,3,['chennaipride'],[],https://twitter.com/slomo_sapiens/status/1541077724944445440,,,0,,Bangalore,,,,,,"{'user_id': None, 'username': None}",,,,
1541144532086951938,1541144532086951938,2022-06-26 14:41:04 CDT,2022-06-26,14:41:04,-0500,100958474,vignesh__cv,Vignesh Kumar,,"These fans sitting close to the camera and their chants😂😂
#IREvIND",en,[],[],[],1,0,4,['irevind'],[],https://twitter.com/Vignesh__CV/status/1541144532086951938,,,0,,Bangalore,,,,,,"{'user_id': None, 'username': None}",,,,
1540929666177204224,1540929666177204224,2022-06-26 00:27:16 CDT,2022-06-26,00:27:16,-0500,2386980170,cricguy18,Jersey 18 ❤️,,Peach of a Jaffa by Starc🔥,en,[],[],[],0,0,2,[],[],https://twitter.com/cricguy18/status/1540929666177204224,,https://twitter.com/ESPNcricinfo/status/1540757968592855043,0,,Bangalore,,,,,,"{'user_id': None, 'username': None}",,,,
1541006680468598784,1541006680468598784,2022-06-26 05:33:17 CDT,2022-06-26,05:33:17,-0500,1243210597040140288,kaashvisaxena,Kaashvi Saxena,,what a day💪 my cab driver called and asked me to not cancel. the peak blr curse is broken or what😭😂,en,[],[],[],15,1,190,[],[],https://twitter.com/kaashvisaxena/status/1541006680468598784,,,0,,Bangalore,,,,,,"{'user_id': None, 'username': None}",,,,
1541028040741818370,1541028040741818370,2022-06-26 06:58:10 CDT,2022-06-26,06:58:10,-0500,733701812050624514,co0kiee__,Swethima Nair,,"If BJP comes into power in #Maharshtra, the credit should be given to one man @Dev_Fadnavis !",en,['dev_fadnavis'],[],[],0,0,2,['maharshtra'],[],https://twitter.com/Co0kiee__/status/1541028040741818370,,,0,,Bangalore,,,,,,"{'user_id': None, 'username': None}",,,,
1541115297058369538,492288363957723136,2022-06-26 12:44:54 CDT,2022-06-26,12:44:54,-0500,55608836,ajayacharya,Ajay Acharya 🇮🇳 ಅಜೆಯ್ ಆಚಾರ್ಯ🚩,,@DrAMSinghvi So you are saying the same tomorrow in SC?,en,['dramsinghvi'],[],[],2,16,123,[],[],https://twitter.com/ajayacharya/status/1541115297058369538,,,0,,Bangalore,,,,,,"{'user_id': '140047339', 'username': 'DrAMSinghvi'}",,,,
1541080266231255040,1541080266231255040,2022-06-26 10:25:42 CDT,2022-06-26,10:25:42,-0500,1135934062390964224,shrikthefreak,Shrikanth Das 🎃,,she’s a 9 and i’m the 1 she needs,en,[],[],[],1,0,11,[],[],https://twitter.com/shrikthefreak/status/1541080266231255040,,,0,,Bangalore,,,,,,"{'user_id': None, 'username': None}",,,,
1541114443068690434,1541114443068690434,2022-06-26 12:41:30 CDT,2022-06-26,12:41:30,-0500,1267551778007953408,sharma_opines,Akash 🐰🐱,,11:11 = Justice for Sanju Vishwanath Samson,en,[],[],[],1,0,3,[],[],https://twitter.com/Sharma_opines/status/1541114443068690434,,,0,,Bangalore,,,,,,"{'user_id': None, 'username': None}",,,,
1541124389692899328,1541124389692899328,2022-06-26 13:21:01 CDT,2022-06-26,13:21:01,-0500,1150757694,rajanmani86,Rajan Mani,,Pure Gratitude 👌🏽,en,[],[],[],0,0,2,[],[],https://twitter.com/rajanmani86/status/1541124389692899328,,https://twitter.com/UPYOURARSENAL04/status/1540813203613032453,0,,Bangalore,,,,,,"{'user_id': None, 'username': None}",,,,
1540998620689727488,1540998620689727488,2022-06-26 05:01:16 CDT,2022-06-26,05:01:16,-0500,1170992267508633600,shriyzi,Shriya P,,Yesterday i drunk booked a cab from the club to my office instead of my home 🫠,en,[],[],[],1,0,8,[],[],https://twitter.com/Shriyzi/status/1540998620689727488,,,0,,Bangalore,,,,,,"{'user_id': None, 'username': None}",,,,
1541137730930847745,1541137730930847745,2022-06-26 14:14:02 CDT,2022-06-26,14:14:02,-0500,1348656190918520834,neha__23,Neha,,"Dude i literally travelled today from Electronic City to Vidyarthi bhawan, just to know that it gets close at 8 pm. Wtf 😭",en,[],[],[],1,0,13,[],[],https://twitter.com/neha__23/status/1541137730930847745,,,0,,Bangalore,,,,,,"{'user_id': None, 'username': None}",,,,
1541090971538305024,1541090971538305024,2022-06-26 11:08:14 CDT,2022-06-26,11:08:14,-0500,79752693,thewildaperture,Sanjay K Kumar,,Lord Venky has arrived in the form IKEA in Bangalore.,en,[],[],[],0,0,2,[],[],https://twitter.com/thewildaperture/status/1541090971538305024,,https://twitter.com/deepakmajipatil/status/1541039308169064450,0,,Bangalore,,,,,,"{'user_id': None, 'username': None}",,,,
1541102780802248705,1541102780802248705,2022-06-26 11:55:09 CDT,2022-06-26,11:55:09,-0500,1309763783510822914,dr_veeprakash,dr_vee,,"If there is any news channel worth watching anymore, it has to be @WIONews. Quality news. No nonsense.",en,['wionews'],[],[],26,11,168,[],[],https://twitter.com/dr_veeprakash/status/1541102780802248705,,,0,,Bangalore,,,,,,"{'user_id': None, 'username': None}",,,,
1541134065470177280,1541134065470177280,2022-06-26 13:59:28 CDT,2022-06-26,13:59:28,-0500,1269608198329085952,vipul_sharma04,Vipul Sharma,,I use twitter bcoz i can't afford to buy a diary...😓,en,[],[],[],1,0,3,[],[],https://twitter.com/vipul_sharma04/status/1541134065470177280,,https://twitter.com/Ankitaanku076/status/1541058606397014016,0,,Bangalore,,,,,,"{'user_id': None, 'username': None}",,,,
1541028085578866688,1541028085578866688,2022-06-26 06:58:21 CDT,2022-06-26,06:58:21,-0500,1085098240708554754,_lakshh,✧ℓαкѕн✧🐺,,just had the best nap wtf- 😭✋🏻,en,[],[],[],0,0,5,[],[],https://twitter.com/_lakshh/status/1541028085578866688,,,0,,Bangalore,,,,,,"{'user_id': None, 'username': None}",,,,
1541156051554164736,1541156051554164736,2022-06-26 15:26:50 CDT,2022-06-26,15:26:50,-0500,924126912548499456,aanchaling,Aanchal Khandelwal 🐢,,"Those stairs, lead to nowhere 👀🤷🏻‍♀️
I hope that's an illusion.",en,[],[],[],1,0,5,[],[],https://twitter.com/aanchaling/status/1541156051554164736,,https://twitter.com/ankitkr0/status/1540964158820478978,0,,Bangalore,,,,,,"{'user_id': None, 'username': None}",,,,
1541094059221012481,1541094059221012481,2022-06-26 11:20:30 CDT,2022-06-26,11:20:30,-0500,1223293218084638720,vivekkamisetti,Vivek Kamisetti,,"Does bad decision making while playing sports haunt you? That pass you could've played, that shot you could've taken, that drop instead of a smash, an injury you could've avoided?",en,[],[],[],0,0,4,[],[],https://twitter.com/VivekKamisetti/status/1541094059221012481,,,0,,Bangalore,,,,,,"{'user_id': None, 'username': None}",,,,
1541111008638291968,1541111008638291968,2022-06-26 12:27:51 CDT,2022-06-26,12:27:51,-0500,2286417703,blrrocks,ತರ್ಲೆ 𝗧𝗵𝗶𝗺𝗺𝗮,,"Thank you @vijnad for the Twitter spaces with @Nimmabhaskar22 sir. It was a holistic discussion with a focus on engaging youth in politics, which is sort of untapped today (at times abused).
Sir @Nimmabhaskar22 we  need to hear you speak more about local issues in #Kannada!",en,"['vijnad', 'nimmabhaskar22', 'nimmabhaskar22']",[],[],0,2,6,['kannada'],[],https://twitter.com/BLRrocKS/status/1541111008638291968,,,0,,Bangalore,,,,,,"{'user_id': None, 'username': None}",,,,
1541103742044348416,1541103742044348416,2022-06-26 11:58:59 CDT,2022-06-26,11:58:59,-0500,1267551778007953408,sharma_opines,Akash 🐰🐱,,If Sanju Samson doesn't get a chance in playing 11 next match i wont watch any matches further 💔🥹,en,[],[],[],1,0,2,[],[],https://twitter.com/Sharma_opines/status/1541103742044348416,,,0,,Bangalore,,,,,,"{'user_id': None, 'username': None}",,,,
1541081492134146049,1541081492134146049,2022-06-26 10:30:34 CDT,2022-06-26,10:30:34,-0500,753236781374504960,simar_psy,Simar Sethi,,"As usual socha tha yeh act jayenge radiant , ascendant pe jhul rha hun wbu guys?",en,[],[],[],30,1,349,[],[],https://twitter.com/simar_psy/status/1541081492134146049,,,0,,Bangalore,,,,,,"{'user_id': None, 'username': None}",,,,
1541128189983870977,1541128189983870977,2022-06-26 13:36:07 CDT,2022-06-26,13:36:07,-0500,1269608198329085952,vipul_sharma04,Vipul Sharma,,I'm marwari by ethnicity &amp; culture and bangalorian by region (Dil),en,[],[],[],1,0,3,[],[],https://twitter.com/vipul_sharma04/status/1541128189983870977,,https://twitter.com/iyuc_jain/status/1540710124397834240,0,,Bangalore,,,,,,"{'user_id': None, 'username': None}",,,,
1541153883220635648,1541153883220635648,2022-06-26 15:18:13 CDT,2022-06-26,15:18:13,-0500,15300013,djasif,Mohammed Asif,,"Nce chit chat
It was fun interacting with @techstarsrk
@SalimBabaTech
https://t.co/UNVdPknA3Y",en,"['techstarsrk', 'salimbabatech']",['https://twitter.com/i/spaces/1yNGaYBbyrDGj'],[],0,0,2,[],[],https://twitter.com/djasif/status/1541153883220635648,,,0,,Bangalore,,,,,,"{'user_id': None, 'username': None}",,,,
1541141945254219776,1541141945254219776,2022-06-26 14:30:47 CDT,2022-06-26,14:30:47,-0500,18978035,harusha,Harsha Bharadhwaj,,"Wordle 373 4/6
GN @1GingerTea, @sshastry_c
⬛⬛🟩🟨🟨
🟨⬛🟩🟩⬛
⬛🟩🟩🟩🟩
🟩🟩🟩🟩🟩",en,"['1gingertea', 'sshastry_c']",[],[],0,0,1,[],[],https://twitter.com/harusha/status/1541141945254219776,,,0,,Bangalore,,,,,,"{'user_id': None, 'username': None}",,,,
1541053475815010306,1541053475815010306,2022-06-26 08:39:14 CDT,2022-06-26,08:39:14,-0500,737093264126279680,gautamdesiraju,Gautam R. Desiraju🇮🇳,,"A tour-de-force into phenol acid salts, and in the context of modern pharmaceutical chemistry of solid forms.

It's not easy to obtain simple anhydrous salts of phenols as solids. This article shows why acid salts are stable.

👍🏽",en,[],[],[],0,0,8,[],[],https://twitter.com/GautamDesiraju/status/1541053475815010306,,https://twitter.com/ZGroupUL/status/1539505891539574785,0,,Bangalore,,,,,,"{'user_id': None, 'username': None}",,,,
1541082096407441409,1540928358602919936,2022-06-26 10:32:58 CDT,2022-06-26,10:32:58,-0500,2887565550,krmanja123,K.R.MANJUNATH,,"@prettypadmaja @JhaSanjay Maharashtra - Gone
Rajasthan - Going
C'garh - Going
Lok sabha 2024 - 25 seats max.

Why should Italian Khangress party be recognised as a National party after 2024 ?",en,"['prettypadmaja', 'jhasanjay']",[],[],3,6,39,[],[],https://twitter.com/krmanja123/status/1541082096407441409,,,0,,Bangalore,,,,,,"{'user_id': '101353745', 'username': 'prettypadmaja'}",,,,
1541101940246839296,1541101940246839296,2022-06-26 11:51:49 CDT,2022-06-26,11:51:49,-0500,317672061,iamrudramurthy,CA.Rudramurthy BV,,"What happened to Bears.. 
I Have good longs in futures..
Going to Gokarna, SHIVA Darshan on monthly Shivaratri day..
Take care of markets tmrw..
Any of my fans from Gokarna and any nearby must visit place???
Also should be back to Bangalore by Tuesday morning..
Hara Hara Mahadev.",en,[],[],[],7,5,90,[],[],https://twitter.com/iamrudramurthy/status/1541101940246839296,,https://twitter.com/iamrudramurthy/status/1539833698987548672,0,,Bangalore,,,,,,"{'user_id': None, 'username': None}",,,,
1541112291826884610,1540944312682151936,2022-06-26 12:32:57 CDT,2022-06-26,12:32:57,-0500,1069019616452767745,mytweettrends,தலைவன் ஒருவனே 🤘🙏,,"@Maha_Daughter Manasi super singer 8 contestant, one of ma fav singer of recent times.",en,['maha_daughter'],[],[],1,2,3,[],[],https://twitter.com/Mytweettrends/status/1541112291826884610,,,0,,Bangalore,,,,,,"{'user_id': '1288670847813574656', 'username': 'Maha_Daughter'}",,,,
1541115499589042177,1345425245541339138,2022-06-26 12:45:42 CDT,2022-06-26,12:45:42,-0500,991206985587621888,nammabengaluroo,ನಮ್ಮ ಬೆಂಗಳೂರು Namma Bengaluru,,"Parama sundari of #NammaBengaluru

Walk at your own risk ⚠️",en,[],[],[],1,1,8,['nammabengaluru'],[],https://twitter.com/NammaBengaluroo/status/1541115499589042177,,https://twitter.com/anil_lulla/status/1541082789428498432,0,,Bangalore,,,,,,"{'user_id': '991206985587621888', 'username': 'NammaBengaluroo'}",,,,
1541091480550354944,1541035832034729984,2022-06-26 11:10:15 CDT,2022-06-26,11:10:15,-0500,1238264130919792640,dilip_aisiri,Aisiri Dilip,,@flybalafly Starting engineering with 0 mental strength. Idk if I'll make it till the end. Give tips.,en,['flybalafly'],[],[],1,1,51,[],[],https://twitter.com/dilip_aisiri/status/1541091480550354944,,,0,,Bangalore,,,,,,"{'user_id': '2919722605', 'username': 'flybalafly'}",,,,
1541119612175392768,1541119342389198849,2022-06-26 13:02:02 CDT,2022-06-26,13:02:02,-0500,394829199,virat_kolly,chase_π,,@Reuters Which they can't achieve.,en,['reuters'],[],[],4,0,54,[],[],https://twitter.com/virat_kolly/status/1541119612175392768,,,0,,Bangalore,,,,,,"{'user_id': '1652541', 'username': 'Reuters'}",,,,
1541107662380621824,1541071421274587136,2022-06-26 12:14:33 CDT,2022-06-26,12:14:33,-0500,1275451700673830914,_easternreport,The Eastern Report,,"@Pratham86718126 @anujdhar @chandrachurg @ProfKapilKumar @MythicSociety @MissionNetaji @NammaBengaluroo @captsanthoshkc @east_bengaluru @Pushpendraamu @mithilesh_k It’s Hoysala Emblem. Also the logo of @MythicSociety.
The figure representing young Sala, the founder of Hoysala dynasty attacking the tiger. It can be seen in almost every temple built by the Hoysalas.",en,"['pratham86718126', 'anujdhar', 'chandrachurg', 'profkapilkumar', 'mythicsociety', 'missionnetaji', 'nammabengaluroo', 'captsanthoshkc', 'east_bengaluru', 'pushpendraamu', 'mithilesh_k', 'mythicsociety']",[],[],1,1,5,[],[],https://twitter.com/_EasternReport/status/1541107662380621824,,,0,,Bangalore,,,,,,"{'user_id': '1334809117819502592', 'username': 'Pratham86718126'}",,,,
1541152686066008064,1540959556020232192,2022-06-26 15:13:28 CDT,2022-06-26,15:13:28,-0500,15300013,djasif,Mohammed Asif,,"@imDineshPaasala @RedmiIndia @RoyNeelanjan @GarvitaSadhwani @XiaomiIndia That's scary as ***k 

Nice details though!!!",en,"['imdineshpaasala', 'redmiindia', 'royneelanjan', 'garvitasadhwani', 'xiaomiindia']",[],[],1,0,3,[],[],https://twitter.com/djasif/status/1541152686066008064,,,0,,Bangalore,,,,,,"{'user_id': '4566252972', 'username': 'imDineshPaasala'}",,,,
1540955672946167808,1540955672946167808,2022-06-26 02:10:36 CDT,2022-06-26,02:10:36,-0500,522343425,urmila92531581,Urmila Chanam,,"My second Malayalam (language in Kerala) film Forensic was as insightful as the first one, The Indian Kitchen. The eye opening fact that we are often biased in terms of gender, economic status, ethinicity, faith and ""age"" when it comes to pursuing a criminal on the run.",en,[],[],[],0,0,6,[],[],https://twitter.com/Urmila92531581/status/1540955672946167808,,,0,,Bangalore,,,,,,"{'user_id': None, 'username': None}",,,,
1541059187303583744,1541056461228322816,2022-06-26 09:01:56 CDT,2022-06-26,09:01:56,-0500,14927055,viveknshah,ವಿವೇಕ್ ನಿರ್ಮಲ್ ಶಾಹ,,"With the resurgent @bengalurufc making soccer mainstream , the youth of Jogupalya can look up with rendered hope of a big platform to showcase their passion and talent. 

#NammaBengaluruWalk",en,['bengalurufc'],[],[],0,0,8,['nammabengaluruwalk'],[],https://twitter.com/viveknshah/status/1541059187303583744,,,0,,Bangalore,,,,,,"{'user_id': '14927055', 'username': 'viveknshah'}",,,,
1541065787548397569,1541060353400127489,2022-06-26 09:28:10 CDT,2022-06-26,09:28:10,-0500,14161761,pvprakash,P.V.Prakash,,@dhempe @riaangeorge @saminda_perera @tourismlk @plus530 @TechButthead @pradeepr1981 @PrianthaF @parnashree19 @manjulika5 Wah! I'm running out of excuses to stop planning my #visitsrilanka trip.,en,"['dhempe', 'riaangeorge', 'saminda_perera', 'tourismlk', 'plus530', 'techbutthead', 'pradeepr1981', 'prianthaf', 'parnashree19', 'manjulika5']",[],[],0,0,7,['visitsrilanka'],[],https://twitter.com/pvprakash/status/1541065787548397569,,,0,,Bangalore,,,,,,"{'user_id': '6497652', 'username': 'dhempe'}",,,,
1541108808440680448,1540947485002039297,2022-06-26 12:19:07 CDT,2022-06-26,12:19:07,-0500,1038698866164617219,shakuntala_b,Shakuntala.B,,@HariniRayasam @desi_thug1 @ramapriya1989 @GirishArvind1 @VertigoWarrior @ajaathashatru Really great  our  sanatan  darma👍🙏,en,"['harinirayasam', 'desi_thug1', 'ramapriya1989', 'girisharvind1', 'vertigowarrior', 'ajaathashatru']",[],[],0,0,4,[],[],https://twitter.com/shakuntala_b/status/1541108808440680448,,,0,,Bangalore,,,,,,"{'user_id': '910531180004466688', 'username': 'HariniRayasam'}",,,,
1541117608618913792,1541116078545203200,2022-06-26 12:54:05 CDT,2022-06-26,12:54:05,-0500,94974649,eshwarvs,Eshwar Vemala,,"@abidsensibull Absolutely sir, very well said. People don't realize the capital of the person who is posting the screenshot of P&amp;L. A lot of youngsters are falling into this trap of trading as career and they want quick money. This should not be happening",en,['abidsensibull'],[],[],0,0,3,[],[],https://twitter.com/eshwarvs/status/1541117608618913792,,,0,,Bangalore,,,,,,"{'user_id': '96374557', 'username': 'abidsensibull'}",,,,
1541050722623430656,1540949061896835072,2022-06-26 08:28:18 CDT,2022-06-26,08:28:18,-0500,2261653640,biradarsangam,Sangam Biradar,,@Rudrakshi09 Still I’m going to pick you @vedantstwt ! Don’t worry 😉 😌 will go for morning Mani’s hoskote biryani at 5 am 😜,en,"['rudrakshi09', 'vedantstwt']",[],[],1,0,4,[],[],https://twitter.com/BiradarSangam/status/1541050722623430656,,,0,,Bangalore,,,,,,"{'user_id': '1205764813684523009', 'username': 'Rudrakshi09'}",,,,
1541092784006123520,1541004777764446208,2022-06-26 11:15:26 CDT,2022-06-26,11:15:26,-0500,1245684683343446022,haddi_ka_doctor,Suman Byregowda,,@abhinavprakash5 @isoelectriceeg Congratulations for your maiden 💯. I am not a pro but happy to help anytime 🙏,en,"['abhinavprakash5', 'isoelectriceeg']",[],[],1,0,2,[],[],https://twitter.com/Haddi_Ka_Doctor/status/1541092784006123520,,,0,,Bangalore,,,,,,"{'user_id': '280546441', 'username': 'abhinavprakash5'}",,,,
1541141458198990848,1541141450628268032,2022-06-26 14:28:51 CDT,2022-06-26,14:28:51,-0500,516432874,dayasagar95,Daya sagar,,"Last but not the least, here is a conversation with chandu sir :) #ChandrakantPandit 

""People might say that I am a strict, or khadoos [stubborn], but that's who I am. I don't really care too much about what people think or say about me.""

https://t.co/kOy9DNgJGt",en,[],['https://www.espncricinfo.com/story/ranji-trophy-2021-22-with-chandrakant-pandit-in-charge-madhya-pradesh-players-have-no-time-to-rest-before-semi-final-1319291'],[],0,1,4,['chandrakantpandit'],[],https://twitter.com/DayaSagar95/status/1541141458198990848,,,0,,Bangalore,,,,,,"{'user_id': '516432874', 'username': 'DayaSagar95'}",,,,
1541114507346358272,1541076653715075077,2022-06-26 12:41:45 CDT,2022-06-26,12:41:45,-0500,59345844,lohithchalam,Lohith K.S. Chalam #wearmask #fully 💉,,@nimishdubey Cut of the negativity. People don't think before they speak. Take care of your mom and give the best to her.,en,['nimishdubey'],[],[],1,0,3,[],[],https://twitter.com/lohithchalam/status/1541114507346358272,,,0,,Bangalore,,,,,,"{'user_id': '14524389', 'username': 'nimishdubey'}",,,,
1541058174114967554,1541056461228322816,2022-06-26 08:57:54 CDT,2022-06-26,08:57:54,-0500,14927055,viveknshah,ವಿವೇಕ್ ನಿರ್ಮಲ್ ಶಾಹ,,"Soon it became a passion and a badge of honour for the community as each household boasted of soccer prowess. Remember the name Jogupalya. The area is accessible by metro, just about a km away from the Halasuru metro station and few metres more than that if you get off at Trinity",en,[],[],[],1,0,6,[],[],https://twitter.com/viveknshah/status/1541058174114967554,,,0,,Bangalore,,,,,,"{'user_id': '14927055', 'username': 'viveknshah'}",,,,
1541057585175941121,1541056461228322816,2022-06-26 08:55:34 CDT,2022-06-26,08:55:34,-0500,14927055,viveknshah,ವಿವೇಕ್ ನಿರ್ಮಲ್ ಶಾಹ,,"Mohun bagan and East Bengal have quite a few legends who had their roots from this tiny slice of Bengaluru. 

History has it that the Gun troopers regiment of the British army would call upon the locals to fill in as extras into their 11 a side game and that's how they picked it",en,[],[],[],1,1,6,[],[],https://twitter.com/viveknshah/status/1541057585175941121,,,0,,Bangalore,,,,,,"{'user_id': '14927055', 'username': 'viveknshah'}",,,,
1541130808282324992,1541092766221946880,2022-06-26 13:46:32 CDT,2022-06-26,13:46:32,-0500,1287820237203619840,thatmelob,melo,,@zayyiina @jingaalala Especially mottapuffs.,en,"['zayyiina', 'jingaalala']",[],[],1,0,1,[],[],https://twitter.com/thatmeloB/status/1541130808282324992,,,0,,Bangalore,,,,,,"{'user_id': '1521499971052347392', 'username': 'zayyiina'}",,,,
1541074328657489920,1541046722599669760,2022-06-26 10:02:06 CDT,2022-06-26,10:02:06,-0500,1453897446849847298,baglanayantara,Nayantara Menon Bagla,,@nikhiljoisr @GoyalMalini @UnboxingBlr BCC was tailor made for Shashwat.,en,"['nikhiljoisr', 'goyalmalini', 'unboxingblr']",[],[],0,0,2,[],[],https://twitter.com/BaglaNayantara/status/1541074328657489920,,,0,,Bangalore,,,,,,"{'user_id': '160809423', 'username': 'nikhiljoisr'}",,,,
1540943857189150720,1540772872616124418,2022-06-26 01:23:39 CDT,2022-06-26,01:23:39,-0500,67835339,thebengaluruguy,Sid Jain,,"@buggeroaf Not 100% true. 
There have been so many instances during my tenure where we really liked the founder but the market was a no-go (for whatever reason).

There have been cases where Accel kept in touch with such founders.. then invested in the founder’s next gig / few years later.",en,[],[],[],0,0,3,[],[],https://twitter.com/TheBengaluruGuy/status/1540943857189150720,,,0,,Bangalore,,,,,,"{'user_id': None, 'username': None}",,,,
1541141455862788096,1541141450628268032,2022-06-26 14:28:50 CDT,2022-06-26,14:28:50,-0500,516432874,dayasagar95,Daya sagar,,"Talked to Kumar Kartikey, who is the highest wicket taker for MP in this season

https://t.co/pht5vAH4Fy",en,[],['https://www.espncricinfo.com/story/ranji-trophy-2021-22-punjab-vs-mp-high-flying-kumar-kartikeya-believes-mp-have-the-ability-to-go-all-the-way-1319065'],[],1,1,3,[],[],https://twitter.com/DayaSagar95/status/1541141455862788096,,,0,,Bangalore,,,,,,"{'user_id': '516432874', 'username': 'DayaSagar95'}",,,,
1541115195791388672,1541082789428498432,2022-06-26 12:44:29 CDT,2022-06-26,12:44:29,-0500,991206985587621888,nammabengaluroo,ನಮ್ಮ ಬೆಂಗಳೂರು Namma Bengaluru,,@anil_lulla @Rishankponnanna @Amitsen_TNIE @anantkkumar @GaneshSP47 Where is this parama sundari ?,en,"['anil_lulla', 'rishankponnanna', 'amitsen_tnie', 'anantkkumar', 'ganeshsp47']",[],[],1,0,10,[],[],https://twitter.com/NammaBengaluroo/status/1541115195791388672,,,0,,Bangalore,,,,,,"{'user_id': '96124223', 'username': 'anil_lulla'}",,,,
