id,conversation_id,created_at,date,time,timezone,user_id,username,name,place,tweet,language,mentions,urls,photos,replies_count,retweets_count,likes_count,hashtags,cashtags,link,retweet,quote_url,video,thumbnail,near,geo,source,user_rt_id,user_rt,retweet_id,reply_to,retweet_date,translate,trans_src,trans_dest
1564619660477272072,1564619660477272072,2022-08-30 09:22:50 CDT,2022-08-30,09:22:50,-0500,1217837840,pranitasubhash,Pranitha Subhash,,Making Karjukaya at home. What do you call this dish in your city ? https://t.co/ngn1NCNdKh,en,[],[],[],2509,1699,22708,[],[],https://twitter.com/pranitasubhash/status/1564619660477272072,,,1,https://pbs.twimg.com/ext_tw_video_thumb/1564619497880920066/pu/img/IsMiS2efSpzBM91b.jpg,Bangalore,,,,,,"{'user_id': None, 'username': None}",,,,
1564539734583824384,1564539734583824384,2022-08-30 04:05:15 CDT,2022-08-30,04:05:15,-0500,835392825042812928,metrosaga,MetroSaga,,"We are Ready! 🔥 #KGFChapter2 spoof 😎 Releasing on 'MetroSaga' YouTube channel. 
.
.
#KGF2 #YashBOSS𓃵 #Yash54 https://t.co/AC4wjDPGho",en,[],[],['https://pbs.twimg.com/media/FbZcl2DaUAArGtx.jpg'],13,92,277,"['kgfchapter2', 'kgf2', 'yashboss𓃵', 'yash54']",[],https://twitter.com/metrosaga/status/1564539734583824384,,,1,https://pbs.twimg.com/media/FbZcl2DaUAArGtx.jpg,Bangalore,,,,,,"{'user_id': None, 'username': None}",,,,
1564552278543310851,1564552278543310851,2022-08-30 04:55:05 CDT,2022-08-30,04:55:05,-0500,1237783365354307588,vr_sudeep,VR,,"Wallpaper Material 💥

#KicchaSudeep #VikrantRоna 
@KicchaSudeep @VikrantRona https://t.co/Mew0X6ME1f",en,"['kicchasudeep', 'vikrantrona']",[],['https://pbs.twimg.com/media/FbZoAU0akAAMkwR.jpg'],1,79,370,"['kicchasudeep', 'vikrantrоna']",[],https://twitter.com/VR_SUDEEP/status/1564552278543310851,,,1,https://pbs.twimg.com/media/FbZoAU0akAAMkwR.jpg,Bangalore,,,,,,"{'user_id': None, 'username': None}",,,,
1564602229923155969,1564602229923155969,2022-08-30 08:13:35 CDT,2022-08-30,08:13:35,-0500,835392825042812928,metrosaga,MetroSaga,,"Naan hejje ittagidey!! The Trailer is Out Now 😎🔥
👇👇
https://t.co/s64HcdZj5v
.
#KGFChapter2 spoof | #YashBOSS𓃵 #Yash54 #KGF https://t.co/DiOcFutmDW",en,[],['https://youtu.be/TFpRdGspPXM'],['https://pbs.twimg.com/media/FbaVbDHacAAxc_Q.jpg'],14,112,274,"['kgfchapter2', 'yashboss𓃵', 'yash54', 'kgf']",[],https://twitter.com/metrosaga/status/1564602229923155969,,,1,https://pbs.twimg.com/media/FbaVbDHacAAxc_Q.jpg,Bangalore,,,,,,"{'user_id': None, 'username': None}",,,,
1564630358125322244,1564630358125322244,2022-08-30 10:05:21 CDT,2022-08-30,10:05:21,-0500,421708621,pgaditiya,PG,,guys let's add a metaverse idea on slide 186?,en,[],[],[],11,17,191,[],[],https://twitter.com/PGAditiya/status/1564630358125322244,,,0,,Bangalore,,,,,,"{'user_id': None, 'username': None}",,,,
1564636292171931650,1564636292171931650,2022-08-30 10:28:56 CDT,2022-08-30,10:28:56,-0500,1089126450593255426,chaithravgiris2,Chaithra V Girishkumar,,"#GaneshMandir ward Bhavani Nagar Tamil school Clay Ganesha Making Workshop 
#Padmanabhanagar #BPAC https://t.co/16W90OAum6",en,[],[],[],0,5,17,"['ganeshmandir', 'padmanabhanagar', 'bpac']",[],https://twitter.com/Chaithravgiris2/status/1564636292171931650,,,1,https://pbs.twimg.com/ext_tw_video_thumb/1564636241966125061/pu/img/FCiUxN2GO-4bD4GM.jpg,Bangalore,,,,,,"{'user_id': None, 'username': None}",,,,
1564632724752957444,1564632724752957444,2022-08-30 10:14:45 CDT,2022-08-30,10:14:45,-0500,1458753260139925505,rishitaakhanna,Rishita Khanna,,Over smile and flowers #Bangalore #Bengaluru https://t.co/K6X0GP3zA4,en,[],[],['https://pbs.twimg.com/media/FbaxKXyaIAIjjZt.jpg'],1,4,21,"['bangalore', 'bengaluru']",[],https://twitter.com/rishitaakhanna/status/1564632724752957444,,,1,https://pbs.twimg.com/media/FbaxKXyaIAIjjZt.jpg,Bangalore,,,,,,"{'user_id': None, 'username': None}",,,,
1564609807440494593,1564609807440494593,2022-08-30 08:43:41 CDT,2022-08-30,08:43:41,-0500,1634916662,vidyarthibhavan,Vidyarthi Bhavan,,Love the sight of these colorful flowers  😍 at #GandhiBazar on the occasion of #GowriGaneshaFestival https://t.co/XuSxnLqQR9,en,[],[],[],1,7,71,"['gandhibazar', 'gowriganeshafestival']",[],https://twitter.com/VidyarthiBhavan/status/1564609807440494593,,,1,https://pbs.twimg.com/ext_tw_video_thumb/1564609725529894922/pu/img/_kcBuYK_CTp49Pbo.jpg,Bangalore,,,,,,"{'user_id': None, 'username': None}",,,,
1564665091399696384,1564665091399696384,2022-08-30 12:23:22 CDT,2022-08-30,12:23:22,-0500,105663807,swamin400,Swaminathan Natarajan,,"#ganeshchaturthi wishes 

#ganpati #ganesha #vinayaka #india #incredibleindia https://t.co/1i4w4PXAu1",en,[],[],[],1,2,6,"['ganeshchaturthi', 'ganpati', 'ganesha', 'vinayaka', 'india', 'incredibleindia']",[],https://twitter.com/swamin400/status/1564665091399696384,,,1,https://pbs.twimg.com/ext_tw_video_thumb/1564665032641613824/pu/img/CHfpeDyQEsTgdVNr.jpg,Bangalore,,,,,,"{'user_id': None, 'username': None}",,,,
1564679088622768129,1564679088622768129,2022-08-30 13:18:59 CDT,2022-08-30,13:18:59,-0500,1487497617756274689,bheemam10,Bheema M,,Happy Ganesh chaturthi to all buddies 💐🙏 https://t.co/oZTEpeHWJF,en,[],[],[],0,1,28,[],[],https://twitter.com/BheemaM10/status/1564679088622768129,,,1,https://pbs.twimg.com/ext_tw_video_thumb/1564679012483735552/pu/img/VlxWadarPEGfnhpx.jpg,Bangalore,,,,,,"{'user_id': None, 'username': None}",,,,
1564661416657047553,1564661416657047553,2022-08-30 12:08:46 CDT,2022-08-30,12:08:46,-0500,1278383373187080193,karthikgowda_jr,karthik ⚡️,,Found Nemo in Marathalli-Bellandur road today https://t.co/oq0NvFR8fP,en,[],[],['https://pbs.twimg.com/media/FbbLQ12UcAACTCm.jpg'],4,2,39,[],[],https://twitter.com/KarthikGowda_Jr/status/1564661416657047553,,,1,https://pbs.twimg.com/media/FbbLQ12UcAACTCm.jpg,Bangalore,,,,,,"{'user_id': None, 'username': None}",,,,
1564571736544546818,1564571736544546818,2022-08-30 06:12:24 CDT,2022-08-30,06:12:24,-0500,3003399588,ntr030,Bezawada Sanghi,,Thaggedhe le https://t.co/pWy0EqOKZj,en,[],[],['https://pbs.twimg.com/media/FbZ5rXuaUAAI_QV.jpg'],2,1,4,[],[],https://twitter.com/NTR030/status/1564571736544546818,,,1,https://pbs.twimg.com/media/FbZ5rXuaUAAI_QV.jpg,Bangalore,,,,,,"{'user_id': None, 'username': None}",,,,
1564677636055797760,1564677636055797760,2022-08-30 13:13:13 CDT,2022-08-30,13:13:13,-0500,1897648854,shalakulkarni,Shalaka Kulkarni 📝,,lunette :) https://t.co/pujRP0kL5q,en,[],[],['https://pbs.twimg.com/media/FbbaA5xaUAAdlCy.jpg'],0,1,7,[],[],https://twitter.com/shalakulkarni/status/1564677636055797760,,,1,https://pbs.twimg.com/media/FbbaA5xaUAAdlCy.jpg,Bangalore,,,,,,"{'user_id': None, 'username': None}",,,,
1564659247085785088,1564659247085785088,2022-08-30 12:00:09 CDT,2022-08-30,12:00:09,-0500,1261628666217328640,jrntr_ka_fans,JrNTR KARNATAKA FAN'S.(R),,MO *N* S *T* E *R* @tarak9999 👌🏻👌🏻👌🏻 https://t.co/Vp7zxosTrw,en,['tarak9999'],[],[],0,5,23,[],[],https://twitter.com/JrNTR_KA_FANS/status/1564659247085785088,,,1,https://pbs.twimg.com/ext_tw_video_thumb/1564631756162052097/pu/img/fvU7y12Ix_l32vRJ.jpg,Bangalore,,,,,,"{'user_id': None, 'username': None}",,,,
1564612019948765192,1564612019948765192,2022-08-30 08:52:29 CDT,2022-08-30,08:52:29,-0500,1560846362069323776,diaperdiariess,DIAPER DIARIES BY PRANJAL,,"Splish Splash, I'm having a blast!
.
.
.
.
.
.
#Newborn #Baby #Babies #Sony #Sonyalpha #Diaperdiaries #Milkbath #Girl #Babygirl #photography #Camera #Photoshoot #India #Bangalore #profession #womeninbusiness #Entrepreneur #Bangalore #September #Memories #Queen https://t.co/kb61xa5fB7",en,[],[],['https://pbs.twimg.com/media/FbaeVWyXEA4BeE8.jpg'],0,3,3,"['newborn', 'baby', 'babies', 'sony', 'sonyalpha', 'diaperdiaries', 'milkbath', 'girl', 'babygirl', 'photography', 'camera', 'photoshoot', 'india', 'bangalore', 'profession', 'womeninbusiness', 'entrepreneur', 'bangalore', 'september', 'memories', 'queen']",[],https://twitter.com/DIAPERDIARIESS/status/1564612019948765192,,,1,https://pbs.twimg.com/media/FbaeVWyXEA4BeE8.jpg,Bangalore,,,,,,"{'user_id': None, 'username': None}",,,,
1564670001243516928,1564670001243516928,2022-08-30 12:42:53 CDT,2022-08-30,12:42:53,-0500,1270743630718873601,bluebirdpinksky,N,,desserts for the win &lt;3 https://t.co/ljChTna4pM,en,[],[],['https://pbs.twimg.com/media/FbbTEH_aIAAb-wg.jpg'],0,0,4,[],[],https://twitter.com/bluebirdpinksky/status/1564670001243516928,,,1,https://pbs.twimg.com/media/FbbTEH_aIAAb-wg.jpg,Bangalore,,,,,,"{'user_id': None, 'username': None}",,,,
1564623539663441935,1564623539663441935,2022-08-30 09:38:15 CDT,2022-08-30,09:38:15,-0500,1069019616452767745,mytweettrends,தலைவன் ஒருவனே 🤘🙏,,"Done n Dusted 🔥

#Jailer https://t.co/6JYzIBz7BO",en,[],[],['https://pbs.twimg.com/media/Fbao0SXaUAwJCY2.jpg'],0,1,1,['jailer'],[],https://twitter.com/Mytweettrends/status/1564623539663441935,,https://twitter.com/SonOfMookkaiyan/status/1564620987622035460,1,https://pbs.twimg.com/media/Fbao0SXaUAwJCY2.jpg,Bangalore,,,,,,"{'user_id': None, 'username': None}",,,,
1564617852388536334,1564617852388536334,2022-08-30 09:15:39 CDT,2022-08-30,09:15:39,-0500,817594273705132032,bhaswar_m,Bhaswar Mukhopadhyay,,The Bangalore experience! https://t.co/ZGY4Yw9tpd,en,[],[],['https://pbs.twimg.com/media/FbajpL4acBEqTzh.jpg'],1,0,9,[],[],https://twitter.com/Bhaswar_M/status/1564617852388536334,,,1,https://pbs.twimg.com/media/FbajpL4acBEqTzh.jpg,Bangalore,,,,,,"{'user_id': None, 'username': None}",,,,
1564622557248045057,1564622557248045057,2022-08-30 09:34:21 CDT,2022-08-30,09:34:21,-0500,1604249562,amikosmos,˗ˏˋ𝔞𝔪𝔦⁷ˎˊ˗ | YTC in Busan 💜,,"I’m finally officially a Doctor everyone! 

Just wanted to share this news with you all 😊 https://t.co/MaTpfSrEYT",en,[],[],['https://pbs.twimg.com/media/Fban61GVUAw5K2m.jpg'],42,2,99,[],[],https://twitter.com/amikosmos/status/1564622557248045057,,,1,https://pbs.twimg.com/media/Fban61GVUAw5K2m.jpg,Bangalore,,,,,,"{'user_id': None, 'username': None}",,,,
1564631816296083456,1564631816296083456,2022-08-30 10:11:09 CDT,2022-08-30,10:11:09,-0500,824270827021484035,aa_y_ush,Aayush Upadhyay,,Huge ass fish on a highway concludes the day. I've seen it all. https://t.co/f7IiqYyB3Y,en,[],[],['https://pbs.twimg.com/media/FbawVyNakAc_puY.jpg'],1,0,14,[],[],https://twitter.com/aa_y_ush/status/1564631816296083456,,,1,https://pbs.twimg.com/media/FbawVyNakAc_puY.jpg,Bangalore,,,,,,"{'user_id': None, 'username': None}",,,,
1564653241693921282,1564653241693921282,2022-08-30 11:36:17 CDT,2022-08-30,11:36:17,-0500,791069594,bhandeth,bhand.eth \z/,,"Met the glipping founders from our favourite Glip house @razerdaddy , the inviting chill vibes took us to our mandatory glip stop. Chikki banna the best player of rocket league 🏆🏆
@Samuraizann #zozo #zocommunity #zoworld @The_Zo_World https://t.co/2zDfO7F4FE",en,"['razerdaddy', 'samuraizann', 'the_zo_world']",[],"['https://pbs.twimg.com/media/FbbD0QjUIAE-_IU.jpg', 'https://pbs.twimg.com/media/FbbD0QgVsAAxzN1.jpg']",1,6,16,"['zozo', 'zocommunity', 'zoworld']",[],https://twitter.com/BhandEth/status/1564653241693921282,,,1,https://pbs.twimg.com/media/FbbD0QjUIAE-_IU.jpg,Bangalore,,,,,,"{'user_id': None, 'username': None}",,,,
1564696073926369280,1564696073926369280,2022-08-30 14:26:29 CDT,2022-08-30,14:26:29,-0500,2833949504,desiganrukmini,Rukmini Desigan,,"Fine #startups don't bluff with investors, because the decision starts to change. https://t.co/9vEa21ICec",en,[],[],['https://pbs.twimg.com/media/FbbqyXRVQAAXfXD.jpg'],0,0,1,['startups'],[],https://twitter.com/desiganrukmini/status/1564696073926369280,,,1,https://pbs.twimg.com/media/FbbqyXRVQAAXfXD.jpg,Bangalore,,,,,,"{'user_id': None, 'username': None}",,,,
1564630818215317509,1564630818215317509,2022-08-30 10:07:11 CDT,2022-08-30,10:07:11,-0500,981857739067609088,flightofsand,Anne T. Fa,,Now spinning: BLOOD LUST by Uncle Acid And The Deadbeats https://t.co/tk6A68TO4X,en,[],[],['https://pbs.twimg.com/media/Fbavb3hagAM4O7p.jpg'],0,0,6,[],[],https://twitter.com/flightofsand/status/1564630818215317509,,,1,https://pbs.twimg.com/media/Fbavb3hagAM4O7p.jpg,Bangalore,,,,,,"{'user_id': None, 'username': None}",,,,
1564706494238846976,1564706494238846976,2022-08-30 15:07:53 CDT,2022-08-30,15:07:53,-0500,1412451799341039618,arvindsiiingh,Arvind singh,,Figma mirror not working . @figma https://t.co/0h3BDsnOXK,en,['figma'],[],['https://pbs.twimg.com/media/Fbb0Qt-agAA8l0G.jpg'],3,0,3,[],[],https://twitter.com/arvindsiiingh/status/1564706494238846976,,,1,https://pbs.twimg.com/media/Fbb0Qt-agAA8l0G.jpg,Bangalore,,,,,,"{'user_id': None, 'username': None}",,,,
1564647248071659521,1564647248071659521,2022-08-30 11:12:28 CDT,2022-08-30,11:12:28,-0500,736258954767011840,keswaninikhil1,Nikhil keswani Fitness,,"Leave all the IG noise of 🤡 Mechanic at the door of gym,
Go in with good intent and effort, and it is surely rewarding.

#gymnastics https://t.co/xsCCD1Pv86",en,[],[],['https://pbs.twimg.com/media/Fba-YSwUUAAF4NG.jpg'],0,0,4,['gymnastics'],[],https://twitter.com/KeswaniNikhil1/status/1564647248071659521,,,1,https://pbs.twimg.com/media/Fba-YSwUUAAF4NG.jpg,Bangalore,,,,,,"{'user_id': None, 'username': None}",,,,
1564660198429835266,1564660198429835266,2022-08-30 12:03:55 CDT,2022-08-30,12:03:55,-0500,1166444989791948800,sustainme_in,sustainme.in®️,,"The difference between a temperature rise of 1.5°C &amp; 3°C means a very different future.

As wildfires and disasters increase from the #ClimateCrisis, it is vital that we #ActNow to limit temperature rise 🌡️ https://t.co/4E5ogijffJ via @unfccc 

#sustainme #ClimateEmergency https://t.co/lXBgBeOSYZ",en,['unfccc'],['http://un.org/actnow'],['https://pbs.twimg.com/media/FbbKJ2paIAIVXYm.jpg'],0,1,2,"['climatecrisis', 'actnow', 'sustainme', 'climateemergency']",[],https://twitter.com/sustainme_in/status/1564660198429835266,,,1,https://pbs.twimg.com/media/FbbKJ2paIAIVXYm.jpg,Bangalore,,,,,,"{'user_id': None, 'username': None}",,,,
1564638431665430533,1564638431665430533,2022-08-30 10:37:26 CDT,2022-08-30,10:37:26,-0500,1388458076651491328,veerappavenkap1,the guy from kudla,,you can watch what you  flush down . on repeat mode,en,[],[],[],2,2,23,[],[],https://twitter.com/veerappavenkap1/status/1564638431665430533,,https://twitter.com/GemsOfBollywood/status/1564609027782221832,0,,Bangalore,,,,,,"{'user_id': None, 'username': None}",,,,
1564654868870340611,1564654868870340611,2022-08-30 11:42:45 CDT,2022-08-30,11:42:45,-0500,835392825042812928,metrosaga,MetroSaga,,"Thank you 😊
.
.
#KGFChapter2 #Yash54 #YashBOSS𓃵",en,[],[],[],0,4,8,"['kgfchapter2', 'yash54', 'yashboss𓃵']",[],https://twitter.com/metrosaga/status/1564654868870340611,,https://twitter.com/LoyalYashFan/status/1564604546122661888,0,,Bangalore,,,,,,"{'user_id': None, 'username': None}",,,,
1564654069251477504,1564654069251477504,2022-08-30 11:39:34 CDT,2022-08-30,11:39:34,-0500,370721926,shidika_ubr,Shidika Ubr,,Bangalore techbros are wild. I’m traveling to Kerala and someone in my bus is on a Teams call with his manager 😂 which company is this 😅@peakbengaluru https://t.co/3jAU2Y3byS,en,['peakbengaluru'],[],['https://pbs.twimg.com/media/FbbEk3oUEAAdKLc.jpg'],7,0,53,[],[],https://twitter.com/shidika_ubr/status/1564654069251477504,,,1,https://pbs.twimg.com/media/FbbEk3oUEAAdKLc.jpg,Bangalore,,,,,,"{'user_id': None, 'username': None}",,,,
1564606854356840460,1564606854356840460,2022-08-30 08:31:57 CDT,2022-08-30,08:31:57,-0500,389453246,shahrathin,Rathin Shah,,Entrepreneurship is a lonely journey!,en,[],[],[],9,4,190,[],[],https://twitter.com/ShahRathin/status/1564606854356840460,,,0,,Bangalore,,,,,,"{'user_id': None, 'username': None}",,,,
1564636225671426048,1564270586930819073,2022-08-30 10:28:40 CDT,2022-08-30,10:28:40,-0500,497651041,pusthak,Sharkster,,@stoemanangels What do you think about this collection guys? https://t.co/Hyq6qkjn7B,en,['stoemanangels'],[],['https://pbs.twimg.com/media/Fba0WKLaAAcuAf9.jpg'],0,1,3,[],[],https://twitter.com/pusthak/status/1564636225671426048,,,1,https://pbs.twimg.com/media/Fba0WKLaAAcuAf9.jpg,Bangalore,,,,,,"{'user_id': '1440405686278492161', 'username': 'stoemanangels'}",,,,
1564547635163594753,1564547635163594753,2022-08-30 04:36:38 CDT,2022-08-30,04:36:38,-0500,53687449,yudocaa,সায়ন চৌধুরী (Sayan Chowdhury),,"I am an very emotional person, and already built too much attachment with the band.  I can't stand another breakup so I guess this one stays.

😢😢 https://t.co/JgOxfR4biV",en,[],[],['https://pbs.twimg.com/media/FbZjyFKagAAy97y.jpg'],0,1,15,[],[],https://twitter.com/yudocaa/status/1564547635163594753,,https://twitter.com/poonai_/status/1564001387427807232,1,https://pbs.twimg.com/media/FbZjyFKagAAy97y.jpg,Bangalore,,,,,,"{'user_id': None, 'username': None}",,,,
1564662306167934977,1564662306167934977,2022-08-30 12:12:18 CDT,2022-08-30,12:12:18,-0500,1503277800652181505,goutamshashwat,Shashwat Goutam⚕👨‍⚕️,,"Wow wow Afghanistan!! Complete dominance in group B…🔥🔥
 First to qualify to Super 4..
@icc give them more matches..🏏

#Asiacup2022 
#AFGvsBAN 
#CricketTwitter 
#icc",en,['icc'],[],[],0,0,4,"['asiacup2022', 'afgvsban', 'crickettwitter', 'icc']",[],https://twitter.com/GoutamShashwat/status/1564662306167934977,,,0,,Bangalore,,,,,,"{'user_id': None, 'username': None}",,,,
1564605807731539984,1564605807731539984,2022-08-30 08:27:48 CDT,2022-08-30,08:27:48,-0500,100940503,rhlvenugopal,Rahul Venugopal,,"Came across an Indian startup offering snake oil in neurotech. They offer weight loss, curing neuropsychiatric issues using advanced BCI technology 🤯
#bullshit #snakeoil #hype #StartupSpace",en,[],[],[],1,0,6,"['bullshit', 'snakeoil', 'hype', 'startupspace']",[],https://twitter.com/rhlvenugopal/status/1564605807731539984,,,0,,Bangalore,,,,,,"{'user_id': None, 'username': None}",,,,
1564717648768040961,1564531002609127424,2022-08-30 15:52:13 CDT,2022-08-30,15:52:13,-0500,36620568,shree_das01,Shree Saudamini Das,,"@rohitghalsasi ❤️❤️ All the best Ghalas !!
P.S. My favourite moment of yours 🎉🍾🎊 https://t.co/IknJmfuBIy",en,['rohitghalsasi'],[],[],0,0,4,[],[],https://twitter.com/Shree_Das01/status/1564717648768040961,,,1,https://pbs.twimg.com/ext_tw_video_thumb/1564717606439129088/pu/img/OuBSZLte4tpAiQa9.jpg,Bangalore,,,,,,"{'user_id': '2718946118', 'username': 'rohitghalsasi'}",,,,
1564638131382796290,1564638131382796290,2022-08-30 10:36:14 CDT,2022-08-30,10:36:14,-0500,26047996,kiranmova,Kiran Mova,,"Long ride home, even after avoiding the ORR traffic. Driver offered me an apple and water. #Kindness #Gratitude. Engaged in a conversation about lifestyle. They said “I drive for 8 hours. If I make .. that’s enough! I don’t take stress” #Respect #OlaStories",en,[],[],[],5,0,21,"['kindness', 'gratitude', 'respect', 'olastories']",[],https://twitter.com/kiranmova/status/1564638131382796290,,,0,,Bangalore,,,,,,"{'user_id': None, 'username': None}",,,,
1564641955413250048,1564641955413250048,2022-08-30 10:51:26 CDT,2022-08-30,10:51:26,-0500,1277581723375529988,koolpro4,SketchHyena,,#TigerRajaSingh we support you. Please form a new party that will strengthen Hinduism and Hindutva to the core!!! A strong Hindu Ecosystem is need of the hour. 🔶🔆✴️💛🌅🛕🌞,en,[],[],[],0,2,9,['tigerrajasingh'],[],https://twitter.com/Koolpro4/status/1564641955413250048,,https://twitter.com/SaffronShivam/status/1564482808021585921,0,,Bangalore,,,,,,"{'user_id': None, 'username': None}",,,,
1564617030137159704,1564617030137159704,2022-08-30 09:12:23 CDT,2022-08-30,09:12:23,-0500,1365017538543804421,louiesofindia,Out Of LOI's System 🎸,,"We aren't too sure why the two pre-existing pins on India are gone for now but we're highly positive the site's still updating through the heavy load.

Regardless, get tweeting team! Also visit https://t.co/u9mKiDa5Ty and ""Send To Twitter"" there! LOCATIONS ON! We got this! #LT369",en,[],['http://fans.louis-Tomlinson.com'],[],2,12,41,['lt369'],[],https://twitter.com/LouiesOfIndia/status/1564617030137159704,,,0,,Bangalore,,,,,,"{'user_id': None, 'username': None}",,,,
1564664690424238082,1564664690424238082,2022-08-30 12:21:46 CDT,2022-08-30,12:21:46,-0500,2925831769,gauranshvs,Gauransh V. Sanjay,,"My scooter and cycle were stolen from my building in HSR Sector 2.

Putting it here for folks to be more careful in general. 

Also, HSR Police is amazing! Great people. There was a language barrier but they understood and were sympathetic. Felt so much better immediately 🥺",en,[],[],[],1,2,13,[],[],https://twitter.com/Gauranshvs/status/1564664690424238082,,,0,,Bangalore,,,,,,"{'user_id': None, 'username': None}",,,,
1564645202098548742,1564173945192206337,2022-08-30 11:04:20 CDT,2022-08-30,11:04:20,-0500,1511798183474593795,kaarikollective,The Kaari Kollective,,"Stepping out of the ordinary, and bringing you @iamabverse and his symphonic visuals! ✨

See you at K.Konnect for an experience and for some face to face! 🔊

Head to the link &amp; register now! 
https://t.co/VAhn0fvrzU https://t.co/iodjp9O8wh",en,['iamabverse'],['https://lu.ma/kaarikonnectblr'],['https://pbs.twimg.com/media/Fba8fwyaAAEvOLa.jpg'],0,2,3,[],[],https://twitter.com/kaarikollective/status/1564645202098548742,,,1,https://pbs.twimg.com/media/Fba8fwyaAAEvOLa.jpg,Bangalore,,,,,,"{'user_id': '1511798183474593795', 'username': 'kaarikollective'}",,,,
1564647358520238082,1564647358520238082,2022-08-30 11:12:54 CDT,2022-08-30,11:12:54,-0500,387029745,kashyapnandan_,kashyap Nandan,,Unscientific planning poor design no drain no room to flush out water..,en,[],[],[],1,3,9,[],[],https://twitter.com/kashyapnandan_/status/1564647358520238082,,https://twitter.com/bhushannag/status/1564639799331680256,0,,Bangalore,,,,,,"{'user_id': None, 'username': None}",,,,
1564612801703710723,1564612801703710723,2022-08-30 08:55:35 CDT,2022-08-30,08:55:35,-0500,1445645321757884424,akshaybirdwatch,Akshay Bharadwaj,,"Has anyone else watched your co-author edit your Google Doc like it was a Netflix special? 🙃

@PhDVoice",en,['phdvoice'],[],[],1,1,14,[],[],https://twitter.com/AkshayBirdwatch/status/1564612801703710723,,,0,,Bangalore,,,,,,"{'user_id': None, 'username': None}",,,,
1564607114684669968,1564607114684669968,2022-08-30 08:32:59 CDT,2022-08-30,08:32:59,-0500,941432046978703360,shathabish_s,shathabish shivanna,,My views on the #IdgahMaidan issue. I welcome the timely interim order of the Hon’ble Supreme Court of India to maintain status quo. #Karnataka #SupremeCourtOfIndia #bengalurueidgah @CNNnews18 @Zakka_Jacob,en,"['cnnnews18', 'zakka_jacob']",[],[],0,1,7,"['idgahmaidan', 'karnataka', 'supremecourtofindia', 'bengalurueidgah']",[],https://twitter.com/Shathabish_S/status/1564607114684669968,,https://twitter.com/CNNnews18/status/1564590758799331328,0,,Bangalore,,,,,,"{'user_id': None, 'username': None}",,,,
1564731686247886848,1564731686247886848,2022-08-30 16:47:59 CDT,2022-08-30,16:47:59,-0500,279515707,navin_ankampali,Naveen Reddy,,"South Bengaluru on 🔥 🔥 with rumbling thunders 😑

#bengalururains #KarnatakaRain",en,[],[],[],1,0,20,"['bengalururains', 'karnatakarain']",[],https://twitter.com/navin_ankampali/status/1564731686247886848,,,0,,Bangalore,,,,,,"{'user_id': None, 'username': None}",,,,
1564561885525319680,1564561885525319680,2022-08-30 05:33:16 CDT,2022-08-30,05:33:16,-0500,19128778,bhatiamanu,Manu Bhatia,,"New Eq. Curve High all around on the Fintwit, Feels like a MiniFest 👏👏",en,[],[],[],8,2,302,[],[],https://twitter.com/bhatiamanu/status/1564561885525319680,,,0,,Bangalore,,,,,,"{'user_id': None, 'username': None}",,,,
1564685397384654848,1564685397384654848,2022-08-30 13:44:03 CDT,2022-08-30,13:44:03,-0500,2286417703,blrrocks,ತರ್ಲೆ 𝗧𝗵𝗶𝗺𝗺𝗮,,"When the tube light works, finally!!",en,[],[],[],0,1,2,[],[],https://twitter.com/BLRrocKS/status/1564685397384654848,,https://twitter.com/DeekshaNRaut/status/1564652223686414336,0,,Bangalore,,,,,,"{'user_id': None, 'username': None}",,,,
1564670083493859328,1564670083493859328,2022-08-30 12:43:12 CDT,2022-08-30,12:43:12,-0500,1275195041149906944,afcaryann,Aryan,,Thank fuck we copped Saliba ages ago. He would cost 70-75M minimum in this market,en,[],[],[],0,0,6,[],[],https://twitter.com/AFCAryann/status/1564670083493859328,,,0,,Bangalore,,,,,,"{'user_id': None, 'username': None}",,,,
1564609920955457543,1564609920955457543,2022-08-30 08:44:08 CDT,2022-08-30,08:44:08,-0500,50658998,mathew111938,Mathew Thomas,,Justice is not only to be done but must be seen to be done.,en,[],[],[],0,1,5,[],[],https://twitter.com/mathew111938/status/1564609920955457543,,https://twitter.com/j_sssingh/status/1564238478262550528,0,,Bangalore,,,,,,"{'user_id': None, 'username': None}",,,,
1564648423495651328,1564648423495651328,2022-08-30 11:17:08 CDT,2022-08-30,11:17:08,-0500,113886746,rbsanjay,Dr sanjay R B,,"@TPCGlobeCares @citizenmatters Medicine sent to Ghaziabad it's been 7 days medicine has not reached recipient,worst service almost all consignment sent will be delayed.kindly change the way of working. https://t.co/T39RNBfkdN",en,"['tpcglobecares', 'citizenmatters']",[],['https://pbs.twimg.com/media/Fba_cv3UIAAbbtS.jpg'],1,2,1,[],[],https://twitter.com/rbsanjay/status/1564648423495651328,,,1,https://pbs.twimg.com/media/Fba_cv3UIAAbbtS.jpg,Bangalore,,,,,,"{'user_id': '1404315129139712000', 'username': 'TPCGlobeCares'}",,,,
1564590923325276160,1564590923325276160,2022-08-30 07:28:39 CDT,2022-08-30,07:28:39,-0500,1501781378261983233,30amitrohidas,Amit Rohidas#30 ଅମିତ ରୋହିଦୀସ,,Thank you so much 🙏,en,[],[],[],0,0,12,[],[],https://twitter.com/30Amitrohidas/status/1564590923325276160,,https://twitter.com/sports_odisha/status/1564586515388592128,0,,Bangalore,,,,,,"{'user_id': None, 'username': None}",,,,
1564670379628498944,1564670379628498944,2022-08-30 12:44:23 CDT,2022-08-30,12:44:23,-0500,901792446517874688,sitaramsg,Sitaram S G,,"Anna Ji - just a few days back so many people died in Gujarat drinking spurious liquor, Gujarat is a no liquor state yet illegal liquor trade run with knowledge of BJP, police &amp; others is est. at 50,000 Cr’s &amp; money loss to state. U were MUM? Are these your questions or BJP’s?",en,[],[],[],1,4,7,[],[],https://twitter.com/SitaramSG/status/1564670379628498944,,,0,,Bangalore,,,,,,"{'user_id': None, 'username': None}",,,,
1564632307147091972,1564632307147091972,2022-08-30 10:13:06 CDT,2022-08-30,10:13:06,-0500,1498649991052607489,jahn_avi_,jahn,,Malayalam movies are the best. Period.,en,[],[],[],4,0,11,[],[],https://twitter.com/jahn_avi_/status/1564632307147091972,,,0,,Bangalore,,,,,,"{'user_id': None, 'username': None}",,,,
1564655691331055616,1564655691331055616,2022-08-30 11:46:01 CDT,2022-08-30,11:46:01,-0500,990363781,rexrao52,rexrao52🇮🇳,,Amitabh Bachan is worth 3000 crore ...yet he uses a gas subsidy !!!,en,[],[],[],6,1,4,[],[],https://twitter.com/rexrao52/status/1564655691331055616,,,0,,Bangalore,,,,,,"{'user_id': None, 'username': None}",,,,
1564624906431729666,1564624906431729666,2022-08-30 09:43:41 CDT,2022-08-30,09:43:41,-0500,13383692,sandeep9sarma,Sandeep Sarma,,Seems like it's on The Verge of getting a new logo,en,[],[],[],1,0,35,[],[],https://twitter.com/sandeep9sarma/status/1564624906431729666,,https://twitter.com/wongmjane/status/1564594996577124352,0,,Bangalore,,,,,,"{'user_id': None, 'username': None}",,,,
1564656809147002880,1564656809147002880,2022-08-30 11:50:27 CDT,2022-08-30,11:50:27,-0500,540687846,shruti829,Shruti,,Parents left at 9am for a 1pm flight and still missed it. @peakbengaluru,en,['peakbengaluru'],[],[],1,0,5,[],[],https://twitter.com/Shruti829/status/1564656809147002880,,,0,,Bangalore,,,,,,"{'user_id': None, 'username': None}",,,,
1564674185112485888,1564674185112485888,2022-08-30 12:59:30 CDT,2022-08-30,12:59:30,-0500,1488191212041375744,arushi_says_hi,Arushi,,"no hold on, what is A-Arctic Monkeys play at Lollapalooza India? It’s not entirely impossible as they’ve done it several times in the past!",en,[],[],[],5,0,14,[],[],https://twitter.com/arushi_says_hi/status/1564674185112485888,,,0,,Bangalore,,,,,,"{'user_id': None, 'username': None}",,,,
1564624197296746499,1564624197296746499,2022-08-30 09:40:52 CDT,2022-08-30,09:40:52,-0500,2874750973,mysteriousprats,Prathima,,"The best feeling is when your friends visit home after their work hours unannounced when you are away for a while to check if all good :)

No calls, no texts, yet seeing them on the door is such a bliss.",en,[],[],[],0,0,3,[],[],https://twitter.com/mysteriousprats/status/1564624197296746499,,,0,,Bangalore,,,,,,"{'user_id': None, 'username': None}",,,,
1564684296035930113,1564684296035930113,2022-08-30 13:39:41 CDT,2022-08-30,13:39:41,-0500,2286417703,blrrocks,ತರ್ಲೆ 𝗧𝗵𝗶𝗺𝗺𝗮,,So much me!!!,en,[],[],[],0,0,4,[],[],https://twitter.com/BLRrocKS/status/1564684296035930113,,https://twitter.com/Extremelol_/status/1564269616343441408,0,,Bangalore,,,,,,"{'user_id': None, 'username': None}",,,,
1564666044287176704,1564666044287176704,2022-08-30 12:27:09 CDT,2022-08-30,12:27:09,-0500,17281303,miten,miten sampat,,size your bets!,en,[],[],[],0,1,8,[],[],https://twitter.com/miten/status/1564666044287176704,,https://twitter.com/ActusDei/status/1564648628181880833,0,,Bangalore,,,,,,"{'user_id': None, 'username': None}",,,,
1564651184388206592,1564108079263793152,2022-08-30 11:28:06 CDT,2022-08-30,11:28:06,-0500,1070703996556505089,samuraizann,Samurai \z/,,"@0xCopeStudio @The_Zo_World Can't drop to much alpha, but one of our gated member benifits are getting a steal deal every time the wanderlust urges you, exclusively personalised to your vibe 🧡
Zo Zo!! 🤫 https://t.co/ngGR5XJw4p",en,"['0xcopestudio', 'the_zo_world']",[],['https://pbs.twimg.com/media/FbbB9G9UUAEY5XU.jpg'],1,0,3,[],[],https://twitter.com/Samuraizann/status/1564651184388206592,,,1,https://pbs.twimg.com/media/FbbB9G9UUAEY5XU.jpg,Bangalore,,,,,,"{'user_id': '1330923071788646400', 'username': '0xCopeStudio'}",,,,
1564546378214572032,1564546378214572032,2022-08-30 04:31:39 CDT,2022-08-30,04:31:39,-0500,1285843721775284225,srikri_a,Sri Krishna 🌈,,This is where I work lol,en,[],[],[],6,0,11,[],[],https://twitter.com/srikri_a/status/1564546378214572032,,https://twitter.com/zoo_bear/status/1564540721318998016,0,,Bangalore,,,,,,"{'user_id': None, 'username': None}",,,,
1564622370719281170,1564622370719281170,2022-08-30 09:33:37 CDT,2022-08-30,09:33:37,-0500,84519781,namma_bengaluru,NBF,,"The #railways are well designed &amp; protected frm #flooding. We need to focus on this #transportation system which will really integrate all the towns in Namma Karnataka efficiently.

#mysoreroad
#rains #bengalururains @SWRRLY @ChristinMP_TOI @rajdugar @dyamannavar @MandothPrakash",en,"['swrrly', 'christinmp_toi', 'rajdugar', 'dyamannavar', 'mandothprakash']",[],[],0,1,4,"['railways', 'flooding', 'transportation', 'mysoreroad', 'rains', 'bengalururains']",[],https://twitter.com/Namma_Bengaluru/status/1564622370719281170,,https://twitter.com/KARailway/status/1564475510574354432,0,,Bangalore,,,,,,"{'user_id': None, 'username': None}",,,,
1564681301139292161,1564681301139292161,2022-08-30 13:27:47 CDT,2022-08-30,13:27:47,-0500,1488191212041375744,arushi_says_hi,Arushi,,if i’m not in your twitter circle then pls unfollow me,en,[],[],[],1,0,6,[],[],https://twitter.com/arushi_says_hi/status/1564681301139292161,,,0,,Bangalore,,,,,,"{'user_id': None, 'username': None}",,,,
1564666544764092416,1564666544764092416,2022-08-30 12:29:09 CDT,2022-08-30,12:29:09,-0500,1488191212041375744,arushi_says_hi,Arushi,,"after a french girl, alex turner will date a brown girl (me)",en,[],[],[],1,0,7,[],[],https://twitter.com/arushi_says_hi/status/1564666544764092416,,,0,,Bangalore,,,,,,"{'user_id': None, 'username': None}",,,,
1564730667895644160,1564730667895644160,2022-08-30 16:43:57 CDT,2022-08-30,16:43:57,-0500,14277764,sahilk,Sahil Khan,,It's just rained in Koramangala as though a cloud burst. What an incessant downpour. Have a feeling might wake up in the morning to photos/videos of more areas massively waterlogged.,en,[],[],[],3,0,24,[],[],https://twitter.com/sahilk/status/1564730667895644160,,,0,,Bangalore,,,,,,"{'user_id': None, 'username': None}",,,,
1564636937712914432,1564636937712914432,2022-08-30 10:31:30 CDT,2022-08-30,10:31:30,-0500,1374665681442988033,bhosalepratim,Pratim🥑,,"A wholesome twitter space, after a very long time!

https://t.co/xU9LA66EuV",en,[],['https://twitter.com/i/spaces/1vAxRAalNkaJl'],[],0,0,11,[],[],https://twitter.com/BhosalePratim/status/1564636937712914432,,,0,,Bangalore,,,,,,"{'user_id': None, 'username': None}",,,,
1564666345525899265,1564666345525899265,2022-08-30 12:28:21 CDT,2022-08-30,12:28:21,-0500,105663807,swamin400,Swaminathan Natarajan,,"My Heartfelt Thanks to @BMTC_BENGALURU for serving the citizens today even in tough Road conditions on ORR 

I hope the pilots and conductors are rewarded for driving through such tough conditions. High customer service displayed today",en,['bmtc_bengaluru'],[],[],0,0,3,[],[],https://twitter.com/swamin400/status/1564666345525899265,,,0,,Bangalore,,,,,,"{'user_id': None, 'username': None}",,,,
1564682294337515520,1564681563052310528,2022-08-30 13:31:44 CDT,2022-08-30,13:31:44,-0500,1322961976549543939,karan_joshua11,Karan Joshua,,"@Reese_eeee If you watched Xavier Henry and Robert Sacre, then this team is 👌",en,['reese_eeee'],[],[],0,1,3,[],[],https://twitter.com/Karan_Joshua11/status/1564682294337515520,,,0,,Bangalore,,,,,,"{'user_id': '1420151667123752960', 'username': 'Reese_eeee'}",,,,
1564700329417244672,1564700307619475456,2022-08-30 14:43:23 CDT,2022-08-30,14:43:23,-0500,1056906126250233857,dboss_fans_sira,AKDSS® ಶಿರಾ ತಾ.ಕಳ್ಳಂಬೆಳ್ಳ ಘಟಕ.,,"KRANTI Ganesha festival wishes poster releasing today at 9AM 🔥🔥🔥
Get ready DFANS to enjoy the double festival 🔥✌️
@dasadarshan
#DBoss #Kranti #ChallengingStarDarshan #BoxOfficeSulthan #Monarch #Thoogudeepa ......",en,['dasadarshan'],[],[],0,6,5,"['dboss', 'kranti', 'challengingstardarshan', 'boxofficesulthan', 'monarch', 'thoogudeepa']",[],https://twitter.com/DBOSS_FANS_SIRA/status/1564700329417244672,,,0,,Bangalore,,,,,,"{'user_id': '1056906126250233857', 'username': 'DBOSS_FANS_SIRA'}",,,,
1564660756096110592,1564658476995219456,2022-08-30 12:06:08 CDT,2022-08-30,12:06:08,-0500,888825435680788480,anilkum57876647,Anil Kumar,,@Nimmabhaskar22 Happy gowri Ganesha chaturthi.sir,en,['nimmabhaskar22'],[],[],0,0,3,[],[],https://twitter.com/AnilKum57876647/status/1564660756096110592,,,0,,Bangalore,,,,,,"{'user_id': '917060544', 'username': 'Nimmabhaskar22'}",,,,
1564628517425672197,1564621546412396550,2022-08-30 09:58:02 CDT,2022-08-30,09:58:02,-0500,981857739067609088,flightofsand,Anne T. Fa,,"@zigzackly At the second such job, an office boy took me aside and had a serious talk with me. A lad from a small town. He said, you have an education. You can get a government job and have work security and regular hours. Why are you working like this for a private company you don't own?",en,['zigzackly'],[],[],1,1,3,[],[],https://twitter.com/flightofsand/status/1564628517425672197,,,0,,Bangalore,,,,,,"{'user_id': '981857739067609088', 'username': 'flightofsand'}",,,,
1564655559806455808,1564655133845180416,2022-08-30 11:45:30 CDT,2022-08-30,11:45:30,-0500,1012606118474862592,naveenreddyynr,Naveen Reddy,,@Trolling_isart Tell them i am one of those 12% 😂,en,['trolling_isart'],[],[],1,0,2,[],[],https://twitter.com/NaveenreddyYNR/status/1564655559806455808,,,0,,Bangalore,,,,,,"{'user_id': '1450168084497530881', 'username': 'Trolling_isart'}",,,,
1564627431301869568,1564622642489233412,2022-08-30 09:53:43 CDT,2022-08-30,09:53:43,-0500,788003615071834112,bring_munchies,Buddha 🪶,,"@ShivAroor They're probably referring to the smoking pot in hostel here. In which case, engineers like us can also relate.",en,['shivaroor'],[],[],0,0,13,[],[],https://twitter.com/bring_munchies/status/1564627431301869568,,,0,,Bangalore,,,,,,"{'user_id': '139189823', 'username': 'ShivAroor'}",,,,
1564645034124709888,1564640780760666112,2022-08-30 11:03:40 CDT,2022-08-30,11:03:40,-0500,786239870737915906,kmohanbhandary,Mohandas Bhandary,,"@unkonfined Sorry @unkonfined 
      Me,  at 75 ..
       Every Year and Subsequent is 
     "" Without You "".. kind of Year 4me.
Yes, our lives are in for sudden Goodbyes",en,"['unkonfined', 'unkonfined']",[],[],1,0,5,[],[],https://twitter.com/kmohanbhandary/status/1564645034124709888,,,0,,Bangalore,,,,,,"{'user_id': '17914106', 'username': 'unkonfined'}",,,,
1564584411143712769,1564222017704185857,2022-08-30 07:02:46 CDT,2022-08-30,07:02:46,-0500,726684237387026432,pushkarsidde,Yedho Plant,,@Dharun__Offl @dhanushkraja Would have got another 10 crs if had promoted and rlsed well in telugu,en,"['dharun__offl', 'dhanushkraja']",[],[],1,0,3,[],[],https://twitter.com/pushkarsidde/status/1564584411143712769,,,0,,Bangalore,,,,,,"{'user_id': '1285510998254776320', 'username': 'Dharun__Offl'}",,,,
1564682046701998080,1564681437714186240,2022-08-30 13:30:44 CDT,2022-08-30,13:30:44,-0500,17281303,miten,miten sampat,,@AnkiTandon inaction is far more expensive,en,['ankitandon'],[],[],1,0,6,[],[],https://twitter.com/miten/status/1564682046701998080,,,0,,Bangalore,,,,,,"{'user_id': '82454898', 'username': 'AnkiTandon'}",,,,
1564664322516664320,1564658091450564609,2022-08-30 12:20:19 CDT,2022-08-30,12:20:19,-0500,3041469254,iamlsk,Lakshman Karkal,,@shaandelhite Did they visit mohalla clinic first before visiting Hi Tech Hospital? Did Doctor at Mohalla clinic referred them to Hi Tech Hospital?,en,['shaandelhite'],[],[],0,0,6,[],[],https://twitter.com/Iamlsk/status/1564664322516664320,,,0,,Bangalore,,,,,,"{'user_id': '4122758778', 'username': 'shaandelhite'}",,,,
1564604453256278016,1564546680913285120,2022-08-30 08:22:25 CDT,2022-08-30,08:22:25,-0500,911188173446713344,ktthimmareddy,KTthimmareddy,,@SajithGowda Why select language  for slave mentality concept?  Two language formula is the best option and solution to the federal India,en,['sajithgowda'],[],[],0,0,5,[],[],https://twitter.com/KTthimmareddy/status/1564604453256278016,,,0,,Bangalore,,,,,,"{'user_id': '83621035', 'username': 'SajithGowda'}",,,,
1564650050776887301,1564648399005446145,2022-08-30 11:23:36 CDT,2022-08-30,11:23:36,-0500,17781689,maxmelbin,maxmelbin,,@ganeshmantra Karnataka coast - no use.  Stamp communal out there.,en,['ganeshmantra'],[],[],1,0,2,[],[],https://twitter.com/maxmelbin/status/1564650050776887301,,,0,,Bangalore,,,,,,"{'user_id': '1347427027553378304', 'username': 'ganeshmantra'}",,,,
1564725609238233088,1564718174112727040,2022-08-30 16:23:51 CDT,2022-08-30,16:23:51,-0500,29186558,whyshock,Why⚡️hock 🚢,,@rawrmaan @helium @solana Should have gone IBC,en,"['rawrmaan', 'helium', 'solana']",[],[],1,0,7,[],[],https://twitter.com/Whyshock/status/1564725609238233088,,,0,,Bangalore,,,,,,"{'user_id': '38606601', 'username': 'rawrmaan'}",,,,
1564630774334500871,1563136193747103745,2022-08-30 10:07:00 CDT,2022-08-30,10:07:00,-0500,1135078208821272576,wra560027,Wilson Garden RWA (Ward 145),,"@DCPTrWestBCP @prameshjain12 @rajajinagartrps @CPBlr @blrcitytraffic @BlrCityPolice @AddlCPTraffic Sir, who will teach your teams how to clear footpath encroachments? This shouldn't become just a photo opp exercise",en,"['dcptrwestbcp', 'prameshjain12', 'rajajinagartrps', 'cpblr', 'blrcitytraffic', 'blrcitypolice', 'addlcptraffic']",[],[],1,1,2,[],[],https://twitter.com/WRA560027/status/1564630774334500871,,,0,,Bangalore,,,,,,"{'user_id': '2808997472', 'username': 'DCPTrWestBCP'}",,,,
1564644562588483584,1564641652173484033,2022-08-30 11:01:48 CDT,2022-08-30,11:01:48,-0500,2506572620,nhjaganntha,ಜಗನ್ನಾಥ,,"@IndiaToday @TVMohandasPai @sardesairajdeep Not mismanaged,two national parties looted bangalore money to build their parties and leader's.",en,"['indiatoday', 'tvmohandaspai', 'sardesairajdeep']",[],[],1,0,3,[],[],https://twitter.com/nhjaganntha/status/1564644562588483584,,,0,,Bangalore,,,,,,"{'user_id': '19897138', 'username': 'IndiaToday'}",,,,
1564638606870081536,1564618895897440257,2022-08-30 10:38:08 CDT,2022-08-30,10:38:08,-0500,17410705,shreyas_h,Shreyas Hanmantgad,,@nihardesai7 @Coffeehudigi @FoolzWizdom @MoHFW_INDIA It is a 10 day old baby. High likelihood of NEC sepsis. I would also check a fibrinogen and Ddimer if available. Looks more like DIC,en,"['nihardesai7', 'coffeehudigi', 'foolzwizdom', 'mohfw_india']",[],[],0,0,5,[],[],https://twitter.com/Shreyas_H/status/1564638606870081536,,,0,,Bangalore,,,,,,"{'user_id': '75550503', 'username': 'nihardesai7'}",,,,
1564686374930124800,1564653241693921282,2022-08-30 13:47:56 CDT,2022-08-30,13:47:56,-0500,1070703996556505089,samuraizann,Samurai \z/,,@romi_on @razerdaddy @The_Zo_World Rocket league tournament for chikki banna🤌🏻,en,"['razerdaddy', 'the_zo_world']",[],[],0,0,4,[],[],https://twitter.com/Samuraizann/status/1564686374930124800,,,0,,Bangalore,,,,,,"{'user_id': '791069594', 'username': 'BhandEth'}",,,,
1564679509340979201,1564643661786128389,2022-08-30 13:20:40 CDT,2022-08-30,13:20:40,-0500,17281303,miten,miten sampat,,@sbyrnes low cost real time payments can be a game changer in the US !,en,['sbyrnes'],[],[],0,0,3,[],[],https://twitter.com/miten/status/1564679509340979201,,,0,,Bangalore,,,,,,"{'user_id': '756394', 'username': 'sbyrnes'}",,,,
1564619750038458380,1564607674838548504,2022-08-30 09:23:12 CDT,2022-08-30,09:23:12,-0500,75065075,ajeetsin,Ajeet Singh,,@AnshumanSail Each and every fraudster of IAC along with Rai shud be dragged in courts and made today for their sins...These jokers pushed India back by atleast 2 decades.,en,['anshumansail'],[],[],0,0,2,[],[],https://twitter.com/ajeetsin/status/1564619750038458380,,,0,,Bangalore,,,,,,"{'user_id': '4824857510', 'username': 'AnshumanSail'}",,,,
1564676090282508290,1564509674149277696,2022-08-30 13:07:04 CDT,2022-08-30,13:07:04,-0500,936989878947942402,kshaik206,Khalid Shaik,,@Saira__Asim @Asim_my_icon @Shizuka860 Reels king hai woh.,en,"['saira__asim', 'asim_my_icon', 'shizuka860']",[],[],1,0,3,[],[],https://twitter.com/kshaik206/status/1564676090282508290,,,0,,Bangalore,,,,,,"{'user_id': '1218913936835149824', 'username': 'Saira__Asim'}",,,,
1564675908597755909,1564596337156685830,2022-08-30 13:06:21 CDT,2022-08-30,13:06:21,-0500,2887565550,krmanja123,K.R.MANJUNATH,,@shashank_ssj @ChandraKuanar Firstly it is not idgah maidan. The land belongs to Revenue department.,en,"['shashank_ssj', 'chandrakuanar']",[],[],0,0,3,[],[],https://twitter.com/krmanja123/status/1564675908597755909,,,0,,Bangalore,,,,,,"{'user_id': '724098420', 'username': 'shashank_ssj'}",,,,
1564625489205297152,1564600131005034496,2022-08-30 09:46:00 CDT,2022-08-30,09:46:00,-0500,279515707,navin_ankampali,Naveen Reddy,,"@shriharap This is located near Gummagatta, Rayadurgam taluk of Anantapur district. 

Catchment area completely in Karnataka lies across Hiriyur, Challakere, Sira, Chikkanayakanahalli, Tiptur, Gubbi and parts of Madhugiri taluks.",en,['shriharap'],[],[],0,0,3,[],[],https://twitter.com/navin_ankampali/status/1564625489205297152,,,0,,Bangalore,,,,,,"{'user_id': '92031307', 'username': 'shriharap'}",,,,
1564659543862218752,1564459405810483200,2022-08-30 12:01:19 CDT,2022-08-30,12:01:19,-0500,795724453,bhaskarg77g,Bhaskar G 🇮🇳,,@BishnuPrMishra @Swamy39 @venzq @SwamyBhakt @act_sawarna @Srejit88 @tony_karyakarta @jagdishshetty @vhsindia If my memory serves me right it's Chennai Mylapore,en,"['bishnuprmishra', 'swamy39', 'venzq', 'swamybhakt', 'act_sawarna', 'tony_karyakarta', 'jagdishshetty', 'vhsindia']",[],[],0,0,3,[],[],https://twitter.com/Bhaskarg77G/status/1564659543862218752,,,0,,Bangalore,,,,,,"{'user_id': '1361602578', 'username': 'BishnuPrMishra'}",,,,
1564638472354566147,1564539438159593474,2022-08-30 10:37:36 CDT,2022-08-30,10:37:36,-0500,2446639579,rakheekarumbaya,Rakhee Karumbaya,,@Fathul__Bari @KhanyariMunib @SnowLeopardNet Thanks @Fathul__Bari We are indebted and immensely grateful to these amazing people who are willing to voluntarily give their time to share their experiences and research with our network.,en,"['fathul__bari', 'khanyarimunib', 'snowleopardnet', 'fathul__bari']",[],[],0,1,3,[],[],https://twitter.com/RakheeKarumbaya/status/1564638472354566147,,,0,,Bangalore,,,,,,"{'user_id': '1528647706968825857', 'username': 'Fathul__Bari'}",,,,
1564675881951535106,1564205455336869889,2022-08-30 13:06:15 CDT,2022-08-30,13:06:15,-0500,716782559238230017,moonshinemeads,MoonshineMeadery,,@headbangereats Let’s gooooo! 🥂,en,['headbangereats'],[],[],0,0,3,[],[],https://twitter.com/moonshinemeads/status/1564675881951535106,,,0,,Bangalore,,,,,,"{'user_id': '1143922591859539968', 'username': 'headbangereats'}",,,,
1564625170169737231,1564531002609127424,2022-08-30 09:44:44 CDT,2022-08-30,09:44:44,-0500,13383692,sandeep9sarma,Sandeep Sarma,,"@rohitghalsasi You shall be missed Calm, Cool, Confident, Commander! Hope we get to work again sometime in the future :) All the best",en,['rohitghalsasi'],[],[],0,0,7,[],[],https://twitter.com/sandeep9sarma/status/1564625170169737231,,,0,,Bangalore,,,,,,"{'user_id': '2718946118', 'username': 'rohitghalsasi'}",,,,
1564630381671944193,1564624845354455054,2022-08-30 10:05:27 CDT,2022-08-30,10:05:27,-0500,89739434,niharikabora,Shewhoblivs,,@utpal_parashar What an irony !,en,['utpal_parashar'],[],[],0,0,2,[],[],https://twitter.com/niharikabora/status/1564630381671944193,,,0,,Bangalore,,,,,,"{'user_id': '103234436', 'username': 'utpal_parashar'}",,,,
1564733733122351104,1564730667895644160,2022-08-30 16:56:07 CDT,2022-08-30,16:56:07,-0500,14277764,sahilk,Sahil Khan,,@ruchi_marshal It's finally quietened down now. Was insane.,en,['ruchi_marshal'],[],[],0,0,2,[],[],https://twitter.com/sahilk/status/1564733733122351104,,,0,,Bangalore,,,,,,"{'user_id': '4344524480', 'username': 'ruchi_marshal'}",,,,
1564702109722759169,1564623426517549056,2022-08-30 14:50:28 CDT,2022-08-30,14:50:28,-0500,1374665681442988033,bhosalepratim,Pratim🥑,,@ekuekanshgupta @adityaoberai1 @arkodyutisaha @iamparaspundir Always Man U.,en,"['ekuekanshgupta', 'adityaoberai1', 'arkodyutisaha', 'iamparaspundir']",[],[],2,0,3,[],[],https://twitter.com/BhosalePratim/status/1564702109722759169,,,0,,Bangalore,,,,,,"{'user_id': '370804693', 'username': 'ekuekanshgupta'}",,,,
