id,conversation_id,created_at,date,time,timezone,user_id,username,name,place,tweet,language,mentions,urls,photos,replies_count,retweets_count,likes_count,hashtags,cashtags,link,retweet,quote_url,video,thumbnail,near,geo,source,user_rt_id,user_rt,retweet_id,reply_to,retweet_date,translate,trans_src,trans_dest
1522853955365408768,1522853955365408768,2022-05-07 03:20:50 CDT,2022-05-07,03:20:50,-0500,277002126,theahmedshariff,Ahmed Shariff 🇮🇳,,Netflix is losing it... https://t.co/MhM89AIY4H,en,[],[],['https://pbs.twimg.com/media/FSJDmb6agAIu5rv.jpg'],8,57,513,[],[],https://twitter.com/TheAhmedShariff/status/1522853955365408768,,,1,https://pbs.twimg.com/media/FSJDmb6agAIu5rv.jpg,Bangalore,,,,,,"{'user_id': None, 'username': None}",,,,
1522946872083509252,1522946872083509252,2022-05-07 09:30:03 CDT,2022-05-07,09:30:03,-0500,541486647,prasadpbhat,PrasadBhat.eth,,Beep Boop. This took almost 9months to make 👶 https://t.co/UZ7gKbPLYo,en,[],[],['https://pbs.twimg.com/media/FSKYG7DaQAAYDUf.jpg'],9,12,89,[],[],https://twitter.com/PrasadPBhat/status/1522946872083509252,,,1,https://pbs.twimg.com/media/FSKYG7DaQAAYDUf.jpg,Bangalore,,,,,,"{'user_id': None, 'username': None}",,,,
1522846331811016704,1522846331811016704,2022-05-07 02:50:33 CDT,2022-05-07,02:50:33,-0500,2356563414,mister_whistler,Mahesh,,"Two stocks diverged on a chart
And I took the one less taken

That dipped too

- Rupee Kaur",en,[],[],[],4,32,389,[],[],https://twitter.com/mister_whistler/status/1522846331811016704,,,0,,Bangalore,,,,,,"{'user_id': None, 'username': None}",,,,
1523006194725519362,1523006194725519362,2022-05-07 13:25:47 CDT,2022-05-07,13:25:47,-0500,1292765929261039616,kabab_lover,E=mc²,,"Done with second time #KGFChapter2  in Urvashi Theatre
Chapter 1 second time theatre Alli nodbekadre bore aagittu but idu first time nodo haage feel kodthu https://t.co/I9aO70Ji6n",en,[],[],['https://pbs.twimg.com/media/FSLODOiaQAIVUy3.jpg'],5,16,106,['kgfchapter2'],[],https://twitter.com/Kabab_Lover/status/1523006194725519362,,,1,https://pbs.twimg.com/media/FSLODOiaQAIVUy3.jpg,Bangalore,,,,,,"{'user_id': None, 'username': None}",,,,
1522989336496869376,1522989336496869376,2022-05-07 12:18:48 CDT,2022-05-07,12:18:48,-0500,1500788076171636736,tejasweevinod,Gopika_little_earthbuddy,,"Gopika convinces her Friend to talk Save Soil..👏🏻 See how well, She did the job🙂 #EachoneReachone
#Day48 #SaveSoil #100DaysForSoil #babygopika #Sadhguru #JourneyForSoil #ConsciousPlanet  #SaveSoilSaveLife #EarthBuddy @SadhguruJV @cpsavesoil https://t.co/oLUtL1kGXE",en,"['sadhgurujv', 'cpsavesoil']",[],[],2,33,65,"['eachonereachone', 'day48', 'savesoil', '100daysforsoil', 'babygopika', 'sadhguru', 'journeyforsoil', 'consciousplanet', 'savesoilsavelife', 'earthbuddy']",[],https://twitter.com/TejasweeVinod/status/1522989336496869376,,,1,https://pbs.twimg.com/ext_tw_video_thumb/1522989226559959041/pu/img/oVYtanR7rX22gtsL.jpg,Bangalore,,,,,,"{'user_id': None, 'username': None}",,,,
1522937917240655872,1522934102025854977,2022-05-07 08:54:28 CDT,2022-05-07,08:54:28,-0500,1502257273355210754,mahabodhionline,"Maha Bodhi Society, Bengaluru",,"#BuddhaPurnimaSeries

11. Who is the maker of One's Own Destiny?

By Most Ven Acharya Buddharakkhita

#Buddha #Buddhism #Buddhist #Dhamma #Sangha #Theravada #MahaBodhi #Bengaluru #Karnataka #India #Peace #Positive #Meditation #Motivation #Positive #Wisdom #Happiness #NamoBuddhaya https://t.co/3HiI6h4jy0",en,[],[],[],0,2,3,"['buddhapurnimaseries', 'buddha', 'buddhism', 'buddhist', 'dhamma', 'sangha', 'theravada', 'mahabodhi', 'bengaluru', 'karnataka', 'india', 'peace', 'positive', 'meditation', 'motivation', 'positive', 'wisdom', 'happiness', 'namobuddhaya']",[],https://twitter.com/MahaBodhiOnline/status/1522937917240655872,,,1,https://pbs.twimg.com/ext_tw_video_thumb/1522937740710789120/pu/img/WrtMx_2EuSDjeP-1.jpg,Bangalore,,,,,,"{'user_id': '1502257273355210754', 'username': 'MahaBodhiOnline'}",,,,
1522922014817677312,1522922014817677312,2022-05-07 07:51:17 CDT,2022-05-07,07:51:17,-0500,215414325,kartikeyaphoto,Kartikeya Malhotra,,"Bridges of Time, London 2018

#towerbridge #london #landscapephotography #bnwphotography #historical #landmarks https://t.co/yDAsIBxIRF",en,[],[],['https://pbs.twimg.com/media/FSKBfi3UUAEfh9I.jpg'],0,9,90,"['towerbridge', 'london', 'landscapephotography', 'bnwphotography', 'historical', 'landmarks']",[],https://twitter.com/kartikeyaphoto/status/1522922014817677312,,,1,https://pbs.twimg.com/media/FSKBfi3UUAEfh9I.jpg,Bangalore,,,,,,"{'user_id': None, 'username': None}",,,,
1522939363747057667,1522939363747057667,2022-05-07 09:00:13 CDT,2022-05-07,09:00:13,-0500,798394910,whoisharsha,Harsha,,"Next up is Sahi jata
The ancient open-air street theatre of Puri.
#sahijata #puri #odisha #digitalart #ArtistOnTwitter https://t.co/6GCIEtfIoK",en,[],[],['https://pbs.twimg.com/media/FSKRRuqaUAAQTSP.jpg'],1,4,27,"['sahijata', 'puri', 'odisha', 'digitalart', 'artistontwitter']",[],https://twitter.com/WhoisHarsha/status/1522939363747057667,,,1,https://pbs.twimg.com/media/FSKRRuqaUAAQTSP.jpg,Bangalore,,,,,,"{'user_id': None, 'username': None}",,,,
1522887886479446017,1522887886479446017,2022-05-07 05:35:40 CDT,2022-05-07,05:35:40,-0500,83214161,kripalamanna,kripal amanna,,"This was the sort of bhojanam that would quell the most ferocious Andhra meal craving 😋. Watch the complete episode at https://t.co/zd10wxOqJd 

#gourmetontheroad #foodloverstv @foodloversindia #truthinfood #mayuri #andhracuisine #bangalore #bengaluru https://t.co/1IQBTz1jcL",en,['foodloversindia'],['https://youtu.be/lBxsE8gQ_MU'],[],4,6,45,"['gourmetontheroad', 'foodloverstv', 'truthinfood', 'mayuri', 'andhracuisine', 'bangalore', 'bengaluru']",[],https://twitter.com/kripalamanna/status/1522887886479446017,,,1,https://pbs.twimg.com/ext_tw_video_thumb/1522887642769399810/pu/img/Csz9D_8krU-e3GPi.jpg,Bangalore,,,,,,"{'user_id': None, 'username': None}",,,,
1522970378540253185,1522970378540253185,2022-05-07 11:03:28 CDT,2022-05-07,11:03:28,-0500,815391702806654976,algorhythm1010,Rhythm Vijayvargiya,,"Yoga means Union. It means you have breached the boundaries of the physical and have the ability to touch and experience everything in the Universe: @SadhguruJV
When a Yogi of the highest order is risking Life &amp; Limb to #SaveSoil, we - and our leaders - must listen. #COP15 @UNCCD https://t.co/WfKfU2bZVB",en,"['sadhgurujv', 'unccd']",[],[],0,17,36,"['savesoil', 'cop15']",[],https://twitter.com/algorhythm1010/status/1522970378540253185,,,1,https://pbs.twimg.com/ext_tw_video_thumb/1522970194766798848/pu/img/EZUQtmmo_MsQ992j.jpg,Bangalore,,,,,,"{'user_id': None, 'username': None}",,,,
1522988351993057281,1522988351993057281,2022-05-07 12:14:53 CDT,2022-05-07,12:14:53,-0500,1108609720921669642,artmattersindia,Art Matters,,"Art For Cause - Art Matters in association with BBBP painted walls of bird enclosures at Bannerghatta Biological Park, Bengaluru.
#ArtForCause
#ArtMatters
#YuvakaSangha https://t.co/IRd2BIycCS",en,[],[],"['https://pbs.twimg.com/media/FSK90oQakAEvUBG.jpg', 'https://pbs.twimg.com/media/FSK90zKacAIwC7_.jpg', 'https://pbs.twimg.com/media/FSK91N3akAARVZz.jpg']",0,4,10,"['artforcause', 'artmatters', 'yuvakasangha']",[],https://twitter.com/artmattersindia/status/1522988351993057281,,,1,https://pbs.twimg.com/media/FSK90oQakAEvUBG.jpg,Bangalore,,,,,,"{'user_id': None, 'username': None}",,,,
1523034199665483776,1523034199665483776,2022-05-07 15:17:04 CDT,2022-05-07,15:17:04,-0500,1407029068948639745,designerhv,Harsh.(*DNS) ~》Web7 Intern 🕺,,Today was another good event hosted by @iampbiswal on behalf of @OgclubDAO whereby i came to met the teams of @flintdotmoney @Drife_official @Primevp_in @Biconomy_Global @onmetahq and @Terra . There were some OG folks too thereby like @jungthug4ever @midopooler @RohithDarisa etc. https://t.co/c843KkU8Ci,en,"['iampbiswal', 'ogclubdao', 'flintdotmoney', 'drife_official', 'primevp_in', 'biconomy_global', 'onmetahq', 'terra', 'midopooler', 'rohithdarisa']",[],[],2,7,31,[],[],https://twitter.com/designerhv/status/1523034199665483776,,,1,https://pbs.twimg.com/ext_tw_video_thumb/1523034172171841537/pu/img/34cVlfAhEhg4YyL7.jpg,Bangalore,,,,,,"{'user_id': None, 'username': None}",,,,
1523040015395155968,1523040015395155968,2022-05-07 15:40:11 CDT,2022-05-07,15:40:11,-0500,1459129495,rocksolid565,RAGHAVA RAM,,Tripping star https://t.co/9KMDLwPzTc,en,[],[],[],0,0,2,[],[],https://twitter.com/rocksolid565/status/1523040015395155968,,https://twitter.com/DuckBunnyHaters/status/1523006640760393728,1,https://pbs.twimg.com/ext_tw_video_thumb/1523039935204573184/pu/img/Y3oHQVeS5SXnVm--.jpg,Bangalore,,,,,,"{'user_id': None, 'username': None}",,,,
1522952543743086593,1522859485832056834,2022-05-07 09:52:36 CDT,2022-05-07,09:52:36,-0500,727371261127626752,netaji12345,Netaji,,@TravelingBharat Visited last year..... https://t.co/aa0WKKaVLe,en,['travelingbharat'],[],[],0,1,31,[],[],https://twitter.com/Netaji12345/status/1522952543743086593,,,1,https://pbs.twimg.com/ext_tw_video_thumb/1522952391599206401/pu/img/CYpoaq_WJOR3LSy9.jpg,Bangalore,,,,,,"{'user_id': '1444304648823705607', 'username': 'TravelingBharat'}",,,,
1523009748982898688,1523009748982898688,2022-05-07 13:39:54 CDT,2022-05-07,13:39:54,-0500,902237116364537856,siddhug_,Siddhu_Siddharth,,#BabyNeeSugar hits 7Mill views on his birthday eve🔥🤩! What more can be a perfect birthday gift for you @i_amak 🔥! #HBDAshwinkumar https://t.co/bYvr9Qc2Ln,en,['i_amak'],[],['https://pbs.twimg.com/media/FSLRSfaVcAAqNnL.jpg'],0,21,55,"['babyneesugar', 'hbdashwinkumar']",[],https://twitter.com/SiddhuG_/status/1523009748982898688,,,1,https://pbs.twimg.com/media/FSLRSfaVcAAqNnL.jpg,Bangalore,,,,,,"{'user_id': None, 'username': None}",,,,
1522910581044391938,1522910581044391938,2022-05-07 07:05:51 CDT,2022-05-07,07:05:51,-0500,1023438591513571330,bhatiraveena,raveena bhati,,"When I shared these pictures with family they said they can see a monkey in a book store. 
P.S.- that monkey is me ofcourse https://t.co/EkPewRf2FI",en,[],[],"['https://pbs.twimg.com/media/FSJ3GFraIAEpyuI.jpg', 'https://pbs.twimg.com/media/FSJ3GFtakAAZpdx.jpg']",1,0,9,[],[],https://twitter.com/BhatiRaveena/status/1522910581044391938,,,1,https://pbs.twimg.com/media/FSJ3GFraIAEpyuI.jpg,Bangalore,,,,,,"{'user_id': None, 'username': None}",,,,
1522983003059752960,1522983003059752960,2022-05-07 11:53:38 CDT,2022-05-07,11:53:38,-0500,1297576450829119489,sta2kk,Kuldeep | 🤖⎊,,Anyone need one? https://t.co/1vJpEYfV7v,en,[],[],['https://pbs.twimg.com/media/FSK49i2XEAYnlE4.jpg'],1,0,3,[],[],https://twitter.com/sta2kk/status/1522983003059752960,,,1,https://pbs.twimg.com/media/FSK49i2XEAYnlE4.jpg,Bangalore,,,,,,"{'user_id': None, 'username': None}",,,,
1522952493415555072,1522952493415555072,2022-05-07 09:52:24 CDT,2022-05-07,09:52:24,-0500,1230756398880788481,maichaitanya,chaitanya,,Can't go wrong w/ this classic! https://t.co/8WNdtqNPo6,en,[],[],['https://pbs.twimg.com/media/FSKdNvJVgAAuTxZ.jpg'],3,0,5,[],[],https://twitter.com/MaiChaitanya/status/1522952493415555072,,,1,https://pbs.twimg.com/media/FSKdNvJVgAAuTxZ.jpg,Bangalore,,,,,,"{'user_id': None, 'username': None}",,,,
1522978837696757760,1522978837696757760,2022-05-07 11:37:05 CDT,2022-05-07,11:37:05,-0500,887670584162766848,rakhiyashcult,ಕನ್ನಡಿಗ ರಾಕೇಶ್ ಗೌಡ 💛❤,,#SRK Stardom In theaters https://t.co/1PJCYTJs7Z,en,[],[],['https://pbs.twimg.com/media/FSK1LeWaUAAF-ns.jpg'],0,0,8,['srk'],[],https://twitter.com/RakhiYashCult/status/1522978837696757760,,https://twitter.com/PiyushSRKian1/status/1521890313153179648,1,https://pbs.twimg.com/media/FSK1LeWaUAAF-ns.jpg,Bangalore,,,,,,"{'user_id': None, 'username': None}",,,,
1522913932003799041,1522913932003799041,2022-05-07 07:19:10 CDT,2022-05-07,07:19:10,-0500,541486647,prasadpbhat,PrasadBhat.eth,,"There is no bigger joy than finding your soulmate. Don't they look absolutely gorgeous together? ☺️❤

Rush in your inquiries to info@graphicurry.com for June 2021 booking. 

 #prasadbhatart #weddinggift #personalizedgift #weddingportraits #familyportraits https://t.co/uzNN3HA0WQ",en,[],[],"['https://pbs.twimg.com/media/FSJ6JLeaQAAiV3G.jpg', 'https://pbs.twimg.com/media/FSJ6Jh2aUAEQBu3.jpg']",0,1,22,"['prasadbhatart', 'weddinggift', 'personalizedgift', 'weddingportraits', 'familyportraits']",[],https://twitter.com/PrasadPBhat/status/1522913932003799041,,,1,https://pbs.twimg.com/media/FSJ6JLeaQAAiV3G.jpg,Bangalore,,,,,,"{'user_id': None, 'username': None}",,,,
1522884963409956864,1522559294494846982,2022-05-07 05:24:03 CDT,2022-05-07,05:24:03,-0500,265846184,rdsouza11,Royston D'souza,,@shriharap @kalyanasundarsv @BngWeather @namma_vjy Light showers in sanjay nagar now #bangalorerains #bengaluru https://t.co/xlkl5hEw5K,en,"['shriharap', 'kalyanasundarsv', 'bngweather', 'namma_vjy']",[],[],1,0,4,"['bangalorerains', 'bengaluru']",[],https://twitter.com/rdsouza11/status/1522884963409956864,,,1,https://pbs.twimg.com/ext_tw_video_thumb/1522884911417282562/pu/img/y8G69ZyPbzM6uZln.jpg,Bangalore,,,,,,"{'user_id': '92031307', 'username': 'shriharap'}",,,,
1522900112095465474,1522900112095465474,2022-05-07 06:24:15 CDT,2022-05-07,06:24:15,-0500,75597113,shikhaprakash,Vaidya Shikha Prakash,,"Lovely to see people healing from #pancreatitis 

This disease is going rampant in #youth
#Ayurveda #Ayush @RajivKumar1 https://t.co/nUxWdq8Zyp",en,['rajivkumar1'],[],['https://pbs.twimg.com/media/FSJtkHAacAAvXbK.jpg'],1,0,14,"['pancreatitis', 'youth', 'ayurveda', 'ayush']",[],https://twitter.com/shikhaprakash/status/1522900112095465474,,,1,https://pbs.twimg.com/media/FSJtkHAacAAvXbK.jpg,Bangalore,,,,,,"{'user_id': None, 'username': None}",,,,
1522997764098981888,1522992457964687360,2022-05-07 12:52:17 CDT,2022-05-07,12:52:17,-0500,4742633886,gajeramitulv,Mitul Gajera 🦇🔊,,@mayankk98 @HelloSupersonic It is becoming super fun to run with @HelloSupersonic https://t.co/Ot4GEkIgv2,en,['mayankk98'],[],[],1,2,4,[],[],https://twitter.com/gajeramitulv/status/1522997764098981888,,,1,https://pbs.twimg.com/ext_tw_video_thumb/1522997722164305920/pu/img/3nWWr4gCPOyMHwRu.jpg,Bangalore,,,,,,"{'user_id': '756028869652705280', 'username': 'mayankk98'}",,,,
1522970256079466502,1522970256079466502,2022-05-07 11:02:59 CDT,2022-05-07,11:02:59,-0500,1286152753467674624,bill_bangkok,Bang Chak Bill,,Thanks Burger King. https://t.co/8Uj79UexKZ,en,[],[],['https://pbs.twimg.com/media/FSKtXwAaMAUHkQ6.jpg'],0,0,2,[],[],https://twitter.com/bill_bangkok/status/1522970256079466502,,,1,https://pbs.twimg.com/media/FSKtXwAaMAUHkQ6.jpg,Bangalore,,,,,,"{'user_id': None, 'username': None}",,,,
1522991978857721857,1522991978857721857,2022-05-07 12:29:18 CDT,2022-05-07,12:29:18,-0500,140648899,sid_shenoy,Siempre Sid,,"Probably, the greatest match cut in the history of cinema. 

Stanley Kubrick’s 2001: A Space Odyssey. 

#70mm https://t.co/RxGrvKeCDC",en,[],[],['https://pbs.twimg.com/media/FSLBIRuVcAEnVnz.jpg'],0,0,3,['70mm'],[],https://twitter.com/sid_shenoy/status/1522991978857721857,,,1,https://pbs.twimg.com/media/FSLBIRuVcAEnVnz.jpg,Bangalore,,,,,,"{'user_id': None, 'username': None}",,,,
1522996490058096640,1522996490058096640,2022-05-07 12:47:13 CDT,2022-05-07,12:47:13,-0500,516432874,dayasagar95,Daya sagar,,Another century by Pujara in #CountyChampionship2022 👏 https://t.co/DZxdEYu7nG,en,[],[],['https://pbs.twimg.com/media/FSLFPBsUcAEZY-N.jpg'],2,0,4,['countychampionship2022'],[],https://twitter.com/DayaSagar95/status/1522996490058096640,,,1,https://pbs.twimg.com/media/FSLFPBsUcAEZY-N.jpg,Bangalore,,,,,,"{'user_id': None, 'username': None}",,,,
1523008332180557824,1523008332180557824,2022-05-07 13:34:17 CDT,2022-05-07,13:34:17,-0500,902237116364537856,siddhug_,Siddhu_Siddharth,,"My last tweet on your birthday, Just Incase no one told you today! 
Hello @i_amak ❤️, You’re Simply Amazing. I believe in you. You’re doing great🔥✊! #HBDAshwinkumar https://t.co/S4zMAoMERD",en,['i_amak'],[],['https://pbs.twimg.com/media/FSLQAIeVkAAyhms.jpg'],0,20,59,['hbdashwinkumar'],[],https://twitter.com/SiddhuG_/status/1523008332180557824,,,1,https://pbs.twimg.com/media/FSLQAIeVkAAyhms.jpg,Bangalore,,,,,,"{'user_id': None, 'username': None}",,,,
1522982943932657666,1522982943932657666,2022-05-07 11:53:24 CDT,2022-05-07,11:53:24,-0500,2512187258,roshansriram123,🚬🪓🆁🅾🅻🅴🆇🪓🚬ᶜʳⁱᶜᵏᵉᵗᵍᵉᵉᵏ,,"1/2 
Congratulations @thisisysr for a wonderful 25 years in the industry. Your songs are a gift to all music lovers out there. Your versatility as musician is immense. These  albums I can live hearing them forever sir ❤
#25YearsOfYuvanism 
#YuvanShankarRaja https://t.co/9BS9TlWsvL",en,['thisisysr'],[],"['https://pbs.twimg.com/media/FSK458UVkAc3DgW.jpg', 'https://pbs.twimg.com/media/FSK46HLVsAA9XY0.jpg', 'https://pbs.twimg.com/media/FSK46ZAUcAIP_BS.jpg', 'https://pbs.twimg.com/media/FSK46o3VUAEwjvA.jpg']",1,2,7,"['25yearsofyuvanism', 'yuvanshankarraja']",[],https://twitter.com/RoshanSriram123/status/1522982943932657666,,,1,https://pbs.twimg.com/media/FSK458UVkAc3DgW.jpg,Bangalore,,,,,,"{'user_id': None, 'username': None}",,,,
1522947829265666048,1522947829265666048,2022-05-07 09:33:52 CDT,2022-05-07,09:33:52,-0500,1453897446849847298,baglanayantara,Nayantara Menon Bagla,,"I've read this book more times than I can now count. But my throat still catches when I get to this point.
The lessons #thegodfather taught me.
Somethings never change. https://t.co/pMKDpE9sYZ",en,[],[],['https://pbs.twimg.com/media/FSKY-lgakAAi1IL.jpg'],0,0,4,['thegodfather'],[],https://twitter.com/BaglaNayantara/status/1522947829265666048,,,1,https://pbs.twimg.com/media/FSKY-lgakAAi1IL.jpg,Bangalore,,,,,,"{'user_id': None, 'username': None}",,,,
1523041056194895872,1522832560925011968,2022-05-07 15:44:19 CDT,2022-05-07,15:44:19,-0500,2425750596,spandana199999,Spandana.C #SaveSoil 🌱🌎,,"@SadhguruJV @KatGraham @modern_nirvana @cpsavesoil @Refugees For the VOICE that we have, it can touch &amp; transform people .
It's only NOW and NOW..
#SaveSoil
 let's make it happen.. https://t.co/C2dy9j0EUW",en,"['sadhgurujv', 'katgraham', 'modern_nirvana', 'cpsavesoil', 'refugees']",[],['https://pbs.twimg.com/media/FSLtvFwagAAOkzM.jpg'],1,62,136,['savesoil'],[],https://twitter.com/spandana199999/status/1523041056194895872,,,1,https://pbs.twimg.com/media/FSLtvFwagAAOkzM.jpg,Bangalore,,,,,,"{'user_id': '67611162', 'username': 'SadhguruJV'}",,,,
1523031369986703362,1523031369986703362,2022-05-07 15:05:49 CDT,2022-05-07,15:05:49,-0500,932229112504057856,sr1ram_29,Sriram M,,I love this one I took today. https://t.co/8ahk9M2vv4,en,[],[],['https://pbs.twimg.com/media/FSLk800agAESOB7.jpg'],1,0,9,[],[],https://twitter.com/Sr1ram_29/status/1523031369986703362,,https://twitter.com/jigiddikilladi/status/1522592795600429056,1,https://pbs.twimg.com/media/FSLk800agAESOB7.jpg,Bangalore,,,,,,"{'user_id': None, 'username': None}",,,,
1522988600794570753,1522988600794570753,2022-05-07 12:15:52 CDT,2022-05-07,12:15:52,-0500,272440819,pramodkaigadi,Pramod Hegde,,"Satisfied ride today!👍 I have done 65km up-and-down ride with almost 200KG including rider &amp; pillion 😂😂 and still showing 54km range. Didn't had any problem in traffic and climbing medium hills. 

@OlaElectric @bhash https://t.co/Kma4JyHSzt",en,"['olaelectric', 'bhash']",[],['https://pbs.twimg.com/media/FSK-D36VsAAX80U.jpg'],8,2,52,[],[],https://twitter.com/pramodkaigadi/status/1522988600794570753,,,1,https://pbs.twimg.com/media/FSK-D36VsAAX80U.jpg,Bangalore,,,,,,"{'user_id': None, 'username': None}",,,,
1522975832050126848,1522975832050126848,2022-05-07 11:25:08 CDT,2022-05-07,11:25:08,-0500,951689171139141632,jashpreett,Jashpreet Malhotra,,Continuous parties in Bangalore has got me eating khichdi and craving a 1 week lockdown 😂 https://t.co/QLYnnmPmVe,en,[],[],['https://pbs.twimg.com/media/FSKycoqaIAASoRK.jpg'],2,0,30,[],[],https://twitter.com/jashpreett/status/1522975832050126848,,,1,https://pbs.twimg.com/media/FSKycoqaIAASoRK.jpg,Bangalore,,,,,,"{'user_id': None, 'username': None}",,,,
1522975956712890368,1522959554840989696,2022-05-07 11:25:38 CDT,2022-05-07,11:25:38,-0500,516432874,dayasagar95,Daya sagar,,Now a beautiful backfoot punch 🔥 https://t.co/aUEfDOopZp,en,[],[],[],0,0,4,[],[],https://twitter.com/DayaSagar95/status/1522975956712890368,,,1,https://pbs.twimg.com/ext_tw_video_thumb/1522975933912678401/pu/img/ZIIetOi1AZw9c-Is.jpg,Bangalore,,,,,,"{'user_id': '516432874', 'username': 'DayaSagar95'}",,,,
1522935420719288321,1522935420719288321,2022-05-07 08:44:33 CDT,2022-05-07,08:44:33,-0500,1373272624399228931,mayank_marvels,Mayank Jain,,Until it's done. Even if it rains and no lights. Meetings still go on 😇 https://t.co/vwskkkRD6a,en,[],[],['https://pbs.twimg.com/media/FSKNsItaAAIY6w2.jpg'],0,0,4,[],[],https://twitter.com/Mayank_marvels/status/1522935420719288321,,,1,https://pbs.twimg.com/media/FSKNsItaAAIY6w2.jpg,Bangalore,,,,,,"{'user_id': None, 'username': None}",,,,
1522982961234145281,1522982943932657666,2022-05-07 11:53:28 CDT,2022-05-07,11:53:28,-0500,2512187258,roshansriram123,🚬🪓🆁🅾🅻🅴🆇🪓🚬ᶜʳⁱᶜᵏᵉᵗᵍᵉᵉᵏ,,"2/2
Paiyaa will for me always remain the no.1 Kollywood album.Your Background scores have never failed to do wonders. Mankatha,Sandakozhi,Vel,Mounam Pesiyqdhe,YDNM agqin many more these films are incomplete without your bgm especially
#25YearsOfYuvanism
#YuvanShankarRaja https://t.co/QWxox581dp",en,[],[],"['https://pbs.twimg.com/media/FSK47CcUYAAo_nu.jpg', 'https://pbs.twimg.com/media/FSK47PlVgAEQJdv.jpg', 'https://pbs.twimg.com/media/FSK47enVsAE1NGk.jpg', 'https://pbs.twimg.com/media/FSK47ozVIAEzvDN.jpg']",0,2,7,"['25yearsofyuvanism', 'yuvanshankarraja']",[],https://twitter.com/RoshanSriram123/status/1522982961234145281,,,1,https://pbs.twimg.com/media/FSK47CcUYAAo_nu.jpg,Bangalore,,,,,,"{'user_id': '2512187258', 'username': 'RoshanSriram123'}",,,,
1522978187969318912,1522978187969318912,2022-05-07 11:34:30 CDT,2022-05-07,11:34:30,-0500,975267916122902528,aronbarboza1,Aaron Barboza ⚡,,"therapist: no matter what happens,we moveon
Bangalore traffic: no, we don't!😑 https://t.co/TKGmStluQg",en,[],[],['https://pbs.twimg.com/media/FSK0lk8acAAieT0.jpg'],3,0,9,[],[],https://twitter.com/Aronbarboza1/status/1522978187969318912,,,1,https://pbs.twimg.com/media/FSK0lk8acAAieT0.jpg,Bangalore,,,,,,"{'user_id': None, 'username': None}",,,,
1522983613406482433,1522983613406482433,2022-05-07 11:56:03 CDT,2022-05-07,11:56:03,-0500,2512187258,roshansriram123,🚬🪓🆁🅾🅻🅴🆇🪓🚬ᶜʳⁱᶜᵏᵉᵗᵍᵉᵉᵏ,,"Yuvan+Karthi never dissapoints ❤🙏
#Viruman #Karthi #25YearsOfYuvanism",en,[],[],[],1,1,6,"['viruman', 'karthi', '25yearsofyuvanism']",[],https://twitter.com/RoshanSriram123/status/1522983613406482433,,https://twitter.com/KavinKfc/status/1522966630258835456,0,,Bangalore,,,,,,"{'user_id': None, 'username': None}",,,,
1522989485021007872,1522989485021007872,2022-05-07 12:19:23 CDT,2022-05-07,12:19:23,-0500,1554891072,bkrs_rakshith,Rakshith Shivaram/ರಕ್ಷಿತ್ ಶಿವರಾಂ,,A must read thread on Chicago Radio Broadcasting company.,en,[],[],[],0,3,4,[],[],https://twitter.com/Bkrs_Rakshith/status/1522989485021007872,,https://twitter.com/Paperclip_In/status/1522828822235992064,0,,Bangalore,,,,,,"{'user_id': None, 'username': None}",,,,
1522954425370697728,1522954425370697728,2022-05-07 10:00:04 CDT,2022-05-07,10:00:04,-0500,14214982,harish_io,Harish,,Hello Kochi! Are you ready for the @agamlive madness tomorrow ? It’s going to be epic at INDIEGAGA MUSIC FESTIVAL tomorrow ! https://t.co/fbeJ9rLPjp,en,['agamlive'],[],[],1,0,34,[],[],https://twitter.com/harish_io/status/1522954425370697728,,,1,https://pbs.twimg.com/ext_tw_video_thumb/1522954370895151104/pu/img/HxcaUjCk3wtQGeE9.jpg,Bangalore,,,,,,"{'user_id': None, 'username': None}",,,,
1522944624066711553,1522944624066711553,2022-05-07 09:21:07 CDT,2022-05-07,09:21:07,-0500,304121141,lavguptabihiya,Luv Gupta,,How to flat an Object in javascript | easy way | #javascript https://t.co/NEimuQTZdY via @YouTube,en,['youtube'],['https://youtu.be/TdhpjSyx8ek'],[],0,1,4,['javascript'],[],https://twitter.com/lavguptabihiya/status/1522944624066711553,,,0,,Bangalore,,,,,,"{'user_id': None, 'username': None}",,,,
1522967730495770624,1522967730495770624,2022-05-07 10:52:56 CDT,2022-05-07,10:52:56,-0500,18288806,deepakao,Tweepak ,,QT this with your favourite picture 🤍 https://t.co/jrkbeaK642,en,[],[],['https://pbs.twimg.com/media/FSKrDMcUcAEoHGU.jpg'],1,0,4,[],[],https://twitter.com/DeePakao/status/1522967730495770624,,https://twitter.com/kaavuu03/status/1522937916808318978,1,https://pbs.twimg.com/media/FSKrDMcUcAEoHGU.jpg,Bangalore,,,,,,"{'user_id': None, 'username': None}",,,,
1522965261069938688,1410653468637863936,2022-05-07 10:43:08 CDT,2022-05-07,10:43:08,-0500,991206985587621888,nammabengaluroo,ನಮ್ಮ ಬೆಂಗಳೂರು Namma Bengaluru,,"Today had to take a Xerox copy of one page. 
It costed 1rupee, cud not find change.

Asked shopkeeper if i can pay by UPI 😅
Bingo .. done ✔️ https://t.co/YKlTAM94Jc",en,[],[],['https://pbs.twimg.com/media/FSKo1HWaIAEkfjO.jpg'],6,4,45,[],[],https://twitter.com/NammaBengaluroo/status/1522965261069938688,,,1,https://pbs.twimg.com/media/FSKo1HWaIAEkfjO.jpg,Bangalore,,,,,,"{'user_id': '991206985587621888', 'username': 'NammaBengaluroo'}",,,,
1523018352251510784,1523018352251510784,2022-05-07 14:14:06 CDT,2022-05-07,14:14:06,-0500,281971283,amritraj86,Amrit Raj,,A star is born!,en,[],[],[],1,2,6,[],[],https://twitter.com/AmritRaj86/status/1523018352251510784,,https://twitter.com/TennisTV/status/1522999789134266376,0,,Bangalore,,,,,,"{'user_id': None, 'username': None}",,,,
1522959148794597376,1522959148794597376,2022-05-07 10:18:50 CDT,2022-05-07,10:18:50,-0500,920814026619207680,pranavtells,Pranav Kumar,,A founder without vision and with VC money use the influence to collect deck and possible intigration of use case. #fintech #FinTechNews,en,[],[],[],1,2,2,"['fintech', 'fintechnews']",[],https://twitter.com/pranavtells/status/1522959148794597376,,,0,,Bangalore,,,,,,"{'user_id': None, 'username': None}",,,,
1522991841301344257,1522991841301344257,2022-05-07 12:28:45 CDT,2022-05-07,12:28:45,-0500,755246953051467776,himupreti,Himanshu Upreti,,"#127 Love the life you live

I see a lot of folks around me suffering from quarter-life crisis. There's no magic pill except to live the life you love. Love traveling? ✈️ . Love Reading? Build a 📚

Go out there &amp; create those magic moments

That’s one learning
See you tomorrow! https://t.co/BlQITgVZOW",en,[],[],['https://pbs.twimg.com/media/FSLA_13UYAAe3XK.jpg'],0,0,3,[],[],https://twitter.com/HimUpreti/status/1522991841301344257,,,1,https://pbs.twimg.com/media/FSLA_13UYAAe3XK.jpg,Bangalore,,,,,,"{'user_id': None, 'username': None}",,,,
1523019463347429376,1523019463347429376,2022-05-07 14:18:31 CDT,2022-05-07,14:18:31,-0500,950741768,niagharajesh,Niagha Bollamma Rajesh,,"If you're ok with really slow service (teething issues looks like) but blow your mind kind of Brazilian food, Boteco (Where Permit Room once stood tall 💔) is the place to go. That Andhra meals lookalike grilled chicken was to die for! 🤤 
P.s - Vegetarian options are limited. https://t.co/FL1x95Toqw",en,[],[],"['https://pbs.twimg.com/media/FSLaGJpXwAAKcTk.jpg', 'https://pbs.twimg.com/media/FSLaHhjWUAAl9If.jpg']",0,0,2,[],[],https://twitter.com/Niagharajesh/status/1523019463347429376,,,1,https://pbs.twimg.com/media/FSLaGJpXwAAKcTk.jpg,Bangalore,,,,,,"{'user_id': None, 'username': None}",,,,
1522941585368907777,1522941585368907777,2022-05-07 09:09:03 CDT,2022-05-07,09:09:03,-0500,81662868,vikramsampath,"Dr. Vikram Sampath, FRHistS",,Kudos to you @ARanganathan72 &amp; team! You continue to dazzle &amp; make us ordinary mortals in awe &amp; admiration of you.,en,['aranganathan72'],[],[],5,28,313,[],[],https://twitter.com/vikramsampath/status/1522941585368907777,,https://twitter.com/ARanganathan72/status/1522822179532206080,0,,Bangalore,,,,,,"{'user_id': None, 'username': None}",,,,
1522955000506621953,1522927800088334336,2022-05-07 10:02:21 CDT,2022-05-07,10:02:21,-0500,1281149013975355392,vitaltooth_,Vital Tooth™,,@flyerLPA @docdiazrod @Cisco_research Yes ..want to see you all and have a good time the Indian way !! @flyerLPA https://t.co/LW7yuU4k1g,en,"['flyerlpa', 'docdiazrod', 'cisco_research', 'flyerlpa']",[],['https://pbs.twimg.com/media/FSKfW2kWUAEfYQt.jpg'],0,0,2,[],[],https://twitter.com/VitalTooth_/status/1522955000506621953,,,1,https://pbs.twimg.com/media/FSKfW2kWUAEfYQt.jpg,Bangalore,,,,,,"{'user_id': '18869081', 'username': 'flyerLPA'}",,,,
1522936836762472448,1522936836762472448,2022-05-07 08:50:11 CDT,2022-05-07,08:50:11,-0500,83214161,kripalamanna,kripal amanna,,"We’ve got a super vlog coming up from Karwar featuring these beauties and more. We are hoping to serve up this video by lunch tomorrow🤞on our second channel https://t.co/RroUUrtIbN  Any guesses where?

#kripalamannavlogs #foodloverstv @foodloversindia #truthinfood https://t.co/vICK7BNOP6",en,['foodloversindia'],['https://youtube.com/c/KripalAmannaVlogs'],['https://pbs.twimg.com/media/FSKO-exaAAAlyRw.jpg'],5,0,41,"['kripalamannavlogs', 'foodloverstv', 'truthinfood']",[],https://twitter.com/kripalamanna/status/1522936836762472448,,,1,https://pbs.twimg.com/media/FSKO-exaAAAlyRw.jpg,Bangalore,,,,,,"{'user_id': None, 'username': None}",,,,
1522986415709048832,1522986415709048832,2022-05-07 12:07:11 CDT,2022-05-07,12:07:11,-0500,1328174876,crbobbymusic,Bobby CR,,Tried booking tickets but very tough deal Finally got to watch Sultan #KGF2  @TheNameIsYash treat to our eyes 👁👏🏼👏🏼👏🏼awesome you guys rocked #Yash @prashanth_neel @VKiragandur #Ravibarsur #HombaleFilms proud moment to sandalwood for bringing the pride of 1000crore club👏🏼👏🏼 👏🏼 https://t.co/ZbM4HlOpGR,en,"['thenameisyash', 'prashanth_neel', 'vkiragandur']",[],"['https://pbs.twimg.com/media/FSK8EX5akAAdjBc.jpg', 'https://pbs.twimg.com/media/FSK8EX3agAAK46Z.jpg']",0,6,75,"['kgf2', 'yash', 'ravibarsur', 'hombalefilms']",[],https://twitter.com/crbobbymusic/status/1522986415709048832,,,1,https://pbs.twimg.com/media/FSK8EX5akAAdjBc.jpg,Bangalore,,,,,,"{'user_id': None, 'username': None}",,,,
1522879666763481088,1522879666763481088,2022-05-07 05:03:00 CDT,2022-05-07,05:03:00,-0500,1171363494823743488,bangalorespurs,Bangalore Spurs,,"And our @SpursOfficial thiefs are ready to be led by the grandmaster locksmith Conte 😎🔑🔐

@LFC are in the quadruple race for a reason. But we have our own @ChampionsLeague spot to claim and now is not the time to slow down 💪🤍 so LFG !!!

#COYS🐔
#THFC🐔 https://t.co/PrZ7IfItur",en,"['spursofficial', 'lfc', 'championsleague']",[],['https://pbs.twimg.com/media/FSJa_EWaQAArkpz.jpg'],0,1,6,"['coys', 'thfc']",[],https://twitter.com/bangalorespurs/status/1522879666763481088,,,1,https://pbs.twimg.com/media/FSJa_EWaQAArkpz.jpg,Bangalore,,,,,,"{'user_id': None, 'username': None}",,,,
1523012109512052737,1523012109512052737,2022-05-07 13:49:17 CDT,2022-05-07,13:49:17,-0500,916693974475194368,orkachans,Chandan Kumar Jha,,Wrapping up two hours of power chat with Honourable Cabinet Minister Shree Giriraj Singh @girirajsinghbjp https://t.co/LDvRlXeVl2,en,['girirajsinghbjp'],[],"['https://pbs.twimg.com/media/FSLTb_eWUAAWLax.jpg', 'https://pbs.twimg.com/media/FSLTb_XXsAQCOvP.jpg']",0,3,6,[],[],https://twitter.com/orkachans/status/1523012109512052737,,,1,https://pbs.twimg.com/media/FSLTb_eWUAAWLax.jpg,Bangalore,,,,,,"{'user_id': None, 'username': None}",,,,
1522943724732436480,1522943724732436480,2022-05-07 09:17:33 CDT,2022-05-07,09:17:33,-0500,910651004,ayushkwadhwa,Ayush Wadhwa - ayushwadhwa.eth,,The satisfaction of saying “I told you so” is unparalleled,en,[],[],[],4,2,30,[],[],https://twitter.com/AyushkWadhwa/status/1522943724732436480,,,0,,Bangalore,,,,,,"{'user_id': None, 'username': None}",,,,
1522881753232281600,1522881753232281600,2022-05-07 05:11:18 CDT,2022-05-07,05:11:18,-0500,180663992,rehnak,Rehna,,Anybody know a good Airbnb in Besant nagar/ Adyar area? Konjam urgent. Thanks!,en,[],[],[],0,9,4,[],[],https://twitter.com/Rehnak/status/1522881753232281600,,,0,,Bangalore,,,,,,"{'user_id': None, 'username': None}",,,,
1522885262841286656,1522885262841286656,2022-05-07 05:25:15 CDT,2022-05-07,05:25:15,-0500,1368161690475323396,financewsharan,Sharan Hegde,,"If LIC IPO gets 100% listing gains and you happen to be the 1 out of 100 people who get it, you still make only ~₹15,000.

Might as well go to Goa casino.",en,[],[],[],10,6,231,[],[],https://twitter.com/financewsharan/status/1522885262841286656,,,0,,Bangalore,,,,,,"{'user_id': None, 'username': None}",,,,
1522919434494521351,1522919434494521351,2022-05-07 07:41:02 CDT,2022-05-07,07:41:02,-0500,18667578,ankitv,Ankit.Today,,"Dyu Art Café, Koramangala. 

Easily one of the most gorgeous cafés in Bangalore. https://t.co/grmhVQQkYy",en,[],[],"['https://pbs.twimg.com/media/FSJ_FYnaMAAoMwR.jpg', 'https://pbs.twimg.com/media/FSJ_GizakAALIoh.jpg', 'https://pbs.twimg.com/media/FSJ_H1ZagAAG91G.jpg', 'https://pbs.twimg.com/media/FSJ_JKmakAIcN7F.jpg']",2,0,53,[],[],https://twitter.com/ankitv/status/1522919434494521351,,,1,https://pbs.twimg.com/media/FSJ_FYnaMAAoMwR.jpg,Bangalore,,,,,,"{'user_id': None, 'username': None}",,,,
1523002594653728768,1523002594653728768,2022-05-07 13:11:29 CDT,2022-05-07,13:11:29,-0500,1328313674931470336,nasirustad_glb,Nasir Hussain Ustad,,Leader 😎,en,[],[],[],1,1,40,[],[],https://twitter.com/nasirustad_glb/status/1523002594653728768,,https://twitter.com/hd_kumaraswamy/status/1522989726869106690,0,,Bangalore,,,,,,"{'user_id': None, 'username': None}",,,,
1522949221556514816,1522932931001749504,2022-05-07 09:39:24 CDT,2022-05-07,09:39:24,-0500,2934746300,shilgiri_rao,Shilpa Rao,,"@srinualavilli WC meeting held today at ward no 160 ward office.Quite a number of issues discussed and the officials were very receptive.
Satish Karanth☝ https://t.co/gOOZ9Nxrfk",en,['srinualavilli'],[],"['https://pbs.twimg.com/media/FSKaPbVVUAAuMjN.jpg', 'https://pbs.twimg.com/media/FSKaPswVsAAxS5i.jpg']",0,1,5,[],[],https://twitter.com/shilgiri_rao/status/1522949221556514816,,,1,https://pbs.twimg.com/media/FSKaPbVVUAAuMjN.jpg,Bangalore,,,,,,"{'user_id': '18470126', 'username': 'srinualavilli'}",,,,
1522990935809818628,1479582476313972745,2022-05-07 12:25:09 CDT,2022-05-07,12:25:09,-0500,301265115,jtgenter,JT Genter,,"Flight: 6E6892 from Chennai (MAA) to Bangaluru (BLR)
Aircraft: Airbus A320-200 (VT-IFH)
Lounge: Travel Club Lounge (Priority Pass via Ritz-Carlton Card)
Cost: $50.05 one-way
Wi-Fi: n/a
Notes: Free bottle of water. We didn't opt to buy anything more on this short (&lt;hour) flight. https://t.co/XaI6wUVGCh",en,[],[],"['https://pbs.twimg.com/media/FSLAKP_aQAAj0hN.jpg', 'https://pbs.twimg.com/media/FSLAKxVaAAEUbLt.jpg', 'https://pbs.twimg.com/media/FSLALNzaIAEvWoZ.jpg', 'https://pbs.twimg.com/media/FSLALupacAAyI7y.jpg']",1,3,10,[],[],https://twitter.com/JTGenter/status/1522990935809818628,,,1,https://pbs.twimg.com/media/FSLAKP_aQAAj0hN.jpg,Bangalore,,,,,,"{'user_id': '301265115', 'username': 'JTGenter'}",,,,
1522888893497896961,1522888893497896961,2022-05-07 05:39:40 CDT,2022-05-07,05:39:40,-0500,2510785531,bharathbhatta1,Bharath Bhatta,,Preparatory run for TCS 10k marathon. We are running to support @abhyudaya_kkss exceptional work in education .,en,['abhyudaya_kkss'],[],[],0,3,9,[],[],https://twitter.com/BharathBhatta1/status/1522888893497896961,,https://twitter.com/KiranKS/status/1522837912219361281,0,,Bangalore,,,,,,"{'user_id': None, 'username': None}",,,,
1522932252023287808,1522566355438174208,2022-05-07 08:31:58 CDT,2022-05-07,08:31:58,-0500,965114888744914944,kdevforum,SaveBellandur(ಬೆಳ್ಳಂದೂರು ಉಳಿಸಿ),,"Shortlived warning for all delivery partners in #Bellandur.You can see wrong dirve,even footpath parking on kasavanahalli road with @DunzoCare.
@hsrltrafficps @BBMPCOMM @DCPTrEastBCP pls act on this nuisance &amp; give relief to residents.Its same with #Swiggy &amp; other delivery agents https://t.co/2RxrkShpEQ",en,"['dunzocare', 'hsrltrafficps', 'bbmpcomm', 'dcptreastbcp']",[],"['https://pbs.twimg.com/media/FSKKyg7aQAAHFYF.jpg', 'https://pbs.twimg.com/media/FSKKzRjakAEsApj.jpg']",4,6,7,"['bellandur', 'swiggy']",[],https://twitter.com/kdevforum/status/1522932252023287808,,,1,https://pbs.twimg.com/media/FSKKyg7aQAAHFYF.jpg,Bangalore,,,,,,"{'user_id': '965114888744914944', 'username': 'kdevforum'}",,,,
1522997267422412800,1522997267422412800,2022-05-07 12:50:19 CDT,2022-05-07,12:50:19,-0500,1304033358045798401,shanmukhsripada,Shanmukh Art,,4 goals. No words.,en,[],[],[],1,1,11,[],[],https://twitter.com/ShanmukhSripada/status/1522997267422412800,,,0,,Bangalore,,,,,,"{'user_id': None, 'username': None}",,,,
1522892309200744450,1522892309200744450,2022-05-07 05:53:15 CDT,2022-05-07,05:53:15,-0500,733701812050624514,co0kiee__,Swethima Nair,,"From #achedin days #ModiHaitoMumkinHai days, @sardesairajdeep has covered almost everything that happened in 5 years.
Fascinating to read about how BJP used opposition jibes to their advantage.
A very interesting book to understand the changing dynamics of Indian Politics.",en,['sardesairajdeep'],[],[],2,0,10,"['achedin', 'modihaitomumkinhai']",[],https://twitter.com/Co0kiee__/status/1522892309200744450,,https://twitter.com/sardesairajdeep/status/1521432127446822912,0,,Bangalore,,,,,,"{'user_id': None, 'username': None}",,,,
1522975341131681792,1522975341131681792,2022-05-07 11:23:11 CDT,2022-05-07,11:23:11,-0500,1450465136381157385,brookefieldsblr,Brookefield Layout Residents,,"We propose a hyperlocal form of governance in our Citizen Matters guest-essay. Below.

@MTF_Mobility @ArvindLBJP  @NammaBengaluroo @WFRising @I_LOVE_BLR @BellandurJothge @Dnekundi_rising @aapkaprithvi #selfGovernment

https://t.co/hUwSPWY2o5",en,"['mtf_mobility', 'arvindlbjp', 'nammabengaluroo', 'wfrising', 'i_love_blr', 'bellandurjothge', 'dnekundi_rising', 'aapkaprithvi']",['https://bengaluru.citizenmatters.in/what-fixing-our-roads-taught-us-about-local-democracy-79635'],[],2,8,22,['selfgovernment'],[],https://twitter.com/BrookefieldsBLR/status/1522975341131681792,,,0,,Bangalore,,,,,,"{'user_id': None, 'username': None}",,,,
1522974324214624257,1521521457162903552,2022-05-07 11:19:09 CDT,2022-05-07,11:19:09,-0500,59345844,lohithchalam,Lohith K.S. Chalam #wearmask #fully 💉,,@DeePakao Thanks for recommendation. Had a good Asian food after eon. https://t.co/9RbF9tQxEo,en,['deepakao'],[],"['https://pbs.twimg.com/media/FSKxEn6aAAAko-z.jpg', 'https://pbs.twimg.com/media/FSKxEn4aAAAjcJt.jpg', 'https://pbs.twimg.com/media/FSKxEn8aAAEbFhk.jpg', 'https://pbs.twimg.com/media/FSKxEn5aQAAlhf5.jpg']",0,0,3,[],[],https://twitter.com/lohithchalam/status/1522974324214624257,,,1,https://pbs.twimg.com/media/FSKxEn6aAAAko-z.jpg,Bangalore,,,,,,"{'user_id': '18288806', 'username': 'DeePakao'}",,,,
1523030467523399680,1523030467523399680,2022-05-07 15:02:14 CDT,2022-05-07,15:02:14,-0500,1455840499776950278,okshreyaaaaa,shreya (niharika’s version),,Y’all idk if I’m ready for the rcb be srh match,en,[],[],[],2,0,2,[],[],https://twitter.com/okshreyaaaaa/status/1523030467523399680,,,0,,Bangalore,,,,,,"{'user_id': None, 'username': None}",,,,
1522907198351089664,1522902065046978563,2022-05-07 06:52:24 CDT,2022-05-07,06:52:24,-0500,301265115,jtgenter,JT Genter,,"@LiveFromALounge Geez. That's quite a ways from the city though. 

I will say: that's the fanciest Subway that I've ever seen! https://t.co/JNyowYShst",en,['livefromalounge'],[],"['https://pbs.twimg.com/media/FSJz_67acAEWaH3.jpg', 'https://pbs.twimg.com/media/FSJ0AaJakAAncSm.jpg', 'https://pbs.twimg.com/media/FSJ0A8WacAMV3Da.jpg', 'https://pbs.twimg.com/media/FSJ0Bi5akAIzwI3.jpg']",1,1,8,[],[],https://twitter.com/JTGenter/status/1522907198351089664,,,1,https://pbs.twimg.com/media/FSJz_67acAEWaH3.jpg,Bangalore,,,,,,"{'user_id': '325488932', 'username': 'LiveFromALounge'}",,,,
1522994291915706370,1522994291915706370,2022-05-07 12:38:29 CDT,2022-05-07,12:38:29,-0500,1161177097139703808,bjp_muniswamy,Muniswamy S,,Today former legislators Manjunatha Gowdaru &amp; Varthur Prakash joined BJP in the presence of Hon'ble CM @BSBommai @nalinkateel @MunirathnaMLA and other senior leaders https://t.co/7FkDF91346,en,"['bsbommai', 'nalinkateel', 'munirathnamla']",[],"['https://pbs.twimg.com/media/FSLDORMVEAI6_w0.jpg', 'https://pbs.twimg.com/media/FSLDOt3UcAMjpsQ.jpg', 'https://pbs.twimg.com/media/FSLDO5sVIAMJkwc.jpg', 'https://pbs.twimg.com/media/FSLDPF3VkAERMIZ.jpg']",1,0,22,[],[],https://twitter.com/bjp_muniswamy/status/1522994291915706370,,,1,https://pbs.twimg.com/media/FSLDORMVEAI6_w0.jpg,Bangalore,,,,,,"{'user_id': None, 'username': None}",,,,
1522994633676009473,1522994633676009473,2022-05-07 12:39:51 CDT,2022-05-07,12:39:51,-0500,3282740083,juson13,Raju Wilson💙,,Amazing evening. An absolute Laugh Riot😆😆. Super performance👌👌 @jaggenius @mervyrozario @Tamasha_eST,en,"['jaggenius', 'mervyrozario', 'tamasha_est']",[],[],2,1,8,[],[],https://twitter.com/Juson13/status/1522994633676009473,,,0,,Bangalore,,,,,,"{'user_id': None, 'username': None}",,,,
1522961104699215876,1522961104699215876,2022-05-07 10:26:37 CDT,2022-05-07,10:26:37,-0500,14214982,harish_io,Harish,,Not surprised at all.,en,[],[],[],0,0,11,[],[],https://twitter.com/harish_io/status/1522961104699215876,,https://twitter.com/ericbahn/status/1522747813020413953,0,,Bangalore,,,,,,"{'user_id': None, 'username': None}",,,,
1522999693558489088,1522999693558489088,2022-05-07 12:59:57 CDT,2022-05-07,12:59:57,-0500,2302792201,iteranand,Anand Mishra,,"Good Job Anthill Team, I have gone tbrough your previous documentry work on Purnea it was fabulous , keep rocking ..!! 

https://t.co/35RMRXrCsv",en,[],['https://youtu.be/j5siTxrV1YY'],[],1,0,5,[],[],https://twitter.com/iteranand/status/1522999693558489088,,,0,,Bangalore,,,,,,"{'user_id': None, 'username': None}",,,,
1523013308592570368,1523013308592570368,2022-05-07 13:54:03 CDT,2022-05-07,13:54:03,-0500,932229112504057856,sr1ram_29,Sriram M,,I’m so happy that I didn’t watch the game and didn’t care about what was happening!🙏🏼,en,[],[],[],0,0,6,[],[],https://twitter.com/Sr1ram_29/status/1523013308592570368,,,0,,Bangalore,,,,,,"{'user_id': None, 'username': None}",,,,
1522903780655656962,1522903780655656962,2022-05-07 06:38:50 CDT,2022-05-07,06:38:50,-0500,1243192859156549633,ranook_xd,Prasanna 🍫,,Yaar snooker pe chance skip hona feels like eternity 🥲 - @ashu_3101,en,['ashu_3101'],[],[],0,0,2,[],[],https://twitter.com/Ranook_xd/status/1522903780655656962,,,0,,Bangalore,,,,,,"{'user_id': None, 'username': None}",,,,
1522981093229572096,1522981093229572096,2022-05-07 11:46:02 CDT,2022-05-07,11:46:02,-0500,124970082,guruprasadgudi,Guruprasad B Gudi|ಗುರುಪ್ರಸಾದ ಬಿ ಗುಡಿ,,"If you are near IIM Bengaluru, you must visit Chavadi. Brilliant community setting. Just love the place.",en,[],[],[],0,1,1,[],[],https://twitter.com/GuruprasadGudi/status/1522981093229572096,,,0,,Bangalore,,,,,,"{'user_id': None, 'username': None}",,,,
1522959536100761600,1522959536100761600,2022-05-07 10:20:23 CDT,2022-05-07,10:20:23,-0500,990363781,rexrao52,rexrao52🇮🇳,,"What awful panelists ! On one channel Jawahar Sircar and Sanjay Jha ....on another , Waris Pathan screaming like a banshee !!!!",en,[],[],[],0,1,1,[],[],https://twitter.com/rexrao52/status/1522959536100761600,,,0,,Bangalore,,,,,,"{'user_id': None, 'username': None}",,,,
1522882595536605184,1522882595536605184,2022-05-07 05:14:39 CDT,2022-05-07,05:14:39,-0500,1368161690475323396,financewsharan,Sharan Hegde,,"Insurance companies take advantage of our inability to fathom time value of money. 
An insurance product which gives 20 lakhs after 20 years sells like hotcakes. A term insurance which doesn’t give anything back has no buyers.
Open your excel and run the numbers before investing",en,[],[],[],2,5,75,[],[],https://twitter.com/financewsharan/status/1522882595536605184,,,0,,Bangalore,,,,,,"{'user_id': None, 'username': None}",,,,
1522949232092614656,1522949232092614656,2022-05-07 09:39:26 CDT,2022-05-07,09:39:26,-0500,124970082,guruprasadgudi,Guruprasad B Gudi|ಗುರುಪ್ರಸಾದ ಬಿ ಗುಡಿ,,"After Krishniah Shetty, why BJP ignored Malur and didn’t build the base here?",en,[],[],[],1,0,4,[],[],https://twitter.com/GuruprasadGudi/status/1522949232092614656,,,0,,Bangalore,,,,,,"{'user_id': None, 'username': None}",,,,
1522946343638999050,1522946343638999050,2022-05-07 09:27:57 CDT,2022-05-07,09:27:57,-0500,990363781,rexrao52,rexrao52🇮🇳,,And Arnab Goswami is going to debate Hinduism and  hindutva ....,en,[],[],[],2,1,2,[],[],https://twitter.com/rexrao52/status/1522946343638999050,,,0,,Bangalore,,,,,,"{'user_id': None, 'username': None}",,,,
1522954261268627456,1522954261268627456,2022-05-07 09:59:25 CDT,2022-05-07,09:59:25,-0500,81662868,vikramsampath,"Dr. Vikram Sampath, FRHistS",,"It was an enjoyable conversation with renowned journalist @jai_shiven ji for @sahitya_tak on a wide range of topics including the Hindi translation of vol 2 of Savarkar. 
@PenguinIndia
@mathur_vaishali
@jhasushant

https://t.co/eV9Jq5zJSI",en,"['jai_shiven', 'sahitya_tak', 'penguinindia', 'mathur_vaishali', 'jhasushant']",['https://youtu.be/Qdkib7Y8AtU'],[],3,22,186,[],[],https://twitter.com/vikramsampath/status/1522954261268627456,,,0,,Bangalore,,,,,,"{'user_id': None, 'username': None}",,,,
1522959678883336192,1522959678883336192,2022-05-07 10:20:57 CDT,2022-05-07,10:20:57,-0500,2297700325,ashokmruthyu,Ashok Mruthyunjaya AAP,,"Today's twitter spaces would be little late. I m out on a meeting getting late. Planning to start by 10:30 or 11 PM.

Topic is BJP is afraid of AAP

Watch this space forel more

@WFRising @AAPBangalore @MTF_Mobility @ArvindLBJP",en,"['wfrising', 'aapbangalore', 'mtf_mobility', 'arvindlbjp']",[],[],0,2,2,[],[],https://twitter.com/Ashokmruthyu/status/1522959678883336192,,,0,,Bangalore,,,,,,"{'user_id': None, 'username': None}",,,,
1522946332645752832,1522946332645752832,2022-05-07 09:27:55 CDT,2022-05-07,09:27:55,-0500,14214982,harish_io,Harish,,Super excited to watch my brother @munztdt kill it at INDIEGAGA music festival Kochi with The Down Troddence tomorrow !,en,['munztdt'],[],[],2,0,14,[],[],https://twitter.com/harish_io/status/1522946332645752832,,,0,,Bangalore,,,,,,"{'user_id': None, 'username': None}",,,,
1522980481893306368,1498868520825749504,2022-05-07 11:43:37 CDT,2022-05-07,11:43:37,-0500,272503721,macharajarao,M. S. Srinivasa Rao,,@AjitsinhJagirda @Savitritvs @swetashandilya @bgopu1973 @apurvaparikh18 @_ankahi @GSNarayan1960 @JaganNKaushik @neerangautam @sureshseshadri1 @bs_hariharan3 @Satishrathod100 @SweetBandit108 @Am_dilip1 @ResurgentIndia @Anju1951Purohit @Resurgent_India @nalini51purohit @shytigress @keeranl @AAshaRathod @Visalmama @sbk1963 @dharmvir_9 @SharmaJyots @GenPanwar @MeghUpdates @pramodsharma29 @Anandi_sanatani @SanskarBarot @MVAGovt @DhAnAnjAyParkhe @chimnibai @Dr_MR_Satapathy @Ravichiruvolu1 @ChowkidarChokra @ashokgehlot51 @UnSubtleDesi So many saints have eventually turned out to be sinners / fraudsters / debauchs.,en,"['ajitsinhjagirda', 'savitritvs', 'swetashandilya', 'bgopu1973', 'apurvaparikh18', '_ankahi', 'gsnarayan1960', 'jagannkaushik', 'neerangautam', 'sureshseshadri1', 'bs_hariharan3', 'satishrathod100', 'sweetbandit108', 'am_dilip1', 'resurgentindia', 'anju1951purohit', 'resurgent_india', 'nalini51purohit', 'shytigress', 'keeranl', 'aasharathod', 'visalmama', 'sbk1963', 'dharmvir_9', 'sharmajyots', 'genpanwar', 'meghupdates', 'pramodsharma29', 'anandi_sanatani', 'sanskarbarot', 'mvagovt', 'chimnibai', 'dr_mr_satapathy', 'ravichiruvolu1', 'chowkidarchokra', 'ashokgehlot51', 'unsubtledesi']",[],[],2,2,2,[],[],https://twitter.com/macharajarao/status/1522980481893306368,,,0,,Bangalore,,,,,,"{'user_id': '1331523428', 'username': 'AjitsinhJagirda'}",,,,
1522918415274438656,1522916996244934656,2022-05-07 07:36:59 CDT,2022-05-07,07:36:59,-0500,565531919,vijayagni53,Vijay Agnihotri,,"@ShefVaidya Case after case after case! 
But @RanaAyyub @khanumarfa would not want world to know this!
And @nytimes @washingtonpost @TIME keep peddling lies. 
But we believe in #SatyamevaJayate !",en,"['shefvaidya', 'ranaayyub', 'khanumarfa', 'nytimes', 'washingtonpost', 'time']",[],[],0,2,3,['satyamevajayate'],[],https://twitter.com/Vijayagni53/status/1522918415274438656,,,0,,Bangalore,,,,,,"{'user_id': '1934388686', 'username': 'ShefVaidya'}",,,,
1522928243229151232,1522928243229151232,2022-05-07 08:16:02 CDT,2022-05-07,08:16:02,-0500,737093264126279680,gautamdesiraju,Gautam R. Desiraju🇮🇳,,"After 50 years, TTF is still an evergreen system for research. Mechanochemical Synthesis.
@OmarFarha5

https://t.co/rEhCNlQgNp",en,['omarfarha5'],['https://pubs.rsc.org/en/content/articlelanding/2022/nj/d2nj00643j/unauth'],[],0,0,9,[],[],https://twitter.com/GautamDesiraju/status/1522928243229151232,,,0,,Bangalore,,,,,,"{'user_id': None, 'username': None}",,,,
1523030819148730368,1523030819148730368,2022-05-07 15:03:38 CDT,2022-05-07,15:03:38,-0500,1388458076651491328,veerappavenkap1,the guy from kudla,,"@narendramodi works 18 hours a day , so domestic gas cylinder is at ₹ 950 . if he works 36 hours a day , it will be ₹ 1900 .",en,['narendramodi'],[],[],2,1,10,[],[],https://twitter.com/veerappavenkap1/status/1523030819148730368,,,0,,Bangalore,,,,,,"{'user_id': '18839785', 'username': 'narendramodi'}",,,,
1522970849103339520,1522951595587411968,2022-05-07 11:05:20 CDT,2022-05-07,11:05:20,-0500,1619934990,nikhilkulkwadhe,bheema teerada huduga,,"@Themangofellow @nitin_gadkari @NHAI_Official While going to Bijapur, that stretch between durga and Hospet used to take 4 hours. Now the travel time is reduced to 10 hours even for private buses.",en,"['themangofellow', 'nitin_gadkari', 'nhai_official']",[],[],1,0,2,[],[],https://twitter.com/nikhilkulkwadhe/status/1522970849103339520,,,0,,Bangalore,,,,,,"{'user_id': '71999521', 'username': 'Themangofellow'}",,,,
1522962291469156352,1522777642054742016,2022-05-07 10:31:20 CDT,2022-05-07,10:31:20,-0500,100681561,rohinisrivathsa,Dr. Rohini Srivathsa,,"2;days of #deeptech immersion into cyber physical systems, and allied R&amp;D topics. 5G/6G, quantum, Metaverse, HCI, IoT, fintech, CBDC, crypto currency, drones, autonomous systems, underwater/naval tech, 3D printing, AI/ML, cybersecurity, data sciences, hubs, marketplaces. @NmIcps",en,['nmicps'],[],[],2,2,4,['deeptech'],[],https://twitter.com/RohiniSrivathsa/status/1522962291469156352,,,0,,Bangalore,,,,,,"{'user_id': '100681561', 'username': 'RohiniSrivathsa'}",,,,
1522951789972127746,1522469437093281792,2022-05-07 09:49:36 CDT,2022-05-07,09:49:36,-0500,451445963,chinukabi,Chinmay କବି 🇮🇳💙,,"@aktilaiyan Forget students, founders stick blockchain, AI/ML in their pitch to get more funding 😭😭",en,['aktilaiyan'],[],[],0,0,4,[],[],https://twitter.com/ChinuKabi/status/1522951789972127746,,,0,,Bangalore,,,,,,"{'user_id': '452036654', 'username': 'aktilaiyan'}",,,,
1522961201889644544,1522951595587411968,2022-05-07 10:27:00 CDT,2022-05-07,10:27:00,-0500,129811101,chethan_ram,Chethan Ram,,"@Themangofellow @nitin_gadkari @NHAI_Official My today’s achievement, I drove Shiradi stretch. 😂😂",en,"['themangofellow', 'nitin_gadkari', 'nhai_official']",[],[],1,0,6,[],[],https://twitter.com/Chethan_Ram/status/1522961201889644544,,,0,,Bangalore,,,,,,"{'user_id': '71999521', 'username': 'Themangofellow'}",,,,
1522893265338470400,1522892309200744450,2022-05-07 05:57:03 CDT,2022-05-07,05:57:03,-0500,733701812050624514,co0kiee__,Swethima Nair,,"@sardesairajdeep By this i have completed 4 books from your family
2 in @sagarikaghose’s account",en,"['sardesairajdeep', 'sagarikaghose']",[],[],1,0,2,[],[],https://twitter.com/Co0kiee__/status/1522893265338470400,,,0,,Bangalore,,,,,,"{'user_id': '56304605', 'username': 'sardesairajdeep'}",,,,
1523021756012716032,1522976749944025090,2022-05-07 14:27:37 CDT,2022-05-07,14:27:37,-0500,1076264687128449025,kevinds0uza,Kevin F. D'Souza,,"@TurnerNovak If you can't convey your thoughts in the word limit, take a pic/meme of your essay and tweet it! Threads are so damn annoying..",en,['turnernovak'],[],[],0,0,1,[],[],https://twitter.com/Kevinds0uza/status/1523021756012716032,,,0,,Bangalore,,,,,,"{'user_id': '35647451', 'username': 'TurnerNovak'}",,,,
1523019826565853184,1522839102374113280,2022-05-07 14:19:57 CDT,2022-05-07,14:19:57,-0500,1076264687128449025,kevinds0uza,Kevin F. D'Souza,,"@menon_arundhati ""Culture"" depends on which cohort you identify with. I see a thriving metropolis that has barely scratched the surface. Lot of initiatives in the right direction, turnaround time needs to be 10x. Grass is greener on the other side mentality is toxic, and shows inexperience.",en,['menon_arundhati'],[],[],0,0,2,[],[],https://twitter.com/Kevinds0uza/status/1523019826565853184,,,0,,Bangalore,,,,,,"{'user_id': '780457848', 'username': 'menon_arundhati'}",,,,
1522939107277930497,1522933126657232897,2022-05-07 08:59:12 CDT,2022-05-07,08:59:12,-0500,991206985587621888,nammabengaluroo,ನಮ್ಮ ಬೆಂಗಳೂರು Namma Bengaluru,,@DpHegde @anantkkumar @VisitUdupi Wondering if this floating bridge has a ✋ in helping Crossing over from congress to bjp 🤔,en,"['dphegde', 'anantkkumar', 'visitudupi']",[],[],2,0,7,[],[],https://twitter.com/NammaBengaluroo/status/1522939107277930497,,https://twitter.com/ANI/status/1522777451088445443,0,,Bangalore,,,,,,"{'user_id': '4272651382', 'username': 'DpHegde'}",,,,
1522966610684018689,1522951595587411968,2022-05-07 10:48:29 CDT,2022-05-07,10:48:29,-0500,129811101,chethan_ram,Chethan Ram,,"@Themangofellow @nitin_gadkari @NHAI_Official Shiradi stretch is good. After Shiradi, the fun starts. You get into a meditative state and start asking, what am I doing? Why did I take this stretch? But driving through the small town called Alur where I grew up, it’s priceless. I always do that.",en,"['themangofellow', 'nitin_gadkari', 'nhai_official']",[],[],0,0,2,[],[],https://twitter.com/Chethan_Ram/status/1522966610684018689,,,0,,Bangalore,,,,,,"{'user_id': '71999521', 'username': 'Themangofellow'}",,,,
