id,conversation_id,created_at,date,time,timezone,user_id,username,name,place,tweet,language,mentions,urls,photos,replies_count,retweets_count,likes_count,hashtags,cashtags,link,retweet,quote_url,video,thumbnail,near,geo,source,user_rt_id,user_rt,retweet_id,reply_to,retweet_date,translate,trans_src,trans_dest
1524803028993204224,1524803028993204224,2022-05-12 12:25:46 CDT,2022-05-12,12:25:46,-0500,891345115192606720,hemanthhvt_,Hemanth M ®,,"• Y A S H B O S S • 💥

#TheNameIsYash #KGFChapter2 #YashBOSS ...!!! ✨❤️ https://t.co/sehJb1Vc9R",en,[],[],[],0,134,526,"['thenameisyash', 'kgfchapter2', 'yashboss']",[],https://twitter.com/HemanthHvt_/status/1524803028993204224,,,1,https://pbs.twimg.com/ext_tw_video_thumb/1524802614428594176/pu/img/STztY1QxuOWPNLFy.jpg,Bangalore,,,,,,"{'user_id': None, 'username': None}",,,,
1524692074137722880,1524692074137722880,2022-05-12 05:04:52 CDT,2022-05-12,05:04:52,-0500,2805673135,starashabhat,Asha Bhat,,"With the one and only Sudha Murthy mam . 
A woman par excellence .The one person who never fails to inspire me❤️
Her benevolence and humility amazes me 🙏
From recipes to markets ,films and life i think we covered everything 😬
#blessedday #kannadigas https://t.co/kg8vPIQBVy",en,[],[],['https://pbs.twimg.com/media/FSjLWnjacAAqtiv.jpg'],17,117,3752,"['blessedday', 'kannadigas']",[],https://twitter.com/StarAshaBhat/status/1524692074137722880,,,1,https://pbs.twimg.com/media/FSjLWnjacAAqtiv.jpg,Bangalore,,,,,,"{'user_id': None, 'username': None}",,,,
1524802090844839938,1524802090844839938,2022-05-12 12:22:02 CDT,2022-05-12,12:22:02,-0500,1261628666217328640,jrntr_ka_fans,JrNTR KARNATAKA FAN'S.(R),,"#RRR Premium Premieres on MAY 20 🔥🔥
@tarak9999 | #ManOfMassesNTR 
 https://t.co/6AK7Xc3iMJ",en,['tarak9999'],[],[],0,14,53,"['rrr', 'manofmassesntr']",[],https://twitter.com/JrNTR_KA_FANS/status/1524802090844839938,,,1,https://pbs.twimg.com/ext_tw_video_thumb/1524462929223241728/pu/img/wxTAWpfVfWWgcR-R.jpg,Bangalore,,,,,,"{'user_id': None, 'username': None}",,,,
1524798132357193732,1524798132357193732,2022-05-12 12:06:18 CDT,2022-05-12,12:06:18,-0500,1388458076651491328,veerappavenkap1,the guy from kudla,,don’t be surprised if they find Made In China statues of Narendra Modi in those 22 locked rooms of Taj Mahal .,en,[],[],[],2,16,70,[],[],https://twitter.com/veerappavenkap1/status/1524798132357193732,,,0,,Bangalore,,,,,,"{'user_id': None, 'username': None}",,,,
1524745173472788480,1524745173472788480,2022-05-12 08:35:52 CDT,2022-05-12,08:35:52,-0500,1464659810654248960,premsingh0991,Premsingh Rajput,,Face be like :  when u spot #LUNA at $100 https://t.co/onkVleKYOF,en,[],[],['https://pbs.twimg.com/media/FSj7pi5aAAEe7dx.jpg'],1,0,7,['luna'],[],https://twitter.com/Premsingh0991/status/1524745173472788480,,,1,https://pbs.twimg.com/media/FSj7pi5aAAEe7dx.jpg,Bangalore,,,,,,"{'user_id': None, 'username': None}",,,,
1524680745402322945,1524680745402322945,2022-05-12 04:19:51 CDT,2022-05-12,04:19:51,-0500,1409608120842670089,sathish93066739,Sathish Sk,,Waiting for tomorrow #don grand release....best wishes to the team @SKProdOffl @Siva_Kartikeyan  anna❤️...attagasam aarambam😍😍 pls do watch in theaters and enjoy....Amuku Dumuku Amal Dumal Thaan..@anirudhofficial ❤️❤️❤️ https://t.co/SlcrTOWwlU,en,"['skprodoffl', 'siva_kartikeyan', 'anirudhofficial']",[],['https://pbs.twimg.com/media/FSjBDeyUcAAqZxn.jpg'],0,32,53,['don'],[],https://twitter.com/Sathish93066739/status/1524680745402322945,,,1,https://pbs.twimg.com/media/FSjBDeyUcAAqZxn.jpg,Bangalore,,,,,,"{'user_id': None, 'username': None}",,,,
1524735240022855681,1524735240022855681,2022-05-12 07:56:24 CDT,2022-05-12,07:56:24,-0500,1171363494823743488,bangalorespurs,Bangalore Spurs,,"Today's the day. #NLD

#COYS🐔
#THFC🐔 https://t.co/1e06ADZw8q",en,[],[],['https://pbs.twimg.com/media/FSjynqCaUAA7der.jpg'],0,1,8,"['nld', 'coys', 'thfc']",[],https://twitter.com/bangalorespurs/status/1524735240022855681,,,1,https://pbs.twimg.com/media/FSjynqCaUAA7der.jpg,Bangalore,,,,,,"{'user_id': None, 'username': None}",,,,
1524733985661747203,1524733985661747203,2022-05-12 07:51:25 CDT,2022-05-12,07:51:25,-0500,1712751114,iravitheindian,iRaviTheindian 🔦,,He managed to dance for this song After the leg surgery and During all the Election campaigns..He underwent a surgery for the plate removal of the focus in the Tibial bone.. In spite of so many obstacles his Charisma remains the same at the Age of 67!!!🙏 Paaah Aandavar the Only https://t.co/MO0lXdlH8t,en,[],[],['https://pbs.twimg.com/media/FSjxerwVgAAtbXf.jpg'],0,5,10,[],[],https://twitter.com/iRaviTheIndian/status/1524733985661747203,,,1,https://pbs.twimg.com/media/FSjxerwVgAAtbXf.jpg,Bangalore,,,,,,"{'user_id': None, 'username': None}",,,,
1524765424738467840,1524765424738467840,2022-05-12 09:56:20 CDT,2022-05-12,09:56:20,-0500,1194647506665246720,aishwaryabrao,Aishwarya Rao,,"Excuse me, what! 🤨 https://t.co/MeFIk4Cj7B",en,[],[],['https://pbs.twimg.com/media/FSkOEOZXsAUa8_8.jpg'],1,1,10,[],[],https://twitter.com/aishwaryaBRao/status/1524765424738467840,,,1,https://pbs.twimg.com/media/FSkOEOZXsAUa8_8.jpg,Bangalore,,,,,,"{'user_id': None, 'username': None}",,,,
1524674838991843329,1524674838991843329,2022-05-12 03:56:23 CDT,2022-05-12,03:56:23,-0500,1292831535943442437,rcbfansofficial,RCB 12th Man Army,,"THIS IS BY FAR THE BEST VIDEO ❤❤❤❤❤❤

How many of you agree with us, 12th Man Army? Use #MrNagsSupremacy 🔥😏

#RCB12thManArmy #IPL2022 #RCB #ViratKohli #KingKohli #TataIPL #PlayBold #BoldArmy #RCBFans #CricketTwitter https://t.co/ITzAT8v4ok",en,[],[],['https://pbs.twimg.com/media/FSi7r1xacAAX9Io.jpg'],1,7,139,"['mrnagssupremacy', 'rcb12thmanarmy', 'ipl2022', 'rcb', 'viratkohli', 'kingkohli', 'tataipl', 'playbold', 'boldarmy', 'rcbfans', 'crickettwitter']",[],https://twitter.com/rcbfansofficial/status/1524674838991843329,,,1,https://pbs.twimg.com/media/FSi7r1xacAAX9Io.jpg,Bangalore,,,,,,"{'user_id': None, 'username': None}",,,,
1524802441585123329,1524802441585123329,2022-05-12 12:23:26 CDT,2022-05-12,12:23:26,-0500,107698905,mike1621,Mayank Priyadarshi,,Doctor saab on fire🔥🔥🔥... It's a delight to see Dr Ranganathan put his point with such vivid arguments and how the entire group of panelists are left dumbstruck 👌👌👌😉😉😉,en,[],[],[],3,15,74,[],[],https://twitter.com/mike1621/status/1524802441585123329,,https://twitter.com/ARanganathan72/status/1524794911437905942,0,,Bangalore,,,,,,"{'user_id': None, 'username': None}",,,,
1524738028136132608,1524738028136132608,2022-05-12 08:07:28 CDT,2022-05-12,08:07:28,-0500,19128778,bhatiamanu,Manu Bhatia,,"For those asking if I have started investing, I haven't yet

Still a long way to go, Patience is the name of the game 🙏🙏 https://t.co/q81N6TZ8hl",en,[],[],['https://pbs.twimg.com/media/FSj1J4racAAE1n8.jpg'],43,20,484,[],[],https://twitter.com/bhatiamanu/status/1524738028136132608,,,1,https://pbs.twimg.com/media/FSj1J4racAAE1n8.jpg,Bangalore,,,,,,"{'user_id': None, 'username': None}",,,,
1524781996832358400,1524781996832358400,2022-05-12 11:02:11 CDT,2022-05-12,11:02:11,-0500,783242297387261952,kn1ghtf1re20,Akash James,,"Got my hands on @nvidia’s #Jetson Orin! 

New content incoming! 🚀 

#ArtificialIntelligence #ai #deeplearning https://t.co/xuHMb6XvPZ",en,['nvidia'],[],['https://pbs.twimg.com/media/FSkdJCkaQAA-PM9.jpg'],0,1,9,"['jetson', 'artificialintelligence', 'ai', 'deeplearning']",[],https://twitter.com/kn1ghtf1re20/status/1524781996832358400,,,1,https://pbs.twimg.com/media/FSkdJCkaQAA-PM9.jpg,Bangalore,,,,,,"{'user_id': None, 'username': None}",,,,
1524694790285058049,1524694790285058049,2022-05-12 05:15:40 CDT,2022-05-12,05:15:40,-0500,1358967880365166592,bengaluruhudgru,Bengaluru Hudugaru ಬೆಂಗಳೂರು ಹುಡುಗರು,,"Team was invited for a premier show of #selfiemummygoogledaddy is a movie about Mobile/Game Addiction, its impact on children, trials &amp; tribulations the parents undergo &amp; various strategies they make to get rid of the addiction.

#kfm #SocialDM #kannadafilms https://t.co/jiF8Wfzx3K",en,[],[],"['https://pbs.twimg.com/media/FSjN08gUcAAEAqi.jpg', 'https://pbs.twimg.com/media/FSjN08jUYAEaAFb.jpg', 'https://pbs.twimg.com/media/FSjN08fVUAAzEQy.jpg', 'https://pbs.twimg.com/media/FSjN08iVkAEkBcG.jpg']",1,1,7,"['selfiemummygoogledaddy', 'kfm', 'socialdm', 'kannadafilms']",[],https://twitter.com/BengaluruHudgru/status/1524694790285058049,,,1,https://pbs.twimg.com/media/FSjN08gUcAAEAqi.jpg,Bangalore,,,,,,"{'user_id': None, 'username': None}",,,,
1524865923525447681,1524865923525447681,2022-05-12 16:35:41 CDT,2022-05-12,16:35:41,-0500,1025757442594889734,dhaiwat10,dhai.eth,,"giving away this @surge_women NFT pass. pls help me find a good home for it

if you're a womxn who wants to get into web3, pls reply with what excites you the most about the space and what you want to work on 🙂 https://t.co/aXcy09WVe9",en,['surge_women'],[],['https://pbs.twimg.com/media/FSlpeF2UYAI_qgt.jpg'],23,10,55,[],[],https://twitter.com/dhaiwat10/status/1524865923525447681,,,1,https://pbs.twimg.com/media/FSlpeF2UYAI_qgt.jpg,Bangalore,,,,,,"{'user_id': None, 'username': None}",,,,
1524777525313822723,1524777525313822723,2022-05-12 10:44:25 CDT,2022-05-12,10:44:25,-0500,1440194921428750341,ajeeet_singh_,ajeet singh,,"The longest journey begins with a single step

@BlueStudiosFit #BellaChallenge 
#Burn2Earn https://t.co/k2HeuJOdO1",en,['bluestudiosfit'],[],['https://pbs.twimg.com/media/FSkZEdqaIAEkxO3.jpg'],1,1,2,"['bellachallenge', 'burn2earn']",[],https://twitter.com/ajeeet_singh_/status/1524777525313822723,,,1,https://pbs.twimg.com/media/FSkZEdqaIAEkxO3.jpg,Bangalore,,,,,,"{'user_id': None, 'username': None}",,,,
1524821745588633600,1524821745588633600,2022-05-12 13:40:08 CDT,2022-05-12,13:40:08,-0500,541486647,prasadpbhat,PrasadBhat.eth,,Couldn't sleep so made this 🧠 GN then. #supershammi https://t.co/3Y1irOFkkA,en,[],[],['https://pbs.twimg.com/media/FSlBS5facAAU7yC.jpg'],0,2,25,['supershammi'],[],https://twitter.com/PrasadPBhat/status/1524821745588633600,,,1,https://pbs.twimg.com/media/FSlBS5facAAU7yC.jpg,Bangalore,,,,,,"{'user_id': None, 'username': None}",,,,
1524765373752512512,1524765373752512512,2022-05-12 09:56:08 CDT,2022-05-12,09:56:08,-0500,571679994,doctorniikii,Dr. N,,residency is a bitter sweet feeling✨ https://t.co/PGbS2acakD,en,[],[],['https://pbs.twimg.com/media/FSkOBVMVgAAMNgr.jpg'],4,2,116,[],[],https://twitter.com/doctorniikii/status/1524765373752512512,,,1,https://pbs.twimg.com/media/FSkOBVMVgAAMNgr.jpg,Bangalore,,,,,,"{'user_id': None, 'username': None}",,,,
1524798450340360193,1524798450340360193,2022-05-12 12:07:34 CDT,2022-05-12,12:07:34,-0500,1433646682235813888,acsamarth,Samarth AC,,"Madhya Pradesh HC issues notice to Centre, ASI in plea seeking to stop offering Namaz at Bhojshala complex

The petition, argued by Adv Hari Shankar Jain, challenges an ASI notification which allowed Muslims to offer namaz within complex

https://t.co/tw92YYfE1j
#ReclaimTemples https://t.co/jxggGtORUy",en,[],['https://www.hindujagruti.org/news/159239.html'],['https://pbs.twimg.com/media/FSksG9AaUAARqFl.jpg'],0,1,1,['reclaimtemples'],[],https://twitter.com/AcSamarth/status/1524798450340360193,,,1,https://pbs.twimg.com/media/FSksG9AaUAARqFl.jpg,Bangalore,,,,,,"{'user_id': None, 'username': None}",,,,
1524818998956658690,1524818998956658690,2022-05-12 13:29:13 CDT,2022-05-12,13:29:13,-0500,755784379062947840,nimmaambi,NIMMAAMBI😘,,"TODAY Wedding wishes going in Mysore Yash Boss and Radhikapandith Happy🥳🥳🥳 happy🥳🥳🥳 Married life Chethu anna Any time be happy🥳🥳🥳 Exclusive 🔥
Boss &amp; attige in mysuru 😎😍

@TheNameIsYash #YashBOSS 
#KGF2 #kgfchapter2 #KGF3  #YashBOSS𓃵 #YashBOSS #KGF2InCinemas https://t.co/PAyjdBJVSV",en,['thenameisyash'],[],"['https://pbs.twimg.com/media/FSk-w-QagAAZe04.jpg', 'https://pbs.twimg.com/media/FSk-yh8aAAAsnJ2.jpg', 'https://pbs.twimg.com/media/FSk-yy_agAAe3Ek.jpg', 'https://pbs.twimg.com/media/FSk-zE-agAA8PmF.jpg']",0,6,22,"['yashboss', 'kgf2', 'kgfchapter2', 'kgf3', 'yashboss𓃵', 'yashboss', 'kgf2incinemas']",[],https://twitter.com/Nimmaambi/status/1524818998956658690,,,1,https://pbs.twimg.com/media/FSk-w-QagAAZe04.jpg,Bangalore,,,,,,"{'user_id': None, 'username': None}",,,,
1524807345322135552,1524807345322135552,2022-05-12 12:42:55 CDT,2022-05-12,12:42:55,-0500,1261628666217328640,jrntr_ka_fans,JrNTR KARNATAKA FAN'S.(R),,"8 Days To Go For NTR Anna Birthday 💥

MASSive Celebrations On The Way For Biggest Mass Hero Ever !

#ManOfMassesNTR @tarak9999 https://t.co/m3zHUxSH7t",en,['tarak9999'],[],['https://pbs.twimg.com/media/FSk0LQBVEAYSkw1.jpg'],0,6,26,['manofmassesntr'],[],https://twitter.com/JrNTR_KA_FANS/status/1524807345322135552,,,1,https://pbs.twimg.com/media/FSk0LQBVEAYSkw1.jpg,Bangalore,,,,,,"{'user_id': None, 'username': None}",,,,
1524727403422961667,1524727403422961667,2022-05-12 07:25:15 CDT,2022-05-12,07:25:15,-0500,1032312198436192257,bhadaktushar,Tushar 🇮🇳,,Having interaction with one of the the Great Personality(Crypto Women). It was an immense pleasure to meet @tamarincrypto at #HackerHouseBengaluru. Really @tamarincrypto guided us lot’s. Thanks Tamar.🥰 #Solana #HackerHouseBengaluru #Web3 https://t.co/SQbd47MKJb,en,"['tamarincrypto', 'tamarincrypto']",[],['https://pbs.twimg.com/media/FSjre0hakAApBpn.jpg'],0,2,6,"['hackerhousebengaluru', 'solana', 'hackerhousebengaluru', 'web3']",[],https://twitter.com/BhadakTushar/status/1524727403422961667,,,1,https://pbs.twimg.com/media/FSjre0hakAApBpn.jpg,Bangalore,,,,,,"{'user_id': None, 'username': None}",,,,
1524736537040093184,1524736537040093184,2022-05-12 08:01:33 CDT,2022-05-12,08:01:33,-0500,850236722155737089,suzanamj,Suzana | s00zy.sol,,"I spy with my little eyes @crowdpadcrew at @hackerhouses 👀 

On the same stage as @thetanmay @akshaybd and @kashdhanda 🙌🏻 https://t.co/F2LbeextB8",en,"['crowdpadcrew', 'hackerhouses', 'thetanmay', 'akshaybd', 'kashdhanda']",[],['https://pbs.twimg.com/media/FSjzzAXVsAAK3sX.jpg'],1,3,44,[],[],https://twitter.com/SuzanaMJ/status/1524736537040093184,,,1,https://pbs.twimg.com/media/FSjzzAXVsAAK3sX.jpg,Bangalore,,,,,,"{'user_id': None, 'username': None}",,,,
1524787329524563968,1524787329524563968,2022-05-12 11:23:23 CDT,2022-05-12,11:23:23,-0500,1037402113867837440,prem_pradeep21,Prem Pradeep,,"I know I know Twitter has seen enough of Bangalore weather pics, but... I mean...come on! 🥺

Went on an aimless photowalk. Totally worth it.

Canon 700D + Lightroom

#bangaloreweather #bengaluru https://t.co/EDUbNx56Hq",en,[],[],"['https://pbs.twimg.com/media/FSkh_UZaIAArtp6.jpg', 'https://pbs.twimg.com/media/FSkh_UdaAAA84sX.jpg', 'https://pbs.twimg.com/media/FSkh_UdaQAAVw52.jpg', 'https://pbs.twimg.com/media/FSkh_UbakAArniY.jpg']",0,0,21,"['bangaloreweather', 'bengaluru']",[],https://twitter.com/Prem_Pradeep21/status/1524787329524563968,,,1,https://pbs.twimg.com/media/FSkh_UZaIAArtp6.jpg,Bangalore,,,,,,"{'user_id': None, 'username': None}",,,,
1524756936650280960,1524756936650280960,2022-05-12 09:22:36 CDT,2022-05-12,09:22:36,-0500,1292831535943442437,rcbfansofficial,RCB 12th Man Army,,"Our Miyan will bounce back!!!!
And he will be back with SIIIUUUUUUU🔥🔥🔥🔥🔥🔥

Trust Miyan,
Trust his Magic!!

#RCB12thManArmy #MohammedSiraj #MiyamMagic #IPL2022 #TataIPL #Siraj #RCB #PlayBold #BoldArmy https://t.co/NnxpHlbwOO",en,[],[],['https://pbs.twimg.com/media/FSkGWHRaQAARigo.jpg'],2,5,110,"['rcb12thmanarmy', 'mohammedsiraj', 'miyammagic', 'ipl2022', 'tataipl', 'siraj', 'rcb', 'playbold', 'boldarmy']",[],https://twitter.com/rcbfansofficial/status/1524756936650280960,,,1,https://pbs.twimg.com/media/FSkGWHRaQAARigo.jpg,Bangalore,,,,,,"{'user_id': None, 'username': None}",,,,
1524698273943998464,1524698273943998464,2022-05-12 05:29:30 CDT,2022-05-12,05:29:30,-0500,3140568133,drpraveen_v,Praveen Venkatagiri,,"Puzzle game emphasizing the importance of planning,leadership,role allocation,closed loop communication.Mamta a very skillful LDR nurse says limited time creates pressure hence poor communicationSolution is planning,team work and communication @nqocnindia #InternationalNursesDay https://t.co/G6Gm0nayf6",en,['nqocnindia'],[],"['https://pbs.twimg.com/media/FSjQ_fZUUAEPq_b.jpg', 'https://pbs.twimg.com/media/FSjQ_6fVkAAYWGc.jpg']",1,3,11,['internationalnursesday'],[],https://twitter.com/drpraveen_v/status/1524698273943998464,,,1,https://pbs.twimg.com/media/FSjQ_fZUUAEPq_b.jpg,Bangalore,,,,,,"{'user_id': None, 'username': None}",,,,
1524727552061079557,1524727552061079557,2022-05-12 07:25:51 CDT,2022-05-12,07:25:51,-0500,1650914190,maxsonlewis,Maxson Lewis,,"Meet Javed Pasha our #EVET fleet driver. Love for his #Electricvehicle can be seen with the way he sqeeeky cleans it daily &amp; the pic of his fav actor #PuneethRajkumar on the screen. He said 'Yeh EV hamari ghar ko roti dilati hai'

@MahindraElctrc
@anandmahindra 
@Magenta_India https://t.co/UyCMOZXnbS",en,"['mahindraelctrc', 'anandmahindra']",[],['https://pbs.twimg.com/media/FSjrlN0aAAEEq0h.jpg'],0,5,17,"['evet', 'electricvehicle', 'puneethrajkumar']",[],https://twitter.com/maxsonlewis/status/1524727552061079557,,,1,https://pbs.twimg.com/media/FSjrlN0aAAEEq0h.jpg,Bangalore,,,,,,"{'user_id': None, 'username': None}",,,,
1524712583093112835,1524712583093112835,2022-05-12 06:26:22 CDT,2022-05-12,06:26:22,-0500,1328313674931470336,nasirustad_glb,Nasir Hussain Ustad,,"Join us, let's protect our state, our language,our people,our water,our soil.,our farmers.. https://t.co/I6GPnNCdFP",en,[],[],[],1,12,32,[],[],https://twitter.com/nasirustad_glb/status/1524712583093112835,,,1,https://pbs.twimg.com/ext_tw_video_thumb/1524712536897384448/pu/img/Qma4mpdY4Gub6cjP.jpg,Bangalore,,,,,,"{'user_id': None, 'username': None}",,,,
1524769433578835969,1524769433578835969,2022-05-12 10:12:16 CDT,2022-05-12,10:12:16,-0500,794753757108051968,iamputtu07,IAMPUTTU,,KGF THEME - CELEBRATING 25DAYS OF KGF 2 - BGM MIX - IAMPUTTU - @hombalefilms @KGFTheFilm @KGFAnalyst #YashBOSS𓃵 #KGFChapter2 #KGF2 #KGF2InCinemas #25daysofkgf #prashanthneel #Yash #YashBOSS #ravibasrur @TheNameIsYash #HombaleFilms @prashanth_neel https://t.co/5jAZA4fte6,en,"['hombalefilms', 'kgfthefilm', 'kgfanalyst', 'thenameisyash', 'prashanth_neel']",[],[],0,2,13,"['yashboss𓃵', 'kgfchapter2', 'kgf2', 'kgf2incinemas', '25daysofkgf', 'prashanthneel', 'yash', 'yashboss', 'ravibasrur', 'hombalefilms']",[],https://twitter.com/iamputtu07/status/1524769433578835969,,,1,https://pbs.twimg.com/ext_tw_video_thumb/1524769359583145985/pu/img/6zti9XRsjw955fcg.jpg,Bangalore,,,,,,"{'user_id': None, 'username': None}",,,,
1524747199099244544,1524747199099244544,2022-05-12 08:43:55 CDT,2022-05-12,08:43:55,-0500,2997245852,rudrasroy,Rudra Shankar Roy,,"We don’t feel #heat in Namma #Bengaluru at any time, it’s recorded the coldest day in the month of May since last 22 years. That’s the reason we all always enjoy #working through out the year &amp; as well in #summers in our #Bangalore - #India’s #IT &amp; #Startup Capital
@BSBommai 🙏 https://t.co/iXCjWljLSf",en,['bsbommai'],[],['https://pbs.twimg.com/media/FSj9fWDakAAkblG.jpg'],0,4,8,"['heat', 'bengaluru', 'working', 'summers', 'bangalore', 'india', 'it', 'startup']",[],https://twitter.com/rudrasroy/status/1524747199099244544,,,1,https://pbs.twimg.com/media/FSj9fWDakAAkblG.jpg,Bangalore,,,,,,"{'user_id': None, 'username': None}",,,,
1524766299133333504,1524766299133333504,2022-05-12 09:59:49 CDT,2022-05-12,09:59:49,-0500,995693681888800768,sameer__gajjar,Sameer Gajjar,,"No matter anytime 24/7 no matter any day, why #hebbal fly over is converting into nightmare for everyone? #bengalurutraffic @hebbaltrafficps @yelahankatrfps @blrcitytraffic @NammaBengaluroo @CA4Blr @CA4Blr @citizensforblr @Tweetbengalooru https://t.co/DjPDE0srcw",en,"['hebbaltrafficps', 'yelahankatrfps', 'blrcitytraffic', 'nammabengaluroo', 'ca4blr', 'ca4blr', 'citizensforblr', 'tweetbengalooru']",[],"['https://pbs.twimg.com/media/FSkO3D1UUAAgK_z.jpg', 'https://pbs.twimg.com/media/FSkO3D1UcAApaXc.jpg']",4,4,16,"['hebbal', 'bengalurutraffic']",[],https://twitter.com/Sameer__Gajjar/status/1524766299133333504,,,1,https://pbs.twimg.com/media/FSkO3D1UUAAgK_z.jpg,Bangalore,,,,,,"{'user_id': None, 'username': None}",,,,
1524787907575300098,1524787907575300098,2022-05-12 11:25:41 CDT,2022-05-12,11:25:41,-0500,431298705,manish_1901,Manish Kumar Rai (MKR),,"Conferred with Nrityasadhana Award by ANASS, Nagpur for the Year 2022
Thank you @dancewithMD  &amp; @MadhuriDixit  who had encouraged me to be able to perform and get conferred. 
@AantarAkhil Thank you for opportunity https://t.co/YIeMkzaY9l",en,"['dancewithmd', 'madhuridixit', 'aantarakhil']",[],['https://pbs.twimg.com/media/FSkihTcagAErbpD.jpg'],3,6,24,[],[],https://twitter.com/manish_1901/status/1524787907575300098,,,1,https://pbs.twimg.com/media/FSkihTcagAErbpD.jpg,Bangalore,,,,,,"{'user_id': None, 'username': None}",,,,
1524736425807478784,1524736425807478784,2022-05-12 08:01:06 CDT,2022-05-12,08:01:06,-0500,1418950342583234562,incblrnorth,INC_Bangalore North INC_ಬೆಂಗಳೂರು ಉತ್ತರ,,"BJP Government has replaced freedom with fear &amp; intimidation. It’s disheartening to see Karnataka among the states with the most number of sedition cases. In 2019 alone, 22 cases were filed &amp; none of them was convicted. Sedition can’t be a tool to suppress freedom of speech. https://t.co/JRQHubkiXt",en,[],[],['https://pbs.twimg.com/media/FSjzsiUaIAA9OxU.jpg'],2,3,10,[],[],https://twitter.com/INCblrnorth/status/1524736425807478784,,,1,https://pbs.twimg.com/media/FSjzsiUaIAA9OxU.jpg,Bangalore,,,,,,"{'user_id': None, 'username': None}",,,,
1524757088807059458,1524757088807059458,2022-05-12 09:23:13 CDT,2022-05-12,09:23:13,-0500,14214982,harish_io,Harish,,Design Mafia zone at @CRED_club HQ https://t.co/Sy0zw6UsNV,en,['cred_club'],[],[],8,4,291,[],[],https://twitter.com/harish_io/status/1524757088807059458,,,1,https://pbs.twimg.com/ext_tw_video_thumb/1524757039804600320/pu/img/WbrLG8L61iYh8M7m.jpg,Bangalore,,,,,,"{'user_id': None, 'username': None}",,,,
1524742962411753472,1524742962411753472,2022-05-12 08:27:05 CDT,2022-05-12,08:27:05,-0500,207392365,aashishpunjabi1,Aashish Punjabi,,"Trivia Thursdays @OnJunoHQ were lit!

Whoever doesn’t follow the rules have to make a rangoli 🥲 https://t.co/riltW6BWS9",en,['onjunohq'],[],"['https://pbs.twimg.com/media/FSj5nkiVgAEhvUg.jpg', 'https://pbs.twimg.com/media/FSj5nknVcAMO60R.jpg', 'https://pbs.twimg.com/media/FSj5nkqUcAYxdx9.jpg', 'https://pbs.twimg.com/media/FSj5nkvVUAIJBUM.jpg']",2,3,36,[],[],https://twitter.com/Aashishpunjabi1/status/1524742962411753472,,,1,https://pbs.twimg.com/media/FSj5nkiVgAEhvUg.jpg,Bangalore,,,,,,"{'user_id': None, 'username': None}",,,,
1524712898203103232,1524712898203103232,2022-05-12 06:27:37 CDT,2022-05-12,06:27:37,-0500,1056791457279819776,deepikaabais,Deepika Bais,,"It has been a long journey, but you're finally here! Presenting Dr. Arumoy Chatterjee! 🍺 @Arumoy89 https://t.co/fTKoNZ6vZP",en,['arumoy89'],[],['https://pbs.twimg.com/media/FSjeTEKacAEbHZ9.jpg'],1,0,16,[],[],https://twitter.com/Deepikaabais/status/1524712898203103232,,,1,https://pbs.twimg.com/media/FSjeTEKacAEbHZ9.jpg,Bangalore,,,,,,"{'user_id': None, 'username': None}",,,,
1524765582993727489,1524765582993727489,2022-05-12 09:56:58 CDT,2022-05-12,09:56:58,-0500,966261194871881728,shashanka2a,Shashank,,"Had an amazing day at Solana Hacker House...💥
Glad to meet some amazing folks. It was nice talking to you guys🤗
@funtymzwithris1 
@SuzanaMJ 
@FaheemFahms 
@prnth_ 
@im_vipul99
@SahBhargav 
.
.
.
.
#hackerhouse #hackathon #solana #networking #crypto #development #community #defi https://t.co/RUtWhrsrEM",en,"['suzanamj', 'faheemfahms', 'prnth_', 'im_vipul99', 'sahbhargav']",[],['https://pbs.twimg.com/media/FSkONcFaMAAcmgW.jpg'],1,0,21,"['hackerhouse', 'hackathon', 'solana', 'networking', 'crypto', 'development', 'community', 'defi']",[],https://twitter.com/Shashanka2a/status/1524765582993727489,,,1,https://pbs.twimg.com/media/FSkONcFaMAAcmgW.jpg,Bangalore,,,,,,"{'user_id': None, 'username': None}",,,,
1524713510147555328,1524713510147555328,2022-05-12 06:30:03 CDT,2022-05-12,06:30:03,-0500,1292831535943442437,rcbfansofficial,RCB 12th Man Army,,"""'The door is open to all who have been consistently performing. We have a few series before the T20 World Cup and if he continues to perform, he will be in consideration"".

We want the best finisher in BLUE ✅💯

#RCB12thManArmy #IPL2022 #TataIPL  #DineshKarthik  #RCB https://t.co/v6C5tWxXx6",en,[],[],['https://pbs.twimg.com/media/FSje204aUAEzaEV.jpg'],0,4,75,"['rcb12thmanarmy', 'ipl2022', 'tataipl', 'dineshkarthik', 'rcb']",[],https://twitter.com/rcbfansofficial/status/1524713510147555328,,,1,https://pbs.twimg.com/media/FSje204aUAEzaEV.jpg,Bangalore,,,,,,"{'user_id': None, 'username': None}",,,,
1524738463945306119,1524738463945306119,2022-05-12 08:09:12 CDT,2022-05-12,08:09:12,-0500,1173131263110025217,shilahockey32,Shilanand99,,"The 
       MIND   
          is   EVERYTHING 
What you think 💭 YOU 
            BECOME . https://t.co/iYZqg9hydy",en,[],[],['https://pbs.twimg.com/media/FSj1i8faMAAqgQB.jpg'],0,1,8,[],[],https://twitter.com/shilahockey32/status/1524738463945306119,,,1,https://pbs.twimg.com/media/FSj1i8faMAAqgQB.jpg,Bangalore,,,,,,"{'user_id': None, 'username': None}",,,,
1524813481475641345,1524813481475641345,2022-05-12 13:07:18 CDT,2022-05-12,13:07:18,-0500,423409111,ashishvr1,ಆಶಿಶ್ || Ashish,,"Such a cool 😎 video ya! It was fun &amp; energetic to be part of this retreat. 

#solveninjamovement",en,[],[],[],0,1,4,['solveninjamovement'],[],https://twitter.com/ashishvr1/status/1524813481475641345,,https://twitter.com/ReapBenefit/status/1524744108329234435,0,,Bangalore,,,,,,"{'user_id': None, 'username': None}",,,,
1524763410918903810,1524763410918903810,2022-05-12 09:48:20 CDT,2022-05-12,09:48:20,-0500,4713794868,suryasuresh4005,Suresh Rishi,,"#Urvashi Bangalore theater lo 
@MusicThaman anna nee bgm ki theater motham shake ayindhi 
Manchi sounds vammoo 🔥🔥

#SarkaruVaariPaata @urstrulyMahesh",en,"['musicthaman', 'urstrulymahesh']",[],[],0,8,14,"['urvashi', 'sarkaruvaaripaata']",[],https://twitter.com/suryasuresh4005/status/1524763410918903810,,,0,,Bangalore,,,,,,"{'user_id': None, 'username': None}",,,,
1524724058327519232,1524724058327519232,2022-05-12 07:11:58 CDT,2022-05-12,07:11:58,-0500,2805673135,starashabhat,Asha Bhat,,"At the launch of “Modi@20” 
An inspirational anthology about years of seva and samarpan of Shri @narendramodi ji 🙏

Congratulations @BlueKraft @amishra77 ji 👏🏼

Happy reading you all :) 
Order your copies now !
#ModiAt20Book https://t.co/C5n4nrhGn5",en,"['narendramodi', 'bluekraft', 'amishra77']",[],"['https://pbs.twimg.com/media/FSjoRO3aMAACfWM.jpg', 'https://pbs.twimg.com/media/FSjoROzacAApqOR.jpg', 'https://pbs.twimg.com/media/FSjoRO7aAAAb3TE.jpg', 'https://pbs.twimg.com/media/FSjoRO9aQAAPxIt.jpg']",2,26,411,['modiat20book'],[],https://twitter.com/StarAshaBhat/status/1524724058327519232,,,1,https://pbs.twimg.com/media/FSjoRO3aMAACfWM.jpg,Bangalore,,,,,,"{'user_id': None, 'username': None}",,,,
1524819756750348288,1524819756750348288,2022-05-12 13:32:14 CDT,2022-05-12,13:32:14,-0500,1364650268017577989,drsachin07,Dr Sachin Nagendrappa,,"Major study from India on direct video consultations,Telemedicine Centre, @NIMHANS_BLR. Telemedicine center has been a pioneer in the field of mental health since its inception and contributed in designing the Telemedicine Practice Guidelines.@MoHFW_INDIA https://t.co/EMpFgTtaxt",en,"['nimhans_blr', 'mohfw_india']",[],['https://pbs.twimg.com/media/FSk_fJEacAAYtVk.jpg'],0,2,11,[],[],https://twitter.com/drsachin07/status/1524819756750348288,,,1,https://pbs.twimg.com/media/FSk_fJEacAAYtVk.jpg,Bangalore,,,,,,"{'user_id': None, 'username': None}",,,,
1524749831558041600,1524749831558041600,2022-05-12 08:54:22 CDT,2022-05-12,08:54:22,-0500,1302503734128205824,arqumaini,Ar Qumaini Yaseen,,"HBR Ward corner meeting at Yaseen Nagar HBR Layout.
We are happy to see that public are demanding AAP this time.
We got a very good response from public towards AAP.@ArQumaini @AAPBangalore @sarvagnanagar1 @sarvagnanagar1 @MohanDasari_ @AamAadmiParty https://t.co/Iza6BddrWL",en,"['arqumaini', 'aapbangalore', 'sarvagnanagar1', 'sarvagnanagar1', 'mohandasari_', 'aamaadmiparty']",[],"['https://pbs.twimg.com/media/FSj_y-laQAEeU45.jpg', 'https://pbs.twimg.com/media/FSj_zyUagAAAQVr.jpg', 'https://pbs.twimg.com/media/FSj_0cdacAAy1H6.jpg', 'https://pbs.twimg.com/media/FSj_1whaQAA3CzM.jpg']",0,3,12,[],[],https://twitter.com/ArQumaini/status/1524749831558041600,,,1,https://pbs.twimg.com/media/FSj_y-laQAEeU45.jpg,Bangalore,,,,,,"{'user_id': None, 'username': None}",,,,
1524757784113283072,1524757784113283072,2022-05-12 09:25:59 CDT,2022-05-12,09:25:59,-0500,1432889553346465792,bruiseinvain,Paarth’s Paradox,,Isn’t this place called Kariyathumpara? Clicked  in 2019 before the monsoon. https://t.co/pkhqdAfCvY,en,[],[],['https://pbs.twimg.com/media/FSkHHu3agAElngG.jpg'],1,0,1,[],[],https://twitter.com/bruiseinvain/status/1524757784113283072,,https://twitter.com/MaskedHSapien/status/1524708363040624642,1,https://pbs.twimg.com/media/FSkHHu3agAElngG.jpg,Bangalore,,,,,,"{'user_id': None, 'username': None}",,,,
1524786650995302405,1524786650995302405,2022-05-12 11:20:41 CDT,2022-05-12,11:20:41,-0500,2922402498,kmgnath,Gopi K,,"Samskrutha is added to google Translate ..
8 Bharatiya languages have been added until now.🙏🕉️ https://t.co/nWTJAGMN33",en,[],[],['https://pbs.twimg.com/media/FSkhXfcaMAEqcVW.jpg'],0,1,3,[],[],https://twitter.com/kmgnath/status/1524786650995302405,,,1,https://pbs.twimg.com/media/FSkhXfcaMAEqcVW.jpg,Bangalore,,,,,,"{'user_id': None, 'username': None}",,,,
1524734499094900741,1524734499094900741,2022-05-12 07:53:27 CDT,2022-05-12,07:53:27,-0500,896208170149961730,manjukbye,ಲಕ್ಷ್ಮಿ ತನಯ,,"These Boys saved #IndianFootball Twitter from spam.

Thank you ❤️",en,[],[],[],1,0,24,['indianfootball'],[],https://twitter.com/ManjuKBye/status/1524734499094900741,,https://twitter.com/IFTWC/status/1524730234364657664,0,,Bangalore,,,,,,"{'user_id': None, 'username': None}",,,,
1524826359326834691,1524826359326834691,2022-05-12 13:58:28 CDT,2022-05-12,13:58:28,-0500,1500788076171636736,tejasweevinod,Gopika_little_earthbuddy,,"Gopika gives a glimpse of how Future generations are going to be, with and without Save Soil
Act now, support Save Soil 🙏🏻 
#Day53 #SaveSoil #100DaysForSoil #babygopika #Sadhguru #JourneyForSoil #ConsciousPlanet  #SaveSoilSaveLife #EarthBuddy 
@SadhguruJV @cpsavesoil https://t.co/QBAK16kRE7",en,"['sadhgurujv', 'cpsavesoil']",[],[],7,23,47,"['day53', 'savesoil', '100daysforsoil', 'babygopika', 'sadhguru', 'journeyforsoil', 'consciousplanet', 'savesoilsavelife', 'earthbuddy']",[],https://twitter.com/TejasweeVinod/status/1524826359326834691,,,1,https://pbs.twimg.com/ext_tw_video_thumb/1524826243388313601/pu/img/fMH9HcUfT22yEBmW.jpg,Bangalore,,,,,,"{'user_id': None, 'username': None}",,,,
1524789556435816448,1524789556435816448,2022-05-12 11:32:14 CDT,2022-05-12,11:32:14,-0500,1239994949677936640,adityatak20,ADITYA TAK,,"Can't believe that even after so many years #MSDhoni is single handedly carrying the whole #CSK𓃬 team! 🥲
The guy is freaking 41 years old!!",en,[],[],[],0,1,15,"['msdhoni', 'csk𓃬']",[],https://twitter.com/ADITYATAK20/status/1524789556435816448,,,0,,Bangalore,,,,,,"{'user_id': None, 'username': None}",,,,
1524655281010970624,1524655281010970624,2022-05-12 02:38:40 CDT,2022-05-12,02:38:40,-0500,3140568133,drpraveen_v,Praveen Venkatagiri,,"Today we discussed about how we can reduce light exposure in NICU.Nurses know all the problems &amp; were able to discuss change ideas.Let them not be just a backbone.They are capable of being the brain of the org aswell.
Our team of doc &amp; Nurses  @nqocnindia #InternationalNursesDay https://t.co/mstRFzrXj6",en,['nqocnindia'],[],['https://pbs.twimg.com/media/FSip5a3UUAA3Mn-.jpg'],0,0,7,['internationalnursesday'],[],https://twitter.com/drpraveen_v/status/1524655281010970624,,,1,https://pbs.twimg.com/media/FSip5a3UUAA3Mn-.jpg,Bangalore,,,,,,"{'user_id': None, 'username': None}",,,,
1524758690426855424,1524758690426855424,2022-05-12 09:29:35 CDT,2022-05-12,09:29:35,-0500,16865395,ananthaforu,Anantha-Infinity,,"#WorkFromHome is maybe a choice for many. But, when you enjoy your work, Home becomes your Office and your Workplace, A Home! 😊

Editing with some onions for support. Or should I call it a Tech-Support🤔

More to come.... https://t.co/O94V1ISMy8",en,[],[],['https://pbs.twimg.com/media/FSkH8iEVgAE5xm1.jpg'],1,0,2,['workfromhome'],[],https://twitter.com/Ananthaforu/status/1524758690426855424,,,1,https://pbs.twimg.com/media/FSkH8iEVgAE5xm1.jpg,Bangalore,,,,,,"{'user_id': None, 'username': None}",,,,
1524802445578276865,1524802445578276865,2022-05-12 12:23:27 CDT,2022-05-12,12:23:27,-0500,317672061,iamrudramurthy,CA.Rudramurthy BV,,"From 119$ high to 1¢
All Crypto Gamblers now are long term investors..
😂😂😂 https://t.co/Nd7MgNMXVA",en,[],[],['https://pbs.twimg.com/media/FSkvvdqUYBU9_6I.jpg'],3,4,61,[],[],https://twitter.com/iamrudramurthy/status/1524802445578276865,,,1,https://pbs.twimg.com/media/FSkvvdqUYBU9_6I.jpg,Bangalore,,,,,,"{'user_id': None, 'username': None}",,,,
1524807059232854016,1524807059232854016,2022-05-12 12:41:47 CDT,2022-05-12,12:41:47,-0500,1177152881889202176,0xaxit,axit.eth,,"Superr funn buidlingg itt!
Be sure to check it outt @huddle01com 

#wagmi #web3",en,['huddle01com'],[],[],5,0,12,"['wagmi', 'web3']",[],https://twitter.com/0xaxit/status/1524807059232854016,,https://twitter.com/huddle01com/status/1524772270115225601,0,,Bangalore,,,,,,"{'user_id': None, 'username': None}",,,,
1524714051401830400,1524714051401830400,2022-05-12 06:32:12 CDT,2022-05-12,06:32:12,-0500,459211755,urmilshroff,Urmil Shroff,,"Most @peakbengaluru thing I've experienced in the two months of being here: went to a Dell store to buy an XPS 13 for a teammate, he didn't have the config in stock so he Dunzo'd it from his warehouse☺️ https://t.co/GDRkvdSLz7",en,['peakbengaluru'],[],['https://pbs.twimg.com/media/FSjfViGacAALwof.jpg'],1,0,14,[],[],https://twitter.com/urmilshroff/status/1524714051401830400,,,1,https://pbs.twimg.com/media/FSjfViGacAALwof.jpg,Bangalore,,,,,,"{'user_id': None, 'username': None}",,,,
1524851427717222401,1524851427717222401,2022-05-12 15:38:05 CDT,2022-05-12,15:38:05,-0500,127124777,raj7k,Rajnish,,"I asked my friend why my Twitter is not growing, she replied you need a pretty face.",en,[],[],[],12,2,76,[],[],https://twitter.com/Raj7k/status/1524851427717222401,,,0,,Bangalore,,,,,,"{'user_id': None, 'username': None}",,,,
1524827542603018241,1524827542603018241,2022-05-12 14:03:10 CDT,2022-05-12,14:03:10,-0500,77820867,karthikbr007,Karthik BR,,"99 not out! @OlaElectric
Highest km after Move OS 2 update
About 20km on CRUISE.
Missing regen.
Especially in city traffic need regen to get good range.
Always used regen, Now using disk breaks more due to lack of regen. 
Lock and unlock is much easier with the app. https://t.co/WbqNtMWu7t",en,['olaelectric'],[],['https://pbs.twimg.com/media/FSlGj3QaAAE0kxx.jpg'],4,0,25,[],[],https://twitter.com/karthikbr007/status/1524827542603018241,,,1,https://pbs.twimg.com/media/FSlGj3QaAAE0kxx.jpg,Bangalore,,,,,,"{'user_id': None, 'username': None}",,,,
1524798165672550402,1524798165672550402,2022-05-12 12:06:26 CDT,2022-05-12,12:06:26,-0500,328021951,srikanta8,srikanta,,"Historical moment, they took Indian badminton to next level..",en,[],[],[],0,1,8,[],[],https://twitter.com/srikanta8/status/1524798165672550402,,https://twitter.com/SportsArena1234/status/1524792697986240512,0,,Bangalore,,,,,,"{'user_id': None, 'username': None}",,,,
1524713463800418305,1524713463800418305,2022-05-12 06:29:52 CDT,2022-05-12,06:29:52,-0500,742626645744492544,kapilsharma9905,Kapil Sharma,,"Since everyone is taking about bear market and crash. Let’s understand…

How to Get benefited from Market?

No one can predict &amp; time the MARKET

The market will always eventually crash. No matter how, when, for what reason, it will eventually CRASH 💥",en,[],[],[],1,2,3,[],[],https://twitter.com/kapilsharma9905/status/1524713463800418305,,,0,,Bangalore,,,,,,"{'user_id': None, 'username': None}",,,,
1524793158697385984,1524793158697385984,2022-05-12 11:46:32 CDT,2022-05-12,11:46:32,-0500,83214161,kripalamanna,kripal amanna,,"When it comes to some desserts, one really eats with eyes! Like these beauties that trooped out at the end of a enjoyable dinner at salt @ubcitybangalore the other evening. https://t.co/gUDGb5y7bw",en,['ubcitybangalore'],[],"['https://pbs.twimg.com/media/FSknSOpakAAxNn5.jpg', 'https://pbs.twimg.com/media/FSknSO_aMAA8PVm.jpg', 'https://pbs.twimg.com/media/FSknSPYaAAA8vKW.jpg', 'https://pbs.twimg.com/media/FSknSRHaIAAS1im.jpg']",6,2,64,[],[],https://twitter.com/kripalamanna/status/1524793158697385984,,,1,https://pbs.twimg.com/media/FSknSOpakAAxNn5.jpg,Bangalore,,,,,,"{'user_id': None, 'username': None}",,,,
1524787996704182273,1524787996704182273,2022-05-12 11:26:02 CDT,2022-05-12,11:26:02,-0500,2288490336,hashankaranaray,H.A.Shankaranarayana,,"The state of #KashmiriPandits today after removing #Article370 almost  3 years ago...?!

Mind you, this is the state of #Kashmir inspite of very strong presence of Indian Army!
This is the intrinsic worth of  bravado of removing #Article370",en,[],[],[],0,0,1,"['kashmiripandits', 'article370', 'kashmir', 'article370']",[],https://twitter.com/HAShankaranaray/status/1524787996704182273,,https://twitter.com/scroll_in/status/1524776872583700482,0,,Bangalore,,,,,,"{'user_id': None, 'username': None}",,,,
1524700499202953216,1524700499202953216,2022-05-12 05:38:21 CDT,2022-05-12,05:38:21,-0500,277002126,theahmedshariff,Ahmed Shariff 🇮🇳,,Twitter is Tumblr for right-wingers,en,[],[],[],4,3,90,[],[],https://twitter.com/TheAhmedShariff/status/1524700499202953216,,,0,,Bangalore,,,,,,"{'user_id': None, 'username': None}",,,,
1524767579239337986,1524767579239337986,2022-05-12 10:04:54 CDT,2022-05-12,10:04:54,-0500,1429445153597448206,sanskari_gay,Gay_007 🏳️‍🌈🇮🇳,,"Changing the crush every moment, is a part of a gay culture 😜🏳️‍🌈",en,[],[],[],1,1,7,[],[],https://twitter.com/Sanskari_Gay/status/1524767579239337986,,,0,,Bangalore,,,,,,"{'user_id': None, 'username': None}",,,,
1524683632555618305,1524683632555618305,2022-05-12 04:31:19 CDT,2022-05-12,04:31:19,-0500,1466113511910739975,newharica,Niharica 🌡,,🥺 your vibe really do be attracting your tribe,en,[],[],[],0,0,6,[],[],https://twitter.com/newharica/status/1524683632555618305,,https://twitter.com/deeppurpled/status/1524682425464684545,0,,Bangalore,,,,,,"{'user_id': None, 'username': None}",,,,
1524746441117208583,1524746441117208583,2022-05-12 08:40:54 CDT,2022-05-12,08:40:54,-0500,839341784798912513,mryalamanchi,mr.y,,"If you can't survive the crash then probably it's good time for you to quit right now!

You don't get enjoy just the upsides.",en,[],[],[],0,2,10,[],[],https://twitter.com/mryalamanchi/status/1524746441117208583,,,0,,Bangalore,,,,,,"{'user_id': None, 'username': None}",,,,
1524755190141755393,1524755190141755393,2022-05-12 09:15:40 CDT,2022-05-12,09:15:40,-0500,875445262839304193,avid_abhay,Abhay,,"If Solana event is an NFT, then it's utility is ""power networking"".",en,[],[],[],2,0,16,[],[],https://twitter.com/avid_abhay/status/1524755190141755393,,https://twitter.com/dineshgodara700/status/1524753881800265728,0,,Bangalore,,,,,,"{'user_id': None, 'username': None}",,,,
1524763581689974784,1524763581689974784,2022-05-12 09:49:01 CDT,2022-05-12,09:49:01,-0500,981857739067609088,flightofsand,Anne T. Fa,,Listening to Jethro Tull this evening. Songs From The Wood &amp; Heavy Horses.,en,[],[],[],4,0,34,[],[],https://twitter.com/flightofsand/status/1524763581689974784,,,0,,Bangalore,,,,,,"{'user_id': None, 'username': None}",,,,
1524860912104275968,1524860912104275968,2022-05-12 16:15:46 CDT,2022-05-12,16:15:46,-0500,753236781374504960,simar_psy,Simar Sethi,,Weather change fucks u up pretty good 😭,en,[],[],[],5,1,274,[],[],https://twitter.com/simar_psy/status/1524860912104275968,,,0,,Bangalore,,,,,,"{'user_id': None, 'username': None}",,,,
1524842008732237824,1524842008732237824,2022-05-12 15:00:39 CDT,2022-05-12,15:00:39,-0500,1952614357,blocksan_sol,blocksan.sol,,"#SolanaHackerHouse #solana 
Met lots of experts from the Solana ecosystem and amazed to see how humble they are !
Thank you @therealchaseeb @SuperteamDAO @tamarincrypto 
Market may be bearish, but we are bullish on Solana !!!
Solana Hacker House 2022
#blockchain #Web3 #Bullish https://t.co/4OJf8NkanP",en,"['therealchaseeb', 'superteamdao', 'tamarincrypto']",[],[],1,4,15,"['solanahackerhouse', 'solana', 'blockchain', 'web3', 'bullish']",[],https://twitter.com/blocksan_sol/status/1524842008732237824,,,1,https://pbs.twimg.com/ext_tw_video_thumb/1524841943145979904/pu/img/OM0-YstcHcSii2Sv.jpg,Bangalore,,,,,,"{'user_id': None, 'username': None}",,,,
1524802061476323336,1524802061476323336,2022-05-12 12:21:55 CDT,2022-05-12,12:21:55,-0500,45946592,iamsuneelblr,Suneel Shivananda 🇮🇳,,"Congress workers Twitter war.

He is out on bail,
She asked too create fake Social media accounts.

Congress workers Final nail to close the account in Karnataka..",en,[],[],[],0,1,4,[],[],https://twitter.com/iamsuneelblr/status/1524802061476323336,,https://twitter.com/divyaspandana/status/1524770990177210369,0,,Bangalore,,,,,,"{'user_id': None, 'username': None}",,,,
1524829840972849152,1524829840972849152,2022-05-12 14:12:18 CDT,2022-05-12,14:12:18,-0500,2280130538,lzy_lad,Lzy Lad.eth,,"Gonna be waking up early for this mystical space by @maheenisketchy
 https://t.co/uSLJb6yqjq",en,['maheenisketchy'],['https://twitter.com/i/spaces/1lDxLLMbkzyxm'],[],2,1,7,[],[],https://twitter.com/Lzy_Lad/status/1524829840972849152,,,0,,Bangalore,,,,,,"{'user_id': None, 'username': None}",,,,
1524821547428433920,1524821547428433920,2022-05-12 13:39:21 CDT,2022-05-12,13:39:21,-0500,83214161,kripalamanna,kripal amanna,,"With all due respect 🙏, whenever I look at something that may be out for reach for now, I am reminded of this oft-used line by good salespersons, “saab, dekhiye, dekhne ke paise nahin lagte!”",en,[],[],[],7,2,72,[],[],https://twitter.com/kripalamanna/status/1524821547428433920,,https://twitter.com/DeepakLevaousa/status/1524793770805370880,0,,Bangalore,,,,,,"{'user_id': None, 'username': None}",,,,
1524766552289341440,1524766552289341440,2022-05-12 10:00:49 CDT,2022-05-12,10:00:49,-0500,981857739067609088,flightofsand,Anne T. Fa,,"Today's poem is for everyone who struggles with hard days:

https://t.co/EaDObQuU1Y",en,[],['https://www.patreon.com/posts/66336161'],[],0,0,6,[],[],https://twitter.com/flightofsand/status/1524766552289341440,,,0,,Bangalore,,,,,,"{'user_id': None, 'username': None}",,,,
1524759491417231360,1524759491417231360,2022-05-12 09:32:46 CDT,2022-05-12,09:32:46,-0500,1946169680,saraswathi1717,Saraswathi Jagirdar 🇮🇳,,"#appu  @ashwinipuneet 
Nikah song on @PRKAudio YouTube channel! Movie releasing on MAY 20th!!
https://t.co/L6R0QAA8Sl
#saaravajra  @AnuPrabhakar9 https://t.co/w6Nr1fRsYu",en,"['prkaudio', 'anuprabhakar9']",['https://youtu.be/x9GTfq1SZZ8'],[],0,3,21,"['appu', 'saaravajra']",[],https://twitter.com/saraswathi1717/status/1524759491417231360,,,1,https://pbs.twimg.com/ext_tw_video_thumb/1524759448677351424/pu/img/UqLpcDbh9uqJZncG.jpg,Bangalore,,,,,,"{'user_id': None, 'username': None}",,,,
1524817154796703754,1524817154796703754,2022-05-12 13:21:54 CDT,2022-05-12,13:21:54,-0500,2280130538,lzy_lad,Lzy Lad.eth,,Thanks for being the #NFTcommunity Bouncer ser @Lanedigitalart 🫡 mucho respect ❤️,en,['lanedigitalart'],[],[],1,0,3,['nftcommunity'],[],https://twitter.com/Lzy_Lad/status/1524817154796703754,,https://twitter.com/Lanedigitalart/status/1524797366838108160,0,,Bangalore,,,,,,"{'user_id': None, 'username': None}",,,,
1524816029985058816,1524816029985058816,2022-05-12 13:17:25 CDT,2022-05-12,13:17:25,-0500,117728754,socialslack,SocialSlack,,Saar what is your Skin care regime???,en,[],[],[],5,0,10,[],[],https://twitter.com/Socialslack/status/1524816029985058816,,https://twitter.com/geniusparadox/status/1524731921011412993,0,,Bangalore,,,,,,"{'user_id': None, 'username': None}",,,,
1524760168654794754,1524760168654794754,2022-05-12 09:35:27 CDT,2022-05-12,09:35:27,-0500,62207428,rekhabaala,Rekha Bala,,"I haven't got a decent mango this season in Bangalore. Maybe if I am lucky, I'll just catch the neelam in Kerala in June.",en,[],[],[],1,0,4,[],[],https://twitter.com/rekhabaala/status/1524760168654794754,,,0,,Bangalore,,,,,,"{'user_id': None, 'username': None}",,,,
1524761487658549249,1524761487658549249,2022-05-12 09:40:42 CDT,2022-05-12,09:40:42,-0500,1217824394744979456,unfunnyket,Aniket,,"Long hair era ended
I look like a tomboy now",en,[],[],[],2,0,10,[],[],https://twitter.com/unfunnyket/status/1524761487658549249,,,0,,Bangalore,,,,,,"{'user_id': None, 'username': None}",,,,
1524822312041992192,1524822312041992192,2022-05-12 13:42:23 CDT,2022-05-12,13:42:23,-0500,66954504,sunnykgupta,Sunny,,A spatial database is a special type of database. 🌚,en,[],[],[],3,0,11,[],[],https://twitter.com/sunnykgupta/status/1524822312041992192,,,0,,Bangalore,,,,,,"{'user_id': None, 'username': None}",,,,
1524778716676599821,1524778716676599821,2022-05-12 10:49:09 CDT,2022-05-12,10:49:09,-0500,1245431906,shettysumanth21,Sumanth Shetty,,"#Hindus are killed on daily basis on some pretext or the other, but the truth is #Hindus are killed because they are #Hindus, we need to understand and accept the truth about this hate by the followers of imported ideology. #JusticeForRahulBhat

https://t.co/xqrZh6xnEy",en,[],['https://www.ndtv.com/india-news/kashmiri-pandit-shot-at-by-terrorists-in-jammu-and-kashmirs-budgam-2969548'],[],1,25,41,"['hindus', 'hindus', 'hindus', 'justiceforrahulbhat']",[],https://twitter.com/shettysumanth21/status/1524778716676599821,,,0,,Bangalore,,,,,,"{'user_id': None, 'username': None}",,,,
1524777918919892992,1524777918919892992,2022-05-12 10:45:59 CDT,2022-05-12,10:45:59,-0500,4900452769,khaarabun,ಸಿಂಧು|Sindhu,,"Ugh, I want less time on my hands so that I don't sit in a corner and wonder angrily about why men were never taught the difference between Uppinkayi ell enne and Deepa haccho ell enne. (Food grade gingelly Vs lamp gingelly oil) 😓",en,[],[],[],0,0,5,[],[],https://twitter.com/khaarabun/status/1524777918919892992,,,0,,Bangalore,,,,,,"{'user_id': None, 'username': None}",,,,
1524728846641090561,1524728846641090561,2022-05-12 07:30:59 CDT,2022-05-12,07:30:59,-0500,317672061,iamrudramurthy,CA.Rudramurthy BV,,"Watch till the end..
What happened to all Option Seller who had all skills of firefighting and adjustments in this markets..
Ha ha ha 
😂😂😂
Retweet to all who don't understand the risk of adjustment trades.. https://t.co/hM9sNpZ1w1",en,[],[],[],3,10,83,[],[],https://twitter.com/iamrudramurthy/status/1524728846641090561,,,1,https://pbs.twimg.com/ext_tw_video_thumb/1524728798263926787/pu/img/zzanPVxKYithBQT1.jpg,Bangalore,,,,,,"{'user_id': None, 'username': None}",,,,
1524817973180919808,1524817973180919808,2022-05-12 13:25:09 CDT,2022-05-12,13:25:09,-0500,2280130538,lzy_lad,Lzy Lad.eth,,"Branding and Marketing Tips for Artists from @ooo000ooo @PsyNFTxyz
@NFTrippy 

https://t.co/bgezC4mbQn",en,"['ooo000ooo', 'psynftxyz', 'nftrippy']",['https://twitter.com/i/spaces/1OwGWzWEDoWKQ'],[],0,0,3,[],[],https://twitter.com/Lzy_Lad/status/1524817973180919808,,,0,,Bangalore,,,,,,"{'user_id': None, 'username': None}",,,,
1524749588590043139,1524749588590043139,2022-05-12 08:53:25 CDT,2022-05-12,08:53:25,-0500,124970082,guruprasadgudi,Guruprasad B Gudi|ಗುರುಪ್ರಸಾದ ಬಿ ಗುಡಿ,,People who still discuss covid waves and rules need to get a life. Please enjoy your short life and leave others out of it. You want to fret all the time. So be it.,en,[],[],[],2,0,3,[],[],https://twitter.com/GuruprasadGudi/status/1524749588590043139,,,0,,Bangalore,,,,,,"{'user_id': None, 'username': None}",,,,
1524776870373326849,1524776870373326849,2022-05-12 10:41:49 CDT,2022-05-12,10:41:49,-0500,17839493,nakulshenoy,Nakul Shenoy,,"Here’s a video of the live online magic performance by Inesh &amp; Ishaan of @i3andco. The edits are mostly to cut-out the Q&amp;A sessions.
https://t.co/H1afjtsZnN",en,['i3andco'],['https://www.youtube.com/watch?v=3nhfi26IMpk'],[],2,1,3,[],[],https://twitter.com/NakulShenoy/status/1524776870373326849,,https://twitter.com/NakulShenoy/status/1524752393795411968,0,,Bangalore,,,,,,"{'user_id': None, 'username': None}",,,,
1524765193590300672,1524765193590300672,2022-05-12 09:55:25 CDT,2022-05-12,09:55:25,-0500,36620568,shree_das01,Shree Saudamini Das,,"All the best @yash3339 for this. Looking forward to the content. 
Y’all please subscribe for fresh finance content to The Daily Moon https://t.co/4J2861cv4K",en,['yash3339'],['https://dailymoon.substack.com/?utm_medium=web&utm_campaign=pss'],[],0,0,3,[],[],https://twitter.com/Shree_Das01/status/1524765193590300672,,,0,,Bangalore,,,,,,"{'user_id': None, 'username': None}",,,,
1524754238500311040,1524686897582571521,2022-05-12 09:11:53 CDT,2022-05-12,09:11:53,-0500,842040846673354754,veedeesarma,V D Sarma,,@urvish2020 @GujaratiFunda Now all problems solved as Mughal empire started with a Babu modi.,en,"['urvish2020', 'gujaratifunda']",[],[],0,0,11,[],[],https://twitter.com/veedeesarma/status/1524754238500311040,,,0,,Bangalore,,,,,,"{'user_id': '1241322153972121601', 'username': 'urvish2020'}",,,,
1524712987499528193,1524602854476218369,2022-05-12 06:27:58 CDT,2022-05-12,06:27:58,-0500,1258584332295266304,ravicdasgupta1,Ravi C Dasgupta,,@Sanginamby Why are we always grouped among the worst ? In any comparison?? It's so frustration. I think we have sunk down below even the 3rd world status we occupied earlier.,en,['sanginamby'],[],[],1,2,2,[],[],https://twitter.com/RaviCDasgupta1/status/1524712987499528193,,,0,,Bangalore,,,,,,"{'user_id': '123851279', 'username': 'Sanginamby'}",,,,
1524810513850372107,1524793619433295873,2022-05-12 12:55:30 CDT,2022-05-12,12:55:30,-0500,2849902885,5hint0,Shinto | FloodedCamera.eth,,@techbubble We have a small meetup on 14th and 15th. Do join if you have nothing else planned 😉 Probably nothing 😅,en,['techbubble'],[],[],1,0,5,[],[],https://twitter.com/5hint0/status/1524810513850372107,,,0,,Bangalore,,,,,,"{'user_id': '900741', 'username': 'techbubble'}",,,,
1524779818281099264,1524775868509261824,2022-05-12 10:53:32 CDT,2022-05-12,10:53:32,-0500,14214982,harish_io,Harish,,@shalakulkarni @CRED_club They are working from home - @nandinigangal @_cdka @manishaaverma Shreya Diwakar 😊,en,"['shalakulkarni', 'cred_club', 'nandinigangal', '_cdka', 'manishaaverma']",[],[],1,0,18,[],[],https://twitter.com/harish_io/status/1524779818281099264,,,0,,Bangalore,,,,,,"{'user_id': '1897648854', 'username': 'shalakulkarni'}",,,,
1524661270448066560,1524622028254310400,2022-05-12 03:02:28 CDT,2022-05-12,03:02:28,-0500,169001202,saptarshipr,Saptarshi Prakash,,@IRahulBhadoriya @gupta_shivs Not forced. I was the photographer and she was the model 😂,en,"['irahulbhadoriya', 'gupta_shivs']",[],[],0,0,5,[],[],https://twitter.com/saptarshipr/status/1524661270448066560,,,0,,Bangalore,,,,,,"{'user_id': '380806414', 'username': 'RahulDesignWeb3'}",,,,
1524749648421785600,1524733176739938305,2022-05-12 08:53:39 CDT,2022-05-12,08:53:39,-0500,1706594738,i_udita,Udita Pal 🧂,,"@aaryawn There are exceptions to it. If my friend is expecting me to splurge because they are miser. Or want a one way relationship where I spend they enjoy, I can’t be understanding. I can’t empathise to someone with entitlement.",en,['aaryawn'],[],[],2,0,12,[],[],https://twitter.com/i_Udita/status/1524749648421785600,,,0,,Bangalore,,,,,,"{'user_id': '1084840964', 'username': 'aaryawn'}",,,,
