id,conversation_id,created_at,date,time,timezone,user_id,username,name,place,tweet,language,mentions,urls,photos,replies_count,retweets_count,likes_count,hashtags,cashtags,link,retweet,quote_url,video,thumbnail,near,geo,source,user_rt_id,user_rt,retweet_id,reply_to,retweet_date,translate,trans_src,trans_dest
1534612565074284545,1534612565074284545,2022-06-08 14:05:21 CDT,2022-06-08,14:05:21,-0500,1388458076651491328,veerappavenkap1,the guy from kudla,,"Fringe Love ❤️ 
#ArabicKuthu https://t.co/a6Xam00DJQ",en,[],[],['https://pbs.twimg.com/media/FUwJ_gLagAAHgMp.jpg'],4,19,68,['arabickuthu'],[],https://twitter.com/veerappavenkap1/status/1534612565074284545,,,1,https://pbs.twimg.com/media/FUwJ_gLagAAHgMp.jpg,Bangalore,,,,,,"{'user_id': None, 'username': None}",,,,
1534525969435791360,1534525969435791360,2022-06-08 08:21:15 CDT,2022-06-08,08:21:15,-0500,2893902498,vandanajain_,Poan Sapdi,,Relate max! https://t.co/qFGEkYPg27,en,[],[],['https://pbs.twimg.com/media/FUu7O_tUsAELu16.jpg'],3,18,189,[],[],https://twitter.com/VandanaJain_/status/1534525969435791360,,,1,https://pbs.twimg.com/media/FUu7O_tUsAELu16.jpg,Bangalore,,,,,,"{'user_id': None, 'username': None}",,,,
1534552981492080641,1534552981492080641,2022-06-08 10:08:36 CDT,2022-06-08,10:08:36,-0500,1427137665040715776,manjuamatur2,Manju Amatur,,"Walk of Royalty ❤️
 @PuneethRajkumar https://t.co/HPFdGw3iD2",en,['puneethrajkumar'],[],['https://pbs.twimg.com/media/FUvTVRWagAEoxZa.jpg'],0,29,170,[],[],https://twitter.com/ManjuAmatur2/status/1534552981492080641,,,1,https://pbs.twimg.com/media/FUvTVRWagAEoxZa.jpg,Bangalore,,,,,,"{'user_id': None, 'username': None}",,,,
1534571567304151040,1534571567304151040,2022-06-08 11:22:27 CDT,2022-06-08,11:22:27,-0500,1343745761494757376,bossfans03,_dboss_fans_official,,"😁🌬️
Follow us Now :- @Bossfans03 

#ಕ್ರಾಂತಿ #Kranti #KrantiBegins
#Boss #darshanthoogudeepa 
#DBoss #Darshan #RVMN 
#BossOfSandalwood #D55 
#darshanthoogudeepashrinivas https://t.co/iUNekhdXCb",en,['bossfans03'],[],['https://pbs.twimg.com/media/FUvktDJVIAATp85.jpg'],0,26,53,"['ಕ್ರಾಂತಿ', 'kranti', 'krantibegins', 'boss', 'darshanthoogudeepa', 'dboss', 'darshan', 'rvmn', 'bossofsandalwood', 'd55', 'darshanthoogudeepashrinivas']",[],https://twitter.com/Bossfans03/status/1534571567304151040,,,1,https://pbs.twimg.com/media/FUvktDJVIAATp85.jpg,Bangalore,,,,,,"{'user_id': None, 'username': None}",,,,
1534546531998519296,1534546531998519296,2022-06-08 09:42:58 CDT,2022-06-08,09:42:58,-0500,1388371520007770113,aapbopanna_kp,Bopanna Bangalore,,"Real Heros of Campaign are the honest Volunteers.
Door to door Campaign in Avalahalli Anjanapura ward.
@MohanDasari_ @aapkaprithvi @Nimmabhaskar22 @AAPKarnataka https://t.co/ysGZ9NyFWK",en,"['mohandasari_', 'aapkaprithvi', 'nimmabhaskar22', 'aapkarnataka']",[],['https://pbs.twimg.com/media/FUvN7roaIAASags.jpg'],0,21,80,[],[],https://twitter.com/AAPBopanna_KP/status/1534546531998519296,,,1,https://pbs.twimg.com/media/FUvN7roaIAASags.jpg,Bangalore,,,,,,"{'user_id': None, 'username': None}",,,,
1534523455508320256,1534523455508320256,2022-06-08 08:11:16 CDT,2022-06-08,08:11:16,-0500,1502257273355210754,mahabodhionline,"Maha Bodhi Society, Bengaluru",,"#MahaBodhiQuiz

17. Who was the Last Convert made by The Buddha? ☸️

A) Subhadda

B) Subhasha

C) Sujata

D) Sunita

#Buddha #Buddhism #Buddhist #Dhamma #Sangha #Theravada #MahaBodhi #Bengaluru #Karnataka #India #Peace #Meditation #Motivation #Wisdom #Mind #Discipline #Happiness https://t.co/TUOz1km8dc",en,[],[],['https://pbs.twimg.com/media/FUu45ZEakAEDrGq.jpg'],2,3,6,"['mahabodhiquiz', 'buddha', 'buddhism', 'buddhist', 'dhamma', 'sangha', 'theravada', 'mahabodhi', 'bengaluru', 'karnataka', 'india', 'peace', 'meditation', 'motivation', 'wisdom', 'mind', 'discipline', 'happiness']",[],https://twitter.com/MahaBodhiOnline/status/1534523455508320256,,,1,https://pbs.twimg.com/media/FUu45ZEakAEDrGq.jpg,Bangalore,,,,,,"{'user_id': None, 'username': None}",,,,
1534597973711024128,1534597973711024128,2022-06-08 13:07:23 CDT,2022-06-08,13:07:23,-0500,1426823252849029122,anushkach44,Anushka Chauhan,,"If deleting it was British Bias, why would they even post it in the first place? 🤣",en,[],[],[],6,8,208,[],[],https://twitter.com/AnushkaCH44/status/1534597973711024128,,https://twitter.com/Scuderiavishn0o/status/1534140311139627009,0,,Bangalore,,,,,,"{'user_id': None, 'username': None}",,,,
1534604176893677568,1534604176893677568,2022-06-08 13:32:01 CDT,2022-06-08,13:32:01,-0500,1220997362543288320,rajeshadinaray2,Rajesh Adinarayanachari,,😃😃 i remember this. Do you? https://t.co/AXGqLsLGjq,en,[],[],['https://pbs.twimg.com/media/FUwCXaLXEAEitPZ.jpg'],1,1,15,[],[],https://twitter.com/RajeshAdinaray2/status/1534604176893677568,,,1,https://pbs.twimg.com/media/FUwCXaLXEAEitPZ.jpg,Bangalore,,,,,,"{'user_id': None, 'username': None}",,,,
1534555669805731840,1534555669805731840,2022-06-08 10:19:17 CDT,2022-06-08,10:19:17,-0500,1418950342583234562,incblrnorth,INC_Bangalore North INC_ಬೆಂಗಳೂರು ಉತ್ತರ,,"What Pakistan couldn't do in 70 years, the BJP has done in 8 years. 

India stands humiliated after being called out by no less than 20 nations and yet in an attempt to hide his shameful journey and agenda, Mr PM remains silent.

#FringeIsBJPsCore https://t.co/I1wA45gtLn",en,[],[],['https://pbs.twimg.com/media/FUvWPqiakAEOR3X.jpg'],0,3,7,['fringeisbjpscore'],[],https://twitter.com/INCblrnorth/status/1534555669805731840,,,1,https://pbs.twimg.com/media/FUvWPqiakAEOR3X.jpg,Bangalore,,,,,,"{'user_id': None, 'username': None}",,,,
1534549177295699968,1534549177295699968,2022-06-08 09:53:29 CDT,2022-06-08,09:53:29,-0500,516432874,dayasagar95,Daya sagar,,"End of the day's play...Stumps!

#RanjiKnockouts https://t.co/AsIUkG37jv",en,[],[],['https://pbs.twimg.com/media/FUvQVwfUcAUlL-U.jpg'],0,1,14,['ranjiknockouts'],[],https://twitter.com/DayaSagar95/status/1534549177295699968,,,1,https://pbs.twimg.com/media/FUvQVwfUcAUlL-U.jpg,Bangalore,,,,,,"{'user_id': None, 'username': None}",,,,
1534616878559432704,1534616878559432704,2022-06-08 14:22:30 CDT,2022-06-08,14:22:30,-0500,277002126,theahmedshariff,Ahmed Shariff 🇮🇳,,"You can blaspheme the Amish people. They're not allowed to use the internet, they'll never see it hue hue hue",en,[],[],[],2,14,174,[],[],https://twitter.com/TheAhmedShariff/status/1534616878559432704,,,0,,Bangalore,,,,,,"{'user_id': None, 'username': None}",,,,
1534558546183958528,1534558546183958528,2022-06-08 10:30:42 CDT,2022-06-08,10:30:42,-0500,29398579,prasannavishy,Prasanna Viswanathan,,"Citing Safety Of Its Staff And Customers, UK's Biggest Cinema Chain Cancels All Screening Of ‘The Lady Of Heaven’, A Movie Based On Life Of Muhammad's Daughter After Protests By Muslims Calling It 'Blasphemous' https://t.co/pORwrLDk3r",en,[],['https://swarajyamag.com/world/uks-biggest-cinema-chain-cancels-all-screening-of-movie-based-on-life-of-muhammads-daughter-after-protests-by-muslims-calling-it-blasphemous'],[],8,65,106,[],[],https://twitter.com/prasannavishy/status/1534558546183958528,,,0,,Bangalore,,,,,,"{'user_id': None, 'username': None}",,,,
1534602845093101569,1534602845093101569,2022-06-08 13:26:44 CDT,2022-06-08,13:26:44,-0500,794509630680473600,dowmanjay,JayD,,"Even when working, my @TheKingTigerz finds time to play!! 😎😇🎳🎳 #Bangalore #bowling https://t.co/E9C4Gdz7jn",en,['thekingtigerz'],[],['https://pbs.twimg.com/media/FUwBJ3laQAAMiEa.jpg'],0,2,5,"['bangalore', 'bowling']",[],https://twitter.com/DowmanJay/status/1534602845093101569,,,1,https://pbs.twimg.com/media/FUwBJ3laQAAMiEa.jpg,Bangalore,,,,,,"{'user_id': None, 'username': None}",,,,
1534677037046042624,1534677037046042624,2022-06-08 18:21:33 CDT,2022-06-08,18:21:33,-0500,808957898290331648,basavaraj_gb,BASAVARAJ GB,,"Hi #AskDirLokesh sir, @ikamalhaasan's #Vikram dubbed in Kannada, still not in theatres! Why such a ignorance towards Kannada audiences! Why all others langs r released in KA? It's everyone's basics rights watch the world's best content in mother tongue language like Kannada &amp; oth https://t.co/JsUtvpnwlI",en,['ikamalhaasan'],[],"['https://pbs.twimg.com/media/FUxEk_IUUAA3R4I.jpg', 'https://pbs.twimg.com/media/FUxEmjmUcAE3QFF.jpg', 'https://pbs.twimg.com/media/FUxEnW1UAAAAdAZ.jpg', 'https://pbs.twimg.com/media/FUxEn2lVsAAhLdB.jpg']",1,13,24,"['askdirlokesh', 'vikram']",[],https://twitter.com/basavaraj_gb/status/1534677037046042624,,,1,https://pbs.twimg.com/media/FUxEk_IUUAA3R4I.jpg,Bangalore,,,,,,"{'user_id': None, 'username': None}",,,,
1534583336533782529,1534583336533782529,2022-06-08 12:09:13 CDT,2022-06-08,12:09:13,-0500,1254823466546507776,reddychowdesh3,Reddy_chowdesh_p,,"Awesome steps superb danceing
Girls..#rararakkammawinninghearts
#KicchaSudeepa 
#VikrantRonaOnJuly28",en,[],[],[],0,8,7,"['rararakkammawinninghearts', 'kicchasudeepa', 'vikrantronaonjuly28']",[],https://twitter.com/ReddyChowdesh3/status/1534583336533782529,,https://twitter.com/MHSKFC2/status/1534560493842575360,0,,Bangalore,,,,,,"{'user_id': None, 'username': None}",,,,
1534525816763076609,1534525816763076609,2022-06-08 08:20:39 CDT,2022-06-08,08:20:39,-0500,516432874,dayasagar95,Daya sagar,,"Happy UP side after beating Karnataka first time in Ranji Trophy history and reaching in Semis. 

#UPSeHainBhaiyaJi 😀 #RanjiTrophy2022 https://t.co/EgaWX3fN4K",en,[],[],['https://pbs.twimg.com/media/FUu7GC_VEAME--3.jpg'],2,1,11,"['upsehainbhaiyaji', 'ranjitrophy2022']",[],https://twitter.com/DayaSagar95/status/1534525816763076609,,,1,https://pbs.twimg.com/media/FUu7GC_VEAME--3.jpg,Bangalore,,,,,,"{'user_id': None, 'username': None}",,,,
1534556030071230464,1534556030071230464,2022-06-08 10:20:42 CDT,2022-06-08,10:20:42,-0500,1418950342583234562,incblrnorth,INC_Bangalore North INC_ಬೆಂಗಳೂರು ಉತ್ತರ,,"The BJP silenced all the rational voices in the country. 

It systematically took over our institutions and media. 

Now, it has forced the embassies to face the world on its behalf. 

That's enough.
We'll not let the BJP bring India down anymore. 

#FringeIsBJPsCore https://t.co/20I7T4JA5e",en,[],[],['https://pbs.twimg.com/media/FUvWkpqakAA9Y3e.jpg'],0,3,4,['fringeisbjpscore'],[],https://twitter.com/INCblrnorth/status/1534556030071230464,,,1,https://pbs.twimg.com/media/FUvWkpqakAA9Y3e.jpg,Bangalore,,,,,,"{'user_id': None, 'username': None}",,,,
1534545419531087879,1534545419531087879,2022-06-08 09:38:33 CDT,2022-06-08,09:38:33,-0500,724955573419122689,deepakmajipatil,ದೀಪಕ್ ಮಾಜಿಪಾಟಿಲ್ | Deepak Majipatil,,"The Tour's 12th Edition 2019 Documentary premieres on our YouTube Channel on 13th June 2022 at 10AM,THIS MONDAY

Link to the Video -
https://t.co/NsL14JG2Lj

#tfn2022,#EpicIndianTour,#tfn, #tourofnilgiris #Tamilnadu #Kerala #Karnataka #India #southindia https://t.co/bXgbitORco",en,[],['https://www.youtube.com/watch?v=l_ONlGvw7F0'],['https://pbs.twimg.com/media/FUvM7SWaQAARz-t.jpg'],0,1,2,"['tfn2022', 'epicindiantour', 'tfn', 'tourofnilgiris', 'tamilnadu', 'kerala', 'karnataka', 'india', 'southindia']",[],https://twitter.com/deepakmajipatil/status/1534545419531087879,,,1,https://pbs.twimg.com/media/FUvM7SWaQAARz-t.jpg,Bangalore,,,,,,"{'user_id': None, 'username': None}",,,,
1534522914401566720,1534522914401566720,2022-06-08 08:09:07 CDT,2022-06-08,08:09:07,-0500,445636037,anjalthakur,Anjal,,Getting back to running. 🏃‍♂️ https://t.co/cftQADNXom,en,[],[],['https://pbs.twimg.com/media/FUu4ct6aAAAxk8D.jpg'],2,0,8,[],[],https://twitter.com/anjalthakur/status/1534522914401566720,,,1,https://pbs.twimg.com/media/FUu4ct6aAAAxk8D.jpg,Bangalore,,,,,,"{'user_id': None, 'username': None}",,,,
1534639876263518208,1534639876263518208,2022-06-08 15:53:53 CDT,2022-06-08,15:53:53,-0500,1483705607006072833,munawardilkaraj,𝙼𝚄𝙽𝙰𝚆𝙰𝚁.𝙵𝙰𝚁𝚄𝚀𝚄𝙸.𝙳𝙾𝚂𝚃 ██████,,"We Are Close To 3milion Guys....

Let's Start Masss Streaming #MKJ

This Is Just Beginning...We Have A Very Long Way To Go...

Mkj Mere Jaaan Sona nhi 😃
#MunawarFaruqui #MunawarKiJanta
@munawar0018 @nazilx9 https://t.co/PGFYIBlcyS",en,"['munawar0018', 'nazilx9']",[],['https://pbs.twimg.com/media/FUwi1D0aQAAMVlQ.jpg'],0,13,28,"['mkj', 'munawarfaruqui', 'munawarkijanta']",[],https://twitter.com/MunawarDilKaRaj/status/1534639876263518208,,,1,https://pbs.twimg.com/media/FUwi1D0aQAAMVlQ.jpg,Bangalore,,,,,,"{'user_id': None, 'username': None}",,,,
1534541194344050688,1534541194344050688,2022-06-08 09:21:45 CDT,2022-06-08,09:21:45,-0500,1432889553346465792,bruiseinvain,Paarth’s Paradox,,Humble contribution to #Backtwitter 🥲 https://t.co/hCV3OnUrJK,en,[],[],['https://pbs.twimg.com/media/FUvJFHKakAEcksC.jpg'],2,0,12,['backtwitter'],[],https://twitter.com/bruiseinvain/status/1534541194344050688,,,1,https://pbs.twimg.com/media/FUvJFHKakAEcksC.jpg,Bangalore,,,,,,"{'user_id': None, 'username': None}",,,,
1534517182725386240,1534514396474777601,2022-06-08 07:46:20 CDT,2022-06-08,07:46:20,-0500,1474052599552774145,bidar_kiccha,Bidar Kiccha FC,,"@TheKicchaTrends @TheSudeepTrends @KicchaSudeep 50 Days To Go 🔥

@KicchaSudeep #VikrantRona
#KicchaSudeep https://t.co/soWsHLb0uW",en,"['thekicchatrends', 'thesudeeptrends', 'kicchasudeep', 'kicchasudeep']",[],['https://pbs.twimg.com/media/FUuzPprUsAAMyiZ.jpg'],0,5,11,"['vikrantrona', 'kicchasudeep']",[],https://twitter.com/Bidar_Kiccha/status/1534517182725386240,,,1,https://pbs.twimg.com/media/FUuzPprUsAAMyiZ.jpg,Bangalore,,,,,,"{'user_id': '1477616211986845696', 'username': 'TheKicchaTrends'}",,,,
1534569640759726080,1534569640759726080,2022-06-08 11:14:47 CDT,2022-06-08,11:14:47,-0500,1326506925572304900,bhavya15669073,Bhavya keyyur,,Innocent  Banana in every  pooja 😂😂 https://t.co/VEdv5glLWD,en,[],[],['https://pbs.twimg.com/media/FUvi80dUUAEVBww.jpg'],1,0,6,[],[],https://twitter.com/Bhavya15669073/status/1534569640759726080,,,1,https://pbs.twimg.com/media/FUvi80dUUAEVBww.jpg,Bangalore,,,,,,"{'user_id': None, 'username': None}",,,,
1534553598947840000,1534553598947840000,2022-06-08 10:11:03 CDT,2022-06-08,10:11:03,-0500,215414325,kartikeyaphoto,Kartikeya Malhotra,,"Chameli -

A couple spends time together on the beachfront in Pondicherry. The woman can be seen wearing a Gajra on her hair, a flower garland made from Chameli (Jasmine) and other varieties of Jasmine flowers.
#streetphotography #photographylovers #PhotoOfTheDay https://t.co/pLUZ7gEatg",en,[],[],['https://pbs.twimg.com/media/FUvUXNWUAAAFDav.jpg'],0,3,21,"['streetphotography', 'photographylovers', 'photooftheday']",[],https://twitter.com/kartikeyaphoto/status/1534553598947840000,,,1,https://pbs.twimg.com/media/FUvUXNWUAAAFDav.jpg,Bangalore,,,,,,"{'user_id': None, 'username': None}",,,,
1534571315176148992,1534571315176148992,2022-06-08 11:21:27 CDT,2022-06-08,11:21:27,-0500,1268482442748325888,artsliveon,Rani Banerjee,,"Good night Guys 🌚
Dinner at ‘T-Hut’, Kothanur, Bangalore
 
Folks who’d love to try out authentic Kerala food should definitely try out this place ! 
Lovely earthy ambience, awesome food, + vintage Bollywood Music 🥰

#NFTCommunity #NFTfam https://t.co/CPa6LA30O6",en,[],[],"['https://pbs.twimg.com/media/FUvkeYHVIAEua6W.jpg', 'https://pbs.twimg.com/media/FUvkeYFUEAAt5Ns.jpg']",2,0,15,"['nftcommunity', 'nftfam']",[],https://twitter.com/ArtsLiveon/status/1534571315176148992,,,1,https://pbs.twimg.com/media/FUvkeYHVIAEua6W.jpg,Bangalore,,,,,,"{'user_id': None, 'username': None}",,,,
1534607361465233408,1534607361465233408,2022-06-08 13:44:41 CDT,2022-06-08,13:44:41,-0500,1273320084207886336,unnati_twts,Unnati(she/her) | AssetMantle,,"Happy birthday @rishabhj0906 urf Rishu!😍

From your mitra mandal @IshKapoor9 @KapurKuwar @shreyacasmalert @SejalJain1710 @vikrantbhat1022 @manyaSachdeva16 @snitin315 @_shivambhasin @HimikaPrabhat @feelingSukhi @GaganGulyani 🥰 https://t.co/POCLonaVFN",en,"['ishkapoor9', 'kapurkuwar', 'shreyacasmalert', 'sejaljain1710', 'vikrantbhat1022', 'manyasachdeva16', 'snitin315', '_shivambhasin', 'himikaprabhat', 'feelingsukhi', 'gagangulyani']",[],['https://pbs.twimg.com/media/FUwFQPLUYAAv5d3.jpg'],7,4,38,[],[],https://twitter.com/Unnati_twts/status/1534607361465233408,,,1,https://pbs.twimg.com/media/FUwFQPLUYAAv5d3.jpg,Bangalore,,,,,,"{'user_id': None, 'username': None}",,,,
1534551409772834816,1534551409772834816,2022-06-08 10:02:21 CDT,2022-06-08,10:02:21,-0500,1195699685819727872,63east,Assetz 63* East Residents,,"#800mts ☑️ stretch Dinne to @63East  restored by BWSSB and L&amp;T after over 1.4 years of followups, and support from @MTF_Mobility @ArvindLBJP. Thank you! We still need to get the remaining stretch from Doddmarera to rail underpass completed..@east_bengaluru https://t.co/0Ff4z7e3E0",en,"['63east', 'mtf_mobility', 'arvindlbjp', 'east_bengaluru']",[],['https://pbs.twimg.com/media/FUvSX7pUcAAQoUl.jpg'],4,20,57,['800mts'],[],https://twitter.com/63East/status/1534551409772834816,,,1,https://pbs.twimg.com/media/FUvSX7pUcAAQoUl.jpg,Bangalore,,,,,,"{'user_id': None, 'username': None}",,,,
1534593562766999553,1534593562766999553,2022-06-08 12:49:51 CDT,2022-06-08,12:49:51,-0500,107698905,mike1621,Mayank Priyadarshi,,An analysis worth reading. Fan of this gentleman!!,en,[],[],[],0,2,13,[],[],https://twitter.com/mike1621/status/1534593562766999553,,https://twitter.com/MumbaichaDon/status/1534579852590067712,0,,Bangalore,,,,,,"{'user_id': None, 'username': None}",,,,
1534577683513810944,1534577683513810944,2022-06-08 11:46:45 CDT,2022-06-08,11:46:45,-0500,137733286,ursniresh,Cinema Mania,,"#PaayumOliNeeYenakku - #AnichaPoove Lyric Video will be releasing Tomorrow

@iamVikramPrabhu @vanibhojanoffl @Dhananjayaka @KarthikFilmaker @kmh_productions @Sridhar_DOP @mahathi_sagar @iamKarthikNetha @divomusicindia @divomovies @CtcMediaboy @teamaimpr https://t.co/s3YGt3yY28",en,"['iamvikramprabhu', 'vanibhojanoffl', 'dhananjayaka', 'karthikfilmaker', 'kmh_productions', 'sridhar_dop', 'mahathi_sagar', 'iamkarthiknetha', 'divomusicindia', 'divomovies', 'ctcmediaboy', 'teamaimpr']",[],['https://pbs.twimg.com/media/FUvqQrGakAIWzQA.jpg'],0,1,7,"['paayumolineeyenakku', 'anichapoove']",[],https://twitter.com/ursniresh/status/1534577683513810944,,,1,https://pbs.twimg.com/media/FUvqQrGakAIWzQA.jpg,Bangalore,,,,,,"{'user_id': None, 'username': None}",,,,
1534578702771662848,1534578702771662848,2022-06-08 11:50:48 CDT,2022-06-08,11:50:48,-0500,343465384,aksh2403,Akshay Kumar,,"An exciting day as we launched Hive Experience Space @saplabsindia 

Hive is the place for all the buzz around innovation, it’s the place for Innovate, Collaborate and Inspire !! 

Thank you @thsaueressig and @gangadharansind for all your support and for inaugurating the space. https://t.co/PK2dt2xBK0",en,"['saplabsindia', 'thsaueressig', 'gangadharansind']",[],"['https://pbs.twimg.com/media/FUvrMSeWUAI7Rbn.jpg', 'https://pbs.twimg.com/media/FUvrMSXXsAAi1iY.jpg']",0,3,24,[],[],https://twitter.com/aksh2403/status/1534578702771662848,,,1,https://pbs.twimg.com/media/FUvrMSeWUAI7Rbn.jpg,Bangalore,,,,,,"{'user_id': None, 'username': None}",,,,
1534606068063825920,1534606068063825920,2022-06-08 13:39:32 CDT,2022-06-08,13:39:32,-0500,1500788076171636736,tejasweevinod,Gopika_little_earthbuddy,,"Meet our great Shankaran Pillai🤩 Call for all Shankaran Pillais, Time to think and act Globally
#Day80 #babygopika #Sadhguru #JourneyForSoil #SaveSoil #ConsciousPlanet  #SaveSoilSaveLife #EarthBuddy #SaveSoilBharath #SaveSoilWave #SaveSoilMovement @SadhguruJV @cpsavesoil https://t.co/sBVp1Xt1yf",en,"['sadhgurujv', 'cpsavesoil']",[],[],4,13,40,"['day80', 'babygopika', 'sadhguru', 'journeyforsoil', 'savesoil', 'consciousplanet', 'savesoilsavelife', 'earthbuddy', 'savesoilbharath', 'savesoilwave', 'savesoilmovement']",[],https://twitter.com/TejasweeVinod/status/1534606068063825920,,,1,https://pbs.twimg.com/ext_tw_video_thumb/1534605963155902464/pu/img/kVlpoOuoaSQHGIMO.jpg,Bangalore,,,,,,"{'user_id': None, 'username': None}",,,,
1534587470150369281,1534587470150369281,2022-06-08 12:25:38 CDT,2022-06-08,12:25:38,-0500,2425750596,spandana199999,Spandana.C #SaveSoil 🌱🌎,,"#SaveSoil..
His grace has touched you..
You are truly blessed..
Thank you very much for coming forward to #SaveSoil",en,[],[],[],1,6,11,"['savesoil', 'savesoil']",[],https://twitter.com/spandana199999/status/1534587470150369281,,https://twitter.com/ImRaina/status/1533523872468770816,0,,Bangalore,,,,,,"{'user_id': None, 'username': None}",,,,
1534576918204653568,1534576918204653568,2022-06-08 11:43:43 CDT,2022-06-08,11:43:43,-0500,18867596,gangadharansind,Sindhu Gangadharan,,What an amazing time hosting @SAP Executive Board Member @thsaueressig at @saplabsindia today. Thank you Thomas🙏for inaugurating The Hive by SAP &amp; inspiring us with your brilliant journey from an Early Talent to the Board - truly a reflection of incredible possibilities at #SAP! https://t.co/REhA3U3DJq,en,"['sap', 'thsaueressig', 'saplabsindia']",[],"['https://pbs.twimg.com/media/FUvpkXJagAAfDSd.jpg', 'https://pbs.twimg.com/media/FUvpkXJacAAD31p.jpg', 'https://pbs.twimg.com/media/FUvpkXIaQAA4Pdu.jpg', 'https://pbs.twimg.com/media/FUvpkXJaAAATy4c.jpg']",0,11,77,['sap'],[],https://twitter.com/gangadharansind/status/1534576918204653568,,,1,https://pbs.twimg.com/media/FUvpkXJagAAfDSd.jpg,Bangalore,,,,,,"{'user_id': None, 'username': None}",,,,
1534596585358696448,1534596427871145990,2022-06-08 13:01:52 CDT,2022-06-08,13:01:52,-0500,1426823252849029122,anushkach44,Anushka Chauhan,,@MercedesAMGF1 It is what it is 🥲 https://t.co/0AsJkY18nI,en,['mercedesamgf1'],[],['https://pbs.twimg.com/media/FUv7daiUsAAFXFe.jpg'],1,0,48,[],[],https://twitter.com/AnushkaCH44/status/1534596585358696448,,,1,https://pbs.twimg.com/media/FUv7daiUsAAFXFe.jpg,Bangalore,,,,,,"{'user_id': '26235265', 'username': 'MercedesAMGF1'}",,,,
1534550303499882496,1534550303499882496,2022-06-08 09:57:57 CDT,2022-06-08,09:57:57,-0500,2922402498,kmgnath,Gopi K,,Public Roads are meant for traffic only in Uttar Pradesh.. but in rest of the state's it's otherwise ..Yogi baba is amazing in bringing law &amp; order https://t.co/zrFE9YYzyF,en,[],[],['https://pbs.twimg.com/media/FUvRXIGaQAADVSP.jpg'],0,1,2,[],[],https://twitter.com/kmgnath/status/1534550303499882496,,,1,https://pbs.twimg.com/media/FUvRXIGaQAADVSP.jpg,Bangalore,,,,,,"{'user_id': None, 'username': None}",,,,
1534558570628280321,1534558570628280321,2022-06-08 10:30:48 CDT,2022-06-08,10:30:48,-0500,140403984,ajeetsraina,Ajeet Singh Raina 🐳 @Docker,,Cool... Really excited about this extension talk @mesheryio,en,['mesheryio'],[],[],0,4,9,[],[],https://twitter.com/ajeetsraina/status/1534558570628280321,,https://twitter.com/adii_kris/status/1534486145983447040,0,,Bangalore,,,,,,"{'user_id': None, 'username': None}",,,,
1534598468571758592,1534598468571758592,2022-06-08 13:09:21 CDT,2022-06-08,13:09:21,-0500,1382387633519665152,itssubashini,Subashini Srinivas,,"My Evergreen Legands 🥰
@Suriya_offl @ikamalhaasan",en,"['suriya_offl', 'ikamalhaasan']",[],[],1,17,39,[],[],https://twitter.com/ItsSubashini/status/1534598468571758592,,https://twitter.com/Suriya_offl/status/1534462554654724097,0,,Bangalore,,,,,,"{'user_id': None, 'username': None}",,,,
1534570253736300545,1534570253736300545,2022-06-08 11:17:14 CDT,2022-06-08,11:17:14,-0500,1453897446849847298,baglanayantara,Nayantara Menon Bagla,,I want everyone who loves Frida to get this brooch. Available with the amazing Diti Mistry. A childhood friend and brilliant designer. Also I'm high on anti histamines but not asleep yet. 🥲😵‍💫 https://t.co/PPxZBTY28Y,en,[],[],['https://pbs.twimg.com/media/FUvjgv_agAEEP2F.jpg'],1,0,6,[],[],https://twitter.com/BaglaNayantara/status/1534570253736300545,,,1,https://pbs.twimg.com/media/FUvjgv_agAEEP2F.jpg,Bangalore,,,,,,"{'user_id': None, 'username': None}",,,,
1534583970179928065,1534583970179928065,2022-06-08 12:11:44 CDT,2022-06-08,12:11:44,-0500,1524332624252063745,deepika_1_3_,Deepika Chaudhary,,"Yeah, Try your best to associate Spurs with a Trophy. Any chance you get.",en,[],[],[],1,2,47,[],[],https://twitter.com/Deepika_1_3_/status/1534583970179928065,,https://twitter.com/SkySportsPL/status/1534558368349638656,0,,Bangalore,,,,,,"{'user_id': None, 'username': None}",,,,
1534528675785240576,1534528675785240576,2022-06-08 08:32:01 CDT,2022-06-08,08:32:01,-0500,2302378393,venkateshlg,VENKATESH LG,,ruckus at  Athaang Devanahalli Tollway Private Limited @BMTC_BENGALURU bus from devanahalli to majestic denied entry as it doesn't have valid fasttag(blacklisted) total 3 buses  @BSBommai @Lolita_TNIE @sriramulubjp . https://t.co/q6JkkDLap4,en,"['bmtc_bengaluru', 'bsbommai', 'lolita_tnie', 'sriramulubjp']",[],['https://pbs.twimg.com/media/FUu9r-5aMAEgOrX.jpg'],2,4,11,[],[],https://twitter.com/venkateshlg/status/1534528675785240576,,,1,https://pbs.twimg.com/media/FUu9r-5aMAEgOrX.jpg,Bangalore,,,,,,"{'user_id': None, 'username': None}",,,,
1534571125904011264,1534571125904011264,2022-06-08 11:20:42 CDT,2022-06-08,11:20:42,-0500,50658998,mathew111938,Mathew Thomas,,#Davos #Davos2022 Why do our ministers and officials troop 2 this annual jamboree of foreign biz elite hobnobbing to push their profits❓️Atmanirbhar Bharat demands we boycott it❗️,en,[],[],[],0,12,18,"['davos', 'davos2022']",[],https://twitter.com/mathew111938/status/1534571125904011264,,,0,,Bangalore,,,,,,"{'user_id': None, 'username': None}",,,,
1534619366264029184,1534619366264029184,2022-06-08 14:32:23 CDT,2022-06-08,14:32:23,-0500,39744352,mrcoff333,𝒮𝑜𝑜𝓇𝒾𝓎𝒶 🕉️☕️,,"Sometimes, you
have to give up on
people. Not because
you don't care,
but because they
don't. 💫🙏🏽 🤟🏽",en,[],[],[],2,1,8,[],[],https://twitter.com/MrCoff333/status/1534619366264029184,,,0,,Bangalore,,,,,,"{'user_id': None, 'username': None}",,,,
1534602995677003776,1534602995677003776,2022-06-08 13:27:20 CDT,2022-06-08,13:27:20,-0500,107698905,mike1621,Mayank Priyadarshi,,"This is the bloody definition of secularism. All those wokes, and liberals, open your closed minds and see the truth 🙁🙁",en,[],[],[],0,2,6,[],[],https://twitter.com/mike1621/status/1534602995677003776,,https://twitter.com/ARanganathan72/status/1534598050869825536,0,,Bangalore,,,,,,"{'user_id': None, 'username': None}",,,,
1534514841271955457,1534514841271955457,2022-06-08 07:37:02 CDT,2022-06-08,07:37:02,-0500,516432874,dayasagar95,Daya sagar,,"Winning moment for UP 

#RanjiTrophy2022 #KARvUP https://t.co/SoERO5bZUd",en,[],[],[],0,1,7,"['ranjitrophy2022', 'karvup']",[],https://twitter.com/DayaSagar95/status/1534514841271955457,,,1,https://pbs.twimg.com/ext_tw_video_thumb/1534514780664344576/pu/img/g9NTtXC47_iRu6Av.jpg,Bangalore,,,,,,"{'user_id': None, 'username': None}",,,,
1534542368388419586,1534542368388419586,2022-06-08 09:26:25 CDT,2022-06-08,09:26:25,-0500,940310020608143360,thakur_shubh__,Shubham Thakur,,"Please check our recent work on ""Correlation lengths in nanoconfined water and transport properties""
https://t.co/Yw334K7kqr",en,[],['https://aip.scitation.org/doi/10.1063/5.0090811?via=site'],[],0,3,11,[],[],https://twitter.com/Thakur_Shubh__/status/1534542368388419586,,,0,,Bangalore,,,,,,"{'user_id': None, 'username': None}",,,,
1534562907689668608,1534562907689668608,2022-06-08 10:48:02 CDT,2022-06-08,10:48:02,-0500,877580351870087169,ashokkumarljp,Ashok Kumar k,,"Born on 01.07.1950  left us on 08.06.2004......
We miss you very much https://t.co/yibvXHSLYB 18th year Remembrance day. https://t.co/B0wtgURAFc",en,[],['http://mom.today'],['https://pbs.twimg.com/media/FUvc1NxaUAAHpd4.jpg'],3,2,15,[],[],https://twitter.com/AshokkumarLjp/status/1534562907689668608,,,1,https://pbs.twimg.com/media/FUvc1NxaUAAHpd4.jpg,Bangalore,,,,,,"{'user_id': None, 'username': None}",,,,
1534454457726951424,1534454457726951424,2022-06-08 03:37:06 CDT,2022-06-08,03:37:06,-0500,987409568907980800,manushri15,Manushri,,"Digital India is good I agree. But why is there no digital pay in government offices?
@_DigitalIndia @passportsevamea @PMOIndia @CMofKarnataka @narendramodi https://t.co/6jf2zmejdE",en,"['_digitalindia', 'passportsevamea', 'pmoindia', 'cmofkarnataka', 'narendramodi']",[],['https://pbs.twimg.com/media/FUt6MldaIAITfQM.jpg'],1,4,8,[],[],https://twitter.com/Manushri15/status/1534454457726951424,,,1,https://pbs.twimg.com/media/FUt6MldaIAITfQM.jpg,Bangalore,,,,,,"{'user_id': None, 'username': None}",,,,
1534575874338861056,1534575874338861056,2022-06-08 11:39:34 CDT,2022-06-08,11:39:34,-0500,710445660,iamsidkaul,Siddharthh Kaul,,"The tons of runs scored, the brilliant match winning knocks, the amazing captaincy that she displayed is all good. But @M_Raj03's greatest legacy will be inspiring millions of Indians specially young girls every time she stepped on the field. Farewell legend. #ThankYouMithali https://t.co/lUxFhj0VWP",en,['m_raj03'],[],['https://pbs.twimg.com/media/FUvonrnakAAyNPF.jpg'],2,8,319,['thankyoumithali'],[],https://twitter.com/iamsidkaul/status/1534575874338861056,,,1,https://pbs.twimg.com/media/FUvonrnakAAyNPF.jpg,Bangalore,,,,,,"{'user_id': None, 'username': None}",,,,
1534492166562541568,1534492166562541568,2022-06-08 06:06:56 CDT,2022-06-08,06:06:56,-0500,952125083975278592,alladi_suvarna,Suvarna Alladi,,ECRs @Jayeeta_R @SaadiyaHurzuk &amp; @Priyanimhans &amp; @ardsi all set to travel to London for @STRiDEDementia meeting @AlzDisInt to present insights from 4 yrs of research to support persons living with dementia. https://t.co/oBjr09OAUs  Thanks @AdelinaCoHe @WeidnerWendy for leadership https://t.co/9tTP4HYHJe,en,"['jayeeta_r', 'saadiyahurzuk', 'priyanimhans', 'ardsi', 'stridedementia', 'alzdisint', 'adelinacohe', 'weidnerwendy']",['https://tinyurl.com/ykp2h25z'],['https://pbs.twimg.com/media/FUucfL8UsAAEfY6.jpg'],2,4,21,[],[],https://twitter.com/alladi_suvarna/status/1534492166562541568,,,1,https://pbs.twimg.com/media/FUucfL8UsAAEfY6.jpg,Bangalore,,,,,,"{'user_id': None, 'username': None}",,,,
1534535391776280576,1534535391776280576,2022-06-08 08:58:42 CDT,2022-06-08,08:58:42,-0500,91608548,bamitav,𝔸𝕞𝕚𝕥𝕒𝕧 𝔹𝕙𝕒𝕥𝕥𝕒𝕔𝕙𝕒𝕣𝕛𝕖𝕖,,"#selfie Face Scan to detect Health vitals? Really?

https://t.co/lSfnBkQpwr

#selfies #Robotics #Robots #EthicalAI #OpenAI #bots #gpt3 #100DaysOfCode #code #CodeNewbie #developers #OpenSource #Python #Java #tech #Algorithms #Data #AI #ML #DL #NLP #RT #AIEthics #science #techno",en,[],['https://medium.com/practical-data-science-and-engineering/selfie-face-scan-to-detect-health-vitals-really-c26652caee2b'],[],0,6,4,"['selfie', 'selfies', 'robotics', 'robots', 'ethicalai', 'openai', 'bots', 'gpt3', '100daysofcode', 'code', 'codenewbie', 'developers', 'opensource', 'python', 'java', 'tech', 'algorithms', 'data', 'ai', 'ml', 'dl', 'nlp', 'rt', 'aiethics', 'science', 'techno']",[],https://twitter.com/bamitav/status/1534535391776280576,,,0,,Bangalore,,,,,,"{'user_id': None, 'username': None}",,,,
1534609143499149313,1534609143499149313,2022-06-08 13:51:46 CDT,2022-06-08,13:51:46,-0500,1455840499776950278,okshreyaaaaa,shreya (niharika’s version),,Get used to saving yourself :’),en,[],[],[],0,0,2,[],[],https://twitter.com/okshreyaaaaa/status/1534609143499149313,,https://twitter.com/imhlanka/status/1534595915088109575,0,,Bangalore,,,,,,"{'user_id': None, 'username': None}",,,,
1534601253187211264,1534601253187211264,2022-06-08 13:20:24 CDT,2022-06-08,13:20:24,-0500,1089126450593255426,chaithravgiris2,Chaithra V Girishkumar,,"Btv news on Chikmagalur protest 
@IYC @IYCKarnataka @nalapad @srinivasiyc https://t.co/OgQSqYQ9HG",en,"['iyc', 'iyckarnataka', 'nalapad', 'srinivasiyc']",[],[],0,0,3,[],[],https://twitter.com/Chaithravgiris2/status/1534601253187211264,,,1,https://pbs.twimg.com/ext_tw_video_thumb/1534600978204434432/pu/img/0fbNdifu7_64zobQ.jpg,Bangalore,,,,,,"{'user_id': None, 'username': None}",,,,
1534468407336153088,1534468407336153088,2022-06-08 04:32:32 CDT,2022-06-08,04:32:32,-0500,100194579,manoharrai,Ram Manohar Rai,,My monthly challan bill has crossed my fuel bill #bangaloretraffic #driving https://t.co/23sONoaYdM,en,[],[],['https://pbs.twimg.com/tweet_video_thumb/FUuG3uVaUAAz_6E.jpg'],0,0,2,"['bangaloretraffic', 'driving']",[],https://twitter.com/manoharrai/status/1534468407336153088,,,1,https://pbs.twimg.com/tweet_video_thumb/FUuG3uVaUAAz_6E.jpg,Bangalore,,,,,,"{'user_id': None, 'username': None}",,,,
1534602828336943104,1534602828336943104,2022-06-08 13:26:40 CDT,2022-06-08,13:26:40,-0500,134845553,fpl_nitesh,Nitesh Ray,,"A team mate of mine has been suffering from Hodgkin's Lymohoma and has started a fun raiser for her treatment since the medical expenses have been really high.

Sharing this link in case you would like to contribute if you can.

https://t.co/cLf9dQJEKs",en,[],['https://www.ketto.org/fundraiser/i-need-your-urgent-support-for-my-hodgkins-lymphoma-hl-treatment-633306'],[],1,3,6,[],[],https://twitter.com/FPL_Nitesh/status/1534602828336943104,,,0,,Bangalore,,,,,,"{'user_id': None, 'username': None}",,,,
1534568678917689344,1534568678917689344,2022-06-08 11:10:58 CDT,2022-06-08,11:10:58,-0500,1300983740,mehshriya,shriya (taylor’s version) 🍪,,Twitter is beautiful xD,en,[],[],[],0,0,3,[],[],https://twitter.com/mehshriya/status/1534568678917689344,,https://twitter.com/Chad_Hurley/status/1534542014095577088,0,,Bangalore,,,,,,"{'user_id': None, 'username': None}",,,,
1534544175789510656,1534544175789510656,2022-06-08 09:33:36 CDT,2022-06-08,09:33:36,-0500,2922402498,kmgnath,Gopi K,,"#AP18P2940 Vigilant official is hand in glove in Butchering these innocent Cows
@govindharir @ysjagan @APPOLICE100 can U pls take action on these official who r hand in glove with illegal cattle trafficking for Slaughter house.
@HMOIndia @AmitShah @BJP4Andhra @RSSorg @VHPDigital https://t.co/xoaQnpKdQb",en,"['govindharir', 'ysjagan', 'appolice100', 'hmoindia', 'amitshah', 'bjp4andhra', 'rssorg', 'vhpdigital']",[],[],1,4,2,['ap18p2940'],[],https://twitter.com/kmgnath/status/1534544175789510656,,,1,https://pbs.twimg.com/ext_tw_video_thumb/1534544106021863424/pu/img/IGLP0VG3lrVkaG3I.jpg,Bangalore,,,,,,"{'user_id': None, 'username': None}",,,,
1534543749422149633,1534543749422149633,2022-06-08 09:31:54 CDT,2022-06-08,09:31:54,-0500,732783792,kaushikmuraliux,kaushikmurali.eth,,CRED has both my CC as well as UPI data already. Just combine best of both worlds ✨,en,[],[],[],0,0,6,[],[],https://twitter.com/kaushikmuraliux/status/1534543749422149633,,https://twitter.com/anmolm_/status/1534409858182795264,0,,Bangalore,,,,,,"{'user_id': None, 'username': None}",,,,
1534572668653289473,1534572668653289473,2022-06-08 11:26:49 CDT,2022-06-08,11:26:49,-0500,94257786,debjitsen,Debjit Sen,,"Sunil Chhetri, man take a bow ❤️

#INDCAM",en,[],[],[],0,0,2,['indcam'],[],https://twitter.com/DebjitSen/status/1534572668653289473,,,0,,Bangalore,,,,,,"{'user_id': None, 'username': None}",,,,
1534553199465574401,1534551409772834816,2022-06-08 10:09:28 CDT,2022-06-08,10:09:28,-0500,498525747,arpitmangal90,Arpit Mangal,,@63East @MTF_Mobility @ArvindLBJP @east_bengaluru Thank you @MTF_Mobility @ArvindLBJP  for this 800mts of road. But let's keep doing the good work and connect this road to Harvest International and beyond as the other side is also in very poor condition till Kodathi JHC which impacts the little kids at Harvest. https://t.co/dh5VRR0ODY,en,"['63east', 'mtf_mobility', 'arvindlbjp', 'east_bengaluru', 'mtf_mobility', 'arvindlbjp']",[],['https://pbs.twimg.com/media/FUvT_wBacAUJKEz.jpg'],0,0,2,[],[],https://twitter.com/arpitmangal90/status/1534553199465574401,,,1,https://pbs.twimg.com/media/FUvT_wBacAUJKEz.jpg,Bangalore,,,,,,"{'user_id': '1195699685819727872', 'username': '63East'}",,,,
1534579500117200896,1534579500117200896,2022-06-08 11:53:58 CDT,2022-06-08,11:53:58,-0500,88145594,i_menonanand,Anand Menon,,"A lot of checking on Bangalore roads for drunken driving. First I have seen after Covid and seen so many people caught. 
Well done @BlrCityPolice",en,['blrcitypolice'],[],[],0,1,2,[],[],https://twitter.com/I_menonanand/status/1534579500117200896,,,0,,Bangalore,,,,,,"{'user_id': None, 'username': None}",,,,
1534618189866229760,1534618189866229760,2022-06-08 14:27:42 CDT,2022-06-08,14:27:42,-0500,39744352,mrcoff333,𝒮𝑜𝑜𝓇𝒾𝓎𝒶 🕉️☕️,,"Just a bad day at work. Nothing more Nothing less. 💫✨

Good Nights People 💤😴😴😴",en,[],[],[],1,0,4,[],[],https://twitter.com/MrCoff333/status/1534618189866229760,,,0,,Bangalore,,,,,,"{'user_id': None, 'username': None}",,,,
1534544701755273216,1534544701755273216,2022-06-08 09:35:42 CDT,2022-06-08,09:35:42,-0500,144450351,anmol0591,Anmol Srivastava,,"Yo all of you remote work is best folks, it's great to work from goa but don't deny how quickly work gets done if everyone is together in the office. Walking to desk and having a quick chat &gt;  back n forth on slack.",en,[],[],[],0,0,10,[],[],https://twitter.com/anmol0591/status/1534544701755273216,,,0,,Bangalore,,,,,,"{'user_id': None, 'username': None}",,,,
1534571639253348354,1534571639253348354,2022-06-08 11:22:44 CDT,2022-06-08,11:22:44,-0500,1371229621664894981,damaged__goods,tripti_BaLLb_OCD,,Give me all of your love gimme something to dream aboouuuuuttt,en,[],[],[],1,0,4,[],[],https://twitter.com/damaged__goods/status/1534571639253348354,,,0,,Bangalore,,,,,,"{'user_id': None, 'username': None}",,,,
1534552968447803392,1534552968447803392,2022-06-08 10:08:32 CDT,2022-06-08,10:08:32,-0500,1524673922725474305,jayckandasamy,Jayachandran Kandasamy,,Thank you so much @ArvindLBJP sir and @MTF_Mobility team and other workers for your support and help.. Its a great relief for us.. 🙏🙏🙏❤️,en,"['arvindlbjp', 'mtf_mobility']",[],[],0,2,4,[],[],https://twitter.com/JayCkandasamy/status/1534552968447803392,,https://twitter.com/63East/status/1534551409772834816,0,,Bangalore,,,,,,"{'user_id': None, 'username': None}",,,,
1534637108484132864,1534637108484132864,2022-06-08 15:42:53 CDT,2022-06-08,15:42:53,-0500,722299931558457344,kusi1956,Ajay Rath,,Finally It's the TRUTH and not Fake Nationalism that wins.,en,[],[],[],0,0,3,[],[],https://twitter.com/kusi1956/status/1534637108484132864,,https://twitter.com/AG_knocks/status/1534582841040044032,0,,Bangalore,,,,,,"{'user_id': None, 'username': None}",,,,
1534540591064752128,1534540591064752128,2022-06-08 09:19:21 CDT,2022-06-08,09:19:21,-0500,775380307189071873,thatmadridfan,citrusjunkie,,"The only acceptable reason to even have wearable tech is health, everything else screams I have too much money and no taste",en,[],[],[],2,1,21,[],[],https://twitter.com/Thatmadridfan/status/1534540591064752128,,https://twitter.com/LayahHeilpern/status/1534216323143815168,0,,Bangalore,,,,,,"{'user_id': None, 'username': None}",,,,
1534416402010247169,1534416402010247169,2022-06-08 01:05:52 CDT,2022-06-08,01:05:52,-0500,9322572,cmani,Mani 🇮🇳,,Absolute chaos and madness on the Outer Ring Road from Mahadevapura towards Marathahalli due to the metro construction.. it took more than an hour to move just a kilometre. We need help and better traffic management!! @ArvindLBJP @PCMohanMP @BSBommai @blrcitytraffic @BBMPCOMM https://t.co/JDZFp6IRaK,en,"['arvindlbjp', 'pcmohanmp', 'bsbommai', 'blrcitytraffic', 'bbmpcomm']",[],"['https://pbs.twimg.com/media/FUtXlPOakAAoJKs.jpg', 'https://pbs.twimg.com/media/FUtXlPNacAAGL6X.jpg']",5,1,6,[],[],https://twitter.com/cmani/status/1534416402010247169,,,1,https://pbs.twimg.com/media/FUtXlPOakAAoJKs.jpg,Bangalore,,,,,,"{'user_id': None, 'username': None}",,,,
1534609053636186113,1534609053636186113,2022-06-08 13:51:24 CDT,2022-06-08,13:51:24,-0500,1455840499776950278,okshreyaaaaa,shreya (niharika’s version),,Some dude on bumble wanted to go to Kedarnath and my friend said “can he act like his age coz those are the places my parents want to go” 😭😭😭😭😭😭,en,[],[],[],1,0,4,[],[],https://twitter.com/okshreyaaaaa/status/1534609053636186113,,,0,,Bangalore,,,,,,"{'user_id': None, 'username': None}",,,,
1534596313844961280,1534596313844961280,2022-06-08 13:00:47 CDT,2022-06-08,13:00:47,-0500,842699853499195392,latecoww,al,,"When you’re in the mens room and all the urinals are taken, but when it’s your turn your body takes its own sweet time to start the flow, yeah that’s the only real pressure men face.",en,[],[],[],0,1,5,[],[],https://twitter.com/Latecoww/status/1534596313844961280,,,0,,Bangalore,,,,,,"{'user_id': None, 'username': None}",,,,
1534572257443319809,1534572257443319809,2022-06-08 11:25:11 CDT,2022-06-08,11:25:11,-0500,127124777,raj7k,Rajnish,,With money you can buy a bed but not sleep.,en,[],[],[],4,0,15,[],[],https://twitter.com/Raj7k/status/1534572257443319809,,,0,,Bangalore,,,,,,"{'user_id': None, 'username': None}",,,,
1534633628780863488,1534633628780863488,2022-06-08 15:29:03 CDT,2022-06-08,15:29:03,-0500,63066473,championswimmer,Arnav Gupta 💉💉💉,,Pablo Escobar: making money from dope,en,[],[],[],0,0,8,[],[],https://twitter.com/championswimmer/status/1534633628780863488,,https://twitter.com/alfromnexhealth/status/1534629060545945600,0,,Bangalore,,,,,,"{'user_id': None, 'username': None}",,,,
1534585149089730560,1534585149089730560,2022-06-08 12:16:25 CDT,2022-06-08,12:16:25,-0500,68085556,beingdogra,Pratik Dogra,,Is this the most injury prone Indian team ever?,en,[],[],[],1,0,2,[],[],https://twitter.com/beingdogra/status/1534585149089730560,,,0,,Bangalore,,,,,,"{'user_id': None, 'username': None}",,,,
1534521340991918080,1534494400168214528,2022-06-08 08:02:52 CDT,2022-06-08,08:02:52,-0500,3301997473,allan_kevin96,Allan Kevin,,"@Dir_Lokesh @sudhakar110566 #AskDirLokesh 

What was the inspiration for you to create this universe of #Vikram and #Kaithi?? Is there some real life back story? Could you throw some light @Dir_Lokesh anna?",en,"['dir_lokesh', 'sudhakar110566', 'dir_lokesh']",[],[],0,2,3,"['askdirlokesh', 'vikram', 'kaithi']",[],https://twitter.com/Allan_Kevin96/status/1534521340991918080,,,0,,Bangalore,,,,,,"{'user_id': '1103860407624556546', 'username': 'Dir_Lokesh'}",,,,
1534517606031724549,1534517606031724549,2022-06-08 07:48:01 CDT,2022-06-08,07:48:01,-0500,110397086,ravishankar300,Ravi Shankar Kumar 🇮🇳💯,,"ALWAYS REMEMBER THIS!

- Grapes must be crushed to make wine.
- Diamonds form under pressure.
- Olives are pressed to release oil.
- Seeds grow in darkness.

 Whenever you feel crushed, under pressure, pressed, or in darkness, you're in a powerful place of transformation.",en,[],[],[],0,0,4,[],[],https://twitter.com/ravishankar300/status/1534517606031724549,,,0,,Bangalore,,,,,,"{'user_id': None, 'username': None}",,,,
1534607622577434624,1534607622577434624,2022-06-08 13:45:43 CDT,2022-06-08,13:45:43,-0500,842699853499195392,latecoww,al,,"I’m convinced it’s not some ghost, but the street dogs around me have a choir and they practice at night between 12-2 every night.",en,[],[],[],0,0,2,[],[],https://twitter.com/Latecoww/status/1534607622577434624,,,0,,Bangalore,,,,,,"{'user_id': None, 'username': None}",,,,
1534608385915559936,1534608385915559936,2022-06-08 13:48:45 CDT,2022-06-08,13:48:45,-0500,355019370,thisis_drgsp,Dr Ganesh Srinivasa Prasad,,"Why the main perpetrators name is missing
@zoo_bear must be booked and jailed first",en,['zoo_bear'],[],[],0,0,4,[],[],https://twitter.com/thisis_drgsp/status/1534608385915559936,,https://twitter.com/ANI/status/1534600254581972993,0,,Bangalore,,,,,,"{'user_id': None, 'username': None}",,,,
1534596432987992065,1534596432987992065,2022-06-08 13:01:15 CDT,2022-06-08,13:01:15,-0500,1157550262610882566,thewotermallyan,Snehal M,,"Isn’t the default response to 

“OMG doesnt this person look like xyz” 

“YEAAAHH IKR” 

even if they don’t agree internally?

The audacity of some people disagreeing with me lately 😪",en,[],[],[],1,0,7,[],[],https://twitter.com/thewotermallyan/status/1534596432987992065,,,0,,Bangalore,,,,,,"{'user_id': None, 'username': None}",,,,
1534560061241978884,1534560061241978884,2022-06-08 10:36:44 CDT,2022-06-08,10:36:44,-0500,29398579,prasannavishy,Prasanna Viswanathan,,"In The Line Of Fire: Why BJP Did What It Did 

Once the controversy snowballed into a diplomatic quagmire, it became necessary for the Indian government to respond to the unwarranted backlash.
@Aaina_agg 

https://t.co/IJXNf15SLO via @swarajyamag",en,"['aaina_agg', 'swarajyamag']",['https://swarajyamag.com/ideas/in-the-line-of-fire-why-bjp-did-what-it-did'],[],4,11,22,[],[],https://twitter.com/prasannavishy/status/1534560061241978884,,,0,,Bangalore,,,,,,"{'user_id': None, 'username': None}",,,,
1534604989846683648,1534598884571418624,2022-06-08 13:35:15 CDT,2022-06-08,13:35:15,-0500,1110490126486913030,adityaprakaah,Aditya Prakash,,@redbullracing @SChecoPerez @SChecoPerez you are in top form of your career.... utilise this to gain maximum advantage... Do not get distracted with any other things...This is your best chance i feel....Wish you all the best...,en,"['redbullracing', 'schecoperez', 'schecoperez']",[],[],0,2,36,[],[],https://twitter.com/AdityaPrakaah/status/1534604989846683648,,,0,,Bangalore,,,,,,"{'user_id': '226087776', 'username': 'redbullracing'}",,,,
1534525872224382976,1534464922922401792,2022-06-08 08:20:52 CDT,2022-06-08,08:20:52,-0500,1366785091364511744,streeforsriman,Sriman NarSingh 🌪,,@Ambar_SIFF_MRA @voiceformenind @raghav_chadha Children will silver spoon will not understand the real life till reality strikes them...,en,"['ambar_siff_mra', 'voiceformenind', 'raghav_chadha']",[],[],0,2,3,[],[],https://twitter.com/StreeforSriman/status/1534525872224382976,,,0,,Bangalore,,,,,,"{'user_id': '1371781187119710209', 'username': 'Ambar_SIFF_MRA'}",,,,
1534544895515705345,1534523519131959298,2022-06-08 09:36:28 CDT,2022-06-08,09:36:28,-0500,514630601,majumderanimesh,animesh majumder,,@Kellodrawsalot Do you mean the OG Animated Teen Titans and The Justice League which had Kevin Conroy as batman ?,en,['kellodrawsalot'],[],[],1,0,1,[],[],https://twitter.com/MajumderAnimesh/status/1534544895515705345,,,0,,Bangalore,,,,,,"{'user_id': '3226147283', 'username': 'Kellodrawsalot'}",,,,
1534563938787946496,1534540639874199553,2022-06-08 10:52:08 CDT,2022-06-08,10:52:08,-0500,2546041233,madhushri_verma,Madhushri Verma,,"@veda_padma I can guess venus/rahu and venus/ketu combination from eyes, shape of forehead - Sun. Glow on the face means strong venus. I am sure there are ways to identify other planetary positions from face as well.",en,['veda_padma'],[],[],6,0,23,[],[],https://twitter.com/Madhushri_Verma/status/1534563938787946496,,,0,,Bangalore,,,,,,"{'user_id': '1086282854949097472', 'username': 'veda_padma'}",,,,
1534640458952978433,1534488765414408193,2022-06-08 15:56:12 CDT,2022-06-08,15:56:12,-0500,1258584332295266304,ravicdasgupta1,Ravi C Dasgupta,,@PriyaaReturnz @PTI_News @naqvimukhtar He deserves it for selling his soul to the devil.,en,"['priyaareturnz', 'pti_news', 'naqvimukhtar']",[],[],0,1,3,[],[],https://twitter.com/RaviCDasgupta1/status/1534640458952978433,,,0,,Bangalore,,,,,,"{'user_id': '1442386421679984642', 'username': 'PriyaaReturnz'}",,,,
1534566245919789056,1534439237546045440,2022-06-08 11:01:18 CDT,2022-06-08,11:01:18,-0500,439912356,sureshsakarayap,SURESH SAKARAYAPATNA,,@JaipurDialogues U guys think u are the smartest &amp; more intelligent &amp; strategic than RSS &amp; BJP. Don't be always critical of Govt.Modi Govt takes decisns keeping in mind long term strategic national interests not based on emotions.Sometimes u may to take a step back to achieve long term objectives,en,['jaipurdialogues'],[],[],0,0,5,[],[],https://twitter.com/SURESHSAKARAYAP/status/1534566245919789056,,,0,,Bangalore,,,,,,"{'user_id': '776460131722756100', 'username': 'JaipurDialogues'}",,,,
1534588856950919168,1534580483744579585,2022-06-08 12:31:09 CDT,2022-06-08,12:31:09,-0500,795724453,bhaskarg77g,Bhaskar G 🇮🇳,,@jagdishshetty @pGurus1 @SreeIyer1 @MRVChennai @karthikgnath @vhsindia @Swamy39 Congrats to the entire team and a special thanks to Dr Swamy for being there .,en,"['jagdishshetty', 'pgurus1', 'sreeiyer1', 'mrvchennai', 'karthikgnath', 'vhsindia', 'swamy39']",[],[],1,1,7,[],[],https://twitter.com/Bhaskarg77G/status/1534588856950919168,,,0,,Bangalore,,,,,,"{'user_id': '75460717', 'username': 'jagdishshetty'}",,,,
1534553749703667715,1534543437365751808,2022-06-08 10:11:39 CDT,2022-06-08,10:11:39,-0500,1184206092714164224,shreyacasmalert,Shreya (she/her),,@BhavishyaP9 My health has deteriorated drastically in last few days and I’m taking meds everyday. I don’t even have the provision of cooking my own food.,en,['bhavishyap9'],[],[],5,0,10,[],[],https://twitter.com/shreyacasmalert/status/1534553749703667715,,,0,,Bangalore,,,,,,"{'user_id': '1241942360323321858', 'username': 'BhavishyaP9'}",,,,
1534605137582301184,1534581215751114752,2022-06-08 13:35:51 CDT,2022-06-08,13:35:51,-0500,95042637,vaibhavsisinty,Vaibhav Sisinty,,@ranjan3118 @huddle01com Incredible stuff dude.,en,"['ranjan3118', 'huddle01com']",[],[],1,0,5,[],[],https://twitter.com/VaibhavSisinty/status/1534605137582301184,,,0,,Bangalore,,,,,,"{'user_id': '700851955', 'username': 'ranjan3118'}",,,,
1534526463860281344,1534521296989700096,2022-06-08 08:23:13 CDT,2022-06-08,08:23:13,-0500,842040846673354754,veedeesarma,V D Sarma,,@ARanganathan72 @BJP4indla @BJYM It is normal for a democracy to apply law uniformly to all protesters. You are shocked as the protesters turned out to be your fringe elements.,en,"['aranganathan72', 'bjp4indla', 'bjym']",[],[],0,0,3,[],[],https://twitter.com/veedeesarma/status/1534526463860281344,,,0,,Bangalore,,,,,,"{'user_id': '1344897174', 'username': 'ARanganathan72'}",,,,
1534628991042461696,1504440499804856324,2022-06-08 15:10:38 CDT,2022-06-08,15:10:38,-0500,1173415699043110912,kumarbalananda,🇮🇳Balananda Kumarasiva,,@Jainismrevival I salute your efforts in collating these data for us. Those hidden gory days are back to haunt us history students surely,en,['jainismrevival'],[],[],1,0,2,[],[],https://twitter.com/KumarBalananda/status/1534628991042461696,,,0,,Bangalore,,,,,,"{'user_id': '30526183', 'username': 'Jainismrevival'}",,,,
1534555853344231426,1534519222260314115,2022-06-08 10:20:00 CDT,2022-06-08,10:20:00,-0500,2286417703,blrrocks,ತರ್ಲೆ 𝗧𝗵𝗶𝗺𝗺𝗮,,@jagal_ganti She might be pro max...,en,['jagal_ganti'],[],[],1,0,4,[],[],https://twitter.com/BLRrocKS/status/1534555853344231426,,,0,,Bangalore,,,,,,"{'user_id': '1252286397844611072', 'username': 'jagal_ganti'}",,,,
1534546331665960960,1534520619181539328,2022-06-08 09:42:10 CDT,2022-06-08,09:42:10,-0500,169001202,saptarshipr,Saptarshi Prakash,,"@ChettyArun For transitions (that need to be coded), we share either a @ProtoPieApp prototype or a video made in @AdobeAE. For icons and other non-interactive elements, we use @LottieFiles.",en,"['chettyarun', 'protopieapp', 'adobeae', 'lottiefiles']",[],[],3,0,21,[],[],https://twitter.com/saptarshipr/status/1534546331665960960,,,0,,Bangalore,,,,,,"{'user_id': '1175404302', 'username': 'ChettyArun'}",,,,
1534609741854302208,1534609166366453760,2022-06-08 13:54:08 CDT,2022-06-08,13:54:08,-0500,355019370,thisis_drgsp,Dr Ganesh Srinivasa Prasad,,@Doxotaxel And really i feel pity for those patients....many doctors in this twitter believe those stories as true...as if they don't know to how to differentiate a real one and reel one,en,['doxotaxel'],[],[],1,0,2,[],[],https://twitter.com/thisis_drgsp/status/1534609741854302208,,,0,,Bangalore,,,,,,"{'user_id': '1218781036898705408', 'username': 'Doxotaxel'}",,,,
1534595407816183808,1534583284469862401,2022-06-08 12:57:11 CDT,2022-06-08,12:57:11,-0500,20910262,webzz,Vaibhavv Ali @ Thailand Crypto Week🇹🇭,,@socllyhq @im_prayag @huddle01com @santoshpanda @Akanksha_as17 @HeyVixon @Susmit_Lavania @vivekraman01 Congratulations,en,"['socllyhq', 'im_prayag', 'huddle01com', 'santoshpanda', 'akanksha_as17', 'heyvixon', 'susmit_lavania', 'vivekraman01']",[],[],0,0,6,[],[],https://twitter.com/webzz/status/1534595407816183808,,,0,,Bangalore,,,,,,"{'user_id': '1408387931467698182', 'username': 'socllyhq'}",,,,
