id,conversation_id,created_at,date,time,timezone,user_id,username,name,place,tweet,language,mentions,urls,photos,replies_count,retweets_count,likes_count,hashtags,cashtags,link,retweet,quote_url,video,thumbnail,near,geo,source,user_rt_id,user_rt,retweet_id,reply_to,retweet_date,translate,trans_src,trans_dest
1478039700975669250,1478039700975669250,2022-01-03 10:25:00 CST,2022-01-03,10:25:00,-0500,1140541647916154880,neuroptimist23,Prabhudev M Hiremath MD 🧠,,"ROFL!😀
#MedTwitter #prisonbreak https://t.co/ExkczfxQHL",en,[],[],['https://pbs.twimg.com/media/FIMNRLTVcAIEWxJ.jpg'],8,65,329,"['medtwitter', 'prisonbreak']",[],https://twitter.com/Neuroptimist23/status/1478039700975669250,,,1,https://pbs.twimg.com/media/FIMNRLTVcAIEWxJ.jpg,Bangalore,,,,,,"{'user_id': None, 'username': None}",,,,
1477995351453831168,1477995351453831168,2022-01-03 07:28:46 CST,2022-01-03,07:28:46,-0500,1462007231818317829,sameena73687878,Sameena Taj,,"Time and again he always tried instigate Umar! Umar always gave it back like a pro!

This is the famous clip when Umar said Boss ko Boss se baat karni hai!

BB BE FAIR WITH UMAR
https://t.co/MkxQ28I8sp",en,[],[],[],4,392,148,[],[],https://twitter.com/Sameena73687878/status/1477995351453831168,,,1,https://pbs.twimg.com/ext_tw_video_thumb/1459214692572798978/pu/img/D6l88lMKx_CQQt2W.jpg,Bangalore,,,,,,"{'user_id': None, 'username': None}",,,,
1478058382305071104,1478058382305071104,2022-01-03 11:39:13 CST,2022-01-03,11:39:13,-0500,839041515410325504,vagulabharanan1,Vagulabharanan 🥰❤️,,"#BiggBoss5Tamil #BiggBossTami5 

Please vote for #Ciby https://t.co/TBGh8QL6PK",en,[],[],['https://pbs.twimg.com/media/FIMeQ_DVkAEhXcl.jpg'],0,8,53,"['biggboss5tamil', 'biggbosstami5', 'ciby']",[],https://twitter.com/Vagulabharanan1/status/1478058382305071104,,,1,https://pbs.twimg.com/media/FIMeQ_DVkAEhXcl.jpg,Bangalore,,,,,,"{'user_id': None, 'username': None}",,,,
1477890611097210882,1477890611097210882,2022-01-03 00:32:34 CST,2022-01-03,00:32:34,-0500,1157583754350587904,bangalorembfc,Bangalore SSMB Fans,,"Gear Up For The #Businessman Special Show On Completing A Decade 🤘🏻

🗓 January 9th ⏰ 6PM
📍 Sekhar Theatre, Amalapuram

Let’s Celebrate It In A MASSive Way 😎

@urstrulyMahesh #MaheshBabu #SarkaruVaariPaata https://t.co/tc0tpwLRrY",en,['urstrulymahesh'],[],['https://pbs.twimg.com/media/FIKFrBUVEAEhEO9.jpg'],1,65,105,"['businessman', 'maheshbabu', 'sarkaruvaaripaata']",[],https://twitter.com/BangaloreMBFC/status/1477890611097210882,,,1,https://pbs.twimg.com/media/FIKFrBUVEAEhEO9.jpg,Bangalore,,,,,,"{'user_id': None, 'username': None}",,,,
1478082618033774592,1478082618033774592,2022-01-03 13:15:32 CST,2022-01-03,13:15:32,-0500,932259004545253377,mkpawanist,Appu,,#Bangarraju mass🤣🤣 https://t.co/gWTsS4OW4Z,en,[],[],['https://pbs.twimg.com/media/FIM0TnRVkAYES8N.jpg'],0,1,11,['bangarraju'],[],https://twitter.com/MKPawanist/status/1478082618033774592,,,1,https://pbs.twimg.com/media/FIM0TnRVkAYES8N.jpg,Bangalore,,,,,,"{'user_id': None, 'username': None}",,,,
1478028959744860160,1478028959744860160,2022-01-03 09:42:19 CST,2022-01-03,09:42:19,-0500,1004456180280852481,adideshpande97,Aditya Deshpande,,"Don't miss the Coffee Brew of Indian Institute of Plantation Management (IIPM) Bengaluru  on 5th January 2022 🤠

An amazing Opportunity of One day training program on
 ""Coffee Value Chain &amp; Business Opportunities"" is waiting for all of you 🌱☘️
 #coffee #opportunity #iipm https://t.co/bTXfdL8JEm",en,[],[],[],1,1,12,"['coffee', 'opportunity', 'iipm']",[],https://twitter.com/Adideshpande97/status/1478028959744860160,,,1,https://pbs.twimg.com/ext_tw_video_thumb/1478028440020398085/pu/img/HzRTLPHCoaKPHsbD.jpg,Bangalore,,,,,,"{'user_id': None, 'username': None}",,,,
1478059132494102531,1478059132494102531,2022-01-03 11:42:12 CST,2022-01-03,11:42:12,-0500,884835069906563073,academytda,TDA Academy⭐️,,"In conversation with Pride of TDA, Karthikey Dwivedi (AIR 34)!
This is exactly how we make Officers here at The Defence Aspirant Academy✨ 
With sheer hardwork, compassion and right guidance at TDA, make your dream come true ⚔️
#cdsexam #tdafamily #imadehradun #defenceaspirant https://t.co/lUag3QULXY",en,[],[],[],1,3,21,"['cdsexam', 'tdafamily', 'imadehradun', 'defenceaspirant']",[],https://twitter.com/AcademyTDA/status/1478059132494102531,,,1,https://pbs.twimg.com/ext_tw_video_thumb/1478058910862831618/pu/img/U_OHHrsjJ6zRRh_h.jpg,Bangalore,,,,,,"{'user_id': None, 'username': None}",,,,
1478002310043209730,1478002310043209730,2022-01-03 07:56:25 CST,2022-01-03,07:56:25,-0500,41545198,harshasbc,Harsha Acharya,,"https://t.co/FqkBUS4U5q

600 pages book just 100 inr limited copies are available. Buy now 

#raghavendraswamygalu #geeta https://t.co/7n5JBddg2G",en,[],['https://madhwakart.com/product/the-bhagavad-gita-geeta-vivrutti/'],['https://pbs.twimg.com/media/FILrRIOUUAI-CrO.jpg'],6,6,39,"['raghavendraswamygalu', 'geeta']",[],https://twitter.com/harshasbc/status/1478002310043209730,,,1,https://pbs.twimg.com/media/FILrRIOUUAI-CrO.jpg,Bangalore,,,,,,"{'user_id': None, 'username': None}",,,,
1478067839978270721,1478067839978270721,2022-01-03 12:16:48 CST,2022-01-03,12:16:48,-0500,50606106,poori5678,Poornima Shetty,,Covid19 Update 3rd Jan Monday https://t.co/V2IsYYodhJ,en,[],[],[],0,1,2,[],[],https://twitter.com/Poori5678/status/1478067839978270721,,,1,https://pbs.twimg.com/ext_tw_video_thumb/1478067810819469313/pu/img/4JiHMOdVVs5ziGD_.jpg,Bangalore,,,,,,"{'user_id': None, 'username': None}",,,,
1478042781851418626,1478042781851418626,2022-01-03 10:37:14 CST,2022-01-03,10:37:14,-0500,1198286365462450177,dr_arghadip,"Arghadip Samaddar, MD",,"Cladophialophora bantiana is a neurotropic fungus &amp; the commonest cause of cerebral phaeohyphomycosis. The condition mimics other SOL like tuberculoma &amp; malignancy,making dx challenging.Mortality~70% despite sx &amp; antifungal. Reported an interesting case.
https://t.co/CeYdB9z4Tv https://t.co/15psNajc9e",en,[],['http://www.germs.ro/en/Articles/Fatal-cerebral-phaeohyphomycosis-caused-by-Cladophialophora-bantiana-mimicking-tuberculous-brain-abscess-1698'],"['https://pbs.twimg.com/media/FIMQBqrVUAErXm_.jpg', 'https://pbs.twimg.com/media/FIMQDedUUAA0OZz.jpg', 'https://pbs.twimg.com/media/FIMQE4vVQAADGqa.jpg']",2,10,35,[],[],https://twitter.com/dr_arghadip/status/1478042781851418626,,,1,https://pbs.twimg.com/media/FIMQBqrVUAErXm_.jpg,Bangalore,,,,,,"{'user_id': None, 'username': None}",,,,
1478055402998681612,1478055402998681612,2022-01-03 11:27:23 CST,2022-01-03,11:27:23,-0500,4388415132,logicalindianz,Augustine Varkey,,"Queen's English from Modi ??

For a change ??? https://t.co/0ghQQoIors",en,[],[],[],1,3,7,[],[],https://twitter.com/logicalindianz/status/1478055402998681612,,,1,https://pbs.twimg.com/ext_tw_video_thumb/1478055386716327936/pu/img/znS6hDd6oq2G945G.jpg,Bangalore,,,,,,"{'user_id': None, 'username': None}",,,,
1478000508367667201,1478000508367667201,2022-01-03 07:49:15 CST,2022-01-03,07:49:15,-0500,541486647,prasadpbhat,PrasadBhat.eth,,"Has any artist ever said ""I don't want payment. I'm here only for exposure"" ?",en,[],[],[],24,8,93,[],[],https://twitter.com/PrasadPBhat/status/1478000508367667201,,,0,,Bangalore,,,,,,"{'user_id': None, 'username': None}",,,,
1478038897967841282,1478038897967841282,2022-01-03 10:21:48 CST,2022-01-03,10:21:48,-0500,2547815861,rajuonree,Raju Onree,,It's the end of an era - BlackBerry phones will stop working this week 📱⚰️ #BlackBerry  #endofanera https://t.co/rdCdgjA0YG,en,[],[],['https://pbs.twimg.com/media/FIMMi3mUcAE3_dK.jpg'],1,4,10,"['blackberry', 'endofanera']",[],https://twitter.com/rajuonree/status/1478038897967841282,,,1,https://pbs.twimg.com/media/FIMMi3mUcAE3_dK.jpg,Bangalore,,,,,,"{'user_id': None, 'username': None}",,,,
1477888788252614658,1477888788252614658,2022-01-03 00:25:19 CST,2022-01-03,00:25:19,-0500,79752693,thewildaperture,Sanjay K Kumar,,It was my day yesterday https://t.co/rUkekFeGxo,en,[],[],['https://pbs.twimg.com/media/FIKEBVSVgAQ_uAs.jpg'],0,1,5,[],[],https://twitter.com/thewildaperture/status/1477888788252614658,,,1,https://pbs.twimg.com/media/FIKEBVSVgAQ_uAs.jpg,Bangalore,,,,,,"{'user_id': None, 'username': None}",,,,
1477925694847930370,1477925694847930370,2022-01-03 02:51:58 CST,2022-01-03,02:51:58,-0500,447977892,yuzi_chahal,Yuzvendra Chahal,,"Yuzi OP bolte 😎

Now streaming exclusively on @rootersports 🔥

https://t.co/ykXaUtIlfG 🎮

#YuziOP #GamingNightsWithYuzi https://t.co/z7RdKaaCVG",en,['rootersports'],['http://www.rooter.gg'],[],135,194,1228,"['yuziop', 'gamingnightswithyuzi']",[],https://twitter.com/yuzi_chahal/status/1477925694847930370,,,1,https://pbs.twimg.com/ext_tw_video_thumb/1477925534570987521/pu/img/tMXJwp1xwnBV3Zkk.jpg,Bangalore,,,,,,"{'user_id': None, 'username': None}",,,,
1477983040148176896,1477983040148176896,2022-01-03 06:39:51 CST,2022-01-03,06:39:51,-0500,700590933222395904,vijayakhil5,king Vijay (Akkineni) ❤,,"#Bangarraju - 

Karnataka Theatres Confirmation By Our Team...✊🤝

2022 1st project
@iamnagarjuna ❤
@chay_akkineni ❤",en,"['iamnagarjuna', 'chay_akkineni']",[],[],1,28,124,['bangarraju'],[],https://twitter.com/VijayAkhil5/status/1477983040148176896,,,0,,Bangalore,,,,,,"{'user_id': None, 'username': None}",,,,
1477984240021094400,1477984240021094400,2022-01-03 06:44:37 CST,2022-01-03,06:44:37,-0500,711503874859929600,imsaxenashubham,Shubham Saxena 🧑🏻‍💻,,"And Bangalore traffic hits 🥲

#TwitterGIFs https://t.co/wYVTbctwg2",en,[],[],['https://pbs.twimg.com/tweet_video_thumb/FILawM1UcAQGkCD.jpg'],0,0,1,['twittergifs'],[],https://twitter.com/imSaxenaShubham/status/1477984240021094400,,,1,https://pbs.twimg.com/tweet_video_thumb/FILawM1UcAQGkCD.jpg,Bangalore,,,,,,"{'user_id': None, 'username': None}",,,,
1477998652278804485,1477998652278804485,2022-01-03 07:41:53 CST,2022-01-03,07:41:53,-0500,3249640285,rdeokuliar,Rachna Deokuliar,,My life rn https://t.co/brRXchGdbk,en,[],[],['https://pbs.twimg.com/media/FILn8OTVkAAP3rf.jpg'],0,0,11,[],[],https://twitter.com/rdeokuliar/status/1477998652278804485,,,1,https://pbs.twimg.com/media/FILn8OTVkAAP3rf.jpg,Bangalore,,,,,,"{'user_id': None, 'username': None}",,,,
1478052289877196802,1478052289877196802,2022-01-03 11:15:01 CST,2022-01-03,11:15:01,-0500,978407599774220288,tummalashanthi,Shanthi Tummala,,"Why Plastic ban Enforcement a Failure . Who is responsible,Citizens,sellers , Government,Munciplality??.
No rules outside HSR? What is @foodsafetygov dept, @BBMPSplHealth Health dept doing ?@BBMPCOMM pls get some strategy to make it successful @PlasticPollutes #plasticpollution https://t.co/i6cglnUrJH",en,"['foodsafetygov', 'bbmpsplhealth', 'bbmpcomm', 'plasticpollutes']",[],[],3,7,13,['plasticpollution'],[],https://twitter.com/TummalaShanthi/status/1478052289877196802,,,1,https://pbs.twimg.com/ext_tw_video_thumb/1478052191877271553/pu/img/GwL8T6s_2oDuG3J4.jpg,Bangalore,,,,,,"{'user_id': None, 'username': None}",,,,
1477988168955662336,1477988168955662336,2022-01-03 07:00:13 CST,2022-01-03,07:00:13,-0500,43499903,shash_rants,wile_e_hooman,,Evenings @ #Bangalore. Shot on phone camera https://t.co/BBBNkeQKeq,en,[],[],['https://pbs.twimg.com/media/FILeZxnVcAIjqGY.jpg'],0,0,3,['bangalore'],[],https://twitter.com/shash_rants/status/1477988168955662336,,,1,https://pbs.twimg.com/media/FILeZxnVcAIjqGY.jpg,Bangalore,,,,,,"{'user_id': None, 'username': None}",,,,
1477916578976993280,1477916578976993280,2022-01-03 02:15:45 CST,2022-01-03,02:15:45,-0500,1001310473046835200,natrajcinemas,Natrajcinegroup,,"Congratulations team Badava Rascal on scoring a Blockbuster. 🤩🎉🎊

Team #BadavaRascal to visit Ballari tomorrow at 11:00 AM 

Welcome to Ballari♥️

@KRG_Studios @KRG_Connects @Dhananjayaka @DhananjayFans @daali_pictures 

#BadavaRascal🛺 #NatrajcineGroup https://t.co/HBDAnbSqX8",en,"['krg_studios', 'krg_connects', 'dhananjayaka', 'daali_pictures']",[],['https://pbs.twimg.com/media/FIKdSqzVcAA8niD.jpg'],0,11,44,"['badavarascal', 'badavarascal', 'natrajcinegroup']",[],https://twitter.com/natrajcinemas/status/1477916578976993280,,,1,https://pbs.twimg.com/media/FIKdSqzVcAA8niD.jpg,Bangalore,,,,,,"{'user_id': None, 'username': None}",,,,
1478034386020802566,1478034386020802566,2022-01-03 10:03:52 CST,2022-01-03,10:03:52,-0500,17305881,thebizdom,Siddharth Misra,,"""Pizza’s first expansion out of southern Italy occurred in the late nineteenth century, when political and economic factors drove impoverished citizens to find work in the growing industrial sector of the United States. "" https://t.co/6wsBalIhxj",en,[],[],['https://pbs.twimg.com/media/FIMIcNtVQAElOav.jpg'],1,7,18,[],[],https://twitter.com/Thebizdom/status/1478034386020802566,,,1,https://pbs.twimg.com/media/FIMIcNtVQAElOav.jpg,Bangalore,,,,,,"{'user_id': None, 'username': None}",,,,
1478012384396468225,1478012384396468225,2022-01-03 08:36:27 CST,2022-01-03,08:36:27,-0500,1261256181592412166,sai_bengaluru,SAI Bengaluru,,Additional facility of lift has been inaugurated by Indian Women Hockey Team at Modern Change Room Complex at @SAI_Bengaluru. Both the Indian Men and Women hockey teams trained in the Strength and Conditioning facility in the building prior to Olympics and continue to train here. https://t.co/UYiVibObuT,en,['sai_bengaluru'],[],"['https://pbs.twimg.com/media/FIL0XpiUYAso-cF.jpg', 'https://pbs.twimg.com/media/FIL0YyrVcAEBVdd.jpg', 'https://pbs.twimg.com/media/FIL0ZxVVEAIehFf.jpg', 'https://pbs.twimg.com/media/FIL0a3nVUAMD9A8.jpg']",3,7,52,[],[],https://twitter.com/SAI_Bengaluru/status/1478012384396468225,,,1,https://pbs.twimg.com/media/FIL0XpiUYAso-cF.jpg,Bangalore,,,,,,"{'user_id': None, 'username': None}",,,,
1478059903696576512,1478059903696576512,2022-01-03 11:45:16 CST,2022-01-03,11:45:16,-0500,1240855886,pklearn,Parul Khanna,,"Hilarious take from corporate lens...
#WFH #Omicron #Meme
#PARceptions

On a lighter note!

https://t.co/dosHrhKIE5",en,[],['https://youtu.be/yezf2c61nh8'],[],0,1,7,"['wfh', 'omicron', 'meme', 'parceptions']",[],https://twitter.com/pklearn/status/1478059903696576512,,,0,,Bangalore,,,,,,"{'user_id': None, 'username': None}",,,,
1478013406108020736,1478013406108020736,2022-01-03 08:40:30 CST,2022-01-03,08:40:30,-0500,814836648,achieversias,"Achievers IAS Academy, Bangalore",,"Education is a Service to Nation, Through which we can help many Lives to grow and Bloom 

#UPSC #IAS #IPS #CivilServices #CivilServicesExamination #IRS https://t.co/ydCs1Zk6W9",en,[],[],['https://pbs.twimg.com/media/FIL1WR4VUAIjhEi.jpg'],2,1,17,"['upsc', 'ias', 'ips', 'civilservices', 'civilservicesexamination', 'irs']",[],https://twitter.com/AchieversIAS/status/1478013406108020736,,,1,https://pbs.twimg.com/media/FIL1WR4VUAIjhEi.jpg,Bangalore,,,,,,"{'user_id': None, 'username': None}",,,,
1478015043786526720,1478015043786526720,2022-01-03 08:47:01 CST,2022-01-03,08:47:01,-0500,31759530,sshivu,s shiva kumar,,"#AtrangiRe 
Corny to the core. 45 minutes left but abandoned. Advantage of watching on #OTT. Everyone is praising #Dhanush but this role another day at the office for him. No star or actor can save bad content but #OTT plays #SantaClaus ! https://t.co/PZ6CcKbaSK",en,[],[],['https://pbs.twimg.com/media/FIL2ySUXsAMi5gW.jpg'],2,1,10,"['atrangire', 'ott', 'dhanush', 'ott', 'santaclaus']",[],https://twitter.com/sshivu/status/1478015043786526720,,,1,https://pbs.twimg.com/media/FIL2ySUXsAMi5gW.jpg,Bangalore,,,,,,"{'user_id': None, 'username': None}",,,,
1478053922379952130,1478053922379952130,2022-01-03 11:21:30 CST,2022-01-03,11:21:30,-0500,1371707562568024072,shireeshaswaero,Shireesha Swaero Chitlapally,,"#🙏🏾 Remembering India's First women Teacher ,Pioneer of Women Education, Feminist, Mother of Masses Savithri Maa's on her  191th Birth  Anniversary# We are, because You were❤️# Jai Bhim , Jai Savithri Jai Swaero's💙
We are here to take Your Legacy to the Masses# @RSPraveenSwaero https://t.co/QgeQMOeUM5",en,['rspraveenswaero'],[],['https://pbs.twimg.com/media/FIMaNYGUUAA6v98.jpg'],0,2,20,[],[],https://twitter.com/shireeshaswaero/status/1478053922379952130,,,1,https://pbs.twimg.com/media/FIMaNYGUUAA6v98.jpg,Bangalore,,,,,,"{'user_id': None, 'username': None}",,,,
1477957483947646979,1477957483947646979,2022-01-03 04:58:17 CST,2022-01-03,04:58:17,-0500,31759530,sshivu,s shiva kumar,,"Done revisiting #Gomorrah . The ruthless, relentless pursuit of pelf and power is riveting.The writing, introduction and elimination of key characters, acting, haunting score.... The best series I've watched. Yes there's #TheWire , #Sopranos , #BreakingBad but...... https://t.co/HPlmtvC6rv",en,[],[],['https://pbs.twimg.com/media/FILCf3SVcAAa5pH.jpg'],0,0,5,"['gomorrah', 'thewire', 'sopranos', 'breakingbad']",[],https://twitter.com/sshivu/status/1477957483947646979,,,1,https://pbs.twimg.com/media/FILCf3SVcAAa5pH.jpg,Bangalore,,,,,,"{'user_id': None, 'username': None}",,,,
1478102515233157124,1478102515233157124,2022-01-03 14:34:36 CST,2022-01-03,14:34:36,-0500,1103376361,shivumallu,ಎಮ್.ಬಿ.ಆಲಹಾಳ🇮🇳,,Read my thoughts on YourQuote app at https://t.co/US4NKj4kox https://t.co/72HNKVJZps,en,[],['https://www.yourquote.in/em-bi-aalhaall-brd74/quotes/adu-sikkaag-jvaabdaari-heccaaguttde-ciflli'],['https://pbs.twimg.com/media/FINGZduVcAAYdIe.jpg'],0,1,5,[],[],https://twitter.com/Shivumallu/status/1478102515233157124,,,1,https://pbs.twimg.com/media/FINGZduVcAAYdIe.jpg,Bangalore,,,,,,"{'user_id': None, 'username': None}",,,,
1477938437663571968,1477938437663571968,2022-01-03 03:42:36 CST,2022-01-03,03:42:36,-0500,965114888744914944,kdevforum,SaveBellandur(ಬೆಳ್ಳಂದೂರು ಉಳಿಸಿ),,"#Bellandur #Ward150 vaccination for 15-18 yrs started at Doddakanneli PHC.

Also for conducting any bulk RTPCR test camps(Minimum 50 tests) from #BBMP pls reach +91 8088385143 else reach directly  https://t.co/WZfFs7yXWp b/w 10am to 2pm &amp; get free tests/camp scheduled. https://t.co/CTJte49cx7",en,[],['https://goo.gl/maps/B7UoBCAJNUvp6L2U6'],"['https://pbs.twimg.com/media/FIKxKTsVcAAAvOu.jpg', 'https://pbs.twimg.com/media/FIKxKrTUYAE9HLw.jpg', 'https://pbs.twimg.com/media/FIKxLBqVEAECEUO.jpg']",0,2,3,"['bellandur', 'ward150', 'bbmp']",[],https://twitter.com/kdevforum/status/1477938437663571968,,https://twitter.com/Namma_Bengaluru/status/1477888118032191489,1,https://pbs.twimg.com/media/FIKxKTsVcAAAvOu.jpg,Bangalore,,,,,,"{'user_id': None, 'username': None}",,,,
1477976968322711552,1477976968322711552,2022-01-03 06:15:43 CST,2022-01-03,06:15:43,-0500,900707246614626304,srlmkafiteam,Shivashekharagouda patil,,"!!! Good News for RAP/VLE INS  !!!!

Very First time SME  Insurance policy introduced  for Shopkeepers at CSC Portal under SBI General insurance.

This policy includes Fire 🔥 and Burglary also covers Upto 1 Core insurance incase of damage/loss of Shop/Business Premises. https://t.co/ku34ksYE2l",en,[],[],['https://pbs.twimg.com/media/FILUOBEVcAMS3MP.jpg'],0,4,16,[],[],https://twitter.com/SRLMKAFITeam/status/1477976968322711552,,,1,https://pbs.twimg.com/media/FILUOBEVcAMS3MP.jpg,Bangalore,,,,,,"{'user_id': None, 'username': None}",,,,
1478042601513054212,1478042601513054212,2022-01-03 10:36:31 CST,2022-01-03,10:36:31,-0500,135955662,partimepatrakar,Part-time Patrakar👤,,For a moment i thought some one's preparing for UPSC. Tutors for UKG? 🤔🧐 #LetTheKidsPlay @hublimandi @hublimandi @Namma_HD @Namma_Dharwad https://t.co/PDWEYhpNGM,en,"['hublimandi', 'hublimandi', 'namma_hd', 'namma_dharwad']",[],['https://pbs.twimg.com/media/FIMP6LuVEAEnv-t.jpg'],3,0,10,['letthekidsplay'],[],https://twitter.com/PartimePatrakar/status/1478042601513054212,,,1,https://pbs.twimg.com/media/FIMP6LuVEAEnv-t.jpg,Bangalore,,,,,,"{'user_id': None, 'username': None}",,,,
1477997808875556864,1477997808875556864,2022-01-03 07:38:32 CST,2022-01-03,07:38:32,-0500,1199360487013543936,satya61572394,నారా సిద్ధప్ప,,Good thing..,en,[],[],[],0,1,6,[],[],https://twitter.com/Satya61572394/status/1477997808875556864,,https://twitter.com/tharunboda/status/1477991499115601920,0,,Bangalore,,,,,,"{'user_id': None, 'username': None}",,,,
1478049351314280451,1478049351314280451,2022-01-03 11:03:20 CST,2022-01-03,11:03:20,-0500,755246953051467776,himupreti,Himanshu Upreti,,"#3 Network &amp; Community &gt;&gt;&gt;

One of the biggest strengths of Harry Potter was his network and community-building skills (Case in point, Dumbledore’s Army). Help will always be at the immediate disposal for those who build their network.

That’s one learning.
See you tomorrow! https://t.co/2omF2r3vOF",en,[],[],['https://pbs.twimg.com/media/FIMWDHxVUAAC2hP.jpg'],0,0,3,[],[],https://twitter.com/HimUpreti/status/1478049351314280451,,https://twitter.com/HimUpreti/status/1477344603644649473,1,https://pbs.twimg.com/media/FIMWDHxVUAAC2hP.jpg,Bangalore,,,,,,"{'user_id': None, 'username': None}",,,,
1477987696899330048,1477987696899330048,2022-01-03 06:58:21 CST,2022-01-03,06:58:21,-0500,68109167,tanukul,Tanu,,As many as 3.8 lakh children between the age group of 15 to 18 years were vaccinated today in Karnataka. The @DHFWKA had however planned to vaccinate 6.38 lakh and fell short of their target. @THBengaluru https://t.co/AIBmOI845I,en,"['dhfwka', 'thbengaluru']",[],['https://pbs.twimg.com/media/FILd-AkXoAIrC7q.jpg'],1,5,22,[],[],https://twitter.com/TanuKul/status/1477987696899330048,,,1,https://pbs.twimg.com/media/FILd-AkXoAIrC7q.jpg,Bangalore,,,,,,"{'user_id': None, 'username': None}",,,,
1478051508298027009,1478051508298027009,2022-01-03 11:11:55 CST,2022-01-03,11:11:55,-0500,17737602,sandeepohri,Sandeep Ohri,,"3rd Jan Summary #Bengaluru #COVID19 as per @BBMPCOMM &amp; @DHFWKA

Tests: 44K ⬇️
Daily Positive: 1,041 ⬆️ 
Deaths: 3 ↔️
Positivity: 2.36% ⬆️
Vaccine Doses: 11.5K ⬆️
Total Active: 9,575 ⬆️
Discharge: 135 ⬆️
#Omicron (State) Count: 77 ⬆️

@RijoMJohn
@petleepeter
@sridharvMIRROR https://t.co/ATRuxS3fD9",en,"['bbmpcomm', 'dhfwka', 'rijomjohn', 'petleepeter', 'sridharvmirror']",[],['https://pbs.twimg.com/media/FIMYARaUcAA77vW.jpg'],0,3,9,"['bengaluru', 'covid19', 'omicron']",[],https://twitter.com/sandeepohri/status/1478051508298027009,,,1,https://pbs.twimg.com/media/FIMYARaUcAA77vW.jpg,Bangalore,,,,,,"{'user_id': None, 'username': None}",,,,
1478057103629570049,1478057103629570049,2022-01-03 11:34:09 CST,2022-01-03,11:34:09,-0500,1223964715,angelachaudhuri,Dr Angela Chaudhuri,,"Bracing for the surge...here we go again! Mask up, get your jabs, keep your distance, test if you suspect virtual hugs only! Happy start to 2022!",en,[],[],[],0,4,7,[],[],https://twitter.com/angelachaudhuri/status/1478057103629570049,,https://twitter.com/Precisi0nHealth/status/1478010553696018433,0,,Bangalore,,,,,,"{'user_id': None, 'username': None}",,,,
1478049312206573576,1478049312206573576,2022-01-03 11:03:11 CST,2022-01-03,11:03:11,-0500,754445,kenneth,Kenneth Dsouza,,"After 4 years of building products and teams at @gojekdesign, today was my last day.

I got a chance to learn a lot, work with awesome people, visit new places &amp; eat tasty food. I will always feel proud for being a tiny part of this team's journey 🙏 https://t.co/6LZk0QWwxn",en,['gojekdesign'],[],['https://pbs.twimg.com/media/FIMWAr4VkAALPOr.jpg'],32,0,284,[],[],https://twitter.com/Kenneth/status/1478049312206573576,,,1,https://pbs.twimg.com/media/FIMWAr4VkAALPOr.jpg,Bangalore,,,,,,"{'user_id': None, 'username': None}",,,,
1477947093289369600,1477947093289369600,2022-01-03 04:17:00 CST,2022-01-03,04:17:00,-0500,550173688,banwarime,Banwari Lal Meena,,"Thank you @JarAppHQ for this lovely reward. I have been using regularly the Jar app since it's inception.
I hope You can reward me more 😂
@gundamanideep
@misbahspeaks https://t.co/tfKVtI7FWX",en,"['jarapphq', 'gundamanideep', 'misbahspeaks']",[],['https://pbs.twimg.com/media/FIK5DFfVkAItF11.jpg'],0,0,9,[],[],https://twitter.com/banwarime/status/1477947093289369600,,,1,https://pbs.twimg.com/media/FIK5DFfVkAItF11.jpg,Bangalore,,,,,,"{'user_id': None, 'username': None}",,,,
1477963153480687617,1477963153480687617,2022-01-03 05:20:49 CST,2022-01-03,05:20:49,-0500,9404762,nikhilnarayanan,Nikhil | നിഖിൽ,,Close to 30 lakh individuals in the 15–17 age group have already been vaccinated today. https://t.co/so6zPVXsrK,en,[],[],['https://pbs.twimg.com/media/FILHp7CUYAE_VQg.jpg'],1,1,1,[],[],https://twitter.com/nikhilnarayanan/status/1477963153480687617,,,1,https://pbs.twimg.com/media/FILHp7CUYAE_VQg.jpg,Bangalore,,,,,,"{'user_id': None, 'username': None}",,,,
1478001556612026368,1478001556612026368,2022-01-03 07:53:25 CST,2022-01-03,07:53:25,-0500,346642258,foolzwizdom,Rajath,,"#OmicronInIndia will not be about beds or ventilators or oxygen, it will be about loss of workforce in healthcare and that may impact noncovid emergencies and critical work more than #COVID illness itself. 
We need to strategise for this round, we STILL have time.",en,[],[],[],0,1,10,"['omicroninindia', 'covid']",[],https://twitter.com/FoolzWizdom/status/1478001556612026368,,,0,,Bangalore,,,,,,"{'user_id': None, 'username': None}",,,,
1478020164285206529,1478020164285206529,2022-01-03 09:07:22 CST,2022-01-03,09:07:22,-0500,52322389,tanaypratap,Tanay Pratap,,"Me: Welcome to Invact. Now, that we are colleagues, please don't call me Bhaiya. Let's set the culture right. 

Pratim: Okay, Bhaiya. 

Me: 🤦🤦

#zero2oneInvact",en,[],[],[],17,6,463,['zero2oneinvact'],[],https://twitter.com/tanaypratap/status/1478020164285206529,,,0,,Bangalore,,,,,,"{'user_id': None, 'username': None}",,,,
1478000203839926277,1478000203839926277,2022-01-03 07:48:03 CST,2022-01-03,07:48:03,-0500,15807021,dkmohanty,Dillip Mohanty,,"Looking forward to Ashwin's hundred and Bumrah's fifty. Not the result though.
@weRcricket @someshagarwal22 

#INDvsSA https://t.co/moTCR7DS6G",en,"['wercricket', 'someshagarwal22']",[],['https://pbs.twimg.com/media/FILpWj3VEAICtR1.jpg'],1,0,4,['indvssa'],[],https://twitter.com/dkmohanty/status/1478000203839926277,,,1,https://pbs.twimg.com/media/FILpWj3VEAICtR1.jpg,Bangalore,,,,,,"{'user_id': None, 'username': None}",,,,
1478052365055901702,1478052365055901702,2022-01-03 11:15:19 CST,2022-01-03,11:15:19,-0500,4388415132,logicalindianz,Augustine Varkey,,"The last piece of the ventilator purchased with #PMCares is defunct !

Did Modi purchased those ventilators with his private money ??

Or was it with public money ??

Is he accountable for that ??

Just asking !!!",en,[],[],[],1,5,18,['pmcares'],[],https://twitter.com/logicalindianz/status/1478052365055901702,,,0,,Bangalore,,,,,,"{'user_id': None, 'username': None}",,,,
1477972302398513152,1477972302398513152,2022-01-03 05:57:10 CST,2022-01-03,05:57:10,-0500,968303861797736448,kavita_babu_,Kavita Babu,,Awesome thread! Do read 👇🏼,en,[],[],[],0,1,2,[],[],https://twitter.com/Kavita_Babu_/status/1477972302398513152,,https://twitter.com/PrakashLab/status/1477963523732901889,0,,Bangalore,,,,,,"{'user_id': None, 'username': None}",,,,
1477927451283968006,1477927451283968006,2022-01-03 02:58:57 CST,2022-01-03,02:58:57,-0500,1072784020948144129,npklopenforum,NadaPrabhu Kempegowda Layout Open Forum,,"Dear @CMofKarnataka @BSBommai sir, we #NadaprabhuKempegowdaLayout site owners invite you for spot inspection, Every year claim looks unrealistic seeing ground level work pace &amp; pending variation quantity, other approvals @SRVishwanathBJP @STSomashekarMLA   @DVSadanandGowda https://t.co/USMwDMsr6P",en,"['cmofkarnataka', 'bsbommai', 'srvishwanathbjp', 'stsomashekarmla', 'dvsadanandgowda']",[],"['https://pbs.twimg.com/media/FIKnIeHUUAExncB.jpg', 'https://pbs.twimg.com/media/FIKnJNVVUAAXcm5.jpg', 'https://pbs.twimg.com/media/FIKnKKoVEAAX34s.jpg', 'https://pbs.twimg.com/media/FIKnLA5VgAAt_jL.jpg']",11,23,24,['nadaprabhukempegowdalayout'],[],https://twitter.com/NPKLOpenForum/status/1477927451283968006,,,1,https://pbs.twimg.com/media/FIKnIeHUUAExncB.jpg,Bangalore,,,,,,"{'user_id': None, 'username': None}",,,,
1478048730590769154,1478048730590769154,2022-01-03 11:00:52 CST,2022-01-03,11:00:52,-0500,522343425,urmila92531581,Urmila Chanam,,"So much is being said about #Christians in India nowadays that I thought its important to write this column which was published today on The Peoples Chronicle if not for clarifying the allegations, atleast for representation sake
https://t.co/Y4JpyZYnaq https://t.co/n5PzviIpDm",en,[],['http://epaper.poknapham.in/articlepage.php?articleid=POKNAP_TPC_20220103_4_1&width=308.31333333333333px&edition=ThePeoplesChronicle&curpage=4'],['https://pbs.twimg.com/media/FIMVasbVUAIUO2f.jpg'],2,1,1,['christians'],[],https://twitter.com/Urmila92531581/status/1478048730590769154,,,1,https://pbs.twimg.com/media/FIMVasbVUAIUO2f.jpg,Bangalore,,,,,,"{'user_id': None, 'username': None}",,,,
1478046505747419137,1478046505747419137,2022-01-03 10:52:02 CST,2022-01-03,10:52:02,-0500,1005705813313269760,meg_srinivas,Meghana Srinivas,,"Such a positive and productive Monday! 🙃

Fingers crossed that this trend holds… and the only th*rd wave we experience is the amaze @thirdwaveindia 👀🥰 https://t.co/NyrpsaEDSq",en,['thirdwaveindia'],[],"['https://pbs.twimg.com/media/FIMTdQOVUAgcy8X.jpg', 'https://pbs.twimg.com/media/FIMTdQLVcAAmTe2.jpg', 'https://pbs.twimg.com/media/FIMTdULUYAUt1Jj.jpg']",1,0,11,[],[],https://twitter.com/Meg_Srinivas/status/1478046505747419137,,,1,https://pbs.twimg.com/media/FIMTdQOVUAgcy8X.jpg,Bangalore,,,,,,"{'user_id': None, 'username': None}",,,,
1478008278881685505,1478008278881685505,2022-01-03 08:20:08 CST,2022-01-03,08:20:08,-0500,2398069879,shennoying,Akaanksha,,"The ""Cat Result"" notification still sends chills down my spine. It's been two years since I got my result.
#CAT2021",en,[],[],[],2,0,16,['cat2021'],[],https://twitter.com/shennoying/status/1478008278881685505,,,0,,Bangalore,,,,,,"{'user_id': None, 'username': None}",,,,
1478146716872282113,1478146716872282113,2022-01-03 17:30:14 CST,2022-01-03,17:30:14,-0500,2286417703,blrrocks,ತರ್ಲೆ 𝗧𝗵𝗶𝗺𝗺𝗮,,"Am I the only one who believes, no action will be taken against the folks who nearly threatened a #Karnataka minister in front of @CMofKarnataka 
Why?
At the end of the day, they all are Bhai - Bhai..
Jokers like us fight among each other.. 😂😂",en,['cmofkarnataka'],[],[],6,7,27,['karnataka'],[],https://twitter.com/BLRrocKS/status/1478146716872282113,,https://twitter.com/MadhukumarVP1/status/1477973628654272512,0,,Bangalore,,,,,,"{'user_id': None, 'username': None}",,,,
1477888118032191489,1477888118032191489,2022-01-03 00:22:39 CST,2022-01-03,00:22:39,-0500,84519781,namma_bengaluru,NBF,,Vaccination drive for children above the age of 15-18 has started. Get your children vaccinated and let's stay safe from the virus. @CMofKarnataka @Rajeev_GoI @DHFWKA @mla_sudhakar @BBMPCOMM @BBMPSplHealth @MoHFW_INDIA @COVIDNewsByMIB @mygovindia @drvishalrao @CPBlr @Copsview https://t.co/gggr21N3Un,en,"['cmofkarnataka', 'rajeev_goi', 'dhfwka', 'mla_sudhakar', 'bbmpcomm', 'bbmpsplhealth', 'mohfw_india', 'covidnewsbymib', 'mygovindia', 'drvishalrao', 'cpblr', 'copsview']",[],['https://pbs.twimg.com/media/FIKDaP-VIAAAaIM.jpg'],1,4,8,[],[],https://twitter.com/Namma_Bengaluru/status/1477888118032191489,,,1,https://pbs.twimg.com/media/FIKDaP-VIAAAaIM.jpg,Bangalore,,,,,,"{'user_id': None, 'username': None}",,,,
1478016008661000192,1478016008661000192,2022-01-03 08:50:51 CST,2022-01-03,08:50:51,-0500,1371229621664894981,damaged__goods,tripti_BaLLb_OCD,,Y'all believe in giving second chances to ppl?,en,[],[],[],0,0,4,[],[],https://twitter.com/damaged__goods/status/1478016008661000192,,,0,,Bangalore,,,,,,"{'user_id': None, 'username': None}",,,,
1478029378189598726,1478029378189598726,2022-01-03 09:43:58 CST,2022-01-03,09:43:58,-0500,120496704,dxbbrahmin,Bhakt 🇮🇳,,A typical Mysore masala dosa with “gatti” chutney is just wow 🤩,en,[],[],[],1,0,4,[],[],https://twitter.com/DXBBrahmin/status/1478029378189598726,,,0,,Bangalore,,,,,,"{'user_id': None, 'username': None}",,,,
1478059923510464516,1478059132494102531,2022-01-03 11:45:21 CST,2022-01-03,11:45:21,-0500,884835069906563073,academytda,TDA Academy⭐️,,"The entire family wishes him great fortune ahead. You deserved this and you nailed it!!

Now, it's the time for your students to become your juniors.
Jai hind⚔️🇮🇳 https://t.co/BkGcLMIFXi",en,[],[],"['https://pbs.twimg.com/media/FIMfqPKVUAAfVqf.jpg', 'https://pbs.twimg.com/media/FIMfqPKUUAAWlqf.jpg', 'https://pbs.twimg.com/media/FIMfqPIVgAEWQ3F.jpg', 'https://pbs.twimg.com/media/FIMfqPKVUAE-9z4.jpg']",0,0,3,[],[],https://twitter.com/AcademyTDA/status/1478059923510464516,,,1,https://pbs.twimg.com/media/FIMfqPKVUAAfVqf.jpg,Bangalore,,,,,,"{'user_id': '884835069906563073', 'username': 'AcademyTDA'}",,,,
1477915245230243843,1477915245230243843,2022-01-03 02:10:27 CST,2022-01-03,02:10:27,-0500,62207428,rekhabaala,Rekha Bala,,"What I remember most about watching the #HarryPotter movies is @amrit_bk's exasperated voice in my ear, 'But, Amma, this is not in the book' 😀 #HarryPotterReturnToHogwarts #HarryPotterReunion #HarryPotter20thAnniversary",en,['amrit_bk'],[],[],0,0,4,"['harrypotter', 'harrypotterreturntohogwarts', 'harrypotterreunion', 'harrypotter20thanniversary']",[],https://twitter.com/rekhabaala/status/1477915245230243843,,,0,,Bangalore,,,,,,"{'user_id': None, 'username': None}",,,,
1478024009434353664,1478024009434353664,2022-01-03 09:22:38 CST,2022-01-03,09:22:38,-0500,207392365,aashishpunjabi1,Aashish Punjabi,,"It has been a privilege working with this stellar team. It’s almost been a year here, but still feels like we’re just getting started! 

Shoutout to every @OnJunoHQ hustler and hacker, who helped us get here and have been patient enough to be around 🙌🏻

Onwards &amp; Upwards 📈🚀",en,['onjunohq'],[],[],0,0,16,[],[],https://twitter.com/Aashishpunjabi1/status/1478024009434353664,,https://twitter.com/thebitsian/status/1478015614006423554,0,,Bangalore,,,,,,"{'user_id': None, 'username': None}",,,,
1478001873655238657,1478001873655238657,2022-01-03 07:54:41 CST,2022-01-03,07:54:41,-0500,267301764,sudkes,Sudhir Kesavan,,Believe in dreams. 👇,en,[],[],[],0,0,2,[],[],https://twitter.com/SudKes/status/1478001873655238657,,https://twitter.com/ramkid/status/1477954959387750403,0,,Bangalore,,,,,,"{'user_id': None, 'username': None}",,,,
1478064086843736066,1478064086843736066,2022-01-03 12:01:54 CST,2022-01-03,12:01:54,-0500,1172611188,__achrome,Ashwin,,"I don't know who needs to hear this, but you are the duck. You are cute.",en,[],[],[],0,0,3,[],[],https://twitter.com/__achrome/status/1478064086843736066,,https://twitter.com/WholesomeMeme/status/1478063617715032065,0,,Bangalore,,,,,,"{'user_id': None, 'username': None}",,,,
1478010979472404486,1478010979472404486,2022-01-03 08:30:52 CST,2022-01-03,08:30:52,-0500,38134365,nand_bo,Nandita Bose,,I got dizzy just watching,en,[],[],[],2,0,4,[],[],https://twitter.com/nand_bo/status/1478010979472404486,,https://twitter.com/moneir27/status/1477997326652297227,0,,Bangalore,,,,,,"{'user_id': None, 'username': None}",,,,
1478001613516070918,1478001613516070918,2022-01-03 07:53:39 CST,2022-01-03,07:53:39,-0500,1363778685153599488,drrajathathreya,Dr Rajath Athreya,,"#OmicronInIndia will not be about beds or ventilators or oxygen, it will be about loss of workforce in healthcare and that may impact noncovid emergencies and critical work more than #COVID illness itself. 
We need to strategise for this round, we STILL have time.",en,[],[],[],0,0,7,"['omicroninindia', 'covid']",[],https://twitter.com/DrRajathAthreya/status/1478001613516070918,,,0,,Bangalore,,,,,,"{'user_id': None, 'username': None}",,,,
1478013199580479488,1478013199580479488,2022-01-03 08:39:41 CST,2022-01-03,08:39:41,-0500,17732182,mohitsatyanand,mohitsatyanand,,"I believe a bridge is being built across Pangong Tso.
Is Modiji going to inaugurate it?",en,[],[],[],2,2,37,[],[],https://twitter.com/mohitsatyanand/status/1478013199580479488,,,0,,Bangalore,,,,,,"{'user_id': None, 'username': None}",,,,
1478048020331515904,1478048020331515904,2022-01-03 10:58:03 CST,2022-01-03,10:58:03,-0500,343495009,shashidharv_18,Shashidhar V,,"I follow everyone who likes my thoughts .. tweets I mean. 

Jai Sri Ram",en,[],[],[],0,0,4,[],[],https://twitter.com/ShashidharV_18/status/1478048020331515904,,,0,,Bangalore,,,,,,"{'user_id': None, 'username': None}",,,,
1478064424023826432,1478064424023826432,2022-01-03 12:03:14 CST,2022-01-03,12:03:14,-0500,117728754,socialslack,SocialSlack,,Be care ful of what u ask hakka.. they have to cross Tuglak lane ...,en,[],[],[],0,0,2,[],[],https://twitter.com/Socialslack/status/1478064424023826432,,https://twitter.com/LavanyaBallal/status/1477972245033066496,0,,Bangalore,,,,,,"{'user_id': None, 'username': None}",,,,
1478084483723063299,1478084483723063299,2022-01-03 13:22:57 CST,2022-01-03,13:22:57,-0500,1052141540066377728,alysha_lobo,AML,,"So inspirational! And these are the lil things that I love about this city and the people 💙

#NammaOoru #Bengaluru @peakbengaluru

Akme Encore’s residents cook extra breakfast: https://t.co/4oVgCcm8Lp",en,['peakbengaluru'],['https://bengaluru.citizenmatters.in/akme-encore-breakfast-for-bridge-school-kids-56352'],[],0,2,3,"['nammaooru', 'bengaluru']",[],https://twitter.com/alysha_lobo/status/1478084483723063299,,,0,,Bangalore,,,,,,"{'user_id': None, 'username': None}",,,,
1478040251784257536,1478040251784257536,2022-01-03 10:27:11 CST,2022-01-03,10:27:11,-0500,554656797,nagakarthijk,Nagakarthik Mp,,"Getting prepared for the #Omicron wave by augmenting 1000 beds across 5 major cities

@DFYIndia @MoHFW_INDIA",en,"['dfyindia', 'mohfw_india']",[],[],0,0,2,['omicron'],[],https://twitter.com/nagakarthijk/status/1478040251784257536,,https://twitter.com/CryptoRelief_/status/1478039364672184320,0,,Bangalore,,,,,,"{'user_id': None, 'username': None}",,,,
1478023677195087880,1478023677195087880,2022-01-03 09:21:19 CST,2022-01-03,09:21:19,-0500,814836648,achieversias,"Achievers IAS Academy, Bangalore",,"If you don't separate yourself from your distractions, your distractions will separate you from your goals and the life you want.",en,[],[],[],0,2,18,[],[],https://twitter.com/AchieversIAS/status/1478023677195087880,,,0,,Bangalore,,,,,,"{'user_id': None, 'username': None}",,,,
1478018681741271042,1478018681741271042,2022-01-03 09:01:28 CST,2022-01-03,09:01:28,-0500,63690736,ishenoy,vijay shenoy,,"H&amp;M Opens Its First Virtual Store and takes a plunge into #Metaverse.

#Marketing #AR #VR #NFT 
https://t.co/GcTDfwOYVo",en,[],['https://in.mashable.com/tech/26529/hm-jumps-into-metaverse-opens-its-first-virtual-store'],[],0,1,2,"['metaverse', 'marketing', 'ar', 'vr', 'nft']",[],https://twitter.com/ishenoy/status/1478018681741271042,,,0,,Bangalore,,,,,,"{'user_id': None, 'username': None}",,,,
1478042371870756866,1478042371870756866,2022-01-03 10:35:36 CST,2022-01-03,10:35:36,-0500,1304033358045798401,shanmukhsripada,Shanmukh Art,,"We all have eyes on one man tonight 👀, and no, it's not our captain for the game 😂",en,[],[],[],3,0,10,[],[],https://twitter.com/ShanmukhSripada/status/1478042371870756866,,https://twitter.com/ManUtd/status/1478040971854159884,0,,Bangalore,,,,,,"{'user_id': None, 'username': None}",,,,
1478058347257421828,1478058347257421828,2022-01-03 11:39:05 CST,2022-01-03,11:39:05,-0500,248440893,sonalasthana,"Sonal Asthana, MD",,This is big. The ramifications of better understanding of protein structure will revolutionize new drugs and diagnostics.,en,[],[],[],0,0,3,[],[],https://twitter.com/sonalasthana/status/1478058347257421828,,https://twitter.com/GaurabC/status/1477707679032385543,0,,Bangalore,,,,,,"{'user_id': None, 'username': None}",,,,
1478049531358969858,1478049531358969858,2022-01-03 11:04:03 CST,2022-01-03,11:04:03,-0500,4388415132,logicalindianz,Augustine Varkey,,But our @Delhipolice is so efficient that they are yet to get any clue on this man ???,en,['delhipolice'],[],[],1,1,4,[],[],https://twitter.com/logicalindianz/status/1478049531358969858,,https://twitter.com/LiveLawIndia/status/1478036641121910787,0,,Bangalore,,,,,,"{'user_id': None, 'username': None}",,,,
1478058601012813825,1478058601012813825,2022-01-03 11:40:06 CST,2022-01-03,11:40:06,-0500,21982947,adityakothari,Aditya Kothari,,"I’m glad we’re coming out and talking about it more openly. 

Another addition to this would be to cut off from toxic people. Also super important to understand what toxicity feels like. 

Great thread @7rahulc",en,['7rahulc'],[],[],0,0,5,[],[],https://twitter.com/adityakothari/status/1478058601012813825,,https://twitter.com/7rahulc/status/1477844027303075840,0,,Bangalore,,,,,,"{'user_id': None, 'username': None}",,,,
1477980545208356865,1477958382958960646,2022-01-03 06:29:56 CST,2022-01-03,06:29:56,-0500,272503721,macharajarao,M. S. Srinivasa Rao,,@mohitbharatiya_ He had an accident with Hindutwa.,en,['mohitbharatiya_'],[],[],0,2,5,[],[],https://twitter.com/macharajarao/status/1477980545208356865,,,0,,Bangalore,,,,,,"{'user_id': '328561692', 'username': 'mohitbharatiya_'}",,,,
1478021750138945536,1478021750138945536,2022-01-03 09:13:40 CST,2022-01-03,09:13:40,-0500,1161177097139703808,bjp_muniswamy,Muniswamy S,,"Manhandling of our leader @bandisanjay_bjp gaaru and our party workers using Police force is despicable &amp; an insult to the democracy. Such confrontational behaviour will not stop us forming the government in Telangana.
This is beginning of the end of KCR govt.",en,['bandisanjay_bjp'],[],[],1,1,6,[],[],https://twitter.com/bjp_muniswamy/status/1478021750138945536,,,0,,Bangalore,,,,,,"{'user_id': None, 'username': None}",,,,
1478053555776851970,1478026851482157057,2022-01-03 11:20:03 CST,2022-01-03,11:20:03,-0500,1396377163,chandan_93,chandan :) 🇮🇳 🇨🇦,,@zapata_emilo @lPmWinx0M7EYMU5 @PatrioticChip @devershit @journofaizan @mid_day @patel_bhupen @IsmatAraa @girlpilot_ @MumbaiPolice @Tejasvi_Surya I guess he knows something about him which we don't 😂,en,"['zapata_emilo', 'patrioticchip', 'devershit', 'journofaizan', 'mid_day', 'patel_bhupen', 'ismataraa', 'girlpilot_', 'mumbaipolice', 'tejasvi_surya']",[],[],1,0,11,[],[],https://twitter.com/chandan_93/status/1478053555776851970,,,0,,Bangalore,,,,,,"{'user_id': '1237116744746950657', 'username': 'zapata_emilo'}",,,,
1477982450290597892,1477699506917445635,2022-01-03 06:37:30 CST,2022-01-03,06:37:30,-0500,272503721,macharajarao,M. S. Srinivasa Rao,,"@mvmeet @PKotekar Modi is lifeline, livelihood and life-support for many. Most dependent on him are RaGa, Defunct M. S. Aiyer, Kharge, YChuri",en,"['mvmeet', 'pkotekar']",[],[],0,1,6,[],[],https://twitter.com/macharajarao/status/1477982450290597892,,,0,,Bangalore,,,,,,"{'user_id': '249520655', 'username': 'mvmeet'}",,,,
1478047071731331072,1478029215886819330,2022-01-03 10:54:17 CST,2022-01-03,10:54:17,-0500,1291433206000963584,shakunthalabha1,Shakunthala Ajit Bhandarkar,,@YouthofGsb Thank you for your support and motivation.🙏🤗,en,['youthofgsb'],[],[],0,1,4,[],[],https://twitter.com/ShakunthalaBha1/status/1478047071731331072,,,0,,Bangalore,,,,,,"{'user_id': '1150118898068381696', 'username': 'YouthofGsb'}",,,,
1477967911423668224,1477939051403513856,2022-01-03 05:39:44 CST,2022-01-03,05:39:44,-0500,156956895,rnivruti,Nivruti,,@SanjeevkSanj @narendramodi @AshwiniVaishnaw @mansukhmandviya @PMOIndia Health segment will benefit most from technology adoption!,en,"['sanjeevksanj', 'narendramodi', 'ashwinivaishnaw', 'mansukhmandviya', 'pmoindia']",[],[],0,1,3,[],[],https://twitter.com/rnivruti/status/1477967911423668224,,,0,,Bangalore,,,,,,"{'user_id': '2553896690', 'username': 'SanjeevkSanj'}",,,,
1477905171472543746,1477884456505597953,2022-01-03 01:30:25 CST,2022-01-03,01:30:25,-0500,1173623575674179584,smileguptaaa,Smile Gupta,,@AyushCodes @mydukaanapp Whats your Bugdet? I may be able to help out here. I know some ToLets around your office.,en,"['ayushcodes', 'mydukaanapp']",[],[],2,0,12,[],[],https://twitter.com/smileguptaaa/status/1477905171472543746,,,0,,Bangalore,,,,,,"{'user_id': '1261649364184956929', 'username': 'AyushCodes'}",,,,
1478033349151117312,1477525527791497216,2022-01-03 09:59:45 CST,2022-01-03,09:59:45,-0500,83214161,kripalamanna,kripal amanna,,@Kanahallivijeth Just doing what we can.,en,['kanahallivijeth'],[],[],0,0,11,[],[],https://twitter.com/kripalamanna/status/1478033349151117312,,,0,,Bangalore,,,,,,"{'user_id': '555853605', 'username': 'Kanahallivijeth'}",,,,
1478032800800411649,1477944153686220801,2022-01-03 09:57:34 CST,2022-01-03,09:57:34,-0500,1383812498973855753,east_bengaluru,"Citizens Movement, East Bengaluru",,"@dp_satish @DKSureshINC @drashwathcn @CMofKarnataka @BSBommai We are searching for respected MP Shri @DKSureshINC Ji, his MLA @MLAShivanna to come and look into the grievances of voters of Anekal who are crying in the virtual absence of internal roads. If anyone can send our message to honorable, we will be indebted for lives. 🙏",en,"['dp_satish', 'dksureshinc', 'drashwathcn', 'cmofkarnataka', 'bsbommai', 'dksureshinc', 'mlashivanna']",[],[],1,1,11,[],[],https://twitter.com/east_bengaluru/status/1478032800800411649,,,0,,Bangalore,,,,,,"{'user_id': '148241803', 'username': 'dp_satish'}",,,,
1478024524239040513,1477996716943048704,2022-01-03 09:24:41 CST,2022-01-03,09:24:41,-0500,2546041233,madhushri_verma,Madhushri Verma,,"@Rahuvianrevati I am not saying it's not a good placement. 

Every placement has a positive and negative impact. Ketu is the detachment and Jupiter is guru (teacher). 
Which nakshatra is your Jupiter placed in?",en,['rahuvianrevati'],[],[],1,1,6,[],[],https://twitter.com/Madhushri_Verma/status/1478024524239040513,,,0,,Bangalore,,,,,,"{'user_id': '1325860848330448897', 'username': 'Rahuvianrevati'}",,,,
1478023050561945600,1478020164285206529,2022-01-03 09:18:50 CST,2022-01-03,09:18:50,-0500,52322389,tanaypratap,Tanay Pratap,,"@sohamsshah_ @pratimcodes Yeah, that was so cute. 🙃❤️😂🙏😘",en,"['sohamsshah_', 'pratimcodes']",[],[],1,0,12,[],[],https://twitter.com/tanaypratap/status/1478023050561945600,,,0,,Bangalore,,,,,,"{'user_id': '1306527138527444993', 'username': 'sohamsshah_'}",,,,
1478022233578618882,1478020164285206529,2022-01-03 09:15:35 CST,2022-01-03,09:15:35,-0500,52322389,tanaypratap,Tanay Pratap,,@chitrak2016 It is indeed. Lots of love to my teammates who are leaving the cushiest job to work in a startup at this stage. 😊,en,['chitrak2016'],[],[],0,0,5,[],[],https://twitter.com/tanaypratap/status/1478022233578618882,,,0,,Bangalore,,,,,,"{'user_id': '715504283811074048', 'username': 'chitrak2016'}",,,,
1478003223038345219,1478000444379119618,2022-01-03 08:00:03 CST,2022-01-03,08:00:03,-0500,169001202,saptarshipr,Saptarshi Prakash,,"@vishlbhardwaj @swiggy_in @prazy @srinathran Welcome to Swiggy, Vishal! 🎉😀🙌",en,"['vishlbhardwaj', 'swiggy_in', 'prazy', 'srinathran']",[],[],1,0,6,[],[],https://twitter.com/saptarshipr/status/1478003223038345219,,,0,,Bangalore,,,,,,"{'user_id': '1345711495611437056', 'username': 'vishlbhardwaj'}",,,,
1478062366524805120,1478052289877196802,2022-01-03 11:55:03 CST,2022-01-03,11:55:03,-0500,978407599774220288,tummalashanthi,Shanthi Tummala,,@neethuneetha @foodsafetygov @BBMPSplHealth @BBMPCOMM @PlasticPollutes @CMofKarnataka @BSBommai Everywhere same problem. Nobody is bothered to enforce law which is already on paper beautifully drafted.,en,"['neethuneetha', 'foodsafetygov', 'bbmpsplhealth', 'bbmpcomm', 'plasticpollutes', 'cmofkarnataka', 'bsbommai']",[],[],0,0,3,[],[],https://twitter.com/TummalaShanthi/status/1478062366524805120,,,0,,Bangalore,,,,,,"{'user_id': '256023725', 'username': 'neethuneetha'}",,,,
1478032906224238593,1478032906224238593,2022-01-03 09:58:00 CST,2022-01-03,09:58:00,-0500,1383812498973855753,east_bengaluru,"Citizens Movement, East Bengaluru",,"We are searching for respected MP Shri @DKSureshINC Ji, his MLA @MLAShivanna to come and look into the grievances of voters of Anekal who are crying in the virtual absence of internal roads. If anyone can send our message to honorable, we will be indebted for lives. 🙏",en,"['dksureshinc', 'mlashivanna']",[],[],0,2,4,[],[],https://twitter.com/east_bengaluru/status/1478032906224238593,,https://twitter.com/dp_satish/status/1477944153686220801,0,,Bangalore,,,,,,"{'user_id': None, 'username': None}",,,,
